#
# A fatal error has been detected by the Java Runtime Environment:
#
#  EXCEPTION_ACCESS_VIOLATION (0xc0000005) at pc=0x00007ffaddd06683, pid=8464, tid=16236
#
# JRE version: OpenJDK Runtime Environment Temurin-21.0.10+7 (21.0.10+7) (build 21.0.10+7-LTS)
# Java VM: OpenJDK 64-Bit Server VM Temurin-21.0.10+7 (21.0.10+7-LTS, mixed mode, sharing, tiered, compressed oops, compressed class ptrs, parallel gc, windows-amd64)
# Problematic frame:
# V  [jvm.dll+0x3e6683]
#
# No core dump will be written. Minidumps are not enabled by default on client versions of Windows
#
# If you would like to submit a bug report, please visit:
#   https://github.com/adoptium/adoptium-support/issues
#

---------------  S U M M A R Y ------------

Command Line: --add-modules=ALL-SYSTEM --add-opens=java.base/java.util=ALL-UNNAMED --add-opens=java.base/java.lang=ALL-UNNAMED --add-opens=java.base/sun.nio.fs=ALL-UNNAMED -Declipse.application=org.eclipse.jdt.ls.core.id1 -Dosgi.bundles.defaultStartLevel=4 -Declipse.product=org.eclipse.jdt.ls.core.product -Djava.import.generatesMetadataFilesAtProjectRoot=false -DDetectVMInstallationsJob.disabled=true -Dfile.encoding=utf8 -XX:+UseParallelGC -XX:GCTimeRatio=4 -XX:AdaptiveSizePolicyWeight=90 -Dsun.zip.disableMemoryMapping=true -Xmx2G -Xms100m -Xlog:disable -javaagent:c:\Users\shres\.antigravity\extensions\redhat.java-1.53.0-win32-x64\lombok\lombok-1.18.39-4050.jar -XX:+HeapDumpOnOutOfMemoryError -XX:HeapDumpPath=c:\Users\shres\AppData\Roaming\Antigravity\User\workspaceStorage\9ce8ab12b056dcae08e03aaf6f132075\redhat.java -Daether.dependencyCollector.impl=bf c:\Users\shres\.antigravity\extensions\redhat.java-1.53.0-win32-x64\server\plugins\org.eclipse.equinox.launcher_1.7.100.v20251111-0406.jar -configuration c:\Users\shres\AppData\Roaming\Antigravity\User\globalStorage\redhat.java\1.53.0\config_win -data c:\Users\shres\AppData\Roaming\Antigravity\User\workspaceStorage\9ce8ab12b056dcae08e03aaf6f132075\redhat.java\jdt_ws --pipe=\\.\pipe\lsp-82fc031f67509e60315fae0249a6e00e-sock

Host: Intel(R) Core(TM) i7-8750H CPU @ 2.20GHz, 12 cores, 15G,  Windows 11 , 64 bit Build 26100 (10.0.26100.7920)
Time: Mon Mar 30 22:03:10 2026 Nepal Standard Time elapsed time: 8234.350580 seconds (0d 2h 17m 14s)

---------------  T H R E A D  ---------------

Current thread (0x0000029c191f90c0):  JavaThread "Connection worker"        [_thread_in_vm, id=16236, stack(0x000000dcfd000000,0x000000dcfd100000) (1024K)]

Stack: [0x000000dcfd000000,0x000000dcfd100000],  sp=0x000000dcfd0f7f50,  free space=991k
Native frames: (J=compiled Java code, j=interpreted, Vv=VM code, C=native code)
V  [jvm.dll+0x3e6683]
V  [jvm.dll+0x6d7952]
V  [jvm.dll+0x3e641e]
V  [jvm.dll+0x4589dc]
V  [jvm.dll+0x44e4c3]
C  [instrument.dll+0x4d07]

Java frames: (J=compiled Java code, j=interpreted, Vv=VM code)
J 1115  java.lang.ClassLoader.defineClass1(Ljava/lang/ClassLoader;Ljava/lang/String;[BIILjava/security/ProtectionDomain;Ljava/lang/String;)Ljava/lang/Class; java.base@21.0.10 (0 bytes) @ 0x0000029bc0b8ed91 [0x0000029bc0b8ecc0+0x00000000000000d1]
J 6542 c2 java.lang.ClassLoader.defineClass(Ljava/lang/String;[BIILjava/security/ProtectionDomain;)Ljava/lang/Class; java.base@21.0.10 (43 bytes) @ 0x0000029bc0eb3a14 [0x0000029bc0eb2e60+0x0000000000000bb4]
J 16153 c2 java.net.URLClassLoader.findClass(Ljava/lang/String;)Ljava/lang/Class; java.base@21.0.10 (47 bytes) @ 0x0000029bc1e63c4c [0x0000029bc1e61540+0x000000000000270c]
J 15578 c2 java.lang.ClassLoader.loadClass(Ljava/lang/String;Z)Ljava/lang/Class; java.base@21.0.10 (121 bytes) @ 0x0000029bc1db77c4 [0x0000029bc1db74a0+0x0000000000000324]
J 3646 c2 java.lang.ClassLoader.loadClass(Ljava/lang/String;)Ljava/lang/Class; java.base@21.0.10 (7 bytes) @ 0x0000029bc0cd9a6c [0x0000029bc0cd9a20+0x000000000000004c]
v  ~StubRoutines::call_stub 0x0000029bc058100d
J 1115  java.lang.ClassLoader.defineClass1(Ljava/lang/ClassLoader;Ljava/lang/String;[BIILjava/security/ProtectionDomain;Ljava/lang/String;)Ljava/lang/Class; java.base@21.0.10 (0 bytes) @ 0x0000029bc0b8ed91 [0x0000029bc0b8ecc0+0x00000000000000d1]
J 6542 c2 java.lang.ClassLoader.defineClass(Ljava/lang/String;[BIILjava/security/ProtectionDomain;)Ljava/lang/Class; java.base@21.0.10 (43 bytes) @ 0x0000029bc0eb3a14 [0x0000029bc0eb2e60+0x0000000000000bb4]
J 16153 c2 java.net.URLClassLoader.findClass(Ljava/lang/String;)Ljava/lang/Class; java.base@21.0.10 (47 bytes) @ 0x0000029bc1e63c4c [0x0000029bc1e61540+0x000000000000270c]
J 15578 c2 java.lang.ClassLoader.loadClass(Ljava/lang/String;Z)Ljava/lang/Class; java.base@21.0.10 (121 bytes) @ 0x0000029bc1db77c4 [0x0000029bc1db74a0+0x0000000000000324]
J 3646 c2 java.lang.ClassLoader.loadClass(Ljava/lang/String;)Ljava/lang/Class; java.base@21.0.10 (7 bytes) @ 0x0000029bc0cd9a6c [0x0000029bc0cd9a20+0x000000000000004c]
v  ~StubRoutines::call_stub 0x0000029bc058100d
J 1115  java.lang.ClassLoader.defineClass1(Ljava/lang/ClassLoader;Ljava/lang/String;[BIILjava/security/ProtectionDomain;Ljava/lang/String;)Ljava/lang/Class; java.base@21.0.10 (0 bytes) @ 0x0000029bc0b8ed91 [0x0000029bc0b8ecc0+0x00000000000000d1]
J 6542 c2 java.lang.ClassLoader.defineClass(Ljava/lang/String;[BIILjava/security/ProtectionDomain;)Ljava/lang/Class; java.base@21.0.10 (43 bytes) @ 0x0000029bc0eb3a14 [0x0000029bc0eb2e60+0x0000000000000bb4]
J 16153 c2 java.net.URLClassLoader.findClass(Ljava/lang/String;)Ljava/lang/Class; java.base@21.0.10 (47 bytes) @ 0x0000029bc1e63c4c [0x0000029bc1e61540+0x000000000000270c]
J 15578 c2 java.lang.ClassLoader.loadClass(Ljava/lang/String;Z)Ljava/lang/Class; java.base@21.0.10 (121 bytes) @ 0x0000029bc1db77c4 [0x0000029bc1db74a0+0x0000000000000324]
J 3646 c2 java.lang.ClassLoader.loadClass(Ljava/lang/String;)Ljava/lang/Class; java.base@21.0.10 (7 bytes) @ 0x0000029bc0cd9a6c [0x0000029bc0cd9a20+0x000000000000004c]
v  ~StubRoutines::call_stub 0x0000029bc058100d
J 1115  java.lang.ClassLoader.defineClass1(Ljava/lang/ClassLoader;Ljava/lang/String;[BIILjava/security/ProtectionDomain;Ljava/lang/String;)Ljava/lang/Class; java.base@21.0.10 (0 bytes) @ 0x0000029bc0b8ed91 [0x0000029bc0b8ecc0+0x00000000000000d1]
J 6542 c2 java.lang.ClassLoader.defineClass(Ljava/lang/String;[BIILjava/security/ProtectionDomain;)Ljava/lang/Class; java.base@21.0.10 (43 bytes) @ 0x0000029bc0eb3a14 [0x0000029bc0eb2e60+0x0000000000000bb4]
J 16153 c2 java.net.URLClassLoader.findClass(Ljava/lang/String;)Ljava/lang/Class; java.base@21.0.10 (47 bytes) @ 0x0000029bc1e63c4c [0x0000029bc1e61540+0x000000000000270c]
J 15578 c2 java.lang.ClassLoader.loadClass(Ljava/lang/String;Z)Ljava/lang/Class; java.base@21.0.10 (121 bytes) @ 0x0000029bc1db77c4 [0x0000029bc1db74a0+0x0000000000000324]
J 3646 c2 java.lang.ClassLoader.loadClass(Ljava/lang/String;)Ljava/lang/Class; java.base@21.0.10 (7 bytes) @ 0x0000029bc0cd9a6c [0x0000029bc0cd9a20+0x000000000000004c]
v  ~StubRoutines::call_stub 0x0000029bc058100d
j  org.gradle.launcher.daemon.diagnostics.DaemonLogFileUtils.tail(Ljava/io/File;I)Ljava/lang/String;+13
j  org.gradle.launcher.daemon.diagnostics.DaemonDiagnostics.tailDaemonLog()Ljava/lang/String;+6
j  org.gradle.launcher.daemon.diagnostics.DaemonDiagnostics.describe()Ljava/lang/String;+37
j  org.gradle.launcher.daemon.client.DaemonClient.invalidResponse(Ljava/lang/Object;Lorg/gradle/launcher/daemon/protocol/Build;Lorg/gradle/launcher/daemon/diagnostics/DaemonDiagnostics;)Ljava/lang/IllegalStateException;+10
j  org.gradle.launcher.daemon.client.DaemonClient.executeBuild(Lorg/gradle/launcher/daemon/protocol/Build;Lorg/gradle/launcher/daemon/client/DaemonClientConnection;Lorg/gradle/initialization/BuildCancellationToken;Lorg/gradle/initialization/BuildEventConsumer;)Lorg/gradle/launcher/exec/BuildActionResult;+304
j  org.gradle.launcher.daemon.client.DaemonClient.execute(Lorg/gradle/internal/invocation/BuildAction;Lorg/gradle/launcher/exec/BuildActionParameters;Lorg/gradle/internal/daemon/client/execution/ClientBuildRequestContext;)Lorg/gradle/launcher/exec/BuildActionResult;+129
j  org.gradle.launcher.daemon.client.DaemonClient.execute(Lorg/gradle/internal/invocation/BuildAction;Ljava/lang/Object;Ljava/lang/Object;)Lorg/gradle/launcher/exec/BuildActionResult;+10
j  org.gradle.tooling.internal.provider.DaemonBuildActionExecuter.execute(Lorg/gradle/internal/invocation/BuildAction;Lorg/gradle/tooling/internal/provider/ConnectionOperationParameters;Lorg/gradle/internal/daemon/client/execution/ClientBuildRequestContext;)Lorg/gradle/launcher/exec/BuildActionResult;+72
j  org.gradle.tooling.internal.provider.DaemonBuildActionExecuter.execute(Lorg/gradle/internal/invocation/BuildAction;Ljava/lang/Object;Ljava/lang/Object;)Lorg/gradle/launcher/exec/BuildActionResult;+10
j  org.gradle.tooling.internal.provider.LoggingBridgingBuildActionExecuter.execute(Lorg/gradle/internal/invocation/BuildAction;Lorg/gradle/tooling/internal/provider/ConnectionOperationParameters;Lorg/gradle/internal/daemon/client/execution/ClientBuildRequestContext;)Lorg/gradle/launcher/exec/BuildActionResult;+77
j  org.gradle.tooling.internal.provider.LoggingBridgingBuildActionExecuter.execute(Lorg/gradle/internal/invocation/BuildAction;Ljava/lang/Object;Ljava/lang/Object;)Lorg/gradle/launcher/exec/BuildActionResult;+10
j  org.gradle.tooling.internal.provider.ProviderConnection.run(Lorg/gradle/internal/invocation/BuildAction;Lorg/gradle/initialization/BuildCancellationToken;Lorg/gradle/tooling/internal/provider/ProviderConnection$ProgressListenerConfiguration;Lorg/gradle/initialization/BuildEventConsumer;Lorg/gradle/tooling/internal/provider/connection/ProviderOperationParameters;Lorg/gradle/tooling/internal/provider/ProviderConnection$Parameters;)Ljava/lang/Object;+79
j  org.gradle.tooling.internal.provider.ProviderConnection.runPhasedAction(Lorg/gradle/tooling/internal/protocol/InternalPhasedAction;Lorg/gradle/tooling/internal/protocol/PhasedActionResultListener;Lorg/gradle/initialization/BuildCancellationToken;Lorg/gradle/tooling/internal/provider/connection/ProviderOperationParameters;)Ljava/lang/Object;+132
j  org.gradle.tooling.internal.provider.DefaultConnection.run(Lorg/gradle/tooling/internal/protocol/InternalPhasedAction;Lorg/gradle/tooling/internal/protocol/PhasedActionResultListener;Lorg/gradle/tooling/internal/protocol/InternalCancellationToken;Lorg/gradle/tooling/internal/protocol/BuildParameters;)Lorg/gradle/tooling/internal/protocol/BuildResult;+28
j  org.gradle.tooling.internal.consumer.connection.PhasedActionAwareConsumerConnection.run(Lorg/gradle/tooling/internal/consumer/PhasedBuildAction;Lorg/gradle/tooling/internal/consumer/parameters/ConsumerOperationParameters;)V+66
j  org.gradle.tooling.internal.consumer.connection.ParameterValidatingConsumerConnection.run(Lorg/gradle/tooling/internal/consumer/PhasedBuildAction;Lorg/gradle/tooling/internal/consumer/parameters/ConsumerOperationParameters;)V+11
j  org.gradle.tooling.internal.consumer.DefaultPhasedBuildActionExecuter$1.run(Lorg/gradle/tooling/internal/consumer/connection/ConsumerConnection;)Ljava/lang/Void;+12
j  org.gradle.tooling.internal.consumer.DefaultPhasedBuildActionExecuter$1.run(Lorg/gradle/tooling/internal/consumer/connection/ConsumerConnection;)Ljava/lang/Object;+2
j  org.gradle.tooling.internal.consumer.connection.LazyConsumerActionExecutor.run(Lorg/gradle/tooling/internal/consumer/connection/ConsumerAction;)Ljava/lang/Object;+34
j  org.gradle.tooling.internal.consumer.connection.CancellableConsumerActionExecutor.run(Lorg/gradle/tooling/internal/consumer/connection/ConsumerAction;)Ljava/lang/Object;+34
j  org.gradle.tooling.internal.consumer.connection.ProgressLoggingConsumerActionExecutor.run(Lorg/gradle/tooling/internal/consumer/connection/ConsumerAction;)Ljava/lang/Object;+78
j  org.gradle.tooling.internal.consumer.connection.RethrowingErrorsConsumerActionExecutor.run(Lorg/gradle/tooling/internal/consumer/connection/ConsumerAction;)Ljava/lang/Object;+5
j  org.gradle.tooling.internal.consumer.async.DefaultAsyncConsumerActionExecutor$1$1.run()V+17
j  org.gradle.internal.concurrent.ExecutorPolicy$CatchAndRecordFailures.onExecute(Ljava/lang/Runnable;)V+1
j  org.gradle.internal.concurrent.AbstractManagedExecutor$1.run()V+25
j  java.util.concurrent.ThreadPoolExecutor.runWorker(Ljava/util/concurrent/ThreadPoolExecutor$Worker;)V+92 java.base@21.0.10
j  java.util.concurrent.ThreadPoolExecutor$Worker.run()V+5 java.base@21.0.10
j  java.lang.Thread.runWith(Ljava/lang/Object;Ljava/lang/Runnable;)V+5 java.base@21.0.10
j  java.lang.Thread.run()V+19 java.base@21.0.10
v  ~StubRoutines::call_stub 0x0000029bc058100d

siginfo: EXCEPTION_ACCESS_VIOLATION (0xc0000005), writing address 0x000000dcfd0eff50


Registers:
RAX=0x0000000000000001, RBX=0x0000029c191f90c0, RCX=0x0000000000001000, RDX=0x0000000000000000
RSP=0x000000dcfd0f7f50, RBP=0x000000dcfd0f7fe9, RSI=0x000000dcfd0f8120, RDI=0x000000dcfd0eff50
R8 =0x000000dcfd0f7f50, R9 =0x0000029c191f90c0, R10=0x000000dcfd0f8110, R11=0x000000dcfd0f8220
R12=0x000000dcfd0f8110, R13=0x000000000000000c, R14=0x0000029c1b17b3f0, R15=0x000000dcfd0f8220
RIP=0x00007ffaddd06683, EFLAGS=0x0000000000010206

XMM[0]=0x0000000000000000 0x000000000000002f
XMM[1]=0x000b000800000001 0x000c0000000a0040
XMM[2]=0x2f656c676f6f672f 0x6d6f632a00011000
XMM[3]=0x017463656a624f67 0x6e6964726177726f
XMM[4]=0x0400030000000000 0x0500040021047463
XMM[5]=0x0100060000001300 0x1200020000001100
XMM[6]=0x48d31ea9b8cb8b03 0xe10dab928dc73fe8
XMM[7]=0x42c7be4f079a0782 0xaf769a0bacadde6b
XMM[8]=0xe53b28f816cf4ba5 0x44ca61ff21d6fb96
XMM[9]=0x53455b3753455b37 0x53455b3768284f08
XMM[10]=0x0000000000000000 0x0000000014e2f3d1
XMM[11]=0x97eb520b97eb520b 0x97eb520b0013a113
XMM[12]=0x0000000000000000 0x0000000068284f08
XMM[13]=0x0000000000000000 0x0405060700010203
XMM[14]=0x0000000000000000 0x0000000000000000
XMM[15]=0x0000000000000000 0x0000000000000000
  MXCSR=0x00001fa0


Register to memory mapping:

RAX=0x0000000000000001 is an unknown value
RBX=0x0000029c191f90c0 is a thread
RCX=0x0000000000001000 is an unknown value
RDX=0x0 is null
RSP=0x000000dcfd0f7f50 is pointing into the stack for thread: 0x0000029c191f90c0
RBP=0x000000dcfd0f7fe9 is pointing into the stack for thread: 0x0000029c191f90c0
RSI=0x000000dcfd0f8120 is pointing into the stack for thread: 0x0000029c191f90c0
RDI=0x000000dcfd0eff50 is pointing into the stack for thread: 0x0000029c191f90c0
R8 =0x000000dcfd0f7f50 is pointing into the stack for thread: 0x0000029c191f90c0
R9 =0x0000029c191f90c0 is a thread
R10=0x000000dcfd0f8110 is pointing into the stack for thread: 0x0000029c191f90c0
R11=0x000000dcfd0f8220 is pointing into the stack for thread: 0x0000029c191f90c0
R12=0x000000dcfd0f8110 is pointing into the stack for thread: 0x0000029c191f90c0
R13=0x000000000000000c is an unknown value
R14=0x0000029c1b17b3f0 points into unknown readable memory: 0x00000000802b4da8 | a8 4d 2b 80 00 00 00 00
R15=0x000000dcfd0f8220 is pointing into the stack for thread: 0x0000029c191f90c0

Top of Stack: (sp=0x000000dcfd0f7f50)
0x000000dcfd0f7f50:   0000029c191f90c0 000000dcfd0f8120
0x000000dcfd0f7f60:   0000029bc1db7210 000000dcfd0f9280
0x000000dcfd0f7f70:   00000000c0683200 0000029bc0683210
0x000000dcfd0f7f80:   0000000000000000 0000029bc058039c
0x000000dcfd0f7f90:   0000000000000000 000000dcfd0f8188
0x000000dcfd0f7fa0:   000000dc08d69d80 0000029bc1db776c
0x000000dcfd0f7fb0:   000000dcfd0f82b0 000000dcfd0f8110
0x000000dcfd0f7fc0:   0000020000000000 000000dcfd0f8110
0x000000dcfd0f7fd0:   0000000000000001 0000000000000000
0x000000dcfd0f7fe0:   0000029bb3ad7140 0000029bb3ad02ac
0x000000dcfd0f7ff0:   0000029bc1db9d80 00007ffadded326f
0x000000dcfd0f8000:   0000029bc0580390 0000000000000030
0x000000dcfd0f8010:   000000dcfd0f8250 0000029c0fad1700
0x000000dcfd0f8020:   000000dcfd0f8220 0000029c0fad18e0
0x000000dcfd0f8030:   0000029c15b72640 0000029c191f90c0
0x000000dcfd0f8040:   000000dcfd0f8191 00007ffaddff7952
0x000000dcfd0f8050:   00007ffaddd06430 00007ffade1417ec
0x000000dcfd0f8060:   0000000000000001 0000029bc069c800
0x000000dcfd0f8070:   0000029c0fad1ae8 00007ffaddd0641e
0x000000dcfd0f8080:   0000029c0fad18e0 0000029c1d051b38
0x000000dcfd0f8090:   0000029c191f90c0 0000029c198d97d0
0x000000dcfd0f80a0:   0000029c191f90c0 00007ffade14408d
0x000000dcfd0f80b0:   0000029c191f90c0 00007ffaddd789dc
0x000000dcfd0f80c0:   0000029c0fad1ae8 0000029c191f90c0
0x000000dcfd0f80d0:   000000dcfd0f8128 0000000000000019
0x000000dcfd0f80e0:   00000000b46d61f0 00007ffaddb6452a
0x000000dcfd0f80f0:   0000029c00000008 0000029c0fad1ae8
0x000000dcfd0f8100:   000000dcfd0f8250 00000000000003d8
0x000000dcfd0f8110:   0000029c10040f48 0000029c191f90c0
0x000000dcfd0f8120:   0000029c0fad18e0 0000029c1b17b3f0
0x000000dcfd0f8130:   0000000000000000 0000029c1c519ba8
0x000000dcfd0f8140:   0000029c1c519bb8 0000000000000000 

Instructions: (pc=0x00007ffaddd06683)
0x00007ffaddd06583:   74 0c 49 8b 04 24 48 8b 40 38 48 89 45 7f 41 8b
0x00007ffaddd06593:   17 8d 42 fc 83 f8 0a 0f 87 a5 04 00 00 4c 8d 05
0x00007ffaddd065a3:   59 9a c1 ff 48 98 41 8b 8c 80 04 6b 3e 00 49 03
0x00007ffaddd065b3:   c8 ff e1 41 bd 0a 00 00 00 83 fa 0c 74 2f 83 fa
0x00007ffaddd065c3:   0d 74 2a 44 88 75 77 eb 28 41 bd 0b 00 00 00 44
0x00007ffaddd065d3:   88 75 77 eb 1c 41 bd 06 00 00 00 44 88 75 77 eb
0x00007ffaddd065e3:   10 41 bd 07 00 00 00 44 88 75 77 eb 04 c6 45 77
0x00007ffaddd065f3:   01 49 8b 04 24 8b 48 28 c1 e9 03 f6 c1 01 75 07
0x00007ffaddd06603:   48 8b 46 58 4c 8b 30 48 8d 8b c8 04 00 00 e8 da
0x00007ffaddd06613:   69 3c 00 e8 e5 0f 2f 00 4c 8b c0 49 8b d4 48 8b
0x00007ffaddd06623:   cb 48 8b f8 e8 e4 4e 2e 00 84 c0 75 33 4d 8b cc
0x00007ffaddd06633:   48 8d 15 9e f8 65 00 41 b8 82 01 00 00 48 8b cb
0x00007ffaddd06643:   e8 b8 98 f2 ff 48 8b 9c 24 00 01 00 00 48 81 c4
0x00007ffaddd06653:   c0 00 00 00 41 5f 41 5e 41 5d 41 5c 5f 5e 5d c3
0x00007ffaddd06663:   48 8b 0d 46 8e 8d 00 33 d2 48 8b 05 fd db 8d 00
0x00007ffaddd06673:   48 f7 f1 48 83 f8 01 72 10 0f 1f 40 00 48 2b f9
0x00007ffaddd06683:   c6 07 00 48 83 e8 01 75 f4 33 c0 48 8b cb 48 89
0x00007ffaddd06693:   45 c7 48 89 45 d7 48 89 45 cf 48 8b 03 ff 50 38
0x00007ffaddd066a3:   84 c0 0f 84 16 04 00 00 48 8b 03 48 8b cb ff 90
0x00007ffaddd066b3:   90 00 00 00 84 c0 0f 84 22 04 00 00 33 d2 4c 89
0x00007ffaddd066c3:   7d df 48 8b cb e8 13 d0 08 00 48 8b cb 48 8b f8
0x00007ffaddd066d3:   e8 c8 8b f2 ff 48 8b 8b 50 04 00 00 f6 c1 01 74
0x00007ffaddd066e3:   0f 41 b0 01 48 8b cb 41 0f b6 d0 e8 ed 28 35 00
0x00007ffaddd066f3:   8b 83 48 04 00 00 a8 0c 74 08 48 8b cb e8 bb fd
0x00007ffaddd06703:   00 00 45 33 d2 c7 83 4c 04 00 00 08 00 00 00 49
0x00007ffaddd06713:   8b 04 24 48 89 45 b7 41 8b c2 4d 85 f6 74 03 49
0x00007ffaddd06723:   8b 06 48 8b 4d c7 48 89 45 bf 48 89 5d a7 48 8b
0x00007ffaddd06733:   83 30 04 00 00 48 89 45 af 48 8b 83 a0 03 00 00
0x00007ffaddd06743:   48 3b c8 74 04 4c 89 55 c7 48 8b 83 b0 03 00 00
0x00007ffaddd06753:   48 89 45 d7 48 8b 83 a8 03 00 00 48 89 45 cf 48
0x00007ffaddd06763:   8b 83 a0 03 00 00 48 89 45 c7 4c 89 93 a0 03 00
0x00007ffaddd06773:   00 4c 89 93 b0 03 00 00 4c 89 93 a8 03 00 00 48 


Stack slot to memory mapping:

stack at sp + 0 slots: 0x0000029c191f90c0 is a thread
stack at sp + 1 slots: 0x000000dcfd0f8120 is pointing into the stack for thread: 0x0000029c191f90c0
stack at sp + 2 slots: 0x0000029bc1db7210 is at entry_point+-656 in (nmethod*)0x0000029bc1db7210
Compiled method (c2) 8234391 15578   !   4       java.lang.ClassLoader::loadClass (121 bytes)
 total in heap  [0x0000029bc1db7210,0x0000029bc1db9318] = 8456
 relocation     [0x0000029bc1db7370,0x0000029bc1db7490] = 288
 main code      [0x0000029bc1db74a0,0x0000029bc1db8618] = 4472
 stub code      [0x0000029bc1db8618,0x0000029bc1db8668] = 80
 oops           [0x0000029bc1db8668,0x0000029bc1db8698] = 48
 metadata       [0x0000029bc1db8698,0x0000029bc1db87d8] = 320
 scopes data    [0x0000029bc1db87d8,0x0000029bc1db8f10] = 1848
 scopes pcs     [0x0000029bc1db8f10,0x0000029bc1db91c0] = 688
 dependencies   [0x0000029bc1db91c0,0x0000029bc1db9230] = 112
 handler table  [0x0000029bc1db9230,0x0000029bc1db92d8] = 168
 nul chk table  [0x0000029bc1db92d8,0x0000029bc1db9318] = 64
stack at sp + 3 slots: 0x000000dcfd0f9280 is pointing into the stack for thread: 0x0000029c191f90c0
stack at sp + 4 slots: 0x00000000c0683200 is an unallocated location in the heap
stack at sp + 5 slots: 0x0000029bc0683210 is at code_begin+-112 in 
[CodeBlob (0x0000029bc0683210)]
Framesize: 6
ExceptionBlob
--------------------------------------------------------------------------------
Decoding CodeBlob, name: ExceptionBlob, at  [0x0000029bc0683280, 0x0000029bc0683308]  136 bytes
[MachCode]
  0x0000029bc0683280: 5248 83ec | 2848 896c | 2420 4989 | 8700 0500 | 0049 8997 | 0805 0000 | c5f8 7749 | ba98 3268 
  0x0000029bc06832a0: c09b 0200 | 004d 8997 | a803 0000 | 4989 a7a0 | 0300 0049 | 8bcf 4883 | e4f0 48b8 | e025 05de 
  0x0000029bc06832c0: fa7f 0000 | ffd0 49c7 | 87a0 0300 | 0000 0000 | 0049 c787 | a803 0000 | 0000 0000 | c5f8 7748 
  0x0000029bc06832e0: 8b6c 2420 | 4883 c428 | 5a4c 8bc0 | 498b 8700 | 0500 0049 | 8b97 0805 | 0000 49c7 | 8700 0500 
  0x0000029bc0683300: 0000 0000 | 0041 ffe0 
[/MachCode]
--------------------------------------------------------------------------------
stack at sp + 6 slots: 0x0 is null
stack at sp + 7 slots: 0x0000029bc058039c is at code_begin+28 in 
[CodeBlob (0x0000029bc0580310)]
Framesize: 0
BufferBlob (0x0000029bc0580310) used for CodeCache Exception Handler


Compiled method (n/a) 8234396 1115     n 0       java.lang.ClassLoader::defineClass1 (native)
 total in heap  [0x0000029bc0b8eb10,0x0000029bc0b8ef98] = 1160
 relocation     [0x0000029bc0b8ec70,0x0000029bc0b8eca8] = 56
 main code      [0x0000029bc0b8ecc0,0x0000029bc0b8ef96] = 726
 stub code      [0x0000029bc0b8ef96,0x0000029bc0b8ef98] = 2

[Constant Pool (empty)]

[MachCode]
[Entry Point]
  # {method} {0x0000029bcd434f58} 'defineClass1' '(Ljava/lang/ClassLoader;Ljava/lang/String;[BIILjava/security/ProtectionDomain;Ljava/lang/String;)Ljava/lang/Class;' in 'java/lang/ClassLoader'
  # parm0:    rdx:rdx   = 'java/lang/ClassLoader'
  # parm1:    r8:r8     = 'java/lang/String'
  # parm2:    r9:r9     = '[B'
  # parm3:    rdi       = int
  # parm4:    rsi       = int
  # parm5:    rcx:rcx   = 'java/security/ProtectionDomain'
  # parm6:    [sp+0xa0]   = 'java/lang/String'  (sp of caller)
  0x0000029bc0b8ecc0: 448b 5208 | 49bb 0000 | 00cd 9b02 | 0000 4d03 | d349 3bc2 | 0f84 0600 

  0x0000029bc0b8ecd8: ;   {runtime_call ic_miss_stub}
  0x0000029bc0b8ecd8: 0000 e9a1 | f7a3 ff90 
[Verified Entry Point]
  0x0000029bc0b8ece0: 8984 2400 | 80ff ff55 | 488b ec48 | 81ec 9000 | 0000 6690 | 4181 7f20 | 0500 0000 

  0x0000029bc0b8ecfc: ;   {runtime_call StubRoutines (final stubs)}
  0x0000029bc0b8ecfc: 7405 e8dd | 9ca2 ff48 | 837d 1000 | 488d 4510 | 480f 4445 | 1048 8944 | 2440 4889 | 4c24 7048 
  0x0000029bc0b8ed1c: 83f9 0048 | 8d44 2470 | 480f 4444 | 2470 4889 | 4424 3848 | 8974 2430 | 4889 7c24 | 284c 894c 
  0x0000029bc0b8ed3c: 2458 4983 | f900 488d | 4424 5848 | 0f44 4424 | 5848 8944 | 2420 4c89 | 4424 5049 | 83f8 004c 
  0x0000029bc0b8ed5c: 8d4c 2450 | 4c0f 444c | 2450 4889 | 5424 4848 | 83fa 004c | 8d44 2448 | 4c0f 4444 

  0x0000029bc0b8ed78: ;   {oop(a 'java/lang/Class'{0x0000000080000a10} = 'java/lang/ClassLoader')}
  0x0000029bc0b8ed78: 2448 49be | 100a 0080 | 0000 0000 | 4c89 7424 | 784c 8d74 | 2478 498b | d6c5 f877 

  0x0000029bc0b8ed94: ;   {internal_word}
  0x0000029bc0b8ed94: 49ba 91ed | b8c0 9b02 | 0000 4d89 | 97a8 0300 | 0049 89a7 | a003 0000 

  0x0000029bc0b8edac: ;   {external_word}
  0x0000029bc0b8edac: 49ba c65c | 5cde fa7f | 0000 4180 | 3a00 0f84 | 4e00 0000 | 5241 5041 

  0x0000029bc0b8edc4: ;   {metadata({method} {0x0000029bcd434f58} 'defineClass1' '(Ljava/lang/ClassLoader;Ljava/lang/String;[BIILjava/security/ProtectionDomain;Ljava/lang/String;)Ljava/lang/Class;' in 'java/lang/ClassLoader')}
  0x0000029bc0b8edc4: 5148 ba50 | 4f43 cd9b | 0200 0049 | 8bcf 4883 | ec20 40f6 | c40f 0f84 | 1900 0000 | 4883 ec08 
  0x0000029bc0b8ede4: ;   {runtime_call}
  0x0000029bc0b8ede4: 48b8 50e1 | 05de fa7f | 0000 ffd0 | 4883 c408 | e90c 0000 

  0x0000029bc0b8edf8: ;   {runtime_call}
  0x0000029bc0b8edf8: 0048 b850 | e105 defa | 7f00 00ff | d048 83c4 | 2041 5941 | 585a 498d | 8fc0 0300 | 0041 c787 
  0x0000029bc0b8ee18: 4c04 0000 | 0400 0000 

  0x0000029bc0b8ee20: ;   {runtime_call}
  0x0000029bc0b8ee20: 48b8 ac16 | 535c fb7f | 0000 ffd0 | c5f8 7741 | c787 4c04 | 0000 0500 | 0000 f083 | 4424 c000 
  0x0000029bc0b8ee40: 493b af50 | 0400 000f | 870e 0000 | 0041 83bf | 4804 0000 | 000f 842b | 0000 00c5 | f877 4889 
  0x0000029bc0b8ee60: 45f8 498b | cf4c 8be4 | 4883 ec20 | 4883 e4f0 

  0x0000029bc0b8ee70: ;   {runtime_call}
  0x0000029bc0b8ee70: 48b8 d052 | d1dd fa7f | 0000 ffd0 | 498b e44d | 33e4 488b | 45f8 41c7 | 874c 0400 | 0008 0000 
  0x0000029bc0b8ee90: 0041 83bf | c804 0000 | 020f 84ca 

  0x0000029bc0b8ee9c: ;   {external_word}
  0x0000029bc0b8ee9c: 0000 0049 | bac6 5c5c | defa 7f00 | 0041 803a | 000f 844c | 0000 0048 

  0x0000029bc0b8eeb4: ;   {metadata({method} {0x0000029bcd434f58} 'defineClass1' '(Ljava/lang/ClassLoader;Ljava/lang/String;[BIILjava/security/ProtectionDomain;Ljava/lang/String;)Ljava/lang/Class;' in 'java/lang/ClassLoader')}
  0x0000029bc0b8eeb4: 8945 f848 | ba50 4f43 | cd9b 0200 | 0049 8bcf | 4883 ec20 | 40f6 c40f | 0f84 1900 | 0000 4883 
  0x0000029bc0b8eed4: ;   {runtime_call}
  0x0000029bc0b8eed4: ec08 48b8 | 50e1 05de | fa7f 0000 | ffd0 4883 | c408 e90c 

  0x0000029bc0b8eee8: ;   {runtime_call}
  0x0000029bc0b8eee8: 0000 0048 | b850 e105 | defa 7f00 | 00ff d048 | 83c4 2048 | 8b45 f849 | c787 a003 | 0000 0000 
  0x0000029bc0b8ef08: 0000 49c7 | 87a8 0300 | 0000 0000 | 00c5 f877 | 4885 c00f | 8425 0000 | 00a8 030f | 8508 0000 
  0x0000029bc0b8ef28: 0048 8b00 | e915 0000 | 00a8 010f | 8509 0000 | 0048 8b40 | fee9 0400 | 0000 488b | 40ff 498b 
  0x0000029bc0b8ef48: 8f30 0400 | 00c7 8100 | 0100 0000 | 0000 00c9 | 4983 7f08 | 000f 8501 | 0000 00c3 

  0x0000029bc0b8ef64: ;   {runtime_call StubRoutines (initial stubs)}
  0x0000029bc0b8ef64: e997 1f9f | ffc5 f877 | 4889 45f8 | 4c8b e448 | 83ec 2048 

  0x0000029bc0b8ef78: ;   {runtime_call}
  0x0000029bc0b8ef78: 83e4 f048 | b8a0 1806 | defa 7f00 | 00ff d049 | 8be4 4d33 | e448 8b45 | f8e9 09ff | ffff f4f4 
[/MachCode]


Compiled method (c2) 8234407 6542       4       java.lang.ClassLoader::defineClass (43 bytes)
 total in heap  [0x0000029bc0eb2810,0x0000029bc0eb96f8] = 28392
 relocation     [0x0000029bc0eb2970,0x0000029bc0eb2e60] = 1264
 main code      [0x0000029bc0eb2e60,0x0000029bc0eb6ba8] = 15688
 stub code      [0x0000029bc0eb6ba8,0x0000029bc0eb6d60] = 440
 oops           [0x0000029bc0eb6d60,0x0000029bc0eb6d88] = 40
 metadata       [0x0000029bc0eb6d88,0x0000029bc0eb70b0] = 808
 scopes data    [0x0000029bc0eb70b0,0x0000029bc0eb84f0] = 5184
 scopes pcs     [0x0000029bc0eb84f0,0x0000029bc0eb8f00] = 2576
 dependencies   [0x0000029bc0eb8f00,0x0000029bc0eb8fc8] = 200
 handler table  [0x0000029bc0eb8fc8,0x0000029bc0eb95b0] = 1512
 nul chk table  [0x0000029bc0eb95b0,0x0000029bc0eb96f8] = 328

[Constant Pool (empty)]

[MachCode]
[Entry Point]
  # {method} {0x0000029bcd4352d8} 'defineClass' '(Ljava/lang/String;[BIILjava/security/ProtectionDomain;)Ljava/lang/Class;' in 'java/lang/ClassLoader'
  # this:     rdx:rdx   = 'java/lang/ClassLoader'
  # parm0:    r8:r8     = 'java/lang/String'
  # parm1:    r9:r9     = '[B'
  # parm2:    rdi       = int
  # parm3:    rsi       = int
  # parm4:    rcx:rcx   = 'java/security/ProtectionDomain'
  #           [sp+0xb0]  (sp of caller)
  0x0000029bc0eb2e60: 448b 5208 | 49bb 0000 | 00cd 9b02 | 0000 4d03 | d349 3bc2 

  0x0000029bc0eb2e74: ;   {runtime_call ic_miss_stub}
  0x0000029bc0eb2e74: 0f85 06b6 | 71ff 6690 | 0f1f 4000 
[Verified Entry Point]
  0x0000029bc0eb2e80: 8984 2400 | 80ff ff55 | 4881 eca0 | 0000 0090 | 4181 7f20 | 0500 0000 | 0f85 fd3c | 0000 4889 
  0x0000029bc0eb2ea0: 4c24 3889 | 7424 3489 | 7c24 304c | 894c 2420 | 4889 5424 | 284c 8944 | 2440 660f | 1f44 0000 
  0x0000029bc0eb2ec0: 4d85 c00f | 8463 1b00 | 0041 8b68 | 1444 8b55 | 0c45 85d2 | 0f86 6e2c | 0000 450f | be40 1090 
  0x0000029bc0eb2ee0: 4585 c00f | 857c 2800 | 00c4 423a | f7da 453b | da45 0f4f | da45 85db | 0f8e b11b | 0000 6690 
  0x0000029bc0eb2f00: 453b d30f | 8277 2c00 | 004c 8bd5 | 488d 7d10 | 418b d3b8 | 2f00 0000 | 488b df83 | fa10 0f8c 
  0x0000029bc0eb2f20: 7900 0000 | 83fa 200f | 8c36 0000 | 00c5 f96e | c8c4 e27d | 78c9 c5fd | efc0 8bca | 83e1 e083 
  0x0000029bc0eb2f40: e21f c5fe | 6f13 c5ed | 74d1 c4e2 | 7d17 c20f | 8369 0000 | 0048 83c3 | 2083 e920 | 75e4 e90d 
  0x0000029bc0eb2f60: 0000 00c5 | f96e c8c5 | f9ef c0c4 | e271 00c8 

  0x0000029bc0eb2f70: ;   {no_reloc}
  0x0000029bc0eb2f70: 83fa 100f | 8c24 0000 | 008b ca83 | e1f0 83e2 | 0fc5 fa6f | 13c5 e974 | d1c4 e279 | 17c2 0f83 
  0x0000029bc0eb2f90: 2a00 0000 | 4883 c310 | 83e9 1075 | e485 d20f | 8412 0000 | 000f b60b | 3bc1 741c | 4883 c301 
  0x0000029bc0eb2fb0: 83ea 0174 | 02eb eebb | ffff ffff | eb0d c5fd | d7ca 0fbc | c148 03d8 | 482b df83 | fbff 0f85 
  0x0000029bc0eb2fd0: 2c2e 0000 | 4c8b 5424 | 4045 8b52 | 144c 8b5c | 2440 4180 | 7b10 000f | 8520 2b00 | 0041 8b6a 
  0x0000029bc0eb2ff0: 0c85 ed0f | 866b 2b00 | 0045 0fb6 | 5a10 6690 | 4183 fb5b | 0f84 462e | 0000 4c8b | 5424 4041 
  0x0000029bc0eb3010: 8b6a 1444 | 8b55 0c4c | 8b5c 2440 | 450f be43 | 10c4 423a | f7da 4183 | c3fb 4585 | db0f 8c67 
  0x0000029bc0eb3030: 0000 0045 | 85c0 0f85 | 551f 0000 | 0f1f 4000 | 4183 fa04 | 0f86 8a2c | 0000 807d | 106a 0f85 
  0x0000029bc0eb3050: 4600 0000 | 807d 1161 | 0f85 3c00 | 0000 6690 | 807d 1276 | 0f85 3000 | 0000 807d | 1361 752a 
  0x0000029bc0eb3070: ;   {no_reloc}
  0x0000029bc0eb3070: 440f be5d | 1441 83fb 

  0x0000029bc0eb3078: ;   {oop(a 'jdk/internal/loader/ClassLoaders$PlatformClassLoader'{0x00000000800032a0})}
  0x0000029bc0eb3078: 2e75 1f48 | baa0 3200 | 8000 0000 | 004c 8b54 | 2428 4c3b | d20f 8579 | 3300 004c | 8b44 2440 
  0x0000029bc0eb3098: eb0a 488b | 5424 284c | 8b44 2440 | 4c8b 5424 | 384d 85d2 | 0f84 1318 | 0000 4d85 | c00f 84aa 
  0x0000029bc0eb30b8: 1800 004c | 8954 2438 

  0x0000029bc0eb30c0: ; implicit exception: dispatches to 0x0000029bc0eb666c
  0x0000029bc0eb30c0: 458b 5210 | 4d8b ca90 

  0x0000029bc0eb30c8: ;   {optimized virtual_call}
  0x0000029bc0eb30c8: c5f8 77e8 

  0x0000029bc0eb30cc: ; ImmutableOopMap {[32]=Oop [40]=Oop [56]=Oop [64]=Oop }
                      ;*invokevirtual checkCerts {reexecute=0 rethrow=0 return_oop=0}
                      ; - java.lang.ClassLoader::preDefineClass@113
                      ; - java.lang.ClassLoader::defineClass@4
  0x0000029bc0eb30cc: 100d f9ff 

  0x0000029bc0eb30d0: ;   {other}
  0x0000029bc0eb30d0: 0f1f 8400 | c008 0000 | 4c8b 5424 | 3866 6690 

  0x0000029bc0eb30e0: ; implicit exception: dispatches to 0x0000029bc0eb65dc
  0x0000029bc0eb30e0: 458b 5210 

  0x0000029bc0eb30e4: ; implicit exception: dispatches to 0x0000029bc0eb6888
  0x0000029bc0eb30e4: 458b 720c | 4585 f60f | 84cb 1700 | 0045 8b56 | 3845 8b42 | 0849 8bfe | 0f1f 4000 

  0x0000029bc0eb3100: ;   {metadata('sun/net/www/protocol/file/Handler')}
  0x0000029bc0eb3100: 4181 f8f8 | 3121 000f | 857f 1700 | 0049 8b87 | b801 0000 | 4c8b d049 | 83c2 180f | 1f44 0000 
  0x0000029bc0eb3120: 4d3b 97c8 | 0100 000f | 83da 2100 | 004d 8997 | b801 0000 | 410f 0d8a | c000 0000 | 48c7 0001 
  0x0000029bc0eb3140: ;   {metadata('java/lang/StringBuilder')}
  0x0000029bc0eb3140: 0000 00c7 | 4008 4080 | 0000 4489 | 600c 4c89 | 6010 4889 | 4424 7849 | 8b87 b801 | 0000 4c8b 
  0x0000029bc0eb3160: d049 83c2 | 204d 3b97 | c801 0000 | 0f83 4221 | 0000 4d89 | 97b8 0100 | 0041 0f0d | 8ac0 0000 
  0x0000029bc0eb3180: 0048 c700 | 0100 0000 | 410f 0d8a | 0001 0000 

  0x0000029bc0eb3190: ;   {metadata({type array byte})}
  0x0000029bc0eb3190: c740 0818 | 2300 0041 | 0f0d 8a40 | 0100 00c7 | 400c 1000 | 0000 410f | 0d8a 8001 | 0000 4c89 
  0x0000029bc0eb31b0: 6010 4c89 | 6018 458b | 4614 4c8b | d04c 8b5c | 2478 4589 | 5314 4d8b | d349 c1ea | 0949 bb00 
  0x0000029bc0eb31d0: 003f b59b | 0200 0047 | 8824 130f | 1f44 0000 | 4585 c00f | 8422 1c00 | 0045 8b50 | 1445 8b5a 
  0x0000029bc0eb31f0: 0c45 0fbe | 5010 c4c2 | 2af7 db4d | 8bd8 448d | 53f0 4585 | d20f 8f74 | 1500 004c | 8b54 2478 
  0x0000029bc0eb3210: 410f be52 | 1045 0fbe | 5010 4c8b | 4c24 7841 | 8b49 0c41 | 3bd2 0f85 | ef1f 0000 | 4c8b 5c24 
  0x0000029bc0eb3230: 7841 8b73 | 1445 8b58 | 140f 1f80 | 0000 0000 | 443b d20f | 8528 1a00 | 0045 8b43 | 0cc4 e269 
  0x0000029bc0eb3250: f7e9 448b | 560c 85ed | 0f8c 4a2a | 0000 458d | 0c28 453b | d10f 823d | 2a00 0045 | 85c0 762a 
  0x0000029bc0eb3270: 4d63 c04d | 8bd3 498d | 4b10 4c8b | d648 8d54 | 2e10 c5f8 | 7749 baa0 | 6e5b c09b 

  0x0000029bc0eb328c: ;   {no_reloc}
  0x0000029bc0eb328c: 0200 0041 

  0x0000029bc0eb3290: ;   {other}
  0x0000029bc0eb3290: ffd2 0f1f | 8400 0000 | 0000 4c8b | 5424 7841 | 015a 0c4c | 8b54 2478 | 458b 4a14 

  0x0000029bc0eb32ac: ; implicit exception: dispatches to 0x0000029bc0eb669c
  0x0000029bc0eb32ac: 458b 510c | 4c8b 5c24 | 7845 8b43 | 0c45 0fbe | 5b10 c442 | 22f7 da45 | 8bd0 452b | d341 ffc2 
  0x0000029bc0eb32cc: 4585 d20f | 8f08 1100 | 004c 8b54 | 2478 660f | 1f44 0000 | 4180 7a10 | 000f 8550 | 1700 0041 
  0x0000029bc0eb32ec: 8b6a 0c44 | 8bdd 41ff | c345 895a | 0c45 8b59 | 0c66 6690 | 413b eb0f | 83d3 2800 | 0041 c644 
  0x0000029bc0eb330c: 2910 3a45 | 8b56 2445 | 85d2 0f84 | 0b02 0000 | 458b 4214 

  0x0000029bc0eb3320: ; implicit exception: dispatches to 0x0000029bc0eb6834
  0x0000029bc0eb3320: 458b 580c | 4585 db0f | 86fa 0100 | 0041 0fbe | 5a10 458b | 5a14 458b | 430c c442 | 62f7 d841 
  0x0000029bc0eb3340: 83c3 0245 | 85db 0f8c | c029 0000 | c442 61f7 | c341 81f8 | 0000 1000 | 0f87 a629 | 0000 4d63 
  0x0000029bc0eb3360: d849 8bea | 4181 f800 | 0010 000f | 87ee 2200 | 004d 8baf | b801 0000 | 4983 c317 | 4983 e3f8 
  0x0000029bc0eb3380: 4d8b cd4d | 03cb 4d3b | 8fc8 0100 | 000f 83cc 

  0x0000029bc0eb3390: ;   {no_reloc}
  0x0000029bc0eb3390: 2200 004d | 898f b801 | 0000 410f | 0d89 c000 | 0000 49c7 | 4500 0100 | 0000 410f | 0d89 0001 
  0x0000029bc0eb33b0: ;   {metadata({type array byte})}
  0x0000029bc0eb33b0: 0000 41c7 | 4508 1823 | 0000 4589 | 450c 410f | 0d89 4001 | 0000 410f | 0d89 8001 | 0000 85db 
  0x0000029bc0eb33d0: 0f84 2f0f | 0000 41bb | 2f00 0000 | 6645 895d | 1041 b82f | 0000 0066 | 4589 4512 | 41bb 0400 
  0x0000029bc0eb33f0: 0000 4889 | 7c24 504b | 8d7c 1d10 | 458b 5a14 | 418b 530c | 4d8b c34d | 8d5b 1041 | 807a 1000 
  0x0000029bc0eb3410: 0f84 c10e | 0000 d1fa | 4c63 c249 | 8bcb 488b | d7c5 f877 | 49ba 806f | 5bc0 9b02 | 0000 41ff 
  0x0000029bc0eb3430: ;   {other}
  0x0000029bc0eb3430: d20f 1f84 | 0000 0000 | 00e9 9600 | 0000 498b | f38b ca83 | e10f 83e2 | f074 1c48 | 8d34 1648 
  0x0000029bc0eb3450: 8d3c 5748 | f7da c4e2 | 7d30 0416 | c5fe 7f04 | 5748 83c2 | 1075 ef8b | d183 e107 | 83e2 f874 
  0x0000029bc0eb3470: 27c4 e279 | 3006 c5fa | 7f07 4883 | c608 4883 | c710 e911 | 0000 00c4 | e279 3004 | 16c5 fa7f 
  0x0000029bc0eb3490: 0457 4883 | c208 75ef | 8bd1 83fa | 047c 19c5 | f96e 06c4 | e279 30c0 | c5f9 d607 | 4883 ea04 
  0x0000029bc0eb34b0: 4883 c604 | 4883 c708 | 85d2 7418 | 488d 3416 | 488d 3c57 | 48f7 da0f | b60c 1666 | 890c 5748 
  0x0000029bc0eb34d0: ffc2 75f3 | 4d8b 9fb8 | 0100 004d | 8bd3 4983 | c218 4d3b | 97c8 0100 | 000f 831e | 2100 004d 
  0x0000029bc0eb34f0: 8997 b801 | 0000 410f | 0d8a c000 | 0000 49c7 | 0301 0000 

  0x0000029bc0eb3504: ;   {metadata('java/lang/String')}
  0x0000029bc0eb3504: 0041 c743 | 0878 e800 | 0045 8963 | 0c4d 8963 | 1041 885b | 104d 8bc5 | 4589 4314 | 488b 7c24 
  0x0000029bc0eb3524: ;   {oop(""{0x0000000080001918})}
  0x0000029bc0eb3524: 50eb 0a49 | bb18 1900 | 8000 0000 | 0045 8b53 | 1445 8b52 | 0c4c 8b44 | 2478 418b | 6814 8b55 
  0x0000029bc0eb3544: 0c48 897c | 2470 410f | be73 1045 | 8b48 0cc4 | c24a f7da | 410f be48 | 1046 8d04 | 0bc4 6272 
  0x0000029bc0eb3564: f7d2 418b | d041 2bd2 | 85d2 0f8f | 240f 0000 | 3bce 0f85 | 731a 0000 | 4c8b 5424 | 7841 8b7a 
  0x0000029bc0eb3584: 1441 8b73 | 1445 0fbe | 5b10 443b | d90f 8522 | 1500 0044 | 8b56 0cc4 | c271 f7e9 

  0x0000029bc0eb35a0: ; implicit exception: dispatches to 0x0000029bc0eb678c
  0x0000029bc0eb35a0: 448b 470c | 85ed 0f8c | a026 0000 | 458d 0c2a | 453b c10f | 8293 2600 | 0045 85d2 | 762a 4c8b 
  0x0000029bc0eb35c0: de48 8d4e | 104d 63c2 | 4c8b d748 | 8d54 2f10 | c5f8 7749 | baa0 6e5b | c09b 0200 | 0041 ffd2 
  0x0000029bc0eb35e0: ;   {other}
  0x0000029bc0eb35e0: 0f1f 8400 | 0000 0000 | 4c8b 5424 | 7841 035a | 0c41 895a | 0c41 8b4e | 2844 8b59 | 1466 6690 
  0x0000029bc0eb3600: ; implicit exception: dispatches to 0x0000029bc0eb66e4
  0x0000029bc0eb3600: 458b 4b0c | 418b 7a14 

  0x0000029bc0eb3608: ; implicit exception: dispatches to 0x0000029bc0eb66fc
  0x0000029bc0eb3608: 448b 470c | 440f be51 | 104c 8b5c | 2478 450f | be5b 10c4 | 422a f7e9 | c442 22f7 | d046 8d04 
  0x0000029bc0eb3628: 2b45 8bd8 | 452b da4c | 8bc9 4585 | db0f 8f34 | 0f00 004c | 8b54 2478 | 450f be52 | 100f be59 
  0x0000029bc0eb3648: 104c 8b5c | 2478 418b | 7b0c 443b | d30f 85fe | 1900 004c | 8b5c 2478 | 458b 5b14 | 448b 4914 
  0x0000029bc0eb3668: 413b da0f | 8521 1500 | 0045 8b41 | 0cc4 e229 | f7ef 458b | 530c 6690 | 85ed 0f8c | f025 0000 
  0x0000029bc0eb3688: 418d 0c28 | 443b d10f | 82e3 2500 | 0045 85c0 | 762a 4d63 | c04d 8bd1 | 498d 4910 | 4d8b d349 
  0x0000029bc0eb36a8: 8d54 2b10 | c5f8 7749 | baa0 6e5b | c09b 0200 | 0041 ffd2 

  0x0000029bc0eb36bc: ;   {other}
  0x0000029bc0eb36bc: 0f1f 8400 | 0000 0000 | 458b c54c | 8b54 2478 | 4503 420c | 4589 420c | 418b 6e20 | 0f1f 8400 
  0x0000029bc0eb36dc: 0000 0000 | 85ed 0f85 | 8827 0000 | 458b 4a14 

  0x0000029bc0eb36ec: ; implicit exception: dispatches to 0x0000029bc0eb6714
  0x0000029bc0eb36ec: 458b 590c | 450f be52 | 10c4 422a | f7db 458b | d045 2bd3 | 4585 d20f | 8f3f 0f00 | 004c 8b54 
  0x0000029bc0eb370c: 2478 458b 

  0x0000029bc0eb3710: ;   {oop([B{0x00000000800021e8})}
  0x0000029bc0eb3710: 5a0c 49ba | e821 0080 | 0000 0000 

  0x0000029bc0eb371c: ;   {oop([B{0x00000000800021e8})}
  0x0000029bc0eb371c: 48b9 e821 | 0080 0000 | 0000 4883 | c110 4c8b | 5424 7841 | 807a 1000 | 0f85 9b19 | 0000 660f 
  0x0000029bc0eb373c: 1f44 0000 | 4585 c90f | 8458 2400 | 0045 85db | 0f8c aa24 | 0000 458b | 510c 453b | d30f 829d 
  0x0000029bc0eb375c: 2400 0041 | 8b6e 3085 | ed0f 8521 | 2700 004c | 8b54 2478 | 418b 6a14 

  0x0000029bc0eb3774: ; implicit exception: dispatches to 0x0000029bc0eb672c
  0x0000029bc0eb3774: 448b 550c | 4c8b 5c24 | 7845 0fbe | 4b10 458b | 430c c442 | 32f7 da45 | 8bd0 452b | d345 85d2 
  0x0000029bc0eb3794: 0f8f 2c0f | 0000 4c8b | 5424 7845 | 8b5a 0c41 | 807a 1000 | 0f85 d819 | 0000 85ed | 0f84 0b24 
  0x0000029bc0eb37b4: 0000 4585 | db0f 8c71 | 2400 0044 | 8b45 0c45 | 3bc3 0f82 | 6424 0000 | 498b 9fb8 | 0100 004c 
  0x0000029bc0eb37d4: 8bd3 4983 | c218 660f | 1f44 0000 | 4d3b 97c8 | 0100 000f | 835a 1b00 | 004d 8997 | b801 0000 
  0x0000029bc0eb37f4: 410f 0d8a | c000 0000 | 48c7 0301 

  0x0000029bc0eb3800: ;   {metadata('java/lang/String')}
  0x0000029bc0eb3800: 0000 00c7 | 4308 78e8 | 0000 4489 | 630c 4c89 | 6310 4c8b | 5424 7845 | 8b52 0c4c | 8b5c 2478 
  0x0000029bc0eb3820: 418b 4b14 | 4180 7b10 | 000f 8520 | 1600 008b | 790c 4c8b | d94c 899c | 2480 0000 | 004c 8d49 
  0x0000029bc0eb3840: 1044 3bd7 | 0f85 9b00 | 0000 4c63 | c781 ff00 | 0010 000f | 879b 2100 | 0049 8bb7 | b801 0000 
  0x0000029bc0eb3860: 4d8d 5017 | 4983 e2f8 | 4c8b de4d | 03da 4d3b | 9fc8 0100 | 000f 8379 | 2100 004d | 899f b801 
  0x0000029bc0eb3880: 0000 410f | 0d8b c000 | 0000 48c7 | 0601 0000 | 0041 0f0d | 8b00 0100 

  0x0000029bc0eb3898: ;   {metadata({type array byte})}
  0x0000029bc0eb3898: 00c7 4608 | 1823 0000 | 897e 0c41 | 0f0d 8b40 | 0100 0041 | 0f0d 8b80 | 0100 0048 | 8bd6 4883 
  0x0000029bc0eb38b8: c210 4983 | c007 49c1 | e803 498b | c9c5 f877 | 49ba 6074 | 5bc0 9b02 | 0000 41ff 

  0x0000029bc0eb38d4: ;   {other}
  0x0000029bc0eb38d4: d20f 1f84 | 0000 0000 | 0066 6690 | e9ea 0000 | 0045 85d2 | 0f8c 4e26 | 0000 4181 | fa00 0010 
  0x0000029bc0eb38f4: 000f 8741 | 2400 004d | 63da 413b | fa8b ef41 | 0f4f ea3b | fd0f 82a2 | 2400 0044 | 3bd5 0f82 
  0x0000029bc0eb3914: 9924 0000 | 4983 c317 | 498b fb48 | 83e7 f841 | 81fa 0000 | 1000 0f87 | 951d 0000 | 498b b7b8 
  0x0000029bc0eb3934: 0100 004c | 8bc6 4c03 | c766 6690 | 4d3b 87c8 | 0100 000f | 8378 1d00 | 004d 8987 | b801 0000 
  0x0000029bc0eb3954: 410f 0d88 | c000 0000 | 48c7 0601 | 0000 0041 | 0f0d 8800 

  0x0000029bc0eb3968: ;   {metadata({type array byte})}
  0x0000029bc0eb3968: 0100 00c7 | 4608 1823 | 0000 4489 | 560c 410f | 0d88 4001 | 0000 410f | 0d88 8001 | 0000 488b 
  0x0000029bc0eb3988: d648 83c2 | 1049 c1eb | 0385 ed0f | 84ac 2300 | 000f 1f80 | 0000 0000 | 413b ea0f | 8cc7 1300 
  0x0000029bc0eb39a8: 0048 83c7 | f048 c1ef | 0349 8bc9 | 4c8b c7c5 | f877 49ba | 6074 5bc0 | 9b02 0000 

  0x0000029bc0eb39c4: ;   {other}
  0x0000029bc0eb39c4: 41ff d20f | 1f84 0000 | 0000 004c | 8bde 4489 | 5b14 4c8b | d349 c1ea | 0949 bb00 | 003f b59b 
  0x0000029bc0eb39e4: 0200 0047 | 8824 1348 | 8b54 2428 | 4c8b 4424 | 404c 8b4c | 2420 8b7c | 2430 8b74 | 2434 488b 
  0x0000029bc0eb3a04: 4c24 3848 | 891c 2490 

  0x0000029bc0eb3a0c: ;   {static_call}
  0x0000029bc0eb3a0c: c5f8 77e8 

  0x0000029bc0eb3a10: ; ImmutableOopMap {[40]=Oop [56]=Oop }
                      ;*invokestatic defineClass1 {reexecute=0 rethrow=0 return_oop=1}
                      ; - java.lang.ClassLoader::defineClass@27
  0x0000029bc0eb3a10: ccb2 cdff 

  0x0000029bc0eb3a14: ;   {other}
  0x0000029bc0eb3a14: 0f1f 8400 | 0412 0001 | 4889 4424 | 4044 8b50 | 3c45 85d2 | 7408 498b | c2e9 1303 | 0000 4c8b 
  0x0000029bc0eb3a34: 5010 458b | 5a08 660f | 1f44 0000 | 4585 db0f | 8c9b 2300 | 0044 8b50 | 2c45 85d2 | 0f84 fc0d 
  0x0000029bc0eb3a54: 0000 498b | da44 8b43 | 1466 6690 

  0x0000029bc0eb3a60: ; implicit exception: dispatches to 0x0000029bc0eb6870
  0x0000029bc0eb3a60: 418b 480c | 0fbe 7b10 | c462 42f7 | d945 8bcb | 41ff c985 | ff0f 85f9 | 2400 004d | 8bd0 4c89 
  0x0000029bc0eb3a80: 9424 8800 | 0000 448b | d141 ffca | 453b d145 | 0f4f d145 | 85d2 7c2f | 0f1f 8400 | 0000 0000 
  0x0000029bc0eb3aa0: 443b d10f | 831c 1f00 | 0043 807c | 1010 2e74 | 1c49 8bbf | 5804 0000 | 41ff ca4c 

  0x0000029bc0eb3abc: ; ImmutableOopMap {r8=NarrowOop r9=Oop rbx=Oop [40]=Oop [56]=Oop [64]=Oop [136]=Oop }
                      ;*goto {reexecute=1 rethrow=0 return_oop=0}
                      ; - (reexecute) java.lang.StringLatin1::lastIndexOf@35
                      ; - java.lang.String::lastIndexOf@13
                      ; - java.lang.String::lastIndexOf@8
                      ; - java.lang.Class::getPackageName@47
                      ; - java.lang.ClassLoader::postDefineClass@2
                      ; - java.lang.ClassLoader::defineClass@37
  0x0000029bc0eb3abc: 8b4c 2440 

  0x0000029bc0eb3ac0: ;   {poll}
  0x0000029bc0eb3ac0: 8507 4585 | d27d d941 | baff ffff | ff41 83fa | ff0f 8405 | 2500 0066 | 0f1f 8400 | 0000 0000 
  0x0000029bc0eb3ae0: 4585 d20f | 8cbf 2400 | 0045 3bd3 | 0f8f 0e25 | 0000 453b | d30f 8414 | 0200 000f | 1f44 0000 
  0x0000029bc0eb3b00: 4585 d20f | 845c 1400 | 0049 8b9f | b801 0000 | 4c8b db49 | 83c3 1866 | 0f1f 8400 | 0000 0000 
  0x0000029bc0eb3b20: 4d3b 9fc8 | 0100 000f | 837a 1c00 | 004d 899f | b801 0000 | 410f 0d8b | c000 0000 | 48c7 0301 
  0x0000029bc0eb3b40: ;   {metadata('java/lang/String')}
  0x0000029bc0eb3b40: 0000 00c7 | 4308 78e8 | 0000 4489 | 630c 4c89 | 6310 4d8d | 4810 443b | d10f 859e | 0000 0048 
  0x0000029bc0eb3b60: 63f1 81f9 | 0000 1000 | 0f87 dd1e | 0000 498b | bfb8 0100 | 004c 8d56 | 1749 83e2 | f84c 8bdf 
  0x0000029bc0eb3b80: 4d03 da4d | 3b9f c801 | 0000 0f83 | bb1e 0000 | 4d89 9fb8 | 0100 0041 | 0f0d 8bc0 | 0000 0048 
  0x0000029bc0eb3ba0: c707 0100 | 0000 410f | 0d8b 0001 

  0x0000029bc0eb3bac: ;   {metadata({type array byte})}
  0x0000029bc0eb3bac: 0000 c747 | 0818 2300 | 0089 4f0c | 410f 0d8b | 4001 0000 | 410f 0d8b | 8001 0000 | 488b d748 
  0x0000029bc0eb3bcc: 83c2 1048 | 83c6 0748 | c1ee 0349 | 8bc9 4c8b | c6c5 f877 | 49ba 6074 | 5bc0 9b02 | 0000 41ff 
  0x0000029bc0eb3bec: ;   {other}
  0x0000029bc0eb3bec: d20f 1f84 | 0000 0000 | 0048 8bf7 | e9f2 0000 | 0066 6690 | 4181 fa00 | 0010 000f | 8797 2200 
  0x0000029bc0eb3c0c: 004d 63da | 413b ca8b | e941 0f4f | ea0f 1f80 | 0000 0000 | 3bcd 0f82 | f022 0000 | 443b d50f 
  0x0000029bc0eb3c2c: 82e7 2200 | 0049 83c3 | 1749 8bfb | 4883 e7f8 | 0f1f 4000 | 4181 fa00 | 0010 000f | 8719 1c00 
  0x0000029bc0eb3c4c: 0049 8bb7 | b801 0000 | 4c8b c64c | 03c7 660f | 1f44 0000 | 4d3b 87c8 | 0100 000f | 83f9 1b00 
  0x0000029bc0eb3c6c: 004d 8987 | b801 0000 | 410f 0d88 | c000 0000 | 48c7 0601 | 0000 0041 | 0f0d 8800 

  0x0000029bc0eb3c88: ;   {metadata({type array byte})}
  0x0000029bc0eb3c88: 0100 00c7 | 4608 1823 | 0000 4489 | 560c 410f | 0d88 4001 | 0000 410f | 0d88 8001 | 0000 488b 
  0x0000029bc0eb3ca8: d648 83c2 | 1049 c1eb | 0385 ed0f | 84f3 2100 | 000f 1f80 | 0000 0000 | 413b ea0f | 8c01 1200 
  0x0000029bc0eb3cc8: 0048 83c7 | f048 c1ef | 0349 8bc9 | 4c8b c7c5 | f877 49ba | 6074 5bc0 | 9b02 0000 

  0x0000029bc0eb3ce4: ;   {other}
  0x0000029bc0eb3ce4: 41ff d20f | 1f84 0000 | 0000 0044 | 8863 104c | 8bde 4489 | 5b14 4c8b | d349 c1ea | 0949 bb00 
  0x0000029bc0eb3d04: 003f b59b | 0200 0047 | 8824 1348 | 8bd3 6690 

  0x0000029bc0eb3d14: ;   {optimized virtual_call}
  0x0000029bc0eb3d14: c5f8 77e8 

  0x0000029bc0eb3d18: ; ImmutableOopMap {[40]=Oop [56]=Oop [64]=Oop }
                      ;*invokevirtual intern {reexecute=0 rethrow=0 return_oop=1}
                      ; - java.lang.Class::getPackageName@65
                      ; - java.lang.ClassLoader::postDefineClass@2
                      ; - java.lang.ClassLoader::defineClass@37
  0x0000029bc0eb3d18: a4c4 c8ff 

  0x0000029bc0eb3d1c: ;   {other}
  0x0000029bc0eb3d1c: 0f1f 8400 | 0c15 0003 | 4c8b d04c | 8b5c 2440 | 4589 533c | 4d8b d349 | c1ea 0949 | bb00 003f 
  0x0000029bc0eb3d3c: b59b 0200 | 0047 8824 | 134c 8b54 | 2428 418b | 7238 85f6 | 0f84 da1d | 0000 4c8b | c88b 580c 
  0x0000029bc0eb3d5c: 4c8b 5424 | 4045 8b42 | 3085 db0f | 85ff 0100 | 0044 0fb6 | 5811 4585 | db0f 85b9 | 0c00 008b 
  0x0000029bc0eb3d7c: 6814 6690 | 8078 1000 | 0f85 6b1b | 0000 8b55 | 0c4c 8bd5 | 488d 7d10 | 83fa 020f | 8cb8 0f00 
  0x0000029bc0eb3d9c: 0033 db83 | fa20 0f8c | 6501 0000 | 33c9 c441 | 2def d2c4 | 4125 efdb | c441 1def | e4c5 fdef 
  0x0000029bc0eb3dbc: ;   {external_word}
  0x0000029bc0eb3dbc: c049 ba20 | 463d defa | 7f00 0045 | 8b1a c4c1 | 796e ebc4 | e27d 58ed | 448b d241 | 83e2 e041 
  0x0000029bc0eb3ddc: 0faf dbc5 | fa7e 0c0f | c5fa 7e5c | 0f08 c5fa | 7e54 0f10 | c5fa 7e64 | 0f18 c462 | 2d40 d5c4 
  0x0000029bc0eb3dfc: e27d 31c9 | c52d fed1 | c462 2540 | ddc4 e27d | 31db c525 | fedb c462 | 1d40 e5c4 | e27d 31d2 
  0x0000029bc0eb3e1c: c51d fee2 | c4e2 7d40 | c5c4 e27d | 31e4 c5fd | fec4 83c1 | 2041 3bca | 7ca5 4a8d | 3c17 412b 
  0x0000029bc0eb3e3c: ;   {external_word}
  0x0000029bc0eb3e3c: d249 ba24 | 463d defa | 7f00 00c4 | c17e 6f32 | c462 2d40 

  0x0000029bc0eb3e50: ;   {external_word}
  0x0000029bc0eb3e50: d649 ba44 | 463d defa | 7f00 00c4 | c17e 6f3a | c462 2540 

  0x0000029bc0eb3e64: ;   {external_word}
  0x0000029bc0eb3e64: df49 ba64 | 463d defa | 7f00 00c4 | 417e 6f02 | c442 1d40 

  0x0000029bc0eb3e78: ;   {external_word}
  0x0000029bc0eb3e78: e049 ba84 | 463d defa | 7f00 00c4 | 417e 6f0a | c4c2 7d40 | c1c4 c22d | 02ca c4e3 | 7d39 cb01 
  0x0000029bc0eb3e98: c5f1 fecb | c4e2 7102 | c9c5 f96e | dbc5 f1fe | cbc5 f97e | cbc4 c225 | 02d3 c4e3 | 7d39 d401 
  0x0000029bc0eb3eb8: c5e9 fed4 | c4e2 6902 | d2c5 f96e | e3c5 e9fe | d4c5 f97e | d3c4 c21d | 02cc c4e3 | 7d39 cb01 
  0x0000029bc0eb3ed8: c5f1 fecb | c4e2 7102 | c9c5 f96e | dbc5 f1fe | cbc5 f97e | cbc4 e27d | 02d0 c4e3 | 7d39 d401 
  0x0000029bc0eb3ef8: c5e9 fed4 | c4e2 6902 | d2c5 f96e | e3c5 e9fe | d4c5 f97e | d3b9 0100 | 0000 3bca | 0f8d 2c00 
  0x0000029bc0eb3f18: 0000 41bb | c103 0000 | 410f afdb | 440f b654 | 0fff 458b | da41 c1e3 | 0545 2bda | 4103 db44 
  0x0000029bc0eb3f38: 0fb6 1c0f | 4103 db83 | c102 3bca | 7cd4 7f12 | 448b d3c1 | e305 412b | da44 0fb6 | 5c0f ff41 
  0x0000029bc0eb3f58: 03db 660f | 1f44 0000 | 85db 0f84 | 8119 0000 | 4189 590c | 8b4e 2885 | c90f 8491 | 0000 0044 
  0x0000029bc0eb3f78: ;   {no_reloc}
  0x0000029bc0eb3f78: 8b59 0c0f | 1f44 0000 | 4585 db0f | 8697 1e00 | 0044 8bd3 | 41c1 ea10 | 4433 d341 | ffcb 4181 
  0x0000029bc0eb3f98: e2ff ffff | 7f45 23da | 4d63 db46 | 8b5c 9910 | 4585 db0f | 8457 0000 | 0041 8b6b | 0c41 3bea 
  0x0000029bc0eb3fb8: 0f84 4b02 | 0000 6690 | 85ed 0f8c | 8822 0000 | 418b 4b18 | 85c9 7438 | 488b f98b | 5f0c 498b 
  0x0000029bc0eb3fd8: 9758 0400 

  0x0000029bc0eb3fdc: ; ImmutableOopMap {r8=NarrowOop r9=Oop rdi=Oop [40]=Oop [56]=Oop [64]=Oop }
                      ;*if_icmpne {reexecute=1 rethrow=0 return_oop=0}
                      ; - (reexecute) java.util.concurrent.ConcurrentHashMap::get@127
                      ; - java.lang.ClassLoader::getNamedPackage@5
                      ; - java.lang.ClassLoader::postDefineClass@9
                      ; - java.lang.ClassLoader::defineClass@37
                      ;   {poll}
  0x0000029bc0eb3fdc: 0085 0290 | 413b da0f | 8567 0900 | 008b 6f10 | 4c8b dd4d | 3bd9 0f85 | d908 0000 | 8b6f 140f 
  0x0000029bc0eb3ffc: 1f44 0000 | 85ed 0f85 | 6702 0000 | 498b 87b8 | 0100 004c | 8bd0 4983 | c218 6666 | 0f1f 8400 
  0x0000029bc0eb401c: 0000 0000 | 4d3b 97c8 | 0100 000f | 832c 1900 | 004d 8997 | b801 0000 | 410f 0d8a | c000 0000 
  0x0000029bc0eb403c: 48c7 0001 

  0x0000029bc0eb4040: ;   {metadata('java/lang/NamedPackage')}
  0x0000029bc0eb4040: 0000 00c7 | 4008 e8c0 | 0100 4489 | 600c 4c89 | 6010 4c89 | 4c24 2044 | 8944 2430 | 4889 4424 
  0x0000029bc0eb4060: 4848 8b54 | 2420 6690 

  0x0000029bc0eb4068: ;   {optimized virtual_call}
  0x0000029bc0eb4068: c5f8 77e8 

  0x0000029bc0eb406c: ; ImmutableOopMap {[32]=Oop [40]=Oop [48]=NarrowOop [56]=Oop [64]=Oop [72]=Oop }
                      ;*invokevirtual isEmpty {reexecute=0 rethrow=0 return_oop=0}
                      ; - java.lang.NamedPackage::<init>@5
                      ; - java.lang.ClassLoader::getNamedPackage@22
                      ; - java.lang.ClassLoader::postDefineClass@9
                      ; - java.lang.ClassLoader::defineClass@37
  0x0000029bc0eb406c: 500a ceff 

  0x0000029bc0eb4070: ;   {other}
  0x0000029bc0eb4070: 0f1f 8400 | 6018 0005 | 0f1f 8400 | 0000 0000 | 85c0 0f84 | e708 0000 | 448b 5424 | 3045 85d2 
  0x0000029bc0eb4090: 0f84 a21f | 0000 4c89 | 5424 5049 | 8bd2 6690 

  0x0000029bc0eb40a0: ;   {optimized virtual_call}
  0x0000029bc0eb40a0: c5f8 77e8 

  0x0000029bc0eb40a4: ; ImmutableOopMap {[32]=Oop [40]=Oop [48]=NarrowOop [56]=Oop [64]=Oop [72]=Oop [80]=Oop }
                      ;*invokevirtual isNamed {reexecute=0 rethrow=0 return_oop=0}
                      ; - java.lang.NamedPackage::<init>@12
                      ; - java.lang.ClassLoader::getNamedPackage@22
                      ; - java.lang.ClassLoader::postDefineClass@9
                      ; - java.lang.ClassLoader::defineClass@37
  0x0000029bc0eb40a4: d8a6 71ff 

  0x0000029bc0eb40a8: ;   {other}
  0x0000029bc0eb40a8: 0f1f 8400 | 9818 0006 | 85c0 0f84 | b708 0000 | 498b 87b8 | 0100 004c | 8bd0 4983 | c228 4d3b 
  0x0000029bc0eb40c8: 97c8 0100 | 000f 83b2 | 1800 004d | 8997 b801 | 0000 410f | 0d8a c000 | 0000 48c7 | 0001 0000 
  0x0000029bc0eb40e8: ;   {metadata('java/lang/InternalError')}
  0x0000029bc0eb40e8: 00c7 4008 | 3807 0100 | 4489 600c | 4c89 6010 | 4c89 6018 | 4c89 6020 | 4889 4424 | 6849 8b87 
  0x0000029bc0eb4108: b801 0000 | 4c8b d049 | 83c2 1866 | 0f1f 8400 | 0000 0000 | 6666 6690 | 4d3b 97c8 | 0100 000f 
  0x0000029bc0eb4128: 8378 1800 | 004d 8997 | b801 0000 | 410f 0d8a | c000 0000 | 48c7 0001 

  0x0000029bc0eb4140: ;   {metadata('java/lang/StringBuilder')}
  0x0000029bc0eb4140: 0000 00c7 | 4008 4080 | 0000 4489 | 600c 4c89 | 6010 488b | e848 8bd5 

  0x0000029bc0eb4158: ;   {optimized virtual_call}
  0x0000029bc0eb4158: c5f8 77e8 

  0x0000029bc0eb415c: ; ImmutableOopMap {rbp=Oop [32]=Oop [40]=Oop [48]=NarrowOop [56]=Oop [64]=Oop [72]=Oop [80]=Oop [104]=Oop }
                      ;*invokespecial <init> {reexecute=0 rethrow=0 return_oop=0}
                      ; - java.lang.NamedPackage::<init>@26
                      ; - java.lang.ClassLoader::getNamedPackage@22
                      ; - java.lang.ClassLoader::postDefineClass@9
                      ; - java.lang.ClassLoader::defineClass@37
  0x0000029bc0eb415c: 20a6 71ff 

  0x0000029bc0eb4160: ;   {other}
  0x0000029bc0eb4160: 0f1f 8400 | 5019 0007 

  0x0000029bc0eb4168: ;   {oop("unnamed package in  "{0x0000000080004448})}
  0x0000029bc0eb4168: 49b8 4844 | 0080 0000 | 0000 488b | d54c 8b54 | 2468 4c89 | 5424 6090 

  0x0000029bc0eb4180: ;   {optimized virtual_call}
  0x0000029bc0eb4180: c5f8 77e8 

  0x0000029bc0eb4184: ; ImmutableOopMap {[32]=Oop [40]=Oop [48]=NarrowOop [56]=Oop [64]=Oop [72]=Oop [80]=Oop [96]=Oop [104]=Oop }
                      ;*invokevirtual append {reexecute=0 rethrow=0 return_oop=1}
                      ; - java.lang.NamedPackage::<init>@31
                      ; - java.lang.ClassLoader::getNamedPackage@22
                      ; - java.lang.ClassLoader::postDefineClass@9
                      ; - java.lang.ClassLoader::defineClass@37
  0x0000029bc0eb4184: f8a5 71ff 

  0x0000029bc0eb4188: ;   {other}
  0x0000029bc0eb4188: 0f1f 8400 | 7819 0008 | 4885 c00f | 84b7 1e00 | 0048 8bd0 | 4c8b 4424 | 504c 8b54 | 2460 4c89 
  0x0000029bc0eb41a8: 5424 5090 

  0x0000029bc0eb41ac: ;   {optimized virtual_call}
  0x0000029bc0eb41ac: c5f8 77e8 

  0x0000029bc0eb41b0: ; ImmutableOopMap {[32]=Oop [40]=Oop [48]=NarrowOop [56]=Oop [64]=Oop [72]=Oop [80]=Oop [96]=Oop }
                      ;*invokevirtual append {reexecute=0 rethrow=0 return_oop=1}
                      ; - java.lang.NamedPackage::<init>@35
                      ; - java.lang.ClassLoader::getNamedPackage@22
                      ; - java.lang.ClassLoader::postDefineClass@9
                      ; - java.lang.ClassLoader::defineClass@37
  0x0000029bc0eb41b0: cca5 71ff 

  0x0000029bc0eb41b4: ;   {other}
  0x0000029bc0eb41b4: 0f1f 8400 | a419 0009 | 0f1f 4000 | 4885 c00f | 849f 1e00 | 0048 8bd0 

  0x0000029bc0eb41cc: ;   {optimized virtual_call}
  0x0000029bc0eb41cc: c5f8 77e8 

  0x0000029bc0eb41d0: ; ImmutableOopMap {[32]=Oop [40]=Oop [48]=NarrowOop [56]=Oop [64]=Oop [72]=Oop [80]=Oop }
                      ;*invokevirtual toString {reexecute=0 rethrow=0 return_oop=1}
                      ; - java.lang.NamedPackage::<init>@38
                      ; - java.lang.ClassLoader::getNamedPackage@22
                      ; - java.lang.ClassLoader::postDefineClass@9
                      ; - java.lang.ClassLoader::defineClass@37
  0x0000029bc0eb41d0: aca5 71ff 

  0x0000029bc0eb41d4: ;   {other}
  0x0000029bc0eb41d4: 0f1f 8400 | c419 000a | 488b 5424 | 504c 8bc0 

  0x0000029bc0eb41e4: ;   {optimized virtual_call}
  0x0000029bc0eb41e4: c5f8 77e8 

  0x0000029bc0eb41e8: ; ImmutableOopMap {[32]=Oop [40]=Oop [48]=NarrowOop [56]=Oop [64]=Oop [72]=Oop [80]=Oop }
                      ;*invokespecial <init> {reexecute=0 rethrow=0 return_oop=0}
                      ; - java.lang.NamedPackage::<init>@41
                      ; - java.lang.ClassLoader::getNamedPackage@22
                      ; - java.lang.ClassLoader::postDefineClass@9
                      ; - java.lang.ClassLoader::defineClass@37
  0x0000029bc0eb41e8: 94a5 71ff 

  0x0000029bc0eb41ec: ;   {other}
  0x0000029bc0eb41ec: 0f1f 8400 | dc19 000b | 488b 5424 | 50c5 f877 | 4881 c4a0 | 0000 005d 

  0x0000029bc0eb4204: ;   {runtime_call _rethrow_Java}
  0x0000029bc0eb4204: e977 4d7d | ff41 8b7b | 1048 8bcf | 493b c974 | 4e85 ff0f | 8467 2000 | 0044 8954 | 2434 4489 
  0x0000029bc0eb4224: 4424 304c | 894c 2420 | 498b eb44 | 895c 2448 | 4c8b c749 | 8bd1 6690 

  0x0000029bc0eb423c: ;   {optimized virtual_call}
  0x0000029bc0eb423c: c5f8 77e8 

  0x0000029bc0eb4240: ; ImmutableOopMap {rbp=Oop [32]=Oop [40]=Oop [48]=NarrowOop [56]=Oop [64]=Oop [72]=NarrowOop }
                      ;*invokevirtual equals {reexecute=0 rethrow=0 return_oop=0}
                      ; - java.util.concurrent.ConcurrentHashMap::get@73
                      ; - java.lang.ClassLoader::getNamedPackage@5
                      ; - java.lang.ClassLoader::postDefineClass@9
                      ; - java.lang.ClassLoader::defineClass@37
  0x0000029bc0eb4240: 7cb9 df00 

  0x0000029bc0eb4244: ;   {other}
  0x0000029bc0eb4244: 0f1f 8400 | 341a 000c | 85c0 0f84 | 4010 0000 | 4c8b 4c24 | 2044 8b44 | 2430 448b | 5c24 4841 
  0x0000029bc0eb4264: 8b6b 1485 | ed0f 8499 | fdff ff44 | 8b55 0849 | bb00 0000 | cd9b 0200 | 004d 03da | 4d8b 5338 
  0x0000029bc0eb4284: ;   {metadata('java/lang/NamedPackage')}
  0x0000029bc0eb4284: 49bb e8c0 | 01cd 9b02 | 0000 4d3b | d30f 8555 | 1a00 004c | 8b54 2438 | 458b 5210 

  0x0000029bc0eb42a0: ; implicit exception: dispatches to 0x0000029bc0eb68fc
  0x0000029bc0eb42a0: 418b 4a14 | 85c9 0f85 | 6e00 0000 | 458b 4210 | 4585 c00f | 85b3 1000 | 0048 8b44 | 2440 c5f8 
  0x0000029bc0eb42c0: 7748 81c4 | a000 0000 

  0x0000029bc0eb42c8: ;   {poll_return}
  0x0000029bc0eb42c8: 5d49 3ba7 | 5004 0000 | 0f87 af28 | 0000 c385 | db0f 855f | f1ff ff4c | 63c2 498b | cb48 8bd7 
  0x0000029bc0eb42e8: c5f8 7749 | bac0 6d5b | c09b 0200 | 0041 ffd2 

  0x0000029bc0eb42f8: ;   {other}
  0x0000029bc0eb42f8: 0f1f 8400 | 0000 0000 | e9cf f1ff | ff41 c645 | 102f 41c6 | 4511 2f41 | bb02 0000 | 00e9 d8f0 
  0x0000029bc0eb4318: ffff 448b | 490c 448b | 4108 488b | e949 63f9 | 48c1 e702 | 4181 f900 | 0004 000f | 878f 1700 
  0x0000029bc0eb4338: 0049 8b9f | b801 0000 | 4c8d 5717 | 4983 e2f8 | 4c8b db4d | 03da 4d3b | 9fc8 0100 | 000f 836d 
  0x0000029bc0eb4358: 1700 004d | 899f b801 | 0000 410f | 0d8b c000 | 0000 48c7 | 0301 0000 | 0044 8943 | 0844 894b 
  0x0000029bc0eb4378: 0c41 0f0d | 8b00 0100 | 0041 0f0d | 8b40 0100 | 0041 0f0d | 8b80 0100 | 0048 8d49 | 1048 8bd3 
  0x0000029bc0eb4398: 4883 c210 | 4883 c707 | 48c1 ef03 | 4c8b c7c5 | f877 49ba | 6074 5bc0 | 9b02 0000 

  0x0000029bc0eb43b4: ;   {other}
  0x0000029bc0eb43b4: 41ff d20f | 1f84 0000 | 0000 0048 | 8b54 2440 | 4c8b c390 

  0x0000029bc0eb43c8: ;   {optimized virtual_call}
  0x0000029bc0eb43c8: c5f8 77e8 

  0x0000029bc0eb43cc: ; ImmutableOopMap {[64]=Oop }
                      ;*invokevirtual setSigners {reexecute=0 rethrow=0 return_oop=0}
                      ; - java.lang.ClassLoader::setSigners@2
                      ; - java.lang.ClassLoader::postDefineClass@35
                      ; - java.lang.ClassLoader::defineClass@37
  0x0000029bc0eb43cc: 70f2 cdff 

  0x0000029bc0eb43d0: ;   {other}
  0x0000029bc0eb43d0: 0f1f 8400 | c01b 000d | e9dc feff | ff44 894c | 2454 488b | 6c24 7848 | 897c 2458 | 4489 7424 
  0x0000029bc0eb43f0: 504c 8b54 | 2438 4c89 | 5424 484c | 8b54 2428 | 4c89 5424 | 384c 8b54 | 2440 4c89 | 5424 2841 
  0x0000029bc0eb4410: ffc0 488b | 5424 7890 

  0x0000029bc0eb4418: ;   {optimized virtual_call}
  0x0000029bc0eb4418: c5f8 77e8 

  0x0000029bc0eb441c: ; ImmutableOopMap {rbp=Oop [32]=Oop [40]=Oop [56]=Oop [72]=Oop [80]=NarrowOop [84]=NarrowOop [88]=Oop [120]=Oop }
                      ;*invokevirtual newCapacity {reexecute=0 rethrow=0 return_oop=0}
                      ; - java.lang.AbstractStringBuilder::ensureCapacityInternal@24
                      ; - java.lang.AbstractStringBuilder::append@7
                      ; - java.lang.StringBuilder::append@2
                      ; - java.net.URLStreamHandler::toExternalForm@16
                      ; - java.net.URL::toExternalForm@5
                      ; - java.net.URL::toString@1
                      ; - java.lang.ClassLoader::defineClassSourceLocation@22
                      ; - java.lang.ClassLoader::defineClass@12
  0x0000029bc0eb441c: 60a3 71ff 

  0x0000029bc0eb4420: ;   {other}
  0x0000029bc0eb4420: 0f1f 8400 | 101c 000e | 440f be55 | 10c4 6229 | f7c0 448b | 5c24 5449 | 8bd3 6690 

  0x0000029bc0eb443c: ;   {static_call}
  0x0000029bc0eb443c: c5f8 77e8 

  0x0000029bc0eb4440: ; ImmutableOopMap {rbp=Oop [32]=Oop [40]=Oop [56]=Oop [72]=Oop [80]=NarrowOop [88]=Oop [120]=Oop }
                      ;*invokestatic copyOf {reexecute=0 rethrow=0 return_oop=1}
                      ; - java.lang.AbstractStringBuilder::ensureCapacityInternal@32
                      ; - java.lang.AbstractStringBuilder::append@7
                      ; - java.lang.StringBuilder::append@2
                      ; - java.net.URLStreamHandler::toExternalForm@16
                      ; - java.net.URL::toExternalForm@5
                      ; - java.net.URL::toString@1
                      ; - java.lang.ClassLoader::defineClassSourceLocation@22
                      ; - java.lang.ClassLoader::defineClass@12
  0x0000029bc0eb4440: 3ca9 71ff 

  0x0000029bc0eb4444: ;   {other}
  0x0000029bc0eb4444: 0f1f 8400 | 341c 000f | 4c8b d54c | 8bc8 4489 | 4d14 49c1 | ea09 49bb | 0000 3fb5 | 9b02 0000 
  0x0000029bc0eb4464: 4788 2413 | 4c8b 5424 | 284c 8954 | 2440 4c8b | 5424 384c | 8954 2428 | 4c8b 5424 | 484c 8954 
  0x0000029bc0eb4484: 2438 448b | 7424 504c | 8b54 2458 | 498b fae9 | 3dee ffff | 895c 2468 | 896c 2454 | 4c89 5c24 
  0x0000029bc0eb44a4: 6048 8b6c | 2478 4889 | 7c24 5844 | 8974 2450 | 4c8b 5424 | 384c 8954 | 2448 4c8b | 5424 284c 
  0x0000029bc0eb44c4: 8954 2438 | 4c8b 5424 | 404c 8954 | 2428 488b | 5424 7890 

  0x0000029bc0eb44d8: ;   {optimized virtual_call}
  0x0000029bc0eb44d8: c5f8 77e8 

  0x0000029bc0eb44dc: ; ImmutableOopMap {rbp=Oop [32]=Oop [40]=Oop [56]=Oop [72]=Oop [80]=NarrowOop [84]=NarrowOop [88]=Oop [96]=Oop [120]=Oop }
                      ;*invokevirtual newCapacity {reexecute=0 rethrow=0 return_oop=0}
                      ; - java.lang.AbstractStringBuilder::ensureCapacityInternal@24
                      ; - java.lang.AbstractStringBuilder::append@21
                      ; - java.lang.StringBuilder::append@2
                      ; - java.net.URLStreamHandler::toExternalForm@59
                      ; - java.net.URL::toExternalForm@5
                      ; - java.net.URL::toString@1
                      ; - java.lang.ClassLoader::defineClassSourceLocation@22
                      ; - java.lang.ClassLoader::defineClass@12
  0x0000029bc0eb44dc: a0a2 71ff 

  0x0000029bc0eb44e0: ;   {other}
  0x0000029bc0eb44e0: 0f1f 8400 | d01c 0010 | 440f be5d | 10c4 6221 | f7c0 448b | 5424 5449 | 8bd2 6690 

  0x0000029bc0eb44fc: ;   {static_call}
  0x0000029bc0eb44fc: c5f8 77e8 

  0x0000029bc0eb4500: ; ImmutableOopMap {rbp=Oop [32]=Oop [40]=Oop [56]=Oop [72]=Oop [80]=NarrowOop [88]=Oop [96]=Oop [120]=Oop }
                      ;*invokestatic copyOf {reexecute=0 rethrow=0 return_oop=1}
                      ; - java.lang.AbstractStringBuilder::ensureCapacityInternal@32
                      ; - java.lang.AbstractStringBuilder::append@21
                      ; - java.lang.StringBuilder::append@2
                      ; - java.net.URLStreamHandler::toExternalForm@59
                      ; - java.net.URL::toExternalForm@5
                      ; - java.net.URL::toString@1
                      ; - java.lang.ClassLoader::defineClassSourceLocation@22
                      ; - java.lang.ClassLoader::defineClass@12
  0x0000029bc0eb4500: 7ca8 71ff 

  0x0000029bc0eb4504: ;   {other}
  0x0000029bc0eb4504: 0f1f 8400 | f41c 0011 | 0fbe 4d10 | 4c8b 5c24 | 6041 0fbe | 7310 448b | 4d0c 4c8b | d548 8bd8 
  0x0000029bc0eb4524: 895d 1449 | c1ea 0949 | b800 003f | b59b 0200 | 0047 8824 | 104c 8b54 | 2428 4c89 | 5424 404c 
  0x0000029bc0eb4544: 8b54 2438 | 4c89 5424 | 284c 8b54 | 2448 4c89 | 5424 3844 | 8b74 2450 | 4c8b 5424 | 584c 8954 
  0x0000029bc0eb4564: 2470 8b5c | 2468 e905 | f0ff ff4c | 894c 2468 | 4489 6c24 | 6489 7c24 | 6089 4c24 | 5448 8b6c 
  0x0000029bc0eb4584: 2478 4c8b | 5424 704c | 8954 2458 | 4489 7424 | 504c 8b54 | 2438 4c89 | 5424 484c | 8b54 2428 
  0x0000029bc0eb45a4: 4c89 5424 | 384c 8b54 | 2440 4c89 | 5424 2848 | 8b54 2478 

  0x0000029bc0eb45b8: ;   {optimized virtual_call}
  0x0000029bc0eb45b8: c5f8 77e8 

  0x0000029bc0eb45bc: ; ImmutableOopMap {rbp=Oop [32]=Oop [40]=Oop [56]=Oop [72]=Oop [80]=NarrowOop [84]=NarrowOop [88]=Oop [96]=NarrowOop [104]=Oop [120]=Oop }
                      ;*invokevirtual newCapacity {reexecute=0 rethrow=0 return_oop=0}
                      ; - java.lang.AbstractStringBuilder::ensureCapacityInternal@24
                      ; - java.lang.AbstractStringBuilder::append@21
                      ; - java.lang.StringBuilder::append@2
                      ; - java.net.URLStreamHandler::toExternalForm@77
                      ; - java.net.URL::toExternalForm@5
                      ; - java.net.URL::toString@1
                      ; - java.lang.ClassLoader::defineClassSourceLocation@22
                      ; - java.lang.ClassLoader::defineClass@12
  0x0000029bc0eb45bc: 804d ceff 

  0x0000029bc0eb45c0: ;   {other}
  0x0000029bc0eb45c0: 0f1f 8400 | b01d 0012 | 440f be5d | 10c4 6221 | f7c0 448b | 5424 6049 | 8bd2 6690 

  0x0000029bc0eb45dc: ;   {static_call}
  0x0000029bc0eb45dc: c5f8 77e8 

  0x0000029bc0eb45e0: ; ImmutableOopMap {rbp=Oop [32]=Oop [40]=Oop [56]=Oop [72]=Oop [80]=NarrowOop [84]=NarrowOop [88]=Oop [104]=Oop [120]=Oop }
                      ;*invokestatic copyOf {reexecute=0 rethrow=0 return_oop=1}
                      ; - java.lang.AbstractStringBuilder::ensureCapacityInternal@32
                      ; - java.lang.AbstractStringBuilder::append@21
                      ; - java.lang.StringBuilder::append@2
                      ; - java.net.URLStreamHandler::toExternalForm@77
                      ; - java.net.URL::toExternalForm@5
                      ; - java.net.URL::toString@1
                      ; - java.lang.ClassLoader::defineClassSourceLocation@22
                      ; - java.lang.ClassLoader::defineClass@12
  0x0000029bc0eb45e0: dc17 fdff 

  0x0000029bc0eb45e4: ;   {other}
  0x0000029bc0eb45e4: 0f1f 8400 | d41d 0013 | 4c8b d54c | 8bc0 4489 | 4514 49c1 | ea09 49bb | 0000 3fb5 | 9b02 0000 
  0x0000029bc0eb4604: 4788 2413 | 4c8b 5424 | 284c 8954 | 2440 4c8b | 5424 384c | 8954 2428 | 4c8b 5424 | 484c 8954 
  0x0000029bc0eb4624: 2438 448b | 7424 504c | 8b54 2458 | 4c89 5424 | 708b 4c24 | 5444 8b6c | 2464 4c8b | 4c24 68e9 
  0x0000029bc0eb4644: f3ef ffff | 4489 4c24 | 4c44 8974 | 2448 488b | 6c24 4048 | 8b54 2478 

  0x0000029bc0eb465c: ;   {optimized virtual_call}
  0x0000029bc0eb465c: c5f8 77e8 

  0x0000029bc0eb4660: ; ImmutableOopMap {rbp=Oop [32]=Oop [40]=Oop [56]=Oop [72]=NarrowOop [76]=NarrowOop [112]=Oop [120]=Oop }
                      ;*invokevirtual newCapacity {reexecute=0 rethrow=0 return_oop=0}
                      ; - java.lang.AbstractStringBuilder::ensureCapacityInternal@24
                      ; - java.lang.AbstractStringBuilder::append@21
                      ; - java.lang.StringBuilder::append@2
                      ; - java.net.URLStreamHandler::toExternalForm@113
                      ; - java.net.URL::toExternalForm@5
                      ; - java.net.URL::toString@1
                      ; - java.lang.ClassLoader::defineClassSourceLocation@22
                      ; - java.lang.ClassLoader::defineClass@12
  0x0000029bc0eb4660: 1ca1 71ff 

  0x0000029bc0eb4664: ;   {other}
  0x0000029bc0eb4664: 0f1f 8400 | 541e 0014 | 4c8b 5424 | 7845 0fbe | 5a10 c462 | 21f7 c044 | 8b5c 244c | 498b d390 
  0x0000029bc0eb4684: ;   {static_call}
  0x0000029bc0eb4684: c5f8 77e8 

  0x0000029bc0eb4688: ; ImmutableOopMap {rbp=Oop [32]=Oop [40]=Oop [56]=Oop [72]=NarrowOop [112]=Oop [120]=Oop }
                      ;*invokestatic copyOf {reexecute=0 rethrow=0 return_oop=1}
                      ; - java.lang.AbstractStringBuilder::ensureCapacityInternal@32
                      ; - java.lang.AbstractStringBuilder::append@21
                      ; - java.lang.StringBuilder::append@2
                      ; - java.net.URLStreamHandler::toExternalForm@113
                      ; - java.net.URL::toExternalForm@5
                      ; - java.net.URL::toString@1
                      ; - java.lang.ClassLoader::defineClassSourceLocation@22
                      ; - java.lang.ClassLoader::defineClass@12
  0x0000029bc0eb4688: f4a6 71ff 

  0x0000029bc0eb468c: ;   {other}
  0x0000029bc0eb468c: 0f1f 8400 | 7c1e 0015 | 4c8b 5424 | 784c 8bc8 | 4c8b 5c24 | 7845 894b | 1449 c1ea | 0949 bb00 
  0x0000029bc0eb46ac: 003f b59b | 0200 0047 | 8824 1348 | 896c 2440 | 448b 7424 | 48e9 43f0 | ffff 896c | 2460 4889 
  0x0000029bc0eb46cc: 4c24 584c | 8b54 2438 | 4c89 5424 | 484c 8b54 | 2428 4c89 | 5424 384c | 8b54 2440 | 4c89 5424 
  0x0000029bc0eb46ec: 2848 8b54 

  0x0000029bc0eb46f0: ;   {oop([B{0x00000000800021e8})}
  0x0000029bc0eb46f0: 2478 48bd | e821 0080 | 0000 0000 

  0x0000029bc0eb46fc: ;   {optimized virtual_call}
  0x0000029bc0eb46fc: c5f8 77e8 

  0x0000029bc0eb4700: ; ImmutableOopMap {rbp=Oop [88]=Derived_oop_rbp [32]=Oop [40]=Oop [56]=Oop [72]=Oop [96]=NarrowOop [120]=Oop }
                      ;*invokevirtual newCapacity {reexecute=0 rethrow=0 return_oop=0}
                      ; - java.lang.AbstractStringBuilder::ensureCapacityInternal@24
                      ; - java.lang.AbstractStringBuilder::append@21
                      ; - java.lang.StringBuilder::append@2
                      ; - java.net.URLStreamHandler::toExternalForm@149
                      ; - java.net.URL::toExternalForm@5
                      ; - java.net.URL::toString@1
                      ; - java.lang.ClassLoader::defineClassSourceLocation@22
                      ; - java.lang.ClassLoader::defineClass@12
  0x0000029bc0eb4700: 7ca0 71ff 

  0x0000029bc0eb4704: ;   {other}
  0x0000029bc0eb4704: 0f1f 8400 | f41e 0016 | 4c8b 5424 | 7845 0fbe | 5210 c462 | 29f7 c044 | 8b54 2460 | 498b d290 
  0x0000029bc0eb4724: ;   {static_call}
  0x0000029bc0eb4724: c5f8 77e8 

  0x0000029bc0eb4728: ; ImmutableOopMap {rbp=Oop [88]=Derived_oop_rbp [32]=Oop [40]=Oop [56]=Oop [72]=Oop [120]=Oop }
                      ;*invokestatic copyOf {reexecute=0 rethrow=0 return_oop=1}
                      ; - java.lang.AbstractStringBuilder::ensureCapacityInternal@32
                      ; - java.lang.AbstractStringBuilder::append@21
                      ; - java.lang.StringBuilder::append@2
                      ; - java.net.URLStreamHandler::toExternalForm@149
                      ; - java.net.URL::toExternalForm@5
                      ; - java.net.URL::toString@1
                      ; - java.lang.ClassLoader::defineClassSourceLocation@22
                      ; - java.lang.ClassLoader::defineClass@12
  0x0000029bc0eb4728: 54a6 71ff 

  0x0000029bc0eb472c: ;   {other}
  0x0000029bc0eb472c: 0f1f 8400 | 1c1f 0017 | 4c8b 5424 | 7848 8be8 | 4c8b 5c24 | 7841 896b | 1449 c1ea | 0949 bb00 
  0x0000029bc0eb474c: 003f b59b | 0200 0047 | 8824 134c | 8b54 2428 | 4c89 5424 | 404c 8b54 | 2438 4c89 | 5424 284c 
  0x0000029bc0eb476c: 8b54 2448 | 4c89 5424 | 3848 8b4c | 2458 e91b | f0ff ff4c | 895c 2470 | 895c 2468 | 4489 4424 
  0x0000029bc0eb478c: 5448 8944 | 2460 488b | 6c24 7848 | 897c 2458 | 4489 7424 | 504c 8b54 | 2438 4c89 | 5424 484c 
  0x0000029bc0eb47ac: 8b54 2428 | 4c89 5424 | 384c 8b54 | 2440 4c89 | 5424 2848 | 8bd5 448b | c366 6690 

  0x0000029bc0eb47c8: ;   {optimized virtual_call}
  0x0000029bc0eb47c8: c5f8 77e8 

  0x0000029bc0eb47cc: ; ImmutableOopMap {rbp=Oop [32]=Oop [40]=Oop [56]=Oop [72]=Oop [80]=NarrowOop [84]=NarrowOop [88]=Oop [96]=Oop [112]=Oop [120]=Oop }
                      ;*invokevirtual newCapacity {reexecute=0 rethrow=0 return_oop=0}
                      ; - java.lang.AbstractStringBuilder::ensureCapacityInternal@24
                      ; - java.lang.AbstractStringBuilder::append@21
                      ; - java.lang.StringBuilder::append@2
                      ; - java.net.URLStreamHandler::toExternalForm@11
                      ; - java.net.URL::toExternalForm@5
                      ; - java.net.URL::toString@1
                      ; - java.lang.ClassLoader::defineClassSourceLocation@22
                      ; - java.lang.ClassLoader::defineClass@12
  0x0000029bc0eb47cc: b09f 71ff 

  0x0000029bc0eb47d0: ;   {other}
  0x0000029bc0eb47d0: 0f1f 8400 | c01f 0018 | 440f be5d | 10c4 6221 | f7c0 488b | 5424 6090 

  0x0000029bc0eb47e8: ;   {static_call}
  0x0000029bc0eb47e8: c5f8 77e8 

  0x0000029bc0eb47ec: ; ImmutableOopMap {rbp=Oop [32]=Oop [40]=Oop [56]=Oop [72]=Oop [80]=NarrowOop [84]=NarrowOop [88]=Oop [112]=Oop [120]=Oop }
                      ;*invokestatic copyOf {reexecute=0 rethrow=0 return_oop=1}
                      ; - java.lang.AbstractStringBuilder::ensureCapacityInternal@32
                      ; - java.lang.AbstractStringBuilder::append@21
                      ; - java.lang.StringBuilder::append@2
                      ; - java.net.URLStreamHandler::toExternalForm@11
                      ; - java.net.URL::toExternalForm@5
                      ; - java.net.URL::toString@1
                      ; - java.lang.ClassLoader::defineClassSourceLocation@22
                      ; - java.lang.ClassLoader::defineClass@12
  0x0000029bc0eb47ec: 90a5 71ff 

  0x0000029bc0eb47f0: ;   {other}
  0x0000029bc0eb47f0: 0f1f 8400 | e01f 0019 | 4c8b d54c | 8bd8 4489 | 5d14 49c1 | ea09 49bb | 0000 3fb5 | 9b02 0000 
  0x0000029bc0eb4810: 4788 2413 | 4c8b 5424 | 284c 8954 | 2440 4c8b | 5424 384c | 8954 2428 | 4c8b 5424 | 484c 8954 
  0x0000029bc0eb4830: 2438 448b | 7424 504c | 8b54 2458 | 448b 4424 | 548b 5c24 | 684c 8b5c | 2470 498b | fae9 b9e9 
  0x0000029bc0eb4850: ffff 488b | d048 8be8 

  0x0000029bc0eb4858: ;   {optimized virtual_call}
  0x0000029bc0eb4858: c5f8 77e8 

  0x0000029bc0eb485c: ; ImmutableOopMap {rbp=Oop [40]=Oop [56]=Oop [64]=Oop }
                      ;*invokevirtual initClassName {reexecute=0 rethrow=0 return_oop=1}
                      ; - java.lang.Class::getName@14
                      ; - java.lang.Class::getPackageName@40
                      ; - java.lang.ClassLoader::postDefineClass@2
                      ; - java.lang.ClassLoader::defineClass@37
  0x0000029bc0eb485c: e06e c9ff 

  0x0000029bc0eb4860: ;   {other}
  0x0000029bc0eb4860: 0f1f 8400 | 5020 001a | 488b d848 | 85c0 0f85 | e5f1 ffff | baf6 ffff | ff66 6690 

  0x0000029bc0eb487c: ;   {runtime_call UncommonTrapBlob}
  0x0000029bc0eb487c: c5f8 77e8 

  0x0000029bc0eb4880: ; ImmutableOopMap {}
                      ;*invokevirtual lastIndexOf {reexecute=0 rethrow=0 return_oop=0}
                      ; - java.lang.Class::getPackageName@47
                      ; - java.lang.ClassLoader::postDefineClass@2
                      ; - java.lang.ClassLoader::defineClass@37
  0x0000029bc0eb4880: 7cf1 71ff 

  0x0000029bc0eb4884: ;   {other}
  0x0000029bc0eb4884: 0f1f 8400 | 7420 001b | 498b d24c | 8bc7 488b | 6c24 2866 | 6690 c5f8 | 7748 b8f8 | 9d04 ce9b 
  0x0000029bc0eb48a4: ;   {virtual_call}
  0x0000029bc0eb48a4: 0200 00e8 

  0x0000029bc0eb48a8: ; ImmutableOopMap {rbp=Oop [32]=Oop [40]=Oop [56]=Oop [64]=Oop }
                      ;*invokevirtual toExternalForm {reexecute=0 rethrow=0 return_oop=1}
                      ; - java.net.URL::toExternalForm@5
                      ; - java.net.URL::toString@1
                      ; - java.lang.ClassLoader::defineClassSourceLocation@22
                      ; - java.lang.ClassLoader::defineClass@12
  0x0000029bc0eb48a8: 740c 0d00 

  0x0000029bc0eb48ac: ;   {other}
  0x0000029bc0eb48ac: 0f1f 8400 | 9c20 001c | 488b d8e9 | 2ff1 ffff | 33db 6690 | e926 f1ff | ff44 8b5a | 344d 8bd3 
  0x0000029bc0eb48cc: e9e1 e7ff | ff85 ed0f | 8417 1a00 | 0048 897c | 2458 4489 | 5424 5444 | 8944 2450 | 4c89 4c24 
  0x0000029bc0eb48ec: 484c 8b54 | 2438 4c89 | 5424 304c | 8b54 2428 | 4c89 5424 | 204c 8bc5 | 498b d190 

  0x0000029bc0eb4908: ;   {optimized virtual_call}
  0x0000029bc0eb4908: c5f8 77e8 

  0x0000029bc0eb490c: ; ImmutableOopMap {[32]=Oop [48]=Oop [64]=Oop [72]=Oop [80]=NarrowOop [88]=Oop }
                      ;*invokevirtual equals {reexecute=0 rethrow=0 return_oop=0}
                      ; - java.util.concurrent.ConcurrentHashMap::get@149
                      ; - java.lang.ClassLoader::getNamedPackage@5
                      ; - java.lang.ClassLoader::postDefineClass@9
                      ; - java.lang.ClassLoader::defineClass@37
  0x0000029bc0eb490c: b0b2 df00 

  0x0000029bc0eb4910: ;   {other}
  0x0000029bc0eb4910: 0f1f 8400 | 0021 001d | 0f1f 8400 | 0000 0000 | 85c0 0f84 | fc19 0000 | 4c8b 5424 | 204c 8954 
  0x0000029bc0eb4930: 2428 4c8b | 5424 304c | 8954 2438 | 4c8b 4c24 | 4844 8b44 | 2450 488b | 7c24 58e9 | a8f6 ffff 
  0x0000029bc0eb4950: 448b 5f18 | 4585 db0f | 84ab f6ff | ff49 8bfb | e96e f6ff | ff4c 8954 | 2438 e969 | e7ff ff48 
  0x0000029bc0eb4970: 8b54 2420 

  0x0000029bc0eb4974: ;   {optimized virtual_call}
  0x0000029bc0eb4974: c5f8 77e8 

  0x0000029bc0eb4978: ; ImmutableOopMap {[32]=Oop [40]=Oop [48]=NarrowOop [56]=Oop [64]=Oop [72]=Oop }
                      ;*invokevirtual intern {reexecute=0 rethrow=0 return_oop=1}
                      ; - java.lang.NamedPackage::<init>@47
                      ; - java.lang.ClassLoader::getNamedPackage@22
                      ; - java.lang.ClassLoader::postDefineClass@9
                      ; - java.lang.ClassLoader::defineClass@37
  0x0000029bc0eb4978: 44b8 c8ff 

  0x0000029bc0eb497c: ;   {other}
  0x0000029bc0eb497c: 0f1f 8400 | 6c21 001e | 4c8b 4424 | 488b 4c24 | 3041 8948 | 104c 8bd0 | 4589 500c | 4d8b d049 
  0x0000029bc0eb499c: c1ea 0949 | bb00 003f | b59b 0200 | 0047 8824 | 134c 8b54 | 2428 458b | 5a38 4585 | db0f 84fd 
  0x0000029bc0eb49bc: 1800 0049 | 8bd3 4c8b | 4424 204c | 8b4c 2448 

  0x0000029bc0eb49cc: ;   {optimized virtual_call}
  0x0000029bc0eb49cc: c5f8 77e8 

  0x0000029bc0eb49d0: ; ImmutableOopMap {[40]=Oop [48]=NarrowOop [56]=Oop [64]=Oop [72]=Oop }
                      ;*invokevirtual putIfAbsent {reexecute=0 rethrow=0 return_oop=1}
                      ; - java.lang.ClassLoader::getNamedPackage@32
                      ; - java.lang.ClassLoader::postDefineClass@9
                      ; - java.lang.ClassLoader::defineClass@37
  0x0000029bc0eb49d0: ec3f deff 

  0x0000029bc0eb49d4: ;   {other}
  0x0000029bc0eb49d4: 0f1f 8400 | c421 001f | 0f1f 4000 | 4885 c00f | 84ae f8ff | ff44 8b58 | 0849 ba00 | 0000 cd9b 
  0x0000029bc0eb49f4: 0200 004d | 03d3 4d8b 

  0x0000029bc0eb49fc: ;   {metadata('java/lang/NamedPackage')}
  0x0000029bc0eb49fc: 5238 49bb | e8c0 01cd | 9b02 0000 | 4d3b d30f | 85c7 1800 | 0048 8be8 | ba54 ffff | ff66 6690 
  0x0000029bc0eb4a1c: ;   {runtime_call UncommonTrapBlob}
  0x0000029bc0eb4a1c: c5f8 77e8 

  0x0000029bc0eb4a20: ; ImmutableOopMap {rbp=Oop [40]=Oop [48]=NarrowOop [56]=Oop [64]=Oop [72]=Oop }
                      ;*ifnull {reexecute=1 rethrow=0 return_oop=0}
                      ; - (reexecute) java.lang.ClassLoader::getNamedPackage@42
                      ; - java.lang.ClassLoader::postDefineClass@9
                      ; - java.lang.ClassLoader::defineClass@37
  0x0000029bc0eb4a20: dcef 71ff 

  0x0000029bc0eb4a24: ;   {other}
  0x0000029bc0eb4a24: 0f1f 8400 | 1422 0020 | 4533 c0e9 | 70e6 ffff | 33db e931 | f5ff ff48 | 897c 2450 | 4489 7424 
  0x0000029bc0eb4a44: 4848 8b6c | 2440 488b | 5424 7890 

  0x0000029bc0eb4a50: ;   {optimized virtual_call}
  0x0000029bc0eb4a50: c5f8 77e8 

  0x0000029bc0eb4a54: ; ImmutableOopMap {rbp=Oop [32]=Oop [40]=Oop [56]=Oop [72]=NarrowOop [80]=Oop [120]=Oop }
                      ;*invokevirtual isLatin1 {reexecute=0 rethrow=0 return_oop=0}
                      ; - java.lang.AbstractStringBuilder::append@46
                      ; - java.lang.StringBuilder::append@2
                      ; - java.net.URLStreamHandler::toExternalForm@16
                      ; - java.net.URL::toExternalForm@5
                      ; - java.net.URL::toString@1
                      ; - java.lang.ClassLoader::defineClassSourceLocation@22
                      ; - java.lang.ClassLoader::defineClass@12
  0x0000029bc0eb4a54: 289d 71ff 

  0x0000029bc0eb4a58: ;   {other}
  0x0000029bc0eb4a58: 0f1f 8400 | 4822 0021 | 85c0 0f85 | 0c05 0000 | 4c8b 4c24 | 7845 8b41 | 0c45 8b51 | 1445 8bd8 
  0x0000029bc0eb4a78: 41ff c345 | 8959 0c49 | 8bd2 41b9 | 3a00 0000 

  0x0000029bc0eb4a88: ;   {static_call}
  0x0000029bc0eb4a88: c5f8 77e8 

  0x0000029bc0eb4a8c: ; ImmutableOopMap {rbp=Oop [32]=Oop [40]=Oop [56]=Oop [72]=NarrowOop [80]=Oop [120]=Oop }
                      ;*invokestatic putCharSB {reexecute=0 rethrow=0 return_oop=0}
                      ; - java.lang.AbstractStringBuilder::append@72
                      ; - java.lang.StringBuilder::append@2
                      ; - java.net.URLStreamHandler::toExternalForm@16
                      ; - java.net.URL::toExternalForm@5
                      ; - java.net.URL::toString@1
                      ; - java.lang.ClassLoader::defineClassSourceLocation@22
                      ; - java.lang.ClassLoader::defineClass@12
  0x0000029bc0eb4a8c: f0a2 71ff 

  0x0000029bc0eb4a90: ;   {other}
  0x0000029bc0eb4a90: 0f1f 8400 | 8022 0022 | 4889 6c24 | 4044 8b74 | 2448 4c8b | 5424 5049 | 8bfa e960 | e8ff ffbb 
  0x0000029bc0eb4ab0: ffff ffff | e912 e5ff | ff8b 460c | 478d 1409 | 4585 d20f | 8c67 1900 | 0044 8d04 | 0045 85c0 
  0x0000029bc0eb4ad0: 0f8c 5a19 | 0000 448b | 5f0c 438d | 1402 6690 | 443b da0f | 8247 1900 | 004c 8bdf | 4a8d 7c17 
  0x0000029bc0eb4af0: 104c 8bd6 | 488d 7610 | 8bd0 8bca | 83e1 0f83 | e2f0 741c | 488d 3416 | 488d 3c57 | 48f7 dac4 
  0x0000029bc0eb4b10: e27d 3004 | 16c5 fe7f | 0457 4883 | c210 75ef | 8bd1 83e1 | 0783 e2f8 | 7427 c4e2 | 7930 06c5 
  0x0000029bc0eb4b30: fa7f 0748 | 83c6 0848 | 83c7 10e9 | 1100 0000 | c4e2 7930 | 0416 c5fa | 7f04 5748 | 83c2 0875 
  0x0000029bc0eb4b50: ef8b d183 | fa04 7c19 | c5f9 6e06 | c4e2 7930 | c0c5 f9d6 | 0748 83ea | 0448 83c6 | 0448 83c7 
  0x0000029bc0eb4b70: 0885 d274 | 1848 8d34 | 1648 8d3c | 5748 f7da | 0fb6 0c16 | 6689 0c57 | 48ff c275 

  0x0000029bc0eb4b8c: ;   {no_reloc}
  0x0000029bc0eb4b8c: f3e9 56ea | ffff 418b | 410c 448d | 143f 660f | 1f44 0000 | 4585 d20f | 8cc7 1800 | 0044 8d04 
  0x0000029bc0eb4bac: 0045 85c0 | 0f8c ba18 | 0000 418b | 5b0c 438d | 0c02 6690 | 3bd9 0f82 | a818 0000 | 4d8b c34b 
  0x0000029bc0eb4bcc: 8d7c 1310 | 4d8b d149 | 8d71 108b | d08b ca83 | e10f 83e2 | f074 1c48 | 8d34 1648 | 8d3c 5748 
  0x0000029bc0eb4bec: f7da c4e2 | 7d30 0416 | c5fe 7f04 | 5748 83c2 | 1075 ef8b | d183 e107 | 83e2 f874 | 27c4 e279 
  0x0000029bc0eb4c0c: 3006 c5fa | 7f07 4883 | c608 4883 | c710 e911 | 0000 00c4 | e279 3004 | 16c5 fa7f | 0457 4883 
  0x0000029bc0eb4c2c: c208 75ef | 8bd1 83fa | 047c 19c5 | f96e 06c4 | e279 30c0 | c5f9 d607 | 4883 ea04 | 4883 c604 
  0x0000029bc0eb4c4c: 4883 c708 | 85d2 7418 | 488d 3416 | 488d 3c57 | 48f7 da0f | b60c 1666 | 890c 5748 | ffc2 75f3 
  0x0000029bc0eb4c6c: e953 eaff | ff45 8b4b | 0c44 8d14 | 090f 1f80 | 0000 0000 | 4585 d20f | 8c27 1800 | 0047 8d04 
  0x0000029bc0eb4c8c: ;   {no_reloc}
  0x0000029bc0eb4c8c: 0945 85c0 | 0f8c 1a18 | 0000 488b | c78b 7e0c | 438d 1402 | 3bfa 0f82 | 0818 0000 | 4c8b c64a 
  0x0000029bc0eb4cac: 8d7c 1610 | 4d8b d349 | 8d73 1041 | 8bd1 8bca | 83e1 0f83 | e2f0 741c | 488d 3416 | 488d 3c57 
  0x0000029bc0eb4ccc: 48f7 dac4 | e27d 3004 | 16c5 fe7f | 0457 4883 | c210 75ef | 8bd1 83e1 | 0783 e2f8 | 7427 c4e2 
  0x0000029bc0eb4cec: 7930 06c5 | fa7f 0748 | 83c6 0848 | 83c7 10e9 | 1100 0000 | c4e2 7930 | 0416 c5fa | 7f04 5748 
  0x0000029bc0eb4d0c: 83c2 0875 | ef8b d183 | fa04 7c19 | c5f9 6e06 | c4e2 7930 | c0c5 f9d6 | 0748 83ea | 0448 83c6 
  0x0000029bc0eb4d2c: 0448 83c7 | 0885 d274 | 1848 8d34 | 1648 8d3c | 5748 f7da | 0fb6 0c16 | 6689 0c57 | 48ff c275 
  0x0000029bc0eb4d4c: f348 8bf8 | e945 e5ff | ff83 fa01 | 0f85 4f05 | 0000 6690 | 85d2 0f86 | 8817 0000 | 0fb6 1fe9 
  0x0000029bc0eb4d6c: eaf1 ffff | 4c63 c54d | 8d50 1049 | 8bca 4883 | e1f8 488b | fe48 03f9 | 49c1 ea03 | 4d2b da49 
  0x0000029bc0eb4d8c: ;   {no_reloc}
  0x0000029bc0eb4d8c: 8bcb 4833 | c048 83f9 | 087f 1048 | ffc9 784f | 4889 04cf | 48ff c97d | f7eb 44c5 | fdef c0e9 
  0x0000029bc0eb4dac: 0d00 0000 | c5fe 7f07 | c5fe 7f47 | 2048 83c7 | 4048 83e9 | 087d ed48 | 83c1 047c | 0cc5 fe7f 
  0x0000029bc0eb4dcc: 0748 83c7 | 2048 83e9 | 0448 83c1 | 047e 1048 | ffc9 c5f9 | d607 4883 | c708 48ff | c97d f349 
  0x0000029bc0eb4dec: 8bc9 c5f8 | 7749 bac0 | 6d5b c09b | 0200 0041 

  0x0000029bc0eb4dfc: ;   {other}
  0x0000029bc0eb4dfc: ffd2 0f1f | 8400 0000 | 0000 e9c4 | ebff ff4c | 8b54 2478 | 4c89 5424 | 5848 897c | 2450 4489 
  0x0000029bc0eb4e1c: 7424 4848 | 8b6c 2440 | 498b d290 

  0x0000029bc0eb4e28: ;   {optimized virtual_call}
  0x0000029bc0eb4e28: c5f8 77e8 

  0x0000029bc0eb4e2c: ; ImmutableOopMap {rbp=Oop [32]=Oop [40]=Oop [56]=Oop [72]=NarrowOop [80]=Oop [88]=Oop [120]=Oop }
                      ;*invokevirtual appendNull {reexecute=0 rethrow=0 return_oop=1}
                      ; - java.lang.AbstractStringBuilder::append@5
                      ; - java.lang.StringBuilder::append@2
                      ; - java.net.URLStreamHandler::toExternalForm@11
                      ; - java.net.URL::toExternalForm@5
                      ; - java.net.URL::toString@1
                      ; - java.lang.ClassLoader::defineClassSourceLocation@22
                      ; - java.lang.ClassLoader::defineClass@12
  0x0000029bc0eb4e2c: 5099 71ff 

  0x0000029bc0eb4e30: ;   {other}
  0x0000029bc0eb4e30: 0f1f 8400 | 2026 0023 | 4889 6c24 | 4044 8b74 | 2448 4c8b | 5424 5049 | 8bfa e954 | e4ff ff45 
  0x0000029bc0eb4e50: 0fb6 4311 | 488b d166 | 0f1f 8400 | 0000 0000 | 4585 c00f | 84ae 0900 | 0045 33c0 | 458b ca48 
  0x0000029bc0eb4e70: 895c 2450 | 4489 5424 | 5c48 895c | 2460 6690 

  0x0000029bc0eb4e80: ;   {static_call}
  0x0000029bc0eb4e80: c5f8 77e8 

  0x0000029bc0eb4e84: ; ImmutableOopMap {[32]=Oop [40]=Oop [56]=Oop [64]=Oop [80]=Oop [96]=Oop }
                      ;*invokestatic compress {reexecute=0 rethrow=0 return_oop=1}
                      ; - java.lang.String::<init>@59
                      ; - java.lang.String::<init>@3
                      ; - java.lang.StringBuilder::toString@5
                      ; - java.net.URLStreamHandler::toExternalForm@152
                      ; - java.net.URL::toExternalForm@5
                      ; - java.net.URL::toString@1
                      ; - java.lang.ClassLoader::defineClassSourceLocation@22
                      ; - java.lang.ClassLoader::defineClass@12
  0x0000029bc0eb4e84: f89e 71ff 

  0x0000029bc0eb4e88: ;   {other}
  0x0000029bc0eb4e88: 0f1f 8400 | 7826 0024 | 4c8b d048 | 8b5c 2450 | 4489 5314 | 4c8b d349 | c1ea 0949 | bb00 003f 
  0x0000029bc0eb4ea8: b59b 0200 | 0047 8824 | 1344 8b58 | 0c44 8b54 | 245c 452b | d341 c1ea | 1f44 8853 | 10e9 21eb 
  0x0000029bc0eb4ec8: ffff 4c63 | c54d 8d50 | 1049 8bca | 4883 e1f8 | 488b fe48 | 03f9 49c1 | ea03 4d2b | da49 8bcb 
  0x0000029bc0eb4ee8: 4833 c048 | 83f9 087f | 1048 ffc9 | 784f 4889 | 04cf 48ff | c97d f7eb | 44c5 fdef | c0e9 0d00 
  0x0000029bc0eb4f08: 0000 c5fe | 7f07 c5fe | 7f47 2048 | 83c7 4048 | 83e9 087d | ed48 83c1 | 047c 0cc5 | fe7f 0748 
  0x0000029bc0eb4f28: 83c7 2048 | 83e9 0448 | 83c1 047e | 1048 ffc9 | c5f9 d607 | 4883 c708 | 48ff c97d | f349 8bc9 
  0x0000029bc0eb4f48: c5f8 7749 | bac0 6d5b | c09b 0200 | 0041 ffd2 

  0x0000029bc0eb4f58: ;   {other}
  0x0000029bc0eb4f58: 0f1f 8400 | 0000 0000 | e98a edff 

  0x0000029bc0eb4f64: ;   {oop(""{0x0000000080001918})}
  0x0000029bc0eb4f64: ff48 bb18 | 1900 8000 | 0000 00e9 | 9bed ffff | 488b 5424 | 7866 6690 

  0x0000029bc0eb4f7c: ;   {optimized virtual_call}
  0x0000029bc0eb4f7c: c5f8 77e8 

  0x0000029bc0eb4f80: ; ImmutableOopMap {rbp=Oop [32]=Oop [40]=Oop [56]=Oop [72]=NarrowOop [80]=Oop [120]=Oop }
                      ;*invokevirtual inflate {reexecute=0 rethrow=0 return_oop=0}
                      ; - java.lang.AbstractStringBuilder::append@53
                      ; - java.lang.StringBuilder::append@2
                      ; - java.net.URLStreamHandler::toExternalForm@16
                      ; - java.net.URL::toExternalForm@5
                      ; - java.net.URL::toString@1
                      ; - java.lang.ClassLoader::defineClassSourceLocation@22
                      ; - java.lang.ClassLoader::defineClass@12
  0x0000029bc0eb4f80: fc97 71ff 

  0x0000029bc0eb4f84: ;   {other}
  0x0000029bc0eb4f84: 0f1f 8400 | 7427 0025 | e9d7 faff | ff44 0fb7 | 5d10 6666 | 0f1f 8400 | 0000 0000 | 4183 fb6a 
  0x0000029bc0eb4fa4: 0f85 f0e0 | ffff 440f | b75d 1241 | 83fb 610f | 85e1 e0ff | ff44 0fb7 | 5d14 6690 | 4183 fb76 
  0x0000029bc0eb4fc4: 0f85 d0e0 | ffff 440f | b75d 1641 | 83fb 610f | 85c1 e0ff | ff44 0fb7 | 5d18 6690 | 4183 fb2e 
  0x0000029bc0eb4fe4: 0f84 91e0 | ffff e9ab | e0ff ff89 | 5c24 6844 | 894c 244c | 4c89 5c24 | 604c 8b54 | 2470 4c89 
  0x0000029bc0eb5004: 5424 5044 | 8974 2448 | 488b 6c24 | 4048 8b54 | 2478 6690 

  0x0000029bc0eb5018: ;   {optimized virtual_call}
  0x0000029bc0eb5018: c5f8 77e8 

  0x0000029bc0eb501c: ; ImmutableOopMap {rbp=Oop [32]=Oop [40]=Oop [56]=Oop [72]=NarrowOop [80]=Oop [96]=Oop [120]=Oop }
                      ;*invokevirtual inflate {reexecute=0 rethrow=0 return_oop=0}
                      ; - java.lang.AbstractStringBuilder::inflateIfNeededFor@18
                      ; - java.lang.AbstractStringBuilder::putStringAt@2
                      ; - java.lang.AbstractStringBuilder::append@30
                      ; - java.lang.StringBuilder::append@2
                      ; - java.net.URLStreamHandler::toExternalForm@59
                      ; - java.net.URL::toExternalForm@5
                      ; - java.net.URL::toString@1
                      ; - java.lang.ClassLoader::defineClassSourceLocation@22
                      ; - java.lang.ClassLoader::defineClass@12
  0x0000029bc0eb501c: 6097 71ff 

  0x0000029bc0eb5020: ;   {other}
  0x0000029bc0eb5020: 0f1f 8400 | 1028 0026 | 4c8b 5424 | 7841 0fbe | 4a10 4889 | 6c24 4044 | 8b74 2448 | 4c8b 5424 
  0x0000029bc0eb5040: 504c 8954 | 2470 4c8b | 5c24 6044 | 8b4c 244c | 8b5c 2468 | e923 e5ff | ff89 7c24 | 6444 896c 
  0x0000029bc0eb5060: 2460 894c | 244c 4c89 | 5c24 584c | 8b5c 2470 | 4c89 5c24 | 5044 8974 | 2448 488b | 6c24 4048 
  0x0000029bc0eb5080: 8b54 2478 | 4c89 4c24 | 7866 6690 

  0x0000029bc0eb508c: ;   {optimized virtual_call}
  0x0000029bc0eb508c: c5f8 77e8 

  0x0000029bc0eb5090: ; ImmutableOopMap {rbp=Oop [32]=Oop [40]=Oop [56]=Oop [72]=NarrowOop [76]=NarrowOop [80]=Oop [88]=Oop [120]=Oop }
                      ;*invokevirtual inflate {reexecute=0 rethrow=0 return_oop=0}
                      ; - java.lang.AbstractStringBuilder::inflateIfNeededFor@18
                      ; - java.lang.AbstractStringBuilder::putStringAt@2
                      ; - java.lang.AbstractStringBuilder::append@30
                      ; - java.lang.StringBuilder::append@2
                      ; - java.net.URLStreamHandler::toExternalForm@77
                      ; - java.net.URL::toExternalForm@5
                      ; - java.net.URL::toString@1
                      ; - java.lang.ClassLoader::defineClassSourceLocation@22
                      ; - java.lang.ClassLoader::defineClass@12
  0x0000029bc0eb5090: ec96 71ff 

  0x0000029bc0eb5094: ;   {other}
  0x0000029bc0eb5094: 0f1f 8400 | 8428 0027 | 8b4c 244c | 0fbe 5910 | 4c8b 5424 | 584c 8954 | 2478 450f | be52 1048 
  0x0000029bc0eb50b4: 896c 2440 | 448b 7424 | 484c 8b5c | 2450 4c89 | 5c24 7044 | 8b6c 2460 | 8b7c 2464 | e986 e5ff 
  0x0000029bc0eb50d4: ff48 894c | 2460 4489 | 5c24 5444 | 8974 2450 | 4c8b 5c24 | 384c 895c | 2448 4c8b | 5c24 284c 
  0x0000029bc0eb50f4: 895c 2438 | 4c8b 5c24 | 404c 895c | 2428 488b | 5424 7848 | ff74 2470 | 488f 4424 

  0x0000029bc0eb5110: ;   {oop([B{0x00000000800021e8})}
  0x0000029bc0eb5110: 6848 bde8 | 2100 8000 | 0000 0090 

  0x0000029bc0eb511c: ;   {optimized virtual_call}
  0x0000029bc0eb511c: c5f8 77e8 

  0x0000029bc0eb5120: ; ImmutableOopMap {rbp=Oop [96]=Derived_oop_rbp [32]=Oop [40]=Oop [56]=Oop [72]=Oop [80]=NarrowOop [104]=Oop [120]=Oop }
                      ;*invokevirtual inflate {reexecute=0 rethrow=0 return_oop=0}
                      ; - java.lang.AbstractStringBuilder::inflateIfNeededFor@18
                      ; - java.lang.AbstractStringBuilder::putStringAt@2
                      ; - java.lang.AbstractStringBuilder::append@30
                      ; - java.lang.StringBuilder::append@2
                      ; - java.net.URLStreamHandler::toExternalForm@113
                      ; - java.net.URL::toExternalForm@5
                      ; - java.net.URL::toString@1
                      ; - java.lang.ClassLoader::defineClassSourceLocation@22
                      ; - java.lang.ClassLoader::defineClass@12
  0x0000029bc0eb5120: 5c96 71ff 

  0x0000029bc0eb5124: ;   {other}
  0x0000029bc0eb5124: 0f1f 8400 | 1429 0028 | 4c8b 5424 | 7845 8b4a | 1466 6666 | 0f1f 8400 | 0000 0000 | 4180 7a10 
  0x0000029bc0eb5144: 000f 8535 | 0f00 0045 | 85c9 0f84 | 480a 0000 | 4c8b 5424 | 284c 8954 | 2440 4c8b | 5424 384c 
  0x0000029bc0eb5164: 8954 2428 | 4c8b 5424 | 484c 8954 | 2438 448b | 7424 5044 | 8b5c 2454 | 488b 4c24 | 60e9 c3e5 
  0x0000029bc0eb5184: ffff 4489 | 5c24 6048 | 894c 2458 | 4c8b 5424 | 384c 8954 | 2448 4c8b | 5424 284c | 8954 2438 
  0x0000029bc0eb51a4: 4c8b 5424 | 404c 8954 | 2428 488b 

  0x0000029bc0eb51b0: ;   {oop([B{0x00000000800021e8})}
  0x0000029bc0eb51b0: 5424 7848 | bde8 2100 | 8000 0000 | 0066 6690 

  0x0000029bc0eb51c0: ;   {optimized virtual_call}
  0x0000029bc0eb51c0: c5f8 77e8 

  0x0000029bc0eb51c4: ; ImmutableOopMap {rbp=Oop [88]=Derived_oop_rbp [32]=Oop [40]=Oop [56]=Oop [72]=Oop [120]=Oop }
                      ;*invokevirtual inflate {reexecute=0 rethrow=0 return_oop=0}
                      ; - java.lang.AbstractStringBuilder::inflateIfNeededFor@18
                      ; - java.lang.AbstractStringBuilder::putStringAt@2
                      ; - java.lang.AbstractStringBuilder::append@30
                      ; - java.lang.StringBuilder::append@2
                      ; - java.net.URLStreamHandler::toExternalForm@149
                      ; - java.net.URL::toExternalForm@5
                      ; - java.net.URL::toString@1
                      ; - java.lang.ClassLoader::defineClassSourceLocation@22
                      ; - java.lang.ClassLoader::defineClass@12
  0x0000029bc0eb51c4: b895 71ff 

  0x0000029bc0eb51c8: ;   {other}
  0x0000029bc0eb51c8: 0f1f 8400 | b829 0029 | 4c8b 5424 | 7841 8b6a | 140f 1f80 | 0000 0000 | 4180 7a10 | 000f 8582 
  0x0000029bc0eb51e8: 0f00 0085 | ed0f 84c9 | 0900 004c | 8b54 2428 | 4c89 5424 | 404c 8b54 | 2438 4c89 | 5424 284c 
  0x0000029bc0eb5208: 8b54 2448 | 4c89 5424 | 3844 8b5c | 2460 e99b | e5ff ff89 | 4c24 644d | 8bd3 895c | 2460 4489 
  0x0000029bc0eb5228: 4424 4c4c | 894c 2458 | 4889 7c24 | 5044 8974 | 2448 4c8b | 5c24 4049 | 8beb 498b | d14c 8954 
  0x0000029bc0eb5248: 2478 6690 

  0x0000029bc0eb524c: ;   {optimized virtual_call}
  0x0000029bc0eb524c: c5f8 77e8 

  0x0000029bc0eb5250: ; ImmutableOopMap {rbp=Oop [32]=Oop [40]=Oop [56]=Oop [72]=NarrowOop [76]=NarrowOop [80]=Oop [88]=Oop [120]=Oop }
                      ;*invokevirtual inflate {reexecute=0 rethrow=0 return_oop=0}
                      ; - java.lang.AbstractStringBuilder::inflateIfNeededFor@18
                      ; - java.lang.AbstractStringBuilder::putStringAt@2
                      ; - java.lang.AbstractStringBuilder::append@30
                      ; - java.lang.StringBuilder::append@2
                      ; - java.net.URLStreamHandler::toExternalForm@11
                      ; - java.net.URL::toExternalForm@5
                      ; - java.net.URL::toString@1
                      ; - java.lang.ClassLoader::defineClassSourceLocation@22
                      ; - java.lang.ClassLoader::defineClass@12
  0x0000029bc0eb5250: 2c95 71ff 

  0x0000029bc0eb5254: ;   {other}
  0x0000029bc0eb5254: 0f1f 8400 | 442a 002a | 448b 4424 | 4c45 0fbe | 5010 4c8b | 5c24 584c | 895c 2478 | 410f be53 
  0x0000029bc0eb5274: 1048 896c | 2440 448b | 7424 484c | 8b5c 2450 | 8b5c 2460 | 8b4c 2464 | 498b fbe9 | 98df ffff 
  0x0000029bc0eb5294: 4c8b 4c24 | 2044 8b44 | 2430 448b | 5424 3444 | 8b5c 2448 | e91b edff | ff33 dbe9 | a6ec ffff 
  0x0000029bc0eb52b4: 4c8b 5424 | 784c 8954 | 2458 4889 | 7c24 5044 | 8974 2448 | 488b 6c24 

  0x0000029bc0eb52cc: ;   {metadata({type array byte})}
  0x0000029bc0eb52cc: 4048 ba18 | 2300 cd9b | 0200 0041 | b810 0000 | 0066 6690 

  0x0000029bc0eb52e0: ;   {runtime_call _new_array_Java}
  0x0000029bc0eb52e0: c5f8 77e8 

  0x0000029bc0eb52e4: ; ImmutableOopMap {rbp=Oop [32]=Oop [40]=Oop [56]=Oop [72]=NarrowOop [80]=Oop [88]=Oop [120]=Oop }
                      ;*newarray {reexecute=0 rethrow=0 return_oop=1}
                      ; - java.lang.AbstractStringBuilder::<init>@12
                      ; - java.lang.StringBuilder::<init>@3
                      ; - java.net.URLStreamHandler::toExternalForm@4
                      ; - java.net.URL::toExternalForm@5
                      ; - java.net.URL::toString@1
                      ; - java.lang.ClassLoader::defineClassSourceLocation@22
                      ; - java.lang.ClassLoader::defineClass@12
  0x0000029bc0eb52e4: 98d9 7cff 

  0x0000029bc0eb52e8: ;   {other}
  0x0000029bc0eb52e8: 0f1f 8400 | d82a 002b | 4889 6c24 | 4044 8b74 | 2448 4c8b | 5424 5049 | 8bfa e9af | deff ff48 
  0x0000029bc0eb5308: 897c 2450 | 4489 7424 | 4848 8b6c 

  0x0000029bc0eb5314: ;   {metadata('java/lang/StringBuilder')}
  0x0000029bc0eb5314: 2440 48ba | 4080 00cd | 9b02 0000 

  0x0000029bc0eb5320: ;   {runtime_call _new_instance_Java}
  0x0000029bc0eb5320: c5f8 77e8 

  0x0000029bc0eb5324: ; ImmutableOopMap {rbp=Oop [32]=Oop [40]=Oop [56]=Oop [72]=NarrowOop [80]=Oop }
                      ;*new {reexecute=0 rethrow=0 return_oop=1}
                      ; - java.net.URLStreamHandler::toExternalForm@0
                      ; - java.net.URL::toExternalForm@5
                      ; - java.net.URL::toString@1
                      ; - java.lang.ClassLoader::defineClassSourceLocation@22
                      ; - java.lang.ClassLoader::defineClass@12
  0x0000029bc0eb5324: 58dc 7cff 

  0x0000029bc0eb5328: ;   {other}
  0x0000029bc0eb5328: 0f1f 8400 | 182b 002c | 4889 6c24 | 4044 8b74 | 2448 4c8b | 5424 5049 | 8bfa e90b 

  0x0000029bc0eb5344: ;   {metadata('java/lang/String')}
  0x0000029bc0eb5344: deff ff48 | ba78 e800 | cd9b 0200 | 0066 6690 

  0x0000029bc0eb5354: ;   {runtime_call _new_instance_Java}
  0x0000029bc0eb5354: c5f8 77e8 

  0x0000029bc0eb5358: ; ImmutableOopMap {[32]=Oop [40]=Oop [56]=Oop [64]=Oop [120]=Oop }
                      ;*new {reexecute=0 rethrow=0 return_oop=1}
                      ; - java.lang.StringBuilder::toString@0
                      ; - java.net.URLStreamHandler::toExternalForm@152
                      ; - java.net.URL::toExternalForm@5
                      ; - java.net.URL::toString@1
                      ; - java.lang.ClassLoader::defineClassSourceLocation@22
                      ; - java.lang.ClassLoader::defineClass@12
  0x0000029bc0eb5358: 24dc 7cff 

  0x0000029bc0eb535c: ;   {other}
  0x0000029bc0eb535c: 0f1f 8400 | 4c2b 002d | 488b d8e9 | a6e4 ffff | 498b 87b8 | 0100 004c | 8bd8 4983 | c318 498b 
  0x0000029bc0eb537c: ca66 6690 | 4d3b 9fc8 | 0100 000f | 83b7 0f00 | 004d 899f | b801 0000 | 410f 0d8b | c000 0000 
  0x0000029bc0eb539c: 48c7 0001 

  0x0000029bc0eb53a0: ;   {metadata('java/util/ArrayList')}
  0x0000029bc0eb53a0: 0000 00c7 | 4008 d089 | 0b00 4489 | 600c 4489 | 6010 418b 

  0x0000029bc0eb53b4: ;   {oop(a 'java/lang/Object'[0] {0x0000000080000820})}
  0x0000029bc0eb53b4: 780c c740 | 1420 0800 | 804c 8bc8 | 85ff 0f86 | ba00 0000 | 4533 dbeb | 1c66 6690 | 4889 6c24 
  0x0000029bc0eb53d4: 284c 8b4c | 2420 4c89 | 4c24 4048 | 8b4c 2438 | 4c8b 4c24 | 4841 8b78 | 0c44 3bdf | 0f83 2e11 
  0x0000029bc0eb53f4: 0000 438b | 5c98 1044 | 8b43 1090 

  0x0000029bc0eb5400: ; implicit exception: dispatches to 0x0000029bc0eb6990
  0x0000029bc0eb5400: 458b 4010 | 4489 5c24 | 344c 894c | 2448 4889 | 4c24 3844 | 8954 2430 | 4c8b 5424 | 404c 8954 
  0x0000029bc0eb5420: 2420 488b | 6c24 2849 | 8bd1 6690 

  0x0000029bc0eb542c: ;   {optimized virtual_call}
  0x0000029bc0eb542c: c5f8 77e8 

  0x0000029bc0eb5430: ; ImmutableOopMap {rbp=Oop [32]=Oop [48]=NarrowOop [56]=Oop [72]=Oop }
                      ;*invokevirtual addAll {reexecute=0 rethrow=0 return_oop=0}
                      ; - java.security.CodeSource::getCertificates@57
                      ; - java.lang.ClassLoader::postDefineClass@24
                      ; - java.lang.ClassLoader::defineClass@37
  0x0000029bc0eb5430: 4c93 71ff 

  0x0000029bc0eb5434: ;   {other}
  0x0000029bc0eb5434: 0f1f 8400 | 242c 002e | 4d8b 8f58 | 0400 0044 | 8b54 2430 | 458b 4210 | 448b 5c24 

  0x0000029bc0eb5450: ; ImmutableOopMap {r10=NarrowOop r8=NarrowOop rbp=Oop [32]=Oop [56]=Oop [72]=Oop }
                      ;*goto {reexecute=1 rethrow=0 return_oop=0}
                      ; - (reexecute) java.security.CodeSource::getCertificates@64
                      ; - java.lang.ClassLoader::postDefineClass@24
                      ; - java.lang.ClassLoader::defineClass@37
  0x0000029bc0eb5450: 3441 ffc3 

  0x0000029bc0eb5454: ;   {poll}
  0x0000029bc0eb5454: 4185 0145 | 8b48 0c0f | 1f44 0000 | 453b d90f | 8c67 ffff | ff48 896c | 2428 4c8b | 5c24 204c 
  0x0000029bc0eb5474: 895c 2440 | 488b 4c24 | 384c 8b4c | 2448 498b | 87b8 0100 | 004c 8bd8 | 4983 c310 | 4d3b 9fc8 
  0x0000029bc0eb5494: 0100 000f | 8302 0f00 | 004d 899f | b801 0000 | 410f 0d8b | c000 0000 | 48c7 0001 | 0000 0041 
  0x0000029bc0eb54b4: 0f0d 8b00 

  0x0000029bc0eb54b8: ;   {metadata('java/security/cert/Certificate'[])}
  0x0000029bc0eb54b8: 0100 00c7 | 4008 2029 | 1000 410f | 0d8b 4001 | 0000 4489 | 600c 410f | 0d8b 8001 | 0000 4c8b 
  0x0000029bc0eb54d8: 5c24 284c | 895c 2420 | 48ff 7424 | 4048 8f44 | 2430 4489 | 5424 3848 | 8be9 4c89 | 4c24 484c 
  0x0000029bc0eb54f8: 8bc0 488b | 5424 4890 

  0x0000029bc0eb5500: ;   {optimized virtual_call}
  0x0000029bc0eb5500: c5f8 77e8 

  0x0000029bc0eb5504: ; ImmutableOopMap {rbp=Oop [32]=Oop [48]=Oop [56]=NarrowOop }
                      ;*invokevirtual toArray {reexecute=0 rethrow=0 return_oop=1}
                      ; - java.security.CodeSource::getCertificates@73
                      ; - java.lang.ClassLoader::postDefineClass@24
                      ; - java.lang.ClassLoader::defineClass@37
  0x0000029bc0eb5504: 7892 71ff 

  0x0000029bc0eb5508: ;   {other}
  0x0000029bc0eb5508: 0f1f 8400 | f82c 0030 | 4c8b d044 | 8b40 0866 | 0f1f 8400 | 0000 0000 

  0x0000029bc0eb5520: ;   {metadata('java/security/cert/Certificate'[])}
  0x0000029bc0eb5520: 4181 f820 | 2910 000f | 8583 1000 | 004c 8954 | 2440 458b | 520c 4c8b | dd49 63ea | 49c1 eb09 
  0x0000029bc0eb5540: 49b8 0000 | 3fb5 9b02 | 0000 4788 | 2418 48c1 | e502 4c8b | 5c24 404d | 8bc3 448b | 5c24 3845 
  0x0000029bc0eb5560: 8943 1441 | 81fa 0000 | 0400 0f87 | 750e 0000 | 498b 9fb8 | 0100 004c | 8d5d 1749 | 83e3 f84c 
  0x0000029bc0eb5580: 8bc3 4d03 | c34d 3b87 | c801 0000 | 0f83 530e | 0000 4d89 | 87b8 0100 | 0041 0f0d | 88c0 0000 
  0x0000029bc0eb55a0: 0048 c703 | 0100 0000 | 410f 0d88 | 0001 0000 

  0x0000029bc0eb55b0: ;   {metadata('java/security/cert/Certificate'[])}
  0x0000029bc0eb55b0: c743 0820 | 2910 0044 | 8953 0c41 | 0f0d 8840 | 0100 0041 | 0f0d 8880 | 0100 0048 | 8b4c 2440 
  0x0000029bc0eb55d0: 4883 c110 | 488b d348 | 83c2 1048 | 83c5 0748 | c1ed 034c | 8bc5 c5f8 | 7749 ba60 | 745b c09b 
  0x0000029bc0eb55f0: 0200 0041 

  0x0000029bc0eb55f4: ;   {other}
  0x0000029bc0eb55f4: ffd2 0f1f | 8400 0000 | 0000 48ff | 7424 3048 | 8f44 2440 | e9b2 edff | ff4c 896c | 2460 4c8b 
  0x0000029bc0eb5614: d589 5c24 | 4c44 8974 | 2448 488b 

  0x0000029bc0eb5620: ;   {metadata('java/lang/String')}
  0x0000029bc0eb5620: 6c24 4048 | ba78 e800 | cd9b 0200 | 004c 8954 | 2468 6690 

  0x0000029bc0eb5634: ;   {runtime_call _new_instance_Java}
  0x0000029bc0eb5634: c5f8 77e8 

  0x0000029bc0eb5638: ; ImmutableOopMap {rbp=Oop [32]=Oop [40]=Oop [56]=Oop [72]=NarrowOop [80]=Oop [96]=Oop [104]=Oop [120]=Oop }
                      ;*new {reexecute=1 rethrow=0 return_oop=1}
                      ; - (reexecute) java.net.URLStreamHandler::toExternalForm@35
                      ; - java.net.URL::toExternalForm@5
                      ; - java.net.URL::toString@1
                      ; - java.lang.ClassLoader::defineClassSourceLocation@22
                      ; - java.lang.ClassLoader::defineClass@12
  0x0000029bc0eb5638: 44d9 7cff 

  0x0000029bc0eb563c: ;   {other}
  0x0000029bc0eb563c: 0f1f 8400 | 2c2e 0031 | 4889 6c24 | 4044 8b74 | 2448 8b5c | 244c 4c8b | 6c24 604c | 8bd8 e9b6 
  0x0000029bc0eb565c: deff ff48 | 896c 2468 | 895c 2460 | 4489 5424 | 4c48 897c | 2450 4489 | 7424 4848 | 8b6c 2440 
  0x0000029bc0eb567c: ;   {metadata({type array byte})}
  0x0000029bc0eb567c: 48ba 1823 | 00cd 9b02 | 0000 6690 

  0x0000029bc0eb5688: ;   {runtime_call _new_array_Java}
  0x0000029bc0eb5688: c5f8 77e8 

  0x0000029bc0eb568c: ; ImmutableOopMap {rbp=Oop [32]=Oop [40]=Oop [56]=Oop [72]=NarrowOop [76]=NarrowOop [80]=Oop [104]=Oop [120]=Oop }
                      ;*new {reexecute=1 rethrow=0 return_oop=1}
                      ; - (reexecute) java.net.URLStreamHandler::toExternalForm@35
                      ; - java.net.URL::toExternalForm@5
                      ; - java.net.URL::toString@1
                      ; - java.lang.ClassLoader::defineClassSourceLocation@22
                      ; - java.lang.ClassLoader::defineClass@12
  0x0000029bc0eb568c: f0d5 7cff 

  0x0000029bc0eb5690: ;   {other}
  0x0000029bc0eb5690: 0f1f 8400 | 802e 0032 | 4889 6c24 | 4044 8b74 | 2448 4c8b | 4424 5044 | 8b54 244c | 8b5c 2460 
  0x0000029bc0eb56b0: 488b 6c24 | 684c 8be8 | 498b f80f | 1f44 0000 | e909 ddff | ff48 897c | 2470 4c89 | 5c24 684c 
  0x0000029bc0eb56d0: 894c 2460 | 4489 5424 | 5848 895c | 2450 4c8b | 5424 384c | 8954 2448 | 4c8b 5424 | 284c 8954 
  0x0000029bc0eb56f0: 2438 4c8b | 5424 404c | 8954 2428 

  0x0000029bc0eb56fc: ;   {metadata({type array byte})}
  0x0000029bc0eb56fc: 48ba 1823 | 00cd 9b02 | 0000 448b | 4424 5890 

  0x0000029bc0eb570c: ;   {runtime_call _new_array_nozero_Java}
  0x0000029bc0eb570c: c5f8 77e8 

  0x0000029bc0eb5710: ; ImmutableOopMap {[32]=Oop [40]=Oop [56]=Oop [72]=Oop [80]=Oop [128]=Oop [96]=Derived_oop_[128] }
                      ;*newarray {reexecute=0 rethrow=0 return_oop=1}
                      ; - java.util.Arrays::copyOfRangeByte@10
                      ; - java.util.Arrays::copyOfRange@13
                      ; - java.lang.String::<init>@32
                      ; - java.lang.String::<init>@3
                      ; - java.lang.StringBuilder::toString@5
                      ; - java.net.URLStreamHandler::toExternalForm@152
                      ; - java.net.URL::toExternalForm@5
                      ; - java.net.URL::toString@1
                      ; - java.lang.ClassLoader::defineClassSourceLocation@22
                      ; - java.lang.ClassLoader::defineClass@12
  0x0000029bc0eb5710: ecd1 7cff 

  0x0000029bc0eb5714: ;   {other}
  0x0000029bc0eb5714: 0f1f 8400 | 042f 0033 | 4c8b 5c24 | 284c 895c | 2440 4c8b | 5c24 384c | 895c 2428 | 4c8b 5c24 
  0x0000029bc0eb5734: 484c 895c | 2438 4c8b | 4424 508b | 5424 584c | 8b4c 2460 | 4c8b 5c24 | 6848 8b7c | 2470 488b 
  0x0000029bc0eb5754: f049 8bd8 | 448b d20f | 1f44 0000 | e921 e2ff | ff48 8b54 | 2440 6690 

  0x0000029bc0eb576c: ;   {optimized virtual_call}
  0x0000029bc0eb576c: c5f8 77e8 

  0x0000029bc0eb5770: ; ImmutableOopMap {rbp=NarrowOop [32]=Oop [40]=Oop [56]=Oop [64]=Oop }
                      ;*invokevirtual length {reexecute=0 rethrow=0 return_oop=0}
                      ; - java.lang.String::indexOf@30
                      ; - java.lang.String::indexOf@3
                      ; - java.lang.ClassLoader::checkName@16
                      ; - java.lang.ClassLoader::preDefineClass@1
                      ; - java.lang.ClassLoader::defineClass@4
  0x0000029bc0eb5770: 0c90 71ff 

  0x0000029bc0eb5774: ;   {other}
  0x0000029bc0eb5774: 0f1f 8400 | 642f 0034 | 488b d541 | b82f 0000 | 0045 33c9 | 8bf8 488b | 6c24 2890 

  0x0000029bc0eb5790: ;   {static_call}
  0x0000029bc0eb5790: c5f8 77e8 

  0x0000029bc0eb5794: ; ImmutableOopMap {rbp=Oop [32]=Oop [40]=Oop [56]=Oop [64]=Oop }
                      ;*invokestatic indexOf {reexecute=0 rethrow=0 return_oop=0}
                      ; - java.lang.String::indexOf@33
                      ; - java.lang.String::indexOf@3
                      ; - java.lang.ClassLoader::checkName@16
                      ; - java.lang.ClassLoader::preDefineClass@1
                      ; - java.lang.ClassLoader::defineClass@4
  0x0000029bc0eb5794: e895 71ff 

  0x0000029bc0eb5798: ;   {other}
  0x0000029bc0eb5798: 0f1f 8400 | 882f 0035 | 8bd8 e924 | d8ff ff44 | 8954 2450 | 894c 244c | 4489 4424 | 4848 ff74 
  0x0000029bc0eb57b8: 2440 488f | 4424 304c | 8b54 2438 | 4c89 5424 | 2048 8b6c 

  0x0000029bc0eb57cc: ;   {metadata('java/lang/String')}
  0x0000029bc0eb57cc: 2428 48ba | 78e8 00cd | 9b02 0000 

  0x0000029bc0eb57d8: ;   {runtime_call _new_instance_Java}
  0x0000029bc0eb57d8: c5f8 77e8 

  0x0000029bc0eb57dc: ; ImmutableOopMap {rbp=Oop [32]=Oop [48]=Oop [72]=NarrowOop [136]=Oop }
                      ;*new {reexecute=0 rethrow=0 return_oop=1}
                      ; - java.lang.StringLatin1::newString@7
                      ; - java.lang.String::substring@41
                      ; - java.lang.Class::getPackageName@62
                      ; - java.lang.ClassLoader::postDefineClass@2
                      ; - java.lang.ClassLoader::defineClass@37
  0x0000029bc0eb57dc: a0d7 7cff 

  0x0000029bc0eb57e0: ;   {other}
  0x0000029bc0eb57e0: 0f1f 8400 | d02f 0036 | 4889 6c24 | 284c 8b54 | 2420 4c89 | 5424 3848 | ff74 2430 | 488f 4424 
  0x0000029bc0eb5800: 4044 8b44 | 2448 8b4c | 244c 448b | 5424 5048 | 8bd8 e93b | e3ff ffc6 | 4310 0141 | d1e2 4533 
  0x0000029bc0eb5820: c045 8bca | 4889 5c24 | 5048 895c | 2458 6690 

  0x0000029bc0eb5830: ;   {static_call}
  0x0000029bc0eb5830: c5f8 77e8 

  0x0000029bc0eb5834: ; ImmutableOopMap {[32]=Oop [40]=Oop [56]=Oop [64]=Oop [80]=Oop [88]=Oop }
                      ;*invokestatic copyOfRange {reexecute=0 rethrow=0 return_oop=1}
                      ; - java.lang.String::<init>@91
                      ; - java.lang.String::<init>@3
                      ; - java.lang.StringBuilder::toString@5
                      ; - java.net.URLStreamHandler::toExternalForm@152
                      ; - java.net.URL::toExternalForm@5
                      ; - java.net.URL::toString@1
                      ; - java.lang.ClassLoader::defineClassSourceLocation@22
                      ; - java.lang.ClassLoader::defineClass@12
  0x0000029bc0eb5834: 4895 71ff 

  0x0000029bc0eb5838: ;   {other}
  0x0000029bc0eb5838: 0f1f 8400 | 2830 0037 | 4c8b d048 | 8b5c 2450 | 4489 5314 | 4c8b d349 | c1ea 0949 | bb00 003f 
  0x0000029bc0eb5858: b59b 0200 | 0047 8824 | 13e9 85e1 | ffff 4889 | 7c24 684c | 895c 2460 | 4c89 4c24 | 5848 895c 
  0x0000029bc0eb5878: 2450 4489 | 5424 484c | 8b54 2438 | 4c89 5424 | 304c 8b54 | 2428 4c89 

  0x0000029bc0eb5890: ;   {metadata({type array byte})}
  0x0000029bc0eb5890: 5424 2048 | ba18 2300 | cd9b 0200 | 0044 8b44 | 2448 6690 

  0x0000029bc0eb58a4: ;   {runtime_call _new_array_nozero_Java}
  0x0000029bc0eb58a4: c5f8 77e8 

  0x0000029bc0eb58a8: ; ImmutableOopMap {[32]=Oop [48]=Oop [64]=Oop [80]=Oop [136]=Oop [88]=Derived_oop_[136] }
                      ;*newarray {reexecute=0 rethrow=0 return_oop=1}
                      ; - java.util.Arrays::copyOfRangeByte@10
                      ; - java.util.Arrays::copyOfRange@13
                      ; - java.lang.StringLatin1::newString@16
                      ; - java.lang.String::substring@41
                      ; - java.lang.Class::getPackageName@62
                      ; - java.lang.ClassLoader::postDefineClass@2
                      ; - java.lang.ClassLoader::defineClass@37
  0x0000029bc0eb58a8: 54d0 7cff 

  0x0000029bc0eb58ac: ;   {other}
  0x0000029bc0eb58ac: 0f1f 8400 | 9c30 0038 | 4c8b 5424 | 204c 8954 | 2428 4c8b | 5424 304c | 8954 2438 | 448b 5424 
  0x0000029bc0eb58cc: 4848 8b5c | 2450 4c8b | 4c24 584c | 8b5c 2460 | 488b 7c24 | 6848 8bf0 | e9bd e3ff | ff41 c641 
  0x0000029bc0eb58ec: 1101 33db | e977 e6ff | ff44 8944 | 2454 4889 | 4424 484c | 8b54 2438 | 4c89 5424 | 304c 8b54 
  0x0000029bc0eb590c: 2428 4c89 | 5424 2048 | 8bd5 488b | ee89 7424 | 5066 6690 

  0x0000029bc0eb5920: ;   {static_call}
  0x0000029bc0eb5920: c5f8 77e8 

  0x0000029bc0eb5924: ; ImmutableOopMap {rbp=Oop [32]=Oop [48]=Oop [64]=Oop [72]=Oop [80]=NarrowOop [84]=NarrowOop }
                      ;*invokestatic hashCode {reexecute=0 rethrow=0 return_oop=0}
                      ; - java.lang.String::hashCode@37
                      ; - java.util.concurrent.ConcurrentHashMap::get@1
                      ; - java.lang.ClassLoader::getNamedPackage@5
                      ; - java.lang.ClassLoader::postDefineClass@9
                      ; - java.lang.ClassLoader::defineClass@37
  0x0000029bc0eb5924: 5894 71ff 

  0x0000029bc0eb5928: ;   {other}
  0x0000029bc0eb5928: 0f1f 8400 | 1831 0039 | 8bd8 4c8b | 5424 204c | 8954 2428 | 4c8b 5424 | 304c 8954 | 2438 4c8b 
  0x0000029bc0eb5948: 4c24 488b | 7424 5044 | 8b44 2454 | e901 e6ff | ff44 8944 | 2430 4c89 

  0x0000029bc0eb5960: ;   {metadata('java/lang/NamedPackage')}
  0x0000029bc0eb5960: 4c24 2048 | bae8 c001 | cd9b 0200 | 0066 6690 

  0x0000029bc0eb5970: ;   {runtime_call _new_instance_Java}
  0x0000029bc0eb5970: c5f8 77e8 

  0x0000029bc0eb5974: ; ImmutableOopMap {[32]=Oop [40]=Oop [48]=NarrowOop [56]=Oop [64]=Oop }
                      ;*new {reexecute=0 rethrow=0 return_oop=1}
                      ; - java.lang.ClassLoader::getNamedPackage@16
                      ; - java.lang.ClassLoader::postDefineClass@9
                      ; - java.lang.ClassLoader::defineClass@37
  0x0000029bc0eb5974: 08d6 7cff 

  0x0000029bc0eb5978: ;   {other}
  0x0000029bc0eb5978: 0f1f 8400 | 6831 003a | e9d7 e6ff 

  0x0000029bc0eb5984: ;   {metadata('java/lang/InternalError')}
  0x0000029bc0eb5984: ff48 ba38 | 0701 cd9b | 0200 0090 

  0x0000029bc0eb5990: ;   {runtime_call _new_instance_Java}
  0x0000029bc0eb5990: c5f8 77e8 

  0x0000029bc0eb5994: ; ImmutableOopMap {[32]=Oop [40]=Oop [48]=NarrowOop [56]=Oop [64]=Oop [72]=Oop [80]=Oop }
                      ;*new {reexecute=0 rethrow=0 return_oop=1}
                      ; - java.lang.NamedPackage::<init>@18
                      ; - java.lang.ClassLoader::getNamedPackage@22
                      ; - java.lang.ClassLoader::postDefineClass@9
                      ; - java.lang.ClassLoader::defineClass@37
  0x0000029bc0eb5994: e8d5 7cff 

  0x0000029bc0eb5998: ;   {other}
  0x0000029bc0eb5998: 0f1f 8400 | 8831 003b | e95b e7ff 

  0x0000029bc0eb59a4: ;   {metadata('java/lang/StringBuilder')}
  0x0000029bc0eb59a4: ff48 ba40 | 8000 cd9b | 0200 0090 

  0x0000029bc0eb59b0: ;   {runtime_call _new_instance_Java}
  0x0000029bc0eb59b0: c5f8 77e8 

  0x0000029bc0eb59b4: ; ImmutableOopMap {[32]=Oop [40]=Oop [48]=NarrowOop [56]=Oop [64]=Oop [72]=Oop [80]=Oop [104]=Oop }
                      ;*new {reexecute=0 rethrow=0 return_oop=1}
                      ; - java.lang.NamedPackage::<init>@22
                      ; - java.lang.ClassLoader::getNamedPackage@22
                      ; - java.lang.ClassLoader::postDefineClass@9
                      ; - java.lang.ClassLoader::defineClass@37
  0x0000029bc0eb59b4: c8d5 7cff 

  0x0000029bc0eb59b8: ;   {other}
  0x0000029bc0eb59b8: 0f1f 8400 | a831 003c | e98d e7ff | ffba e4ff | ffff 4489 | 5424 2048 | ff74 2440 | 488f 4424 
  0x0000029bc0eb59d8: 3048 895c | 2458 4489 | 4424 6090 

  0x0000029bc0eb59e4: ;   {runtime_call UncommonTrapBlob}
  0x0000029bc0eb59e4: c5f8 77e8 

  0x0000029bc0eb59e8: ; ImmutableOopMap {[40]=Oop [48]=Oop [56]=Oop [88]=Oop [96]=NarrowOop }
                      ;*baload {reexecute=0 rethrow=0 return_oop=0}
                      ; - java.lang.StringLatin1::lastIndexOf@24
                      ; - java.lang.String::lastIndexOf@13
                      ; - java.lang.String::lastIndexOf@8
                      ; - java.lang.Class::getPackageName@47
                      ; - java.lang.ClassLoader::postDefineClass@2
                      ; - java.lang.ClassLoader::defineClass@37
  0x0000029bc0eb59e8: 14e0 71ff 

  0x0000029bc0eb59ec: ;   {other}
  0x0000029bc0eb59ec: 0f1f 8400 | dc31 003d | 4c89 4424 | 604c 894c | 2458 894c | 2450 4889 | 5c24 4848 | 8b6c 2440 
  0x0000029bc0eb5a0c: ;   {metadata({type array byte})}
  0x0000029bc0eb5a0c: 48ba 1823 | 00cd 9b02 | 0000 448b | c766 6690 

  0x0000029bc0eb5a1c: ;   {runtime_call _new_array_nozero_Java}
  0x0000029bc0eb5a1c: c5f8 77e8 

  0x0000029bc0eb5a20: ; ImmutableOopMap {rbp=Oop [32]=Oop [40]=Oop [56]=Oop [72]=Oop [80]=NarrowOop [128]=Oop [88]=Derived_oop_[128] }
                      ;*invokevirtual clone {reexecute=1 rethrow=0 return_oop=1}
                      ; - (reexecute) java.util.Arrays::copyOfRange@18
                      ; - java.lang.String::<init>@32
                      ; - java.lang.String::<init>@3
                      ; - java.lang.StringBuilder::toString@5
                      ; - java.net.URLStreamHandler::toExternalForm@152
                      ; - java.net.URL::toExternalForm@5
                      ; - java.net.URL::toString@1
                      ; - java.lang.ClassLoader::defineClassSourceLocation@22
                      ; - java.lang.ClassLoader::defineClass@12
  0x0000029bc0eb5a20: dcce 7cff 

  0x0000029bc0eb5a24: ;   {other}
  0x0000029bc0eb5a24: 0f1f 8400 | 1432 003e | 4889 6c24 | 404c 8b5c | 2448 4c8b | 4c24 584c | 8b44 2460 | 488b f049 
  0x0000029bc0eb5a44: 8bdb e968 | deff ff48 | 8974 2460 | 4c89 4c24 | 5848 895c | 2450 4489 | 4424 4848 | ff74 2440 
  0x0000029bc0eb5a64: 488f 4424 | 304c 8b54 | 2438 4c89 | 5424 2048 | 8b6c 2428 

  0x0000029bc0eb5a78: ;   {metadata({type array byte})}
  0x0000029bc0eb5a78: 48ba 1823 | 00cd 9b02 | 0000 448b | c166 6690 

  0x0000029bc0eb5a88: ;   {runtime_call _new_array_nozero_Java}
  0x0000029bc0eb5a88: c5f8 77e8 

  0x0000029bc0eb5a8c: ; ImmutableOopMap {rbp=Oop [32]=Oop [48]=Oop [72]=NarrowOop [80]=Oop [136]=Oop [88]=Derived_oop_[136] }
                      ;*invokevirtual clone {reexecute=1 rethrow=0 return_oop=1}
                      ; - (reexecute) java.util.Arrays::copyOfRange@18
                      ; - java.lang.StringLatin1::newString@16
                      ; - java.lang.String::substring@41
                      ; - java.lang.Class::getPackageName@62
                      ; - java.lang.ClassLoader::postDefineClass@2
                      ; - java.lang.ClassLoader::defineClass@37
  0x0000029bc0eb5a8c: 70ce 7cff 

  0x0000029bc0eb5a90: ;   {other}
  0x0000029bc0eb5a90: 0f1f 8400 | 8032 003f | 4889 6c24 | 284c 8b5c | 2420 4c89 | 5c24 3848 | ff74 2430 | 488f 4424 
  0x0000029bc0eb5ab0: 4048 8b5c | 2450 4c8b | 4c24 5848 | 8b74 2460 | 488b f8e9 | 00e1 ffff | 4889 7c24 | 4889 4c24 
  0x0000029bc0eb5ad0: 384c 8b5c | 2428 4c89 | 5c24 2048 | ba00 0000 | cd9b 0200 | 0049 03d0 | 458b c190 

  0x0000029bc0eb5aec: ;   {runtime_call _new_array_Java}
  0x0000029bc0eb5aec: c5f8 77e8 

  0x0000029bc0eb5af0: ; ImmutableOopMap {rbp=Oop [32]=Oop [56]=NarrowOop [64]=Oop }
                      ;*invokevirtual clone {reexecute=1 rethrow=0 return_oop=1}
                      ; - (reexecute) java.security.CodeSource::getCertificates@11
                      ; - java.lang.ClassLoader::postDefineClass@24
                      ; - java.lang.ClassLoader::defineClass@37
  0x0000029bc0eb5af0: 8cd1 7cff 

  0x0000029bc0eb5af4: ;   {other}
  0x0000029bc0eb5af4: 0f1f 8400 | e432 0040 | 8b4c 2438 | 488b 7c24 | 4848 8bd8 | e984 e8ff | ff49 8bd2 | 4533 c048 
  0x0000029bc0eb5b14: 8b6c 2428 

  0x0000029bc0eb5b18: ;   {static_call}
  0x0000029bc0eb5b18: c5f8 77e8 

  0x0000029bc0eb5b1c: ; ImmutableOopMap {rbp=Oop [32]=Oop [40]=Oop [56]=Oop [64]=Oop }
                      ;*invokestatic charAt {reexecute=0 rethrow=0 return_oop=0}
                      ; - java.lang.String::charAt@21
                      ; - java.lang.ClassLoader::checkName@25
                      ; - java.lang.ClassLoader::preDefineClass@1
                      ; - java.lang.ClassLoader::defineClass@4
  0x0000029bc0eb5b1c: 6092 71ff 

  0x0000029bc0eb5b20: ;   {other}
  0x0000029bc0eb5b20: 0f1f 8400 | 1033 0041 | 448b d8e9 | ced4 ffff | baf6 ffff | ff48 8be8 

  0x0000029bc0eb5b38: ;   {runtime_call UncommonTrapBlob}
  0x0000029bc0eb5b38: c5f8 77e8 

  0x0000029bc0eb5b3c: ; ImmutableOopMap {rbp=Oop }
                      ;*invokevirtual get {reexecute=0 rethrow=0 return_oop=0}
                      ; - java.lang.ClassLoader::getNamedPackage@5
                      ; - java.lang.ClassLoader::postDefineClass@9
                      ; - java.lang.ClassLoader::defineClass@37
  0x0000029bc0eb5b3c: c0de 71ff 

  0x0000029bc0eb5b40: ;   {other}
  0x0000029bc0eb5b40: 0f1f 8400 | 3033 0042 | ba45 ffff | ff48 8b6c | 2428 6690 

  0x0000029bc0eb5b54: ;   {runtime_call UncommonTrapBlob}
  0x0000029bc0eb5b54: c5f8 77e8 

  0x0000029bc0eb5b58: ; ImmutableOopMap {rbp=Oop [32]=Oop [56]=Oop [64]=Oop }
                      ;*ifeq {reexecute=1 rethrow=0 return_oop=0}
                      ; - (reexecute) java.lang.ClassLoader::checkName@8
                      ; - java.lang.ClassLoader::preDefineClass@1
                      ; - java.lang.ClassLoader::defineClass@4
  0x0000029bc0eb5b58: a4de 71ff 

  0x0000029bc0eb5b5c: ;   {other}
  0x0000029bc0eb5b5c: 0f1f 8400 | 4c33 0043 | bae4 ffff | ff44 8954 | 2458 6690 

  0x0000029bc0eb5b70: ;   {runtime_call UncommonTrapBlob}
  0x0000029bc0eb5b70: c5f8 77e8 

  0x0000029bc0eb5b74: ; ImmutableOopMap {[32]=Oop [40]=Oop [56]=Oop [64]=Oop [88]=NarrowOop }
                      ;*invokestatic checkIndex {reexecute=0 rethrow=0 return_oop=0}
                      ; - java.lang.String::checkIndex@5
                      ; - java.lang.StringLatin1::charAt@3
                      ; - java.lang.String::charAt@12
                      ; - java.lang.ClassLoader::checkName@25
                      ; - java.lang.ClassLoader::preDefineClass@1
                      ; - java.lang.ClassLoader::defineClass@4
  0x0000029bc0eb5b74: 88de 71ff 

  0x0000029bc0eb5b78: ;   {other}
  0x0000029bc0eb5b78: 0f1f 8400 | 6833 0044 | bace ffff | ff44 895c | 2460 6690 

  0x0000029bc0eb5b8c: ;   {runtime_call UncommonTrapBlob}
  0x0000029bc0eb5b8c: c5f8 77e8 

  0x0000029bc0eb5b90: ; ImmutableOopMap {rbp=NarrowOop [32]=Oop [40]=Oop [56]=Oop [64]=Oop }
                      ;*invokestatic indexOfChar {reexecute=0 rethrow=0 return_oop=0}
                      ; - java.lang.StringLatin1::indexOf@33
                      ; - java.lang.String::indexOf@17
                      ; - java.lang.String::indexOf@3
                      ; - java.lang.ClassLoader::checkName@16
                      ; - java.lang.ClassLoader::preDefineClass@1
                      ; - java.lang.ClassLoader::defineClass@4
  0x0000029bc0eb5b90: 6cde 71ff 

  0x0000029bc0eb5b94: ;   {other}
  0x0000029bc0eb5b94: 0f1f 8400 | 8433 0045 | 448b 5c24 | 54ba f6ff | ffff 418b | eb66 6690 

  0x0000029bc0eb5bac: ;   {runtime_call UncommonTrapBlob}
  0x0000029bc0eb5bac: c5f8 77e8 

  0x0000029bc0eb5bb0: ; ImmutableOopMap {}
                      ;*invokestatic arraycopy {reexecute=0 rethrow=0 return_oop=0}
                      ; - java.lang.String::getBytes@22
                      ; - java.lang.AbstractStringBuilder::putStringAt@15
                      ; - java.lang.AbstractStringBuilder::append@30
                      ; - java.lang.StringBuilder::append@2
                      ; - java.net.URLStreamHandler::toExternalForm@113
                      ; - java.net.URL::toExternalForm@5
                      ; - java.net.URL::toString@1
                      ; - java.lang.ClassLoader::defineClassSourceLocation@22
                      ; - java.lang.ClassLoader::defineClass@12
  0x0000029bc0eb5bb0: 4cde 71ff 

  0x0000029bc0eb5bb4: ;   {other}
  0x0000029bc0eb5bb4: 0f1f 8400 | a433 0046 | 448b 5c24 | 60ba f6ff | ffff 418b | eb66 6690 

  0x0000029bc0eb5bcc: ;   {runtime_call UncommonTrapBlob}
  0x0000029bc0eb5bcc: c5f8 77e8 

  0x0000029bc0eb5bd0: ; ImmutableOopMap {}
                      ;*invokestatic arraycopy {reexecute=0 rethrow=0 return_oop=0}
                      ; - java.lang.String::getBytes@22
                      ; - java.lang.AbstractStringBuilder::putStringAt@15
                      ; - java.lang.AbstractStringBuilder::append@30
                      ; - java.lang.StringBuilder::append@2
                      ; - java.net.URLStreamHandler::toExternalForm@149
                      ; - java.net.URL::toExternalForm@5
                      ; - java.net.URL::toString@1
                      ; - java.lang.ClassLoader::defineClassSourceLocation@22
                      ; - java.lang.ClassLoader::defineClass@12
  0x0000029bc0eb5bd0: 2cde 71ff 

  0x0000029bc0eb5bd4: ;   {other}
  0x0000029bc0eb5bd4: 0f1f 8400 | c433 0047 | bae4 ffff | ff44 8974 | 2448 4489 | 4c24 4c90 

  0x0000029bc0eb5bec: ;   {runtime_call UncommonTrapBlob}
  0x0000029bc0eb5bec: c5f8 77e8 

  0x0000029bc0eb5bf0: ; ImmutableOopMap {[32]=Oop [40]=Oop [56]=Oop [64]=Oop [72]=NarrowOop [76]=NarrowOop [120]=Oop }
                      ;*bastore {reexecute=0 rethrow=0 return_oop=0}
                      ; - java.lang.AbstractStringBuilder::append@41
                      ; - java.lang.StringBuilder::append@2
                      ; - java.net.URLStreamHandler::toExternalForm@16
                      ; - java.net.URL::toExternalForm@5
                      ; - java.net.URL::toString@1
                      ; - java.lang.ClassLoader::defineClassSourceLocation@22
                      ; - java.lang.ClassLoader::defineClass@12
  0x0000029bc0eb5bf0: 0cde 71ff 

  0x0000029bc0eb5bf4: ;   {other}
  0x0000029bc0eb5bf4: 0f1f 8400 | e433 0048 | bacc ffff | ff48 8b6c | 2428 48ff | 7424 4048 | 8f44 2428 | 4489 7424 
  0x0000029bc0eb5c14: 4044 894c | 2444 4489 | 5c24 5890 

  0x0000029bc0eb5c20: ;   {runtime_call UncommonTrapBlob}
  0x0000029bc0eb5c20: c5f8 77e8 

  0x0000029bc0eb5c24: ; ImmutableOopMap {rbp=Oop [32]=Oop [40]=Oop [56]=Oop [64]=NarrowOop [68]=NarrowOop [120]=Oop }
                      ;*invokestatic arraycopy {reexecute=0 rethrow=0 return_oop=0}
                      ; - java.lang.String::getBytes@22
                      ; - java.lang.AbstractStringBuilder::putStringAt@15
                      ; - java.lang.AbstractStringBuilder::append@30
                      ; - java.lang.StringBuilder::append@2
                      ; - java.net.URLStreamHandler::toExternalForm@113
                      ; - java.net.URL::toExternalForm@5
                      ; - java.net.URL::toString@1
                      ; - java.lang.ClassLoader::defineClassSourceLocation@22
                      ; - java.lang.ClassLoader::defineClass@12
  0x0000029bc0eb5c24: d8dd 71ff 

  0x0000029bc0eb5c28: ;   {other}
  0x0000029bc0eb5c28: 0f1f 8400 | 1834 0049 | bacc ffff | ff44 895c | 2458 6690 

  0x0000029bc0eb5c3c: ;   {runtime_call UncommonTrapBlob}
  0x0000029bc0eb5c3c: c5f8 77e8 

  0x0000029bc0eb5c40: ; ImmutableOopMap {rbp=NarrowOop [32]=Oop [40]=Oop [56]=Oop [64]=Oop [120]=Oop }
                      ;*invokestatic arraycopy {reexecute=0 rethrow=0 return_oop=0}
                      ; - java.lang.String::getBytes@22
                      ; - java.lang.AbstractStringBuilder::putStringAt@15
                      ; - java.lang.AbstractStringBuilder::append@30
                      ; - java.lang.StringBuilder::append@2
                      ; - java.net.URLStreamHandler::toExternalForm@149
                      ; - java.net.URL::toExternalForm@5
                      ; - java.net.URL::toString@1
                      ; - java.lang.ClassLoader::defineClassSourceLocation@22
                      ; - java.lang.ClassLoader::defineClass@12
  0x0000029bc0eb5c40: bcdd 71ff 

  0x0000029bc0eb5c44: ;   {other}
  0x0000029bc0eb5c44: 0f1f 8400 | 3434 004a | bacc ffff | ff44 8974 | 2448 895c | 244c 8974 | 2460 897c | 2464 4489 
  0x0000029bc0eb5c64: 5424 6890 

  0x0000029bc0eb5c68: ;   {runtime_call UncommonTrapBlob}
  0x0000029bc0eb5c68: c5f8 77e8 

  0x0000029bc0eb5c6c: ; ImmutableOopMap {[32]=Oop [40]=Oop [56]=Oop [64]=Oop [72]=NarrowOop [96]=NarrowOop [100]=NarrowOop [120]=Oop }
                      ;*invokestatic arraycopy {reexecute=0 rethrow=0 return_oop=0}
                      ; - java.lang.String::getBytes@22
                      ; - java.lang.AbstractStringBuilder::putStringAt@15
                      ; - java.lang.AbstractStringBuilder::append@30
                      ; - java.lang.StringBuilder::append@2
                      ; - java.net.URLStreamHandler::toExternalForm@59
                      ; - java.net.URL::toExternalForm@5
                      ; - java.net.URL::toString@1
                      ; - java.lang.ClassLoader::defineClassSourceLocation@22
                      ; - java.lang.ClassLoader::defineClass@12
  0x0000029bc0eb5c6c: 90dd 71ff 

  0x0000029bc0eb5c70: ;   {other}
  0x0000029bc0eb5c70: 0f1f 8400 | 6034 004b | bacc ffff | ff44 8974 | 2448 4489 | 6c24 4c44 | 894c 2460 | 4489 5c24 
  0x0000029bc0eb5c90: 6444 8944 | 2468 6690 

  0x0000029bc0eb5c98: ;   {runtime_call UncommonTrapBlob}
  0x0000029bc0eb5c98: c5f8 77e8 

  0x0000029bc0eb5c9c: ; ImmutableOopMap {[32]=Oop [40]=Oop [56]=Oop [64]=Oop [72]=NarrowOop [96]=NarrowOop [100]=NarrowOop [120]=Oop }
                      ;*invokestatic arraycopy {reexecute=0 rethrow=0 return_oop=0}
                      ; - java.lang.String::getBytes@22
                      ; - java.lang.AbstractStringBuilder::putStringAt@15
                      ; - java.lang.AbstractStringBuilder::append@30
                      ; - java.lang.StringBuilder::append@2
                      ; - java.net.URLStreamHandler::toExternalForm@77
                      ; - java.net.URL::toExternalForm@5
                      ; - java.net.URL::toString@1
                      ; - java.lang.ClassLoader::defineClassSourceLocation@22
                      ; - java.lang.ClassLoader::defineClass@12
  0x0000029bc0eb5c9c: 60dd 71ff 

  0x0000029bc0eb5ca0: ;   {other}
  0x0000029bc0eb5ca0: 0f1f 8400 | 9034 004c | bacc ffff | ff44 8974 | 2448 895c | 244c 4489 | 5c24 6089 | 7424 6444 
  0x0000029bc0eb5cc0: 8944 2468 

  0x0000029bc0eb5cc4: ;   {runtime_call UncommonTrapBlob}
  0x0000029bc0eb5cc4: c5f8 77e8 

  0x0000029bc0eb5cc8: ; ImmutableOopMap {[32]=Oop [40]=Oop [56]=Oop [64]=Oop [72]=NarrowOop [96]=NarrowOop [100]=NarrowOop [120]=Oop }
                      ;*invokestatic arraycopy {reexecute=0 rethrow=0 return_oop=0}
                      ; - java.lang.String::getBytes@22
                      ; - java.lang.AbstractStringBuilder::putStringAt@15
                      ; - java.lang.AbstractStringBuilder::append@30
                      ; - java.lang.StringBuilder::append@2
                      ; - java.net.URLStreamHandler::toExternalForm@11
                      ; - java.net.URL::toExternalForm@5
                      ; - java.net.URL::toString@1
                      ; - java.lang.ClassLoader::defineClassSourceLocation@22
                      ; - java.lang.ClassLoader::defineClass@12
  0x0000029bc0eb5cc8: 34dd 71ff 

  0x0000029bc0eb5ccc: ;   {other}
  0x0000029bc0eb5ccc: 0f1f 8400 | bc34 004d | bae4 ffff | ff66 6690 

  0x0000029bc0eb5cdc: ;   {runtime_call UncommonTrapBlob}
  0x0000029bc0eb5cdc: c5f8 77e8 

  0x0000029bc0eb5ce0: ; ImmutableOopMap {rbp=NarrowOop [32]=Oop [40]=Oop [56]=Oop [64]=Oop }
                      ;*baload {reexecute=0 rethrow=0 return_oop=0}
                      ; - jdk.internal.util.ArraysSupport::mismatch@82
                      ; - java.lang.String::startsWith@70
                      ; - java.lang.String::startsWith@3
                      ; - java.lang.ClassLoader::preDefineClass@43
                      ; - java.lang.ClassLoader::defineClass@4
  0x0000029bc0eb5ce0: 1cdd 71ff 

  0x0000029bc0eb5ce4: ;   {other}
  0x0000029bc0eb5ce4: 0f1f 8400 | d434 004e | bade ffff | ff66 6690 

  0x0000029bc0eb5cf4: ;   {runtime_call UncommonTrapBlob}
  0x0000029bc0eb5cf4: c5f8 77e8 

  0x0000029bc0eb5cf8: ; ImmutableOopMap {rbp=NarrowOop }
                      ;*checkcast {reexecute=0 rethrow=0 return_oop=0}
                      ; - java.lang.ClassLoader::getNamedPackage@8
                      ; - java.lang.ClassLoader::postDefineClass@9
                      ; - java.lang.ClassLoader::defineClass@37
  0x0000029bc0eb5cf8: 04dd 71ff 

  0x0000029bc0eb5cfc: ;   {other}
  0x0000029bc0eb5cfc: 0f1f 8400 | ec34 004f | 4d63 d8e9 | 55d6 ffff | bacc ffff | ff48 8b6c | 2428 4c8b | 5c24 404c 
  0x0000029bc0eb5d1c: 895c 2428 | 4489 7424 | 4044 8954 | 2444 6690 

  0x0000029bc0eb5d2c: ;   {runtime_call UncommonTrapBlob}
  0x0000029bc0eb5d2c: c5f8 77e8 

  0x0000029bc0eb5d30: ; ImmutableOopMap {rbp=Oop [32]=Oop [40]=Oop [56]=Oop [64]=NarrowOop [68]=NarrowOop [120]=Oop }
                      ;*new {reexecute=0 rethrow=0 return_oop=0}
                      ; - java.net.URLStreamHandler::toExternalForm@35
                      ; - java.net.URL::toExternalForm@5
                      ; - java.net.URL::toString@1
                      ; - java.lang.ClassLoader::defineClassSourceLocation@22
                      ; - java.lang.ClassLoader::defineClass@12
  0x0000029bc0eb5d30: ccdc 71ff 

  0x0000029bc0eb5d34: ;   {other}
  0x0000029bc0eb5d34: 0f1f 8400 | 2435 0050 | 4d63 da90 | e9b9 dbff | ff49 83c3 | fe49 8bcb | 488b fa48 | 33c0 4883 
  0x0000029bc0eb5d54: f908 7f10 | 48ff c978 | 4f48 8904 | cf48 ffc9 | 7df7 eb44 | c5fd efc0 | e90d 0000 | 00c5 fe7f 
  0x0000029bc0eb5d74: 07c5 fe7f | 4720 4883 | c740 4883 | e908 7ded | 4883 c104 | 7c0c c5fe | 7f07 4883 | c720 4883 
  0x0000029bc0eb5d94: e904 4883 | c104 7e10 | 48ff c9c5 | f9d6 0748 | 83c7 0848 | ffc9 7df3 | e91e dcff | ffba ccff 
  0x0000029bc0eb5db4: ffff 488b | 6c24 284c | 8b5c 2440 | 4c89 5c24 | 2848 895c | 2448 894c | 2450 4489 | 5424 5890 
  0x0000029bc0eb5dd4: ;   {runtime_call UncommonTrapBlob}
  0x0000029bc0eb5dd4: c5f8 77e8 

  0x0000029bc0eb5dd8: ; ImmutableOopMap {rbp=Oop [32]=Oop [40]=Oop [56]=Oop [72]=Oop [80]=NarrowOop }
                      ;*newarray {reexecute=1 rethrow=0 return_oop=0}
                      ; - (reexecute) java.util.Arrays::copyOfRangeByte@10
                      ; - java.util.Arrays::copyOfRange@13
                      ; - java.lang.String::<init>@32
                      ; - java.lang.String::<init>@3
                      ; - java.lang.StringBuilder::toString@5
                      ; - java.net.URLStreamHandler::toExternalForm@152
                      ; - java.net.URL::toExternalForm@5
                      ; - java.net.URL::toString@1
                      ; - java.lang.ClassLoader::defineClassSourceLocation@22
                      ; - java.lang.ClassLoader::defineClass@12
  0x0000029bc0eb5dd8: 24dc 71ff 

  0x0000029bc0eb5ddc: ;   {other}
  0x0000029bc0eb5ddc: 0f1f 8400 | cc35 0051 | ba45 ffff | ff48 8944 | 2430 6690 

  0x0000029bc0eb5df0: ;   {runtime_call UncommonTrapBlob}
  0x0000029bc0eb5df0: c5f8 77e8 

  0x0000029bc0eb5df4: ; ImmutableOopMap {[40]=Oop [48]=Oop [56]=Oop [64]=Oop }
                      ;*ifeq {reexecute=1 rethrow=0 return_oop=0}
                      ; - (reexecute) java.lang.Class::getPackageName@13
                      ; - java.lang.ClassLoader::postDefineClass@2
                      ; - java.lang.ClassLoader::defineClass@37
  0x0000029bc0eb5df4: 08dc 71ff 

  0x0000029bc0eb5df8: ;   {other}
  0x0000029bc0eb5df8: 0f1f 8400 | e835 0052 | ba45 ffff | ff48 8b6c | 2428 895c | 2450 6690 

  0x0000029bc0eb5e10: ;   {runtime_call UncommonTrapBlob}
  0x0000029bc0eb5e10: c5f8 77e8 

  0x0000029bc0eb5e14: ; ImmutableOopMap {rbp=Oop [32]=Oop [56]=Oop [64]=Oop }
                      ;*if_icmpne {reexecute=1 rethrow=0 return_oop=0}
                      ; - (reexecute) java.lang.ClassLoader::checkName@20
                      ; - java.lang.ClassLoader::preDefineClass@1
                      ; - java.lang.ClassLoader::defineClass@4
  0x0000029bc0eb5e14: e8db 71ff 

  0x0000029bc0eb5e18: ;   {other}
  0x0000029bc0eb5e18: 0f1f 8400 | 0836 0053 | ba45 ffff | ff48 ff74 | 2440 488f | 4424 304c | 894c 2440 | 4489 4424 
  0x0000029bc0eb5e38: 4844 895c | 244c 6690 

  0x0000029bc0eb5e40: ;   {runtime_call UncommonTrapBlob}
  0x0000029bc0eb5e40: c5f8 77e8 

  0x0000029bc0eb5e44: ; ImmutableOopMap {[40]=Oop [48]=Oop [56]=Oop [64]=Oop [72]=NarrowOop }
                      ;*ifle {reexecute=1 rethrow=0 return_oop=0}
                      ; - (reexecute) java.util.concurrent.ConcurrentHashMap::get@23
                      ; - java.lang.ClassLoader::getNamedPackage@5
                      ; - java.lang.ClassLoader::postDefineClass@9
                      ; - java.lang.ClassLoader::defineClass@37
  0x0000029bc0eb5e44: b8db 71ff 

  0x0000029bc0eb5e48: ;   {other}
  0x0000029bc0eb5e48: 0f1f 8400 | 3836 0054 | ba45 ffff | ff48 8b6c | 2428 4489 | 5c24 5090 

  0x0000029bc0eb5e60: ;   {runtime_call UncommonTrapBlob}
  0x0000029bc0eb5e60: c5f8 77e8 

  0x0000029bc0eb5e64: ; ImmutableOopMap {rbp=Oop [32]=Oop [56]=Oop [64]=Oop }
                      ;*if_icmpne {reexecute=1 rethrow=0 return_oop=0}
                      ; - (reexecute) java.lang.ClassLoader::checkName@30
                      ; - java.lang.ClassLoader::preDefineClass@1
                      ; - java.lang.ClassLoader::defineClass@4
  0x0000029bc0eb5e64: 98db 71ff 

  0x0000029bc0eb5e68: ;   {other}
  0x0000029bc0eb5e68: 0f1f 8400 | 5836 0055 | ba45 ffff | ff44 8974 | 2448 6690 

  0x0000029bc0eb5e7c: ;   {runtime_call UncommonTrapBlob}
  0x0000029bc0eb5e7c: c5f8 77e8 

  0x0000029bc0eb5e80: ; ImmutableOopMap {rbp=NarrowOop [32]=Oop [40]=Oop [56]=Oop [64]=Oop [72]=NarrowOop [120]=Oop }
                      ;*ifnull {reexecute=1 rethrow=0 return_oop=0}
                      ; - (reexecute) java.net.URLStreamHandler::toExternalForm@86
                      ; - java.net.URL::toExternalForm@5
                      ; - java.net.URL::toString@1
                      ; - java.lang.ClassLoader::defineClassSourceLocation@22
                      ; - java.lang.ClassLoader::defineClass@12
  0x0000029bc0eb5e80: 7cdb 71ff 

  0x0000029bc0eb5e84: ;   {other}
  0x0000029bc0eb5e84: 0f1f 8400 | 7436 0056 | ba45 ffff | ff66 6690 

  0x0000029bc0eb5e94: ;   {runtime_call UncommonTrapBlob}
  0x0000029bc0eb5e94: c5f8 77e8 

  0x0000029bc0eb5e98: ; ImmutableOopMap {rbp=NarrowOop [32]=Oop [40]=Oop [56]=Oop [64]=Oop [120]=Oop }
                      ;*ifnull {reexecute=1 rethrow=0 return_oop=0}
                      ; - (reexecute) java.net.URLStreamHandler::toExternalForm@122
                      ; - java.net.URL::toExternalForm@5
                      ; - java.net.URL::toString@1
                      ; - java.lang.ClassLoader::defineClassSourceLocation@22
                      ; - java.lang.ClassLoader::defineClass@12
  0x0000029bc0eb5e98: 64db 71ff 

  0x0000029bc0eb5e9c: ;   {other}
  0x0000029bc0eb5e9c: 0f1f 8400 | 8c36 0057 | 4d63 dae9 | 64dd ffff | 4983 c3fe | 498b cb48 | 8bfa 4833 | c048 83f9 
  0x0000029bc0eb5ebc: 087f 1048 | ffc9 784f | 4889 04cf | 48ff c97d | f7eb 44c5 | fdef c0e9 | 0d00 0000 | c5fe 7f07 
  0x0000029bc0eb5edc: c5fe 7f47 | 2048 83c7 | 4048 83e9 | 087d ed48 | 83c1 047c | 0cc5 fe7f | 0748 83c7 | 2048 83e9 
  0x0000029bc0eb5efc: 0448 83c1 | 047e 1048 | ffc9 c5f9 | d607 4883 | c708 48ff | c97d f3e9 | d7dd ffff | bacc ffff 
  0x0000029bc0eb5f1c: ff44 8954 | 2420 4889 | 5c24 6044 | 8944 2424 

  0x0000029bc0eb5f2c: ;   {runtime_call UncommonTrapBlob}
  0x0000029bc0eb5f2c: c5f8 77e8 

  0x0000029bc0eb5f30: ; ImmutableOopMap {[36]=NarrowOop [40]=Oop [56]=Oop [64]=Oop [96]=Oop }
                      ;*newarray {reexecute=1 rethrow=0 return_oop=0}
                      ; - (reexecute) java.util.Arrays::copyOfRangeByte@10
                      ; - java.util.Arrays::copyOfRange@13
                      ; - java.lang.StringLatin1::newString@16
                      ; - java.lang.String::substring@41
                      ; - java.lang.Class::getPackageName@62
                      ; - java.lang.ClassLoader::postDefineClass@2
                      ; - java.lang.ClassLoader::defineClass@37
  0x0000029bc0eb5f30: ccda 71ff 

  0x0000029bc0eb5f34: ;   {other}
  0x0000029bc0eb5f34: 0f1f 8400 | 2437 0058 | ba45 ffff | ff48 8b6c | 2428 4c8b | 5c24 404c | 895c 2428 | 4889 5c24 
  0x0000029bc0eb5f54: 4889 4c24 | 5044 8954 | 2458 4489 | 5424 5c90 

  0x0000029bc0eb5f64: ;   {runtime_call UncommonTrapBlob}
  0x0000029bc0eb5f64: c5f8 77e8 

  0x0000029bc0eb5f68: ; ImmutableOopMap {rbp=Oop [32]=Oop [40]=Oop [56]=Oop [72]=Oop [80]=NarrowOop }
                      ;*if_icmpge {reexecute=1 rethrow=0 return_oop=0}
                      ; - (reexecute) java.util.Arrays::checkLength@2
                      ; - java.util.Arrays::copyOfRangeByte@2
                      ; - java.util.Arrays::copyOfRange@13
                      ; - java.lang.String::<init>@32
                      ; - java.lang.String::<init>@3
                      ; - java.lang.StringBuilder::toString@5
                      ; - java.net.URLStreamHandler::toExternalForm@152
                      ; - java.net.URL::toExternalForm@5
                      ; - java.net.URL::toString@1
                      ; - java.lang.ClassLoader::defineClassSourceLocation@22
                      ; - java.lang.ClassLoader::defineClass@12
  0x0000029bc0eb5f68: 94da 71ff 

  0x0000029bc0eb5f6c: ;   {other}
  0x0000029bc0eb5f6c: 0f1f 8400 | 5c37 0059 | 33ed 85ff | 400f 94c5 | ba45 ffff | ff4c 8b54 | 2440 4c89 | 5424 3048 
  0x0000029bc0eb5f8c: 895c 2458 | 4489 4c24 | 6066 6690 

  0x0000029bc0eb5f98: ;   {runtime_call UncommonTrapBlob}
  0x0000029bc0eb5f98: c5f8 77e8 

  0x0000029bc0eb5f9c: ; ImmutableOopMap {[40]=Oop [48]=Oop [56]=Oop [64]=Oop [88]=Oop }
                      ;*ifeq {reexecute=1 rethrow=0 return_oop=0}
                      ; - (reexecute) java.lang.String::lastIndexOf@4
                      ; - java.lang.String::lastIndexOf@8
                      ; - java.lang.Class::getPackageName@47
                      ; - java.lang.ClassLoader::postDefineClass@2
                      ; - java.lang.ClassLoader::defineClass@37
  0x0000029bc0eb5f9c: 60da 71ff 

  0x0000029bc0eb5fa0: ;   {other}
  0x0000029bc0eb5fa0: 0f1f 8400 | 9037 005a | ba45 ffff | ff44 8954 | 2420 4489 | 5424 2448 | ff74 2440 | 488f 4424 
  0x0000029bc0eb5fc0: 3048 895c | 2458 4489 | 5c24 6490 

  0x0000029bc0eb5fcc: ;   {runtime_call UncommonTrapBlob}
  0x0000029bc0eb5fcc: c5f8 77e8 

  0x0000029bc0eb5fd0: ; ImmutableOopMap {[40]=Oop [48]=Oop [56]=Oop [88]=Oop }
                      ;*if_icmpgt {reexecute=1 rethrow=0 return_oop=0}
                      ; - (reexecute) jdk.internal.util.Preconditions::checkFromToIndex@6
                      ; - java.lang.String::checkBoundsBeginEnd@6
                      ; - java.lang.String::substring@8
                      ; - java.lang.Class::getPackageName@62
                      ; - java.lang.ClassLoader::postDefineClass@2
                      ; - java.lang.ClassLoader::defineClass@37
  0x0000029bc0eb5fd0: 2cda 71ff 

  0x0000029bc0eb5fd4: ;   {other}
  0x0000029bc0eb5fd4: 0f1f 8400 | c437 005b | ba45 ffff | ff41 8bea | 4c8b 5424 | 404c 8954 | 2430 6690 

  0x0000029bc0eb5ff0: ;   {runtime_call UncommonTrapBlob}
  0x0000029bc0eb5ff0: c5f8 77e8 

  0x0000029bc0eb5ff4: ; ImmutableOopMap {[40]=Oop [48]=Oop [56]=Oop [64]=Oop }
                      ;*if_icmpeq {reexecute=1 rethrow=0 return_oop=0}
                      ; - (reexecute) java.lang.Class::getPackageName@55
                      ; - java.lang.ClassLoader::postDefineClass@2
                      ; - java.lang.ClassLoader::defineClass@37
  0x0000029bc0eb5ff4: 08da 71ff 

  0x0000029bc0eb5ff8: ;   {other}
  0x0000029bc0eb5ff8: 0f1f 8400 | e837 005c | ba45 ffff | ff44 8954 | 2420 4489 | 5424 2448 | ff74 2440 | 488f 4424 
  0x0000029bc0eb6018: 3048 895c | 2458 4489 | 5c24 6444 | 895c 2468 

  0x0000029bc0eb6028: ;   {runtime_call UncommonTrapBlob}
  0x0000029bc0eb6028: c5f8 77e8 

  0x0000029bc0eb602c: ; ImmutableOopMap {[40]=Oop [48]=Oop [56]=Oop [88]=Oop }
                      ;*if_icmple {reexecute=1 rethrow=0 return_oop=0}
                      ; - (reexecute) jdk.internal.util.Preconditions::checkFromToIndex@11
                      ; - java.lang.String::checkBoundsBeginEnd@6
                      ; - java.lang.String::substring@8
                      ; - java.lang.Class::getPackageName@62
                      ; - java.lang.ClassLoader::postDefineClass@2
                      ; - java.lang.ClassLoader::defineClass@37
  0x0000029bc0eb602c: d0d9 71ff 

  0x0000029bc0eb6030: ;   {other}
  0x0000029bc0eb6030: 0f1f 8400 | 2038 005d | baf6 ffff | ff66 6690 

  0x0000029bc0eb6040: ;   {runtime_call UncommonTrapBlob}
  0x0000029bc0eb6040: c5f8 77e8 

  0x0000029bc0eb6044: ; ImmutableOopMap {}
                      ;*invokevirtual isNamed {reexecute=0 rethrow=0 return_oop=0}
                      ; - java.lang.NamedPackage::<init>@12
                      ; - java.lang.ClassLoader::getNamedPackage@22
                      ; - java.lang.ClassLoader::postDefineClass@9
                      ; - java.lang.ClassLoader::defineClass@37
  0x0000029bc0eb6044: b8d9 71ff 

  0x0000029bc0eb6048: ;   {other}
  0x0000029bc0eb6048: 0f1f 8400 | 3838 005e | baf6 ffff | ff66 6690 

  0x0000029bc0eb6058: ;   {runtime_call UncommonTrapBlob}
  0x0000029bc0eb6058: c5f8 77e8 

  0x0000029bc0eb605c: ; ImmutableOopMap {[48]=NarrowOop }
                      ;*invokevirtual append {reexecute=0 rethrow=0 return_oop=0}
                      ; - java.lang.NamedPackage::<init>@35
                      ; - java.lang.ClassLoader::getNamedPackage@22
                      ; - java.lang.ClassLoader::postDefineClass@9
                      ; - java.lang.ClassLoader::defineClass@37
  0x0000029bc0eb605c: a0d9 71ff 

  0x0000029bc0eb6060: ;   {other}
  0x0000029bc0eb6060: 0f1f 8400 | 5038 005f | baf6 ffff | ff66 6690 

  0x0000029bc0eb6070: ;   {runtime_call UncommonTrapBlob}
  0x0000029bc0eb6070: c5f8 77e8 

  0x0000029bc0eb6074: ; ImmutableOopMap {}
                      ;*invokevirtual toString {reexecute=0 rethrow=0 return_oop=0}
                      ; - java.lang.NamedPackage::<init>@38
                      ; - java.lang.ClassLoader::getNamedPackage@22
                      ; - java.lang.ClassLoader::postDefineClass@9
                      ; - java.lang.ClassLoader::defineClass@37
  0x0000029bc0eb6074: 88d9 71ff 

  0x0000029bc0eb6078: ;   {other}
  0x0000029bc0eb6078: 0f1f 8400 | 6838 0060 | 448b 5424 | 5441 d1e2 | 4585 d20f | 8ccb 0400 | 0045 8b41 | 0c45 3bc2 
  0x0000029bc0eb6098: 0f82 be04 | 0000 4d8b | d94b 8d7c | 1110 488b | 7424 6033 | d28b ca83 | e10f 83e2 | f074 1c48 
  0x0000029bc0eb60b8: 8d34 1648 | 8d3c 5748 | f7da c4e2 | 7d30 0416 | c5fe 7f04 | 5748 83c2 | 1075 ef8b | d183 e107 
  0x0000029bc0eb60d8: 83e2 f874 | 27c4 e279 | 3006 c5fa | 7f07 4883 | c608 4883 | c710 e911 | 0000 00c4 | e279 3004 
  0x0000029bc0eb60f8: 16c5 fa7f | 0457 4883 | c208 75ef | 8bd1 83fa | 047c 19c5 | f96e 06c4 | e279 30c0 | c5f9 d607 
  0x0000029bc0eb6118: 4883 ea04 | 4883 c604 | 4883 c708 | 85d2 7418 | 488d 3416 | 488d 3c57 | 48f7 da0f | b60c 1666 
  0x0000029bc0eb6138: 890c 5748 | ffc2 75f3 | 4c8b 5424 | 284c 8954 | 2440 4c8b | 5424 384c | 8954 2428 | 4c8b 5424 
  0x0000029bc0eb6158: 484c 8954 | 2438 448b | 7424 5048 | 8b4c 2460 | e9f2 d5ff | ff44 8b54 | 2460 41d1 

  0x0000029bc0eb6174: ;   {no_reloc}
  0x0000029bc0eb6174: e245 85d2 | 0f8c 1204 | 0000 448b | 450c 453b | c20f 8205 | 0400 004c | 8bdd 4a8d | 7c15 1048 
  0x0000029bc0eb6194: 8b74 2458 | 33d2 8bca | 83e1 0f83 | e2f0 741c | 488d 3416 | 488d 3c57 | 48f7 dac4 | e27d 3004 
  0x0000029bc0eb61b4: 16c5 fe7f | 0457 4883 | c210 75ef | 8bd1 83e1 | 0783 e2f8 | 7427 c4e2 | 7930 06c5 | fa7f 0748 
  0x0000029bc0eb61d4: 83c6 0848 | 83c7 10e9 | 1100 0000 | c4e2 7930 | 0416 c5fa | 7f04 5748 | 83c2 0875 | ef8b d183 
  0x0000029bc0eb61f4: fa04 7c19 | c5f9 6e06 | c4e2 7930 | c0c5 f9d6 | 0748 83ea | 0448 83c6 | 0448 83c7 | 0885 d274 
  0x0000029bc0eb6214: 1848 8d34 | 1648 8d3c | 5748 f7da | 0fb6 0c16 | 6689 0c57 | 48ff c275 | f34c 8b54 | 2428 4c89 
  0x0000029bc0eb6234: 5424 404c | 8b54 2438 | 4c89 5424 | 284c 8b54 | 2448 4c89 | 5424 38e9 | 7cd5 ffff | ba45 ffff 
  0x0000029bc0eb6254: ff48 ff74 | 2440 488f | 4424 3044 | 8944 2450 | 4c89 4c24 | 5844 895c | 2454 4489 | 5424 6090 
  0x0000029bc0eb6274: ;   {no_reloc}
  0x0000029bc0eb6274: c5f8 77e8 

  0x0000029bc0eb6278: ; ImmutableOopMap {[40]=Oop [48]=Oop [56]=Oop [80]=NarrowOop [84]=NarrowOop [88]=Oop }
                      ;*ifge {reexecute=1 rethrow=0 return_oop=0}
                      ; - (reexecute) java.util.concurrent.ConcurrentHashMap::get@86
                      ; - java.lang.ClassLoader::getNamedPackage@5
                      ; - java.lang.ClassLoader::postDefineClass@9
                      ; - java.lang.ClassLoader::defineClass@37
  0x0000029bc0eb6278: 84d7 71ff 

  0x0000029bc0eb627c: ;   {other}
  0x0000029bc0eb627c: 0f1f 8400 | 6c3a 0061 | ba45 ffff | ff48 ff74 | 2440 488f | 4424 3044 | 8944 2448 | 4c89 4c24 
  0x0000029bc0eb629c: 5044 895c | 244c 4489 | 5424 5c89 | 7c24 6090 

  0x0000029bc0eb62ac: ;   {runtime_call UncommonTrapBlob}
  0x0000029bc0eb62ac: c5f8 77e8 

  0x0000029bc0eb62b0: ; ImmutableOopMap {[40]=Oop [48]=Oop [56]=Oop [72]=NarrowOop [76]=NarrowOop [80]=Oop [96]=NarrowOop }
                      ;*ifnull {reexecute=1 rethrow=0 return_oop=0}
                      ; - (reexecute) java.util.concurrent.ConcurrentHashMap::get@67
                      ; - java.lang.ClassLoader::getNamedPackage@5
                      ; - java.lang.ClassLoader::postDefineClass@9
                      ; - java.lang.ClassLoader::defineClass@37
  0x0000029bc0eb62b0: 4cd7 71ff 

  0x0000029bc0eb62b4: ;   {other}
  0x0000029bc0eb62b4: 0f1f 8400 | a43a 0062 | baf6 ffff | ff48 8b6c | 2420 6690 

  0x0000029bc0eb62c8: ;   {runtime_call UncommonTrapBlob}
  0x0000029bc0eb62c8: c5f8 77e8 

  0x0000029bc0eb62cc: ; ImmutableOopMap {rbp=Oop [72]=Oop }
                      ;*invokevirtual putIfAbsent {reexecute=0 rethrow=0 return_oop=0}
                      ; - java.lang.ClassLoader::getNamedPackage@32
                      ; - java.lang.ClassLoader::postDefineClass@9
                      ; - java.lang.ClassLoader::defineClass@37
  0x0000029bc0eb62cc: 30d7 71ff 

  0x0000029bc0eb62d0: ;   {other}
  0x0000029bc0eb62d0: 0f1f 8400 | c03a 0063 | bade ffff | ff48 8be8 

  0x0000029bc0eb62e0: ;   {runtime_call UncommonTrapBlob}
  0x0000029bc0eb62e0: c5f8 77e8 

  0x0000029bc0eb62e4: ; ImmutableOopMap {rbp=Oop }
                      ;*checkcast {reexecute=0 rethrow=0 return_oop=0}
                      ; - java.lang.ClassLoader::getNamedPackage@35
                      ; - java.lang.ClassLoader::postDefineClass@9
                      ; - java.lang.ClassLoader::defineClass@37
  0x0000029bc0eb62e4: 18d7 71ff 

  0x0000029bc0eb62e8: ;   {other}
  0x0000029bc0eb62e8: 0f1f 8400 | d83a 0064 | ba45 ffff | ff48 ff74 | 2440 488f | 4424 3044 | 8944 2450 | 4c89 4c24 
  0x0000029bc0eb6308: 5848 897c | 2460 4489 | 5424 5490 

  0x0000029bc0eb6314: ;   {runtime_call UncommonTrapBlob}
  0x0000029bc0eb6314: c5f8 77e8 

  0x0000029bc0eb6318: ; ImmutableOopMap {rbp=NarrowOop [40]=Oop [48]=Oop [56]=Oop [80]=NarrowOop [88]=Oop [96]=Oop }
                      ;*ifnull {reexecute=1 rethrow=0 return_oop=0}
                      ; - (reexecute) java.util.concurrent.ConcurrentHashMap::get@143
                      ; - java.lang.ClassLoader::getNamedPackage@5
                      ; - java.lang.ClassLoader::postDefineClass@9
                      ; - java.lang.ClassLoader::defineClass@37
  0x0000029bc0eb6318: e4d6 71ff 

  0x0000029bc0eb631c: ;   {other}
  0x0000029bc0eb631c: 0f1f 8400 | 0c3b 0065 | ba45 ffff | ff48 8b6c | 2440 8944 | 2460 6690 

  0x0000029bc0eb6334: ;   {runtime_call UncommonTrapBlob}
  0x0000029bc0eb6334: c5f8 77e8 

  0x0000029bc0eb6338: ; ImmutableOopMap {rbp=Oop [32]=Oop [48]=Oop [72]=Oop [80]=NarrowOop [88]=Oop }
                      ;*ifeq {reexecute=1 rethrow=0 return_oop=0}
                      ; - (reexecute) java.util.concurrent.ConcurrentHashMap::get@152
                      ; - java.lang.ClassLoader::getNamedPackage@5
                      ; - java.lang.ClassLoader::postDefineClass@9
                      ; - java.lang.ClassLoader::defineClass@37
  0x0000029bc0eb6338: c4d6 71ff 

  0x0000029bc0eb633c: ;   {other}
  0x0000029bc0eb633c: 0f1f 8400 | 2c3b 0066 | 4889 4c24 | 3844 8944 | 2434 4489 | 5424 304c | 8b54 2440 | 4c89 5424 
  0x0000029bc0eb635c: 2048 8b6c 

  0x0000029bc0eb6360: ;   {metadata('java/util/ArrayList')}
  0x0000029bc0eb6360: 2428 48ba | d089 0bcd | 9b02 0000 

  0x0000029bc0eb636c: ;   {runtime_call _new_instance_Java}
  0x0000029bc0eb636c: c5f8 77e8 

  0x0000029bc0eb6370: ; ImmutableOopMap {rbp=Oop [32]=Oop [48]=NarrowOop [52]=NarrowOop [56]=Oop }
                      ;*new {reexecute=0 rethrow=0 return_oop=1}
                      ; - java.security.CodeSource::getCertificates@25
                      ; - java.lang.ClassLoader::postDefineClass@24
                      ; - java.lang.ClassLoader::defineClass@37
  0x0000029bc0eb6370: 0ccc 7cff 

  0x0000029bc0eb6374: ;   {other}
  0x0000029bc0eb6374: 0f1f 8400 | 643b 0067 | 4889 6c24 | 284c 8b54 | 2420 4c89 | 5424 4044 | 8b54 2430 | 448b 4424 
  0x0000029bc0eb6394: 3448 8b4c | 2438 e913 | f0ff ff4c | 894c 2448 | 488b e944 | 8954 2438 | 48ff 7424 | 4048 8f44 
  0x0000029bc0eb63b4: 2430 4c8b | 5424 284c | 8954 2420 

  0x0000029bc0eb63c0: ;   {metadata('java/security/cert/Certificate'[])}
  0x0000029bc0eb63c0: 48ba 2029 | 10cd 9b02 | 0000 4533 | c066 6690 

  0x0000029bc0eb63d0: ;   {runtime_call _new_array_Java}
  0x0000029bc0eb63d0: c5f8 77e8 

  0x0000029bc0eb63d4: ; ImmutableOopMap {rbp=Oop [32]=Oop [48]=Oop [56]=NarrowOop [64]=Oop [72]=Oop }
                      ;*anewarray {reexecute=0 rethrow=0 return_oop=1}
                      ; - java.security.CodeSource::getCertificates@70
                      ; - java.lang.ClassLoader::postDefineClass@24
                      ; - java.lang.ClassLoader::defineClass@37
  0x0000029bc0eb63d4: a8c8 7cff 

  0x0000029bc0eb63d8: ;   {other}
  0x0000029bc0eb63d8: 0f1f 8400 | c83b 0068 | e912 f1ff 

  0x0000029bc0eb63e4: ;   {metadata('java/security/cert/Certificate'[])}
  0x0000029bc0eb63e4: ff48 ba20 | 2910 cd9b | 0200 0045 | 8bc2 6690 

  0x0000029bc0eb63f4: ;   {runtime_call _new_array_Java}
  0x0000029bc0eb63f4: c5f8 77e8 

  0x0000029bc0eb63f8: ; ImmutableOopMap {[32]=Oop [48]=Oop [64]=Oop }
                      ;*invokevirtual clone {reexecute=1 rethrow=0 return_oop=1}
                      ; - (reexecute) java.security.CodeSource::getCertificates@86
                      ; - java.lang.ClassLoader::postDefineClass@24
                      ; - java.lang.ClassLoader::defineClass@37
  0x0000029bc0eb63f8: 84c8 7cff 

  0x0000029bc0eb63fc: ;   {other}
  0x0000029bc0eb63fc: 0f1f 8400 | ec3b 0069 | 488b d8e9 | bff1 ffff | ba37 0100 | 0049 8bea | 4c8b 5424 | 404c 8954 
  0x0000029bc0eb641c: 2438 6690 

  0x0000029bc0eb6420: ;   {runtime_call UncommonTrapBlob}
  0x0000029bc0eb6420: c5f8 77e8 

  0x0000029bc0eb6424: ; ImmutableOopMap {rbp=Oop [32]=Oop [56]=Oop [64]=Oop }
                      ;*new {reexecute=0 rethrow=0 return_oop=0}
                      ; - java.lang.ClassLoader::preDefineClass@56
                      ; - java.lang.ClassLoader::defineClass@4
  0x0000029bc0eb6424: d8d5 71ff 

  0x0000029bc0eb6428: ;   {other}
  0x0000029bc0eb6428: 0f1f 8400 | 183c 006a | bace ffff | ff48 8b6c | 2428 48ff | 7424 4048 | 8f44 2428 | 4489 7424 
  0x0000029bc0eb6448: 4089 5c24 | 4489 7424 | 5889 7c24 | 5c44 894c | 2460 8944 | 2464 6690 

  0x0000029bc0eb6460: ;   {runtime_call UncommonTrapBlob}
  0x0000029bc0eb6460: c5f8 77e8 

  0x0000029bc0eb6464: ; ImmutableOopMap {rbp=Oop [32]=Oop [40]=Oop [56]=Oop [64]=NarrowOop [88]=NarrowOop [92]=NarrowOop [120]=Oop }
                      ;*invokestatic inflate {reexecute=0 rethrow=0 return_oop=0}
                      ; - java.lang.String::getBytes@40
                      ; - java.lang.AbstractStringBuilder::putStringAt@15
                      ; - java.lang.AbstractStringBuilder::append@30
                      ; - java.lang.StringBuilder::append@2
                      ; - java.net.URLStreamHandler::toExternalForm@59
                      ; - java.net.URL::toExternalForm@5
                      ; - java.net.URL::toString@1
                      ; - java.lang.ClassLoader::defineClassSourceLocation@22
                      ; - java.lang.ClassLoader::defineClass@12
  0x0000029bc0eb6464: 98d5 71ff 

  0x0000029bc0eb6468: ;   {other}
  0x0000029bc0eb6468: 0f1f 8400 | 583c 006b | bace ffff | ff48 8b6c | 2428 4c8b | 5424 404c | 8954 2428 | 4489 7424 
  0x0000029bc0eb6488: 4044 896c | 2444 4489 | 4c24 5844 | 895c 245c | 897c 2460 | 8944 2464 

  0x0000029bc0eb64a0: ;   {runtime_call UncommonTrapBlob}
  0x0000029bc0eb64a0: c5f8 77e8 

  0x0000029bc0eb64a4: ; ImmutableOopMap {rbp=Oop [32]=Oop [40]=Oop [56]=Oop [64]=NarrowOop [88]=NarrowOop [92]=NarrowOop [120]=Oop }
                      ;*invokestatic inflate {reexecute=0 rethrow=0 return_oop=0}
                      ; - java.lang.String::getBytes@40
                      ; - java.lang.AbstractStringBuilder::putStringAt@15
                      ; - java.lang.AbstractStringBuilder::append@30
                      ; - java.lang.StringBuilder::append@2
                      ; - java.net.URLStreamHandler::toExternalForm@77
                      ; - java.net.URL::toExternalForm@5
                      ; - java.net.URL::toString@1
                      ; - java.lang.ClassLoader::defineClassSourceLocation@22
                      ; - java.lang.ClassLoader::defineClass@12
  0x0000029bc0eb64a4: 58d5 71ff 

  0x0000029bc0eb64a8: ;   {other}
  0x0000029bc0eb64a8: 0f1f 8400 | 983c 006c | bace ffff | ff48 8b6c | 2428 4c8b | 5424 404c | 8954 2428 | 4489 7424 
  0x0000029bc0eb64c8: 4089 5c24 | 4444 895c | 2458 8974 | 245c 894c | 2460 4489 | 4c24 6490 

  0x0000029bc0eb64e0: ;   {runtime_call UncommonTrapBlob}
  0x0000029bc0eb64e0: c5f8 77e8 

  0x0000029bc0eb64e4: ; ImmutableOopMap {rbp=Oop [32]=Oop [40]=Oop [56]=Oop [64]=NarrowOop [88]=NarrowOop [92]=NarrowOop [120]=Oop }
                      ;*invokestatic inflate {reexecute=0 rethrow=0 return_oop=0}
                      ; - java.lang.String::getBytes@40
                      ; - java.lang.AbstractStringBuilder::putStringAt@15
                      ; - java.lang.AbstractStringBuilder::append@30
                      ; - java.lang.StringBuilder::append@2
                      ; - java.net.URLStreamHandler::toExternalForm@11
                      ; - java.net.URL::toExternalForm@5
                      ; - java.net.URL::toString@1
                      ; - java.lang.ClassLoader::defineClassSourceLocation@22
                      ; - java.lang.ClassLoader::defineClass@12
  0x0000029bc0eb64e4: 18d5 71ff 

  0x0000029bc0eb64e8: ;   {other}
  0x0000029bc0eb64e8: 0f1f 8400 | d83c 006d | bae4 ffff | ff48 ff74 | 2440 488f | 4424 3044 | 8944 2450 | 8974 2454 
  0x0000029bc0eb6508: 4889 4424 | 5848 8944 | 2460 6690 

  0x0000029bc0eb6514: ;   {runtime_call UncommonTrapBlob}
  0x0000029bc0eb6514: c5f8 77e8 

  0x0000029bc0eb6518: ; ImmutableOopMap {rbp=NarrowOop [40]=Oop [48]=Oop [56]=Oop [80]=NarrowOop [84]=NarrowOop [88]=Oop [96]=Oop }
                      ;*baload {reexecute=0 rethrow=0 return_oop=0}
                      ; - java.lang.StringLatin1::hashCode@34
                      ; - java.lang.String::hashCode@27
                      ; - java.util.concurrent.ConcurrentHashMap::get@1
                      ; - java.lang.ClassLoader::getNamedPackage@5
                      ; - java.lang.ClassLoader::postDefineClass@9
                      ; - java.lang.ClassLoader::defineClass@37
  0x0000029bc0eb6518: e4d4 71ff 

  0x0000029bc0eb651c: ;   {other}
  0x0000029bc0eb651c: 0f1f 8400 | 0c3d 006e | bae4 ffff | ff48 8b6c | 2440 488b | 4c24 2848 | 894c 2420 | 4489 5424 
  0x0000029bc0eb653c: 304c 894c | 2440 4489 | 4424 4844 | 895c 244c 

  0x0000029bc0eb654c: ;   {runtime_call UncommonTrapBlob}
  0x0000029bc0eb654c: c5f8 77e8 

  0x0000029bc0eb6550: ; ImmutableOopMap {rbp=Oop [32]=Oop [48]=NarrowOop [64]=Oop [72]=NarrowOop }
                      ;*aaload {reexecute=0 rethrow=0 return_oop=0}
                      ; - java.security.CodeSource::getCertificates@50
                      ; - java.lang.ClassLoader::postDefineClass@24
                      ; - java.lang.ClassLoader::defineClass@37
  0x0000029bc0eb6550: acd4 71ff 

  0x0000029bc0eb6554: ;   {other}
  0x0000029bc0eb6554: 0f1f 8400 | 443d 006f | bace ffff | ff48 8b6c | 2438 4c8b | 5424 484c | 8954 2438 | 448b 5c24 
  0x0000029bc0eb6574: 5044 895c | 2440 4489 | 4c24 4490 

  0x0000029bc0eb6580: ;   {runtime_call UncommonTrapBlob}
  0x0000029bc0eb6580: c5f8 77e8 

  0x0000029bc0eb6584: ; ImmutableOopMap {rbp=Oop [32]=Oop [40]=Oop [56]=Oop [64]=NarrowOop [68]=NarrowOop [120]=Oop }
                      ;*invokestatic inflate {reexecute=0 rethrow=0 return_oop=0}
                      ; - java.lang.String::getBytes@40
                      ; - java.lang.AbstractStringBuilder::putStringAt@15
                      ; - java.lang.AbstractStringBuilder::append@30
                      ; - java.lang.StringBuilder::append@2
                      ; - java.net.URLStreamHandler::toExternalForm@113
                      ; - java.net.URL::toExternalForm@5
                      ; - java.net.URL::toString@1
                      ; - java.lang.ClassLoader::defineClassSourceLocation@22
                      ; - java.lang.ClassLoader::defineClass@12
  0x0000029bc0eb6584: 78d4 71ff 

  0x0000029bc0eb6588: ;   {other}
  0x0000029bc0eb6588: 0f1f 8400 | 783d 0070 | bace ffff | ff4c 8b54 | 2448 4c89 | 5424 4090 

  0x0000029bc0eb65a0: ;   {runtime_call UncommonTrapBlob}
  0x0000029bc0eb65a0: c5f8 77e8 

  0x0000029bc0eb65a4: ; ImmutableOopMap {rbp=NarrowOop [32]=Oop [40]=Oop [56]=Oop [64]=Oop [120]=Oop }
                      ;*invokestatic inflate {reexecute=0 rethrow=0 return_oop=0}
                      ; - java.lang.String::getBytes@40
                      ; - java.lang.AbstractStringBuilder::putStringAt@15
                      ; - java.lang.AbstractStringBuilder::append@30
                      ; - java.lang.StringBuilder::append@2
                      ; - java.net.URLStreamHandler::toExternalForm@149
                      ; - java.net.URL::toExternalForm@5
                      ; - java.net.URL::toString@1
                      ; - java.lang.ClassLoader::defineClassSourceLocation@22
                      ; - java.lang.ClassLoader::defineClass@12
  0x0000029bc0eb65a4: 58d4 71ff 

  0x0000029bc0eb65a8: ;   {other}
  0x0000029bc0eb65a8: 0f1f 8400 | 983d 0071 | bade ffff | ff48 8b6c | 2430 448b | 4424 3844 | 8944 2434 | 4889 4424 
  0x0000029bc0eb65c8: 3866 6690 

  0x0000029bc0eb65cc: ;   {runtime_call UncommonTrapBlob}
  0x0000029bc0eb65cc: c5f8 77e8 

  0x0000029bc0eb65d0: ; ImmutableOopMap {rbp=Oop [32]=Oop [52]=NarrowOop [56]=Oop }
                      ;*checkcast {reexecute=0 rethrow=0 return_oop=0}
                      ; - java.security.CodeSource::getCertificates@76
                      ; - java.lang.ClassLoader::postDefineClass@24
                      ; - java.lang.ClassLoader::defineClass@37
  0x0000029bc0eb65d0: 2cd4 71ff 

  0x0000029bc0eb65d4: ;   {other}
  0x0000029bc0eb65d4: 0f1f 8400 | c43d 0072 | baf6 ffff | ff66 6690 

  0x0000029bc0eb65e4: ;   {runtime_call UncommonTrapBlob}
  0x0000029bc0eb65e4: c5f8 77e8 

  0x0000029bc0eb65e8: ; ImmutableOopMap {}
                      ;*invokevirtual getCodeSource {reexecute=0 rethrow=0 return_oop=0}
                      ; - java.lang.ClassLoader::defineClassSourceLocation@1
                      ; - java.lang.ClassLoader::defineClass@12
  0x0000029bc0eb65e8: 14d4 71ff 

  0x0000029bc0eb65ec: ;   {other}
  0x0000029bc0eb65ec: 0f1f 8400 | dc3d 0073 | baf6 ffff | ff66 6690 

  0x0000029bc0eb65fc: ;   {runtime_call UncommonTrapBlob}
  0x0000029bc0eb65fc: c5f8 77e8 

  0x0000029bc0eb6600: ; ImmutableOopMap {}
                      ;*invokevirtual getPackageName {reexecute=0 rethrow=0 return_oop=0}
                      ; - java.lang.ClassLoader::postDefineClass@2
                      ; - java.lang.ClassLoader::defineClass@37
  0x0000029bc0eb6600: fcd3 71ff 

  0x0000029bc0eb6604: ;   {other}
  0x0000029bc0eb6604: 0f1f 8400 | f43d 0074 | baf6 ffff | ff66 6690 

  0x0000029bc0eb6614: ;   {runtime_call UncommonTrapBlob}
  0x0000029bc0eb6614: c5f8 77e8 

  0x0000029bc0eb6618: ; ImmutableOopMap {}
                      ;*invokevirtual hashCode {reexecute=0 rethrow=0 return_oop=0}
                      ; - java.util.concurrent.ConcurrentHashMap::get@1
                      ; - java.lang.ClassLoader::getNamedPackage@5
                      ; - java.lang.ClassLoader::postDefineClass@9
                      ; - java.lang.ClassLoader::defineClass@37
  0x0000029bc0eb6618: e4d3 71ff 

  0x0000029bc0eb661c: ;   {other}
  0x0000029bc0eb661c: 0f1f 8400 | 0c3e 0075 | baf6 ffff | ff66 6690 

  0x0000029bc0eb662c: ;   {runtime_call UncommonTrapBlob}
  0x0000029bc0eb662c: c5f8 77e8 

  0x0000029bc0eb6630: ; ImmutableOopMap {}
                      ;*arraylength {reexecute=0 rethrow=0 return_oop=0}
                      ; - java.lang.String::isEmpty@4
                      ; - java.lang.ClassLoader::checkName@5
                      ; - java.lang.ClassLoader::preDefineClass@1
                      ; - java.lang.ClassLoader::defineClass@4
  0x0000029bc0eb6630: ccd3 71ff 

  0x0000029bc0eb6634: ;   {other}
  0x0000029bc0eb6634: 0f1f 8400 | 243e 0076 | baf6 ffff | ff66 6690 

  0x0000029bc0eb6644: ;   {runtime_call UncommonTrapBlob}
  0x0000029bc0eb6644: c5f8 77e8 

  0x0000029bc0eb6648: ; ImmutableOopMap {}
                      ;*arraylength {reexecute=0 rethrow=0 return_oop=0}
                      ; - java.lang.StringLatin1::charAt@2
                      ; - java.lang.String::charAt@12
                      ; - java.lang.ClassLoader::checkName@25
                      ; - java.lang.ClassLoader::preDefineClass@1
                      ; - java.lang.ClassLoader::defineClass@4
  0x0000029bc0eb6648: b4d3 71ff 

  0x0000029bc0eb664c: ;   {other}
  0x0000029bc0eb664c: 0f1f 8400 | 3c3e 0077 | baf6 ffff | ff66 6690 

  0x0000029bc0eb665c: ;   {runtime_call UncommonTrapBlob}
  0x0000029bc0eb665c: c5f8 77e8 

  0x0000029bc0eb6660: ; ImmutableOopMap {}
                      ;*arraylength {reexecute=0 rethrow=0 return_oop=0}
                      ; - java.lang.String::length@4
                      ; - java.lang.String::startsWith@6
                      ; - java.lang.String::startsWith@3
                      ; - java.lang.ClassLoader::preDefineClass@43
                      ; - java.lang.ClassLoader::defineClass@4
  0x0000029bc0eb6660: 9cd3 71ff 

  0x0000029bc0eb6664: ;   {other}
  0x0000029bc0eb6664: 0f1f 8400 | 543e 0078 | baf6 ffff | ff66 6690 

  0x0000029bc0eb6674: ;   {runtime_call UncommonTrapBlob}
  0x0000029bc0eb6674: c5f8 77e8 

  0x0000029bc0eb6678: ; ImmutableOopMap {}
                      ;*invokevirtual getCodeSource {reexecute=0 rethrow=0 return_oop=0}
                      ; - java.lang.ClassLoader::preDefineClass@110
                      ; - java.lang.ClassLoader::defineClass@4
  0x0000029bc0eb6678: 84d3 71ff 

  0x0000029bc0eb667c: ;   {other}
  0x0000029bc0eb667c: 0f1f 8400 | 6c3e 0079 | baf6 ffff | ff41 8bee 

  0x0000029bc0eb668c: ;   {runtime_call UncommonTrapBlob}
  0x0000029bc0eb668c: c5f8 77e8 

  0x0000029bc0eb6690: ; ImmutableOopMap {rbp=NarrowOop }
                      ;*invokevirtual toExternalForm {reexecute=0 rethrow=0 return_oop=0}
                      ; - java.net.URL::toExternalForm@5
                      ; - java.net.URL::toString@1
                      ; - java.lang.ClassLoader::defineClassSourceLocation@22
                      ; - java.lang.ClassLoader::defineClass@12
  0x0000029bc0eb6690: 6cd3 71ff 

  0x0000029bc0eb6694: ;   {other}
  0x0000029bc0eb6694: 0f1f 8400 | 843e 007a | baf6 ffff | ff66 6690 

  0x0000029bc0eb66a4: ;   {runtime_call UncommonTrapBlob}
  0x0000029bc0eb66a4: c5f8 77e8 

  0x0000029bc0eb66a8: ; ImmutableOopMap {}
                      ;*arraylength {reexecute=0 rethrow=0 return_oop=0}
                      ; - java.lang.AbstractStringBuilder::ensureCapacityInternal@4
                      ; - java.lang.AbstractStringBuilder::append@7
                      ; - java.lang.StringBuilder::append@2
                      ; - java.net.URLStreamHandler::toExternalForm@16
                      ; - java.net.URL::toExternalForm@5
                      ; - java.net.URL::toString@1
                      ; - java.lang.ClassLoader::defineClassSourceLocation@22
                      ; - java.lang.ClassLoader::defineClass@12
  0x0000029bc0eb66a8: 54d3 71ff 

  0x0000029bc0eb66ac: ;   {other}
  0x0000029bc0eb66ac: 0f1f 8400 | 9c3e 007b | baf6 ffff | ff66 6690 

  0x0000029bc0eb66bc: ;   {runtime_call UncommonTrapBlob}
  0x0000029bc0eb66bc: c5f8 77e8 

  0x0000029bc0eb66c0: ; ImmutableOopMap {}
                      ;*arraylength {reexecute=0 rethrow=0 return_oop=0}
                      ; - java.lang.String::length@4
                      ; - java.lang.AbstractStringBuilder::append@10
                      ; - java.lang.StringBuilder::append@2
                      ; - java.net.URLStreamHandler::toExternalForm@59
                      ; - java.net.URL::toExternalForm@5
                      ; - java.net.URL::toString@1
                      ; - java.lang.ClassLoader::defineClassSourceLocation@22
                      ; - java.lang.ClassLoader::defineClass@12
  0x0000029bc0eb66c0: 3cd3 71ff 

  0x0000029bc0eb66c4: ;   {other}
  0x0000029bc0eb66c4: 0f1f 8400 | b43e 007c | baf6 ffff | ff66 6690 

  0x0000029bc0eb66d4: ;   {runtime_call UncommonTrapBlob}
  0x0000029bc0eb66d4: c5f8 77e8 

  0x0000029bc0eb66d8: ; ImmutableOopMap {}
                      ;*arraylength {reexecute=0 rethrow=0 return_oop=0}
                      ; - java.lang.AbstractStringBuilder::ensureCapacityInternal@4
                      ; - java.lang.AbstractStringBuilder::append@21
                      ; - java.lang.StringBuilder::append@2
                      ; - java.net.URLStreamHandler::toExternalForm@59
                      ; - java.net.URL::toExternalForm@5
                      ; - java.net.URL::toString@1
                      ; - java.lang.ClassLoader::defineClassSourceLocation@22
                      ; - java.lang.ClassLoader::defineClass@12
  0x0000029bc0eb66d8: 24d3 71ff 

  0x0000029bc0eb66dc: ;   {other}
  0x0000029bc0eb66dc: 0f1f 8400 | cc3e 007d | baf6 ffff | ff66 6690 

  0x0000029bc0eb66ec: ;   {runtime_call UncommonTrapBlob}
  0x0000029bc0eb66ec: c5f8 77e8 

  0x0000029bc0eb66f0: ; ImmutableOopMap {}
                      ;*arraylength {reexecute=0 rethrow=0 return_oop=0}
                      ; - java.lang.String::length@4
                      ; - java.lang.AbstractStringBuilder::append@10
                      ; - java.lang.StringBuilder::append@2
                      ; - java.net.URLStreamHandler::toExternalForm@77
                      ; - java.net.URL::toExternalForm@5
                      ; - java.net.URL::toString@1
                      ; - java.lang.ClassLoader::defineClassSourceLocation@22
                      ; - java.lang.ClassLoader::defineClass@12
  0x0000029bc0eb66f0: 0cd3 71ff 

  0x0000029bc0eb66f4: ;   {other}
  0x0000029bc0eb66f4: 0f1f 8400 | e43e 007e | baf6 ffff | ff66 6690 

  0x0000029bc0eb6704: ;   {runtime_call UncommonTrapBlob}
  0x0000029bc0eb6704: c5f8 77e8 

  0x0000029bc0eb6708: ; ImmutableOopMap {}
                      ;*arraylength {reexecute=0 rethrow=0 return_oop=0}
                      ; - java.lang.AbstractStringBuilder::ensureCapacityInternal@4
                      ; - java.lang.AbstractStringBuilder::append@21
                      ; - java.lang.StringBuilder::append@2
                      ; - java.net.URLStreamHandler::toExternalForm@77
                      ; - java.net.URL::toExternalForm@5
                      ; - java.net.URL::toString@1
                      ; - java.lang.ClassLoader::defineClassSourceLocation@22
                      ; - java.lang.ClassLoader::defineClass@12
  0x0000029bc0eb6708: f4d2 71ff 

  0x0000029bc0eb670c: ;   {other}
  0x0000029bc0eb670c: 0f1f 8400 | fc3e 007f | baf6 ffff | ff66 6690 

  0x0000029bc0eb671c: ;   {runtime_call UncommonTrapBlob}
  0x0000029bc0eb671c: c5f8 77e8 

  0x0000029bc0eb6720: ; ImmutableOopMap {}
                      ;*arraylength {reexecute=0 rethrow=0 return_oop=0}
                      ; - java.lang.AbstractStringBuilder::ensureCapacityInternal@4
                      ; - java.lang.AbstractStringBuilder::append@21
                      ; - java.lang.StringBuilder::append@2
                      ; - java.net.URLStreamHandler::toExternalForm@113
                      ; - java.net.URL::toExternalForm@5
                      ; - java.net.URL::toString@1
                      ; - java.lang.ClassLoader::defineClassSourceLocation@22
                      ; - java.lang.ClassLoader::defineClass@12
  0x0000029bc0eb6720: dcd2 71ff 

  0x0000029bc0eb6724: ;   {other}
  0x0000029bc0eb6724: 0f1f 8400 | 143f 0080 | baf6 ffff | ff66 6690 

  0x0000029bc0eb6734: ;   {runtime_call UncommonTrapBlob}
  0x0000029bc0eb6734: c5f8 77e8 

  0x0000029bc0eb6738: ; ImmutableOopMap {}
                      ;*arraylength {reexecute=0 rethrow=0 return_oop=0}
                      ; - java.lang.AbstractStringBuilder::ensureCapacityInternal@4
                      ; - java.lang.AbstractStringBuilder::append@21
                      ; - java.lang.StringBuilder::append@2
                      ; - java.net.URLStreamHandler::toExternalForm@149
                      ; - java.net.URL::toExternalForm@5
                      ; - java.net.URL::toString@1
                      ; - java.lang.ClassLoader::defineClassSourceLocation@22
                      ; - java.lang.ClassLoader::defineClass@12
  0x0000029bc0eb6738: c4d2 71ff 

  0x0000029bc0eb673c: ;   {other}
  0x0000029bc0eb673c: 0f1f 8400 | 2c3f 0081 | baf6 ffff | ff66 6690 

  0x0000029bc0eb674c: ;   {runtime_call UncommonTrapBlob}
  0x0000029bc0eb674c: c5f8 77e8 

  0x0000029bc0eb6750: ; ImmutableOopMap {}
                      ;*arraylength {reexecute=0 rethrow=0 return_oop=0}
                      ; - java.util.Arrays::copyOfRange@6
                      ; - java.lang.String::<init>@32
                      ; - java.lang.String::<init>@3
                      ; - java.lang.StringBuilder::toString@5
                      ; - java.net.URLStreamHandler::toExternalForm@152
                      ; - java.net.URL::toExternalForm@5
                      ; - java.net.URL::toString@1
                      ; - java.lang.ClassLoader::defineClassSourceLocation@22
                      ; - java.lang.ClassLoader::defineClass@12
  0x0000029bc0eb6750: acd2 71ff 

  0x0000029bc0eb6754: ;   {other}
  0x0000029bc0eb6754: 0f1f 8400 | 443f 0082 | baf6 ffff | ff66 6690 

  0x0000029bc0eb6764: ;   {runtime_call UncommonTrapBlob}
  0x0000029bc0eb6764: c5f8 77e8 

  0x0000029bc0eb6768: ; ImmutableOopMap {}
                      ;*arraylength {reexecute=0 rethrow=0 return_oop=0}
                      ; - java.lang.String::length@4
                      ; - java.lang.AbstractStringBuilder::append@10
                      ; - java.lang.StringBuilder::append@2
                      ; - java.net.URLStreamHandler::toExternalForm@11
                      ; - java.net.URL::toExternalForm@5
                      ; - java.net.URL::toString@1
                      ; - java.lang.ClassLoader::defineClassSourceLocation@22
                      ; - java.lang.ClassLoader::defineClass@12
  0x0000029bc0eb6768: 94d2 71ff 

  0x0000029bc0eb676c: ;   {other}
  0x0000029bc0eb676c: 0f1f 8400 | 5c3f 0083 | baf6 ffff | ff66 6690 

  0x0000029bc0eb677c: ;   {runtime_call UncommonTrapBlob}
  0x0000029bc0eb677c: c5f8 77e8 

  0x0000029bc0eb6780: ; ImmutableOopMap {}
                      ;*arraylength {reexecute=0 rethrow=0 return_oop=0}
                      ; - java.lang.String::getBytes@21
                      ; - java.lang.AbstractStringBuilder::putStringAt@15
                      ; - java.lang.AbstractStringBuilder::append@30
                      ; - java.lang.StringBuilder::append@2
                      ; - java.net.URLStreamHandler::toExternalForm@59
                      ; - java.net.URL::toExternalForm@5
                      ; - java.net.URL::toString@1
                      ; - java.lang.ClassLoader::defineClassSourceLocation@22
                      ; - java.lang.ClassLoader::defineClass@12
  0x0000029bc0eb6780: 7cd2 71ff 

  0x0000029bc0eb6784: ;   {other}
  0x0000029bc0eb6784: 0f1f 8400 | 743f 0084 | baf6 ffff | ff89 7424 | 2044 8954 | 2424 6690 

  0x0000029bc0eb679c: ;   {runtime_call UncommonTrapBlob}
  0x0000029bc0eb679c: c5f8 77e8 

  0x0000029bc0eb67a0: ; ImmutableOopMap {[32]=NarrowOop }
                      ;*invokestatic arraycopy {reexecute=0 rethrow=0 return_oop=0}
                      ; - java.lang.String::getBytes@22
                      ; - java.lang.AbstractStringBuilder::putStringAt@15
                      ; - java.lang.AbstractStringBuilder::append@30
                      ; - java.lang.StringBuilder::append@2
                      ; - java.net.URLStreamHandler::toExternalForm@59
                      ; - java.net.URL::toExternalForm@5
                      ; - java.net.URL::toString@1
                      ; - java.lang.ClassLoader::defineClassSourceLocation@22
                      ; - java.lang.ClassLoader::defineClass@12
  0x0000029bc0eb67a0: 5cd2 71ff 

  0x0000029bc0eb67a4: ;   {other}
  0x0000029bc0eb67a4: 0f1f 8400 | 943f 0085 | baf6 ffff | ff66 6690 

  0x0000029bc0eb67b4: ;   {runtime_call UncommonTrapBlob}
  0x0000029bc0eb67b4: c5f8 77e8 

  0x0000029bc0eb67b8: ; ImmutableOopMap {}
                      ;*arraylength {reexecute=0 rethrow=0 return_oop=0}
                      ; - java.lang.String::getBytes@21
                      ; - java.lang.AbstractStringBuilder::putStringAt@15
                      ; - java.lang.AbstractStringBuilder::append@30
                      ; - java.lang.StringBuilder::append@2
                      ; - java.net.URLStreamHandler::toExternalForm@77
                      ; - java.net.URL::toExternalForm@5
                      ; - java.net.URL::toString@1
                      ; - java.lang.ClassLoader::defineClassSourceLocation@22
                      ; - java.lang.ClassLoader::defineClass@12
  0x0000029bc0eb67b8: 44d2 71ff 

  0x0000029bc0eb67bc: ;   {other}
  0x0000029bc0eb67bc: 0f1f 8400 | ac3f 0086 | baf6 ffff | ff44 894c | 2420 4489 | 4424 2490 

  0x0000029bc0eb67d4: ;   {runtime_call UncommonTrapBlob}
  0x0000029bc0eb67d4: c5f8 77e8 

  0x0000029bc0eb67d8: ; ImmutableOopMap {[32]=NarrowOop }
                      ;*invokestatic arraycopy {reexecute=0 rethrow=0 return_oop=0}
                      ; - java.lang.String::getBytes@22
                      ; - java.lang.AbstractStringBuilder::putStringAt@15
                      ; - java.lang.AbstractStringBuilder::append@30
                      ; - java.lang.StringBuilder::append@2
                      ; - java.net.URLStreamHandler::toExternalForm@77
                      ; - java.net.URL::toExternalForm@5
                      ; - java.net.URL::toString@1
                      ; - java.lang.ClassLoader::defineClassSourceLocation@22
                      ; - java.lang.ClassLoader::defineClass@12
  0x0000029bc0eb67d8: 24d2 71ff 

  0x0000029bc0eb67dc: ;   {other}
  0x0000029bc0eb67dc: 0f1f 8400 | cc3f 0087 | baf6 ffff | ff66 6690 

  0x0000029bc0eb67ec: ;   {runtime_call UncommonTrapBlob}
  0x0000029bc0eb67ec: c5f8 77e8 

  0x0000029bc0eb67f0: ; ImmutableOopMap {}
                      ;*arraylength {reexecute=0 rethrow=0 return_oop=0}
                      ; - java.lang.String::getBytes@21
                      ; - java.lang.AbstractStringBuilder::putStringAt@15
                      ; - java.lang.AbstractStringBuilder::append@30
                      ; - java.lang.StringBuilder::append@2
                      ; - java.net.URLStreamHandler::toExternalForm@11
                      ; - java.net.URL::toExternalForm@5
                      ; - java.net.URL::toString@1
                      ; - java.lang.ClassLoader::defineClassSourceLocation@22
                      ; - java.lang.ClassLoader::defineClass@12
  0x0000029bc0eb67f0: 0cd2 71ff 

  0x0000029bc0eb67f4: ;   {other}
  0x0000029bc0eb67f4: 0f1f 8400 | e43f 0088 | baf6 ffff | ff44 895c | 2420 4489 | 4424 2490 

  0x0000029bc0eb680c: ;   {runtime_call UncommonTrapBlob}
  0x0000029bc0eb680c: c5f8 77e8 

  0x0000029bc0eb6810: ; ImmutableOopMap {[32]=NarrowOop }
                      ;*invokestatic arraycopy {reexecute=0 rethrow=0 return_oop=0}
                      ; - java.lang.String::getBytes@22
                      ; - java.lang.AbstractStringBuilder::putStringAt@15
                      ; - java.lang.AbstractStringBuilder::append@30
                      ; - java.lang.StringBuilder::append@2
                      ; - java.net.URLStreamHandler::toExternalForm@11
                      ; - java.net.URL::toExternalForm@5
                      ; - java.net.URL::toString@1
                      ; - java.lang.ClassLoader::defineClassSourceLocation@22
                      ; - java.lang.ClassLoader::defineClass@12
  0x0000029bc0eb6810: ecd1 71ff 

  0x0000029bc0eb6814: ;   {other}
  0x0000029bc0eb6814: 0f1f 8400 | 0440 0089 | baf6 ffff | ff66 6690 

  0x0000029bc0eb6824: ;   {runtime_call UncommonTrapBlob}
  0x0000029bc0eb6824: c5f8 77e8 

  0x0000029bc0eb6828: ; ImmutableOopMap {}
                      ;*bastore {reexecute=0 rethrow=0 return_oop=0}
                      ; - java.lang.AbstractStringBuilder::append@41
                      ; - java.lang.StringBuilder::append@2
                      ; - java.net.URLStreamHandler::toExternalForm@16
                      ; - java.net.URL::toExternalForm@5
                      ; - java.net.URL::toString@1
                      ; - java.lang.ClassLoader::defineClassSourceLocation@22
                      ; - java.lang.ClassLoader::defineClass@12
  0x0000029bc0eb6828: d4d1 71ff 

  0x0000029bc0eb682c: ;   {other}
  0x0000029bc0eb682c: 0f1f 8400 | 1c40 008a | baf6 ffff | ff66 6690 

  0x0000029bc0eb683c: ;   {runtime_call UncommonTrapBlob}
  0x0000029bc0eb683c: c5f8 77e8 

  0x0000029bc0eb6840: ; ImmutableOopMap {}
                      ;*arraylength {reexecute=0 rethrow=0 return_oop=0}
                      ; - java.lang.String::isEmpty@4
                      ; - java.net.URLStreamHandler::toExternalForm@29
                      ; - java.net.URL::toExternalForm@5
                      ; - java.net.URL::toString@1
                      ; - java.lang.ClassLoader::defineClassSourceLocation@22
                      ; - java.lang.ClassLoader::defineClass@12
  0x0000029bc0eb6840: bcd1 71ff 

  0x0000029bc0eb6844: ;   {other}
  0x0000029bc0eb6844: 0f1f 8400 | 3440 008b | 33ed 4d85 | d240 0f94 | c5ba 45ff | ffff 4889 | 4424 3090 

  0x0000029bc0eb6860: ;   {runtime_call UncommonTrapBlob}
  0x0000029bc0eb6860: c5f8 77e8 

  0x0000029bc0eb6864: ; ImmutableOopMap {[40]=Oop [48]=Oop [56]=Oop [64]=Oop }
                      ;*ifeq {reexecute=1 rethrow=0 return_oop=0}
                      ; - (reexecute) java.lang.Class::getPackageName@29
                      ; - java.lang.ClassLoader::postDefineClass@2
                      ; - java.lang.ClassLoader::defineClass@37
  0x0000029bc0eb6864: 98d1 71ff 

  0x0000029bc0eb6868: ;   {other}
  0x0000029bc0eb6868: 0f1f 8400 | 5840 008c | baf6 ffff | ff66 6690 

  0x0000029bc0eb6878: ;   {runtime_call UncommonTrapBlob}
  0x0000029bc0eb6878: c5f8 77e8 

  0x0000029bc0eb687c: ; ImmutableOopMap {}
                      ;*arraylength {reexecute=0 rethrow=0 return_oop=0}
                      ; - java.lang.String::length@4
                      ; - java.lang.String::lastIndexOf@3
                      ; - java.lang.Class::getPackageName@47
                      ; - java.lang.ClassLoader::postDefineClass@2
                      ; - java.lang.ClassLoader::defineClass@37
  0x0000029bc0eb687c: 80d1 71ff 

  0x0000029bc0eb6880: ;   {other}
  0x0000029bc0eb6880: 0f1f 8400 | 7040 008d | ba45 ffff | ff48 8b6c | 2428 4c8b | 5c24 404c | 895c 2428 | 4489 5424 
  0x0000029bc0eb68a0: 4466 6690 

  0x0000029bc0eb68a4: ;   {runtime_call UncommonTrapBlob}
  0x0000029bc0eb68a4: c5f8 77e8 

  0x0000029bc0eb68a8: ; ImmutableOopMap {rbp=Oop [32]=Oop [40]=Oop [56]=Oop [68]=NarrowOop }
                      ;*ifnull {reexecute=1 rethrow=0 return_oop=0}
                      ; - (reexecute) java.lang.ClassLoader::defineClassSourceLocation@8
                      ; - java.lang.ClassLoader::defineClass@12
  0x0000029bc0eb68a8: 54d1 71ff 

  0x0000029bc0eb68ac: ;   {other}
  0x0000029bc0eb68ac: 0f1f 8400 | 9c40 008e | ba45 ffff | ff48 8b6c | 2428 4c8b | 5424 404c | 8954 2428 | 4489 7424 
  0x0000029bc0eb68cc: 4089 4c24 | 5066 6690 

  0x0000029bc0eb68d4: ;   {runtime_call UncommonTrapBlob}
  0x0000029bc0eb68d4: c5f8 77e8 

  0x0000029bc0eb68d8: ; ImmutableOopMap {rbp=Oop [32]=Oop [40]=Oop [56]=Oop [64]=NarrowOop [80]=NarrowOop [120]=Oop }
                      ;*ifnull {reexecute=1 rethrow=0 return_oop=0}
                      ; - (reexecute) java.net.URLStreamHandler::toExternalForm@68
                      ; - java.net.URL::toExternalForm@5
                      ; - java.net.URL::toString@1
                      ; - java.lang.ClassLoader::defineClassSourceLocation@22
                      ; - java.lang.ClassLoader::defineClass@12
  0x0000029bc0eb68d8: 24d1 71ff 

  0x0000029bc0eb68dc: ;   {other}
  0x0000029bc0eb68dc: 0f1f 8400 | cc40 008f | baf6 ffff | ff66 6690 

  0x0000029bc0eb68ec: ;   {runtime_call UncommonTrapBlob}
  0x0000029bc0eb68ec: c5f8 77e8 

  0x0000029bc0eb68f0: ; ImmutableOopMap {}
                      ;*arraylength {reexecute=0 rethrow=0 return_oop=0}
                      ; - java.lang.StringLatin1::hashCode@1
                      ; - java.lang.String::hashCode@27
                      ; - java.util.concurrent.ConcurrentHashMap::get@1
                      ; - java.lang.ClassLoader::getNamedPackage@5
                      ; - java.lang.ClassLoader::postDefineClass@9
                      ; - java.lang.ClassLoader::defineClass@37
  0x0000029bc0eb68f0: 0cd1 71ff 

  0x0000029bc0eb68f4: ;   {other}
  0x0000029bc0eb68f4: 0f1f 8400 | e440 0090 | ba45 ffff | ff44 8954 | 2420 6690 

  0x0000029bc0eb6908: ;   {runtime_call UncommonTrapBlob}
  0x0000029bc0eb6908: c5f8 77e8 

  0x0000029bc0eb690c: ; ImmutableOopMap {[32]=NarrowOop [64]=Oop }
                      ;*ifnull {reexecute=1 rethrow=0 return_oop=0}
                      ; - (reexecute) java.lang.ClassLoader::postDefineClass@17
                      ; - java.lang.ClassLoader::defineClass@37
  0x0000029bc0eb690c: f0d0 71ff 

  0x0000029bc0eb6910: ;   {other}
  0x0000029bc0eb6910: 0f1f 8400 | 0041 0091 | baf6 ffff | ff66 6690 

  0x0000029bc0eb6920: ;   {runtime_call UncommonTrapBlob}
  0x0000029bc0eb6920: c5f8 77e8 

  0x0000029bc0eb6924: ; ImmutableOopMap {}
                      ;*arraylength {reexecute=0 rethrow=0 return_oop=0}
                      ; - java.lang.String::getBytes@39
                      ; - java.lang.AbstractStringBuilder::putStringAt@15
                      ; - java.lang.AbstractStringBuilder::append@30
                      ; - java.lang.StringBuilder::append@2
                      ; - java.net.URLStreamHandler::toExternalForm@59
                      ; - java.net.URL::toExternalForm@5
                      ; - java.net.URL::toString@1
                      ; - java.lang.ClassLoader::defineClassSourceLocation@22
                      ; - java.lang.ClassLoader::defineClass@12
  0x0000029bc0eb6924: d8d0 71ff 

  0x0000029bc0eb6928: ;   {other}
  0x0000029bc0eb6928: 0f1f 8400 | 1841 0092 | baf6 ffff | ff66 6690 

  0x0000029bc0eb6938: ;   {runtime_call UncommonTrapBlob}
  0x0000029bc0eb6938: c5f8 77e8 

  0x0000029bc0eb693c: ; ImmutableOopMap {}
                      ;*arraylength {reexecute=0 rethrow=0 return_oop=0}
                      ; - java.lang.String::getBytes@39
                      ; - java.lang.AbstractStringBuilder::putStringAt@15
                      ; - java.lang.AbstractStringBuilder::append@30
                      ; - java.lang.StringBuilder::append@2
                      ; - java.net.URLStreamHandler::toExternalForm@77
                      ; - java.net.URL::toExternalForm@5
                      ; - java.net.URL::toString@1
                      ; - java.lang.ClassLoader::defineClassSourceLocation@22
                      ; - java.lang.ClassLoader::defineClass@12
  0x0000029bc0eb693c: c0d0 71ff 

  0x0000029bc0eb6940: ;   {other}
  0x0000029bc0eb6940: 0f1f 8400 | 3041 0093 | baf6 ffff | ff66 6690 

  0x0000029bc0eb6950: ;   {runtime_call UncommonTrapBlob}
  0x0000029bc0eb6950: c5f8 77e8 

  0x0000029bc0eb6954: ; ImmutableOopMap {}
                      ;*arraylength {reexecute=0 rethrow=0 return_oop=0}
                      ; - java.lang.String::getBytes@39
                      ; - java.lang.AbstractStringBuilder::putStringAt@15
                      ; - java.lang.AbstractStringBuilder::append@30
                      ; - java.lang.StringBuilder::append@2
                      ; - java.net.URLStreamHandler::toExternalForm@11
                      ; - java.net.URL::toExternalForm@5
                      ; - java.net.URL::toString@1
                      ; - java.lang.ClassLoader::defineClassSourceLocation@22
                      ; - java.lang.ClassLoader::defineClass@12
  0x0000029bc0eb6954: a8d0 71ff 

  0x0000029bc0eb6958: ;   {other}
  0x0000029bc0eb6958: 0f1f 8400 | 4841 0094 | baf6 ffff | ff41 8beb 

  0x0000029bc0eb6968: ;   {runtime_call UncommonTrapBlob}
  0x0000029bc0eb6968: c5f8 77e8 

  0x0000029bc0eb696c: ; ImmutableOopMap {}
                      ;*aaload {reexecute=0 rethrow=0 return_oop=0}
                      ; - java.security.CodeSource::getCertificates@50
                      ; - java.lang.ClassLoader::postDefineClass@24
                      ; - java.lang.ClassLoader::defineClass@37
  0x0000029bc0eb696c: 90d0 71ff 

  0x0000029bc0eb6970: ;   {other}
  0x0000029bc0eb6970: 0f1f 8400 | 6041 0095 | baf6 ffff | ff66 6690 

  0x0000029bc0eb6980: ;   {runtime_call UncommonTrapBlob}
  0x0000029bc0eb6980: c5f8 77e8 

  0x0000029bc0eb6984: ; ImmutableOopMap {}
                      ;*invokevirtual getSignerCertPath {reexecute=0 rethrow=0 return_oop=0}
                      ; - java.security.CodeSource::getCertificates@51
                      ; - java.lang.ClassLoader::postDefineClass@24
                      ; - java.lang.ClassLoader::defineClass@37
  0x0000029bc0eb6984: 78d0 71ff 

  0x0000029bc0eb6988: ;   {other}
  0x0000029bc0eb6988: 0f1f 8400 | 7841 0096 | baf6 ffff | ff66 6690 

  0x0000029bc0eb6998: ;   {runtime_call UncommonTrapBlob}
  0x0000029bc0eb6998: c5f8 77e8 

  0x0000029bc0eb699c: ; ImmutableOopMap {}
                      ;*invokevirtual getCertificates {reexecute=0 rethrow=0 return_oop=0}
                      ; - java.security.CodeSource::getCertificates@54
                      ; - java.lang.ClassLoader::postDefineClass@24
                      ; - java.lang.ClassLoader::defineClass@37
  0x0000029bc0eb699c: 60d0 71ff 

  0x0000029bc0eb69a0: ;   {other}
  0x0000029bc0eb69a0: 0f1f 8400 | 9041 0097 | baf6 ffff | ff66 6690 

  0x0000029bc0eb69b0: ;   {runtime_call UncommonTrapBlob}
  0x0000029bc0eb69b0: c5f8 77e8 

  0x0000029bc0eb69b4: ; ImmutableOopMap {}
                      ;*arraylength {reexecute=0 rethrow=0 return_oop=0}
                      ; - java.security.CodeSource::getCertificates@40
                      ; - java.lang.ClassLoader::postDefineClass@24
                      ; - java.lang.ClassLoader::defineClass@37
  0x0000029bc0eb69b4: 48d0 71ff 

  0x0000029bc0eb69b8: ;   {other}
  0x0000029bc0eb69b8: 0f1f 8400 | a841 0098 | baf6 ffff | ff66 6690 

  0x0000029bc0eb69c8: ;   {runtime_call UncommonTrapBlob}
  0x0000029bc0eb69c8: c5f8 77e8 

  0x0000029bc0eb69cc: ; ImmutableOopMap {}
                      ;*arraylength {reexecute=0 rethrow=0 return_oop=0}
                      ; - java.lang.StringUTF16::coderFromArrayLen@2
                      ; - java.lang.String::<init>@72
                      ; - java.lang.String::<init>@3
                      ; - java.lang.StringBuilder::toString@5
                      ; - java.net.URLStreamHandler::toExternalForm@152
                      ; - java.net.URL::toExternalForm@5
                      ; - java.net.URL::toString@1
                      ; - java.lang.ClassLoader::defineClassSourceLocation@22
                      ; - java.lang.ClassLoader::defineClass@12
  0x0000029bc0eb69cc: 30d0 71ff 

  0x0000029bc0eb69d0: ;   {other}
  0x0000029bc0eb69d0: 0f1f 8400 | c041 0099 | ba97 ffff | ff66 6690 

  0x0000029bc0eb69e0: ;   {runtime_call UncommonTrapBlob}
  0x0000029bc0eb69e0: c5f8 77e8 

  0x0000029bc0eb69e4: ; ImmutableOopMap {rbp=Oop [32]=Oop [40]=Oop [56]=Oop [72]=Oop [80]=NarrowOop }
                      ;*invokevirtual clone {reexecute=1 rethrow=0 return_oop=0}
                      ; - (reexecute) java.util.Arrays::copyOfRange@18
                      ; - java.lang.String::<init>@32
                      ; - java.lang.String::<init>@3
                      ; - java.lang.StringBuilder::toString@5
                      ; - java.net.URLStreamHandler::toExternalForm@152
                      ; - java.net.URL::toExternalForm@5
                      ; - java.net.URL::toString@1
                      ; - java.lang.ClassLoader::defineClassSourceLocation@22
                      ; - java.lang.ClassLoader::defineClass@12
  0x0000029bc0eb69e4: 18d0 71ff 

  0x0000029bc0eb69e8: ;   {other}
  0x0000029bc0eb69e8: 0f1f 8400 | d841 009a | ba97 ffff | ff66 6690 

  0x0000029bc0eb69f8: ;   {runtime_call UncommonTrapBlob}
  0x0000029bc0eb69f8: c5f8 77e8 

  0x0000029bc0eb69fc: ; ImmutableOopMap {rbp=Oop [32]=Oop [48]=Oop [72]=NarrowOop [80]=Oop }
                      ;*invokevirtual clone {reexecute=1 rethrow=0 return_oop=0}
                      ; - (reexecute) java.util.Arrays::copyOfRange@18
                      ; - java.lang.StringLatin1::newString@16
                      ; - java.lang.String::substring@41
                      ; - java.lang.Class::getPackageName@62
                      ; - java.lang.ClassLoader::postDefineClass@2
                      ; - java.lang.ClassLoader::defineClass@37
  0x0000029bc0eb69fc: 00d0 71ff 

  0x0000029bc0eb6a00: ;   {other}
  0x0000029bc0eb6a00: 0f1f 8400 | f041 009b | ba97 ffff | ff66 6690 

  0x0000029bc0eb6a10: ;   {runtime_call UncommonTrapBlob}
  0x0000029bc0eb6a10: c5f8 77e8 

  0x0000029bc0eb6a14: ; ImmutableOopMap {[32]=Oop [56]=NarrowOop [64]=Oop }
                      ;*invokevirtual clone {reexecute=1 rethrow=0 return_oop=0}
                      ; - (reexecute) java.security.CodeSource::getCertificates@11
                      ; - java.lang.ClassLoader::postDefineClass@24
                      ; - java.lang.ClassLoader::defineClass@37
  0x0000029bc0eb6a14: e8cf 71ff 

  0x0000029bc0eb6a18: ;   {other}
  0x0000029bc0eb6a18: 0f1f 8400 | 0842 009c | baf4 ffff | ff48 8b6c | 2430 6690 

  0x0000029bc0eb6a2c: ;   {runtime_call UncommonTrapBlob}
  0x0000029bc0eb6a2c: c5f8 77e8 

  0x0000029bc0eb6a30: ; ImmutableOopMap {rbp=Oop [32]=Oop [56]=NarrowOop }
                      ;*checkcast {reexecute=0 rethrow=0 return_oop=0}
                      ; - java.security.CodeSource::getCertificates@76
                      ; - java.lang.ClassLoader::postDefineClass@24
                      ; - java.lang.ClassLoader::defineClass@37
  0x0000029bc0eb6a30: cccf 71ff 

  0x0000029bc0eb6a34: ;   {other}
  0x0000029bc0eb6a34: 0f1f 8400 | 2442 009d | ba97 ffff | ff48 8b6c | 2430 6690 

  0x0000029bc0eb6a48: ;   {runtime_call UncommonTrapBlob}
  0x0000029bc0eb6a48: c5f8 77e8 

  0x0000029bc0eb6a4c: ; ImmutableOopMap {rbp=Oop [32]=Oop [64]=Oop }
                      ;*invokevirtual clone {reexecute=1 rethrow=0 return_oop=0}
                      ; - (reexecute) java.security.CodeSource::getCertificates@86
                      ; - java.lang.ClassLoader::postDefineClass@24
                      ; - java.lang.ClassLoader::defineClass@37
  0x0000029bc0eb6a4c: b0cf 71ff 

  0x0000029bc0eb6a50: ;   {other}
  0x0000029bc0eb6a50: 0f1f 8400 | 4042 009e | e91e 0100 | 0066 6690 | e916 0100 | 00e9 1101 | 0000 e90c | 0100 00e9 
  0x0000029bc0eb6a70: 0701 0000 | e902 0100 | 00e9 fd00 | 0000 6690 | e9f6 0000 | 00e9 f100 | 0000 e9ec | 0000 00e9 
  0x0000029bc0eb6a90: e700 0000 | e9e2 0000 | 00e9 dd00 | 0000 6690 | e9d6 0000 | 00e9 d100 | 0000 e9cc | 0000 00e9 
  0x0000029bc0eb6ab0: c700 0000 | e9c2 0000 | 00e9 bd00 | 0000 6690 | e9b6 0000 | 00e9 b100 | 0000 e9ac | 0000 00e9 
  0x0000029bc0eb6ad0: a700 0000 | e9a2 0000 | 00e9 9d00 | 0000 6690 | e996 0000 | 00e9 9100 | 0000 e98c | 0000 00e9 
  0x0000029bc0eb6af0: 8700 0000 | e982 0000 | 00e9 7d00 | 0000 6690 | e976 0000 | 00e9 7100 | 0000 e96c | 0000 00e9 
  0x0000029bc0eb6b10: 6700 0000 | e962 0000 | 00e9 5d00 | 0000 6690 | e956 0000 | 00e9 5100 | 0000 e94c | 0000 00e9 
  0x0000029bc0eb6b30: 4700 0000 | e942 0000 | 00e9 3d00 | 0000 6690 | e936 0000 | 00e9 3100 | 0000 e92c 

  0x0000029bc0eb6b4c: ;   {no_reloc}
  0x0000029bc0eb6b4c: 0000 00e9 | 2700 0000 | e922 0000 | 00e9 1d00 | 0000 6690 | e916 0000 | 00e9 1100 | 0000 e90c 
  0x0000029bc0eb6b6c: 0000 00eb | 0aeb 08eb | 06eb 04eb | 02eb 0048 | 8bd0 6690 | e974 d6ff 

  0x0000029bc0eb6b84: ;   {internal_word}
  0x0000029bc0eb6b84: ff49 bac9 | 42eb c09b | 0200 004d | 8997 6804 

  0x0000029bc0eb6b94: ;   {runtime_call SafepointBlob}
  0x0000029bc0eb6b94: 0000 e965 

  0x0000029bc0eb6b98: ;   {runtime_call StubRoutines (final stubs)}
  0x0000029bc0eb6b98: df71 ffe8 | 401e 70ff | e9f9 c2ff | fff4 f4f4 
[Stub Code]
  0x0000029bc0eb6ba8: ;   {no_reloc}
  0x0000029bc0eb6ba8: 48bb 0000 | 0000 0000 

  0x0000029bc0eb6bb0: ;   {runtime_call nmethod}
  0x0000029bc0eb6bb0: 0000 e9fb 

  0x0000029bc0eb6bb4: ;   {static_stub}
  0x0000029bc0eb6bb4: ffff ff48 | bb00 0000 | 0000 0000 

  0x0000029bc0eb6bc0: ;   {runtime_call nmethod}
  0x0000029bc0eb6bc0: 00e9 fbff 

  0x0000029bc0eb6bc4: ;   {static_stub}
  0x0000029bc0eb6bc4: ffff 48bb | 0000 0000 | 0000 0000 

  0x0000029bc0eb6bd0: ;   {runtime_call nmethod}
  0x0000029bc0eb6bd0: e9fb ffff 

  0x0000029bc0eb6bd4: ;   {static_stub}
  0x0000029bc0eb6bd4: ff48 bb00 | 0000 0000 

  0x0000029bc0eb6bdc: ;   {runtime_call nmethod}
  0x0000029bc0eb6bdc: 0000 00e9 | fbff ffff 

  0x0000029bc0eb6be4: ;   {static_stub}
  0x0000029bc0eb6be4: 48bb 0000 | 0000 0000 

  0x0000029bc0eb6bec: ;   {runtime_call nmethod}
  0x0000029bc0eb6bec: 0000 e9fb 

  0x0000029bc0eb6bf0: ;   {static_stub}
  0x0000029bc0eb6bf0: ffff ff48 | bb00 0000 | 0000 0000 

  0x0000029bc0eb6bfc: ;   {runtime_call nmethod}
  0x0000029bc0eb6bfc: 00e9 fbff 

  0x0000029bc0eb6c00: ;   {static_stub}
  0x0000029bc0eb6c00: ffff 48bb | 0000 0000 | 0000 0000 

  0x0000029bc0eb6c0c: ;   {runtime_call nmethod}
  0x0000029bc0eb6c0c: e9fb ffff 

  0x0000029bc0eb6c10: ;   {static_stub}
  0x0000029bc0eb6c10: ff48 bb00 | 0000 0000 

  0x0000029bc0eb6c18: ;   {runtime_call nmethod}
  0x0000029bc0eb6c18: 0000 00e9 | fbff ffff 

  0x0000029bc0eb6c20: ;   {static_stub}
  0x0000029bc0eb6c20: 48bb 0000 | 0000 0000 

  0x0000029bc0eb6c28: ;   {runtime_call nmethod}
  0x0000029bc0eb6c28: 0000 e9fb 

  0x0000029bc0eb6c2c: ;   {static_stub}
  0x0000029bc0eb6c2c: ffff ff48 | bb00 0000 | 0000 0000 

  0x0000029bc0eb6c38: ;   {runtime_call nmethod}
  0x0000029bc0eb6c38: 00e9 fbff 

  0x0000029bc0eb6c3c: ;   {static_stub}
  0x0000029bc0eb6c3c: ffff 48bb | 0000 0000 | 0000 0000 

  0x0000029bc0eb6c48: ;   {runtime_call nmethod}
  0x0000029bc0eb6c48: e9fb ffff 

  0x0000029bc0eb6c4c: ;   {static_stub}
  0x0000029bc0eb6c4c: ff48 bb00 | 0000 0000 

  0x0000029bc0eb6c54: ;   {runtime_call nmethod}
  0x0000029bc0eb6c54: 0000 00e9 | fbff ffff 

  0x0000029bc0eb6c5c: ;   {static_stub}
  0x0000029bc0eb6c5c: 48bb 0000 | 0000 0000 

  0x0000029bc0eb6c64: ;   {runtime_call nmethod}
  0x0000029bc0eb6c64: 0000 e9fb 

  0x0000029bc0eb6c68: ;   {static_stub}
  0x0000029bc0eb6c68: ffff ff48 | bb00 0000 | 0000 0000 

  0x0000029bc0eb6c74: ;   {runtime_call nmethod}
  0x0000029bc0eb6c74: 00e9 fbff 

  0x0000029bc0eb6c78: ;   {static_stub}
  0x0000029bc0eb6c78: ffff 48bb | 0000 0000 | 0000 0000 

  0x0000029bc0eb6c84: ;   {runtime_call nmethod}
  0x0000029bc0eb6c84: e9fb ffff 

  0x0000029bc0eb6c88: ;   {static_stub}
  0x0000029bc0eb6c88: ff48 bb00 | 0000 0000 

  0x0000029bc0eb6c90: ;   {runtime_call nmethod}
  0x0000029bc0eb6c90: 0000 00e9 | fbff ffff 

  0x0000029bc0eb6c98: ;   {static_stub}
  0x0000029bc0eb6c98: 48bb 0000 | 0000 0000 

  0x0000029bc0eb6ca0: ;   {runtime_call nmethod}
  0x0000029bc0eb6ca0: 0000 e9fb 

  0x0000029bc0eb6ca4: ;   {static_stub}
  0x0000029bc0eb6ca4: ffff ff48 | bb00 0000 | 0000 0000 

  0x0000029bc0eb6cb0: ;   {runtime_call nmethod}
  0x0000029bc0eb6cb0: 00e9 fbff 

  0x0000029bc0eb6cb4: ;   {static_stub}
  0x0000029bc0eb6cb4: ffff 48bb | 0000 0000 | 0000 0000 

  0x0000029bc0eb6cc0: ;   {runtime_call nmethod}
  0x0000029bc0eb6cc0: e9fb ffff 

  0x0000029bc0eb6cc4: ;   {static_stub}
  0x0000029bc0eb6cc4: ff48 bb00 | 0000 0000 

  0x0000029bc0eb6ccc: ;   {runtime_call nmethod}
  0x0000029bc0eb6ccc: 0000 00e9 | fbff ffff 

  0x0000029bc0eb6cd4: ;   {static_stub}
  0x0000029bc0eb6cd4: 48bb 0000 | 0000 0000 

  0x0000029bc0eb6cdc: ;   {runtime_call nmethod}
  0x0000029bc0eb6cdc: 0000 e9fb 

  0x0000029bc0eb6ce0: ;   {static_stub}
  0x0000029bc0eb6ce0: ffff ff48 | bb00 0000 | 0000 0000 

  0x0000029bc0eb6cec: ;   {runtime_call nmethod}
  0x0000029bc0eb6cec: 00e9 fbff 

  0x0000029bc0eb6cf0: ;   {static_stub}
  0x0000029bc0eb6cf0: ffff 48bb | 0000 0000 | 0000 0000 

  0x0000029bc0eb6cfc: ;   {runtime_call nmethod}
  0x0000029bc0eb6cfc: e9fb ffff 

  0x0000029bc0eb6d00: ;   {static_stub}
  0x0000029bc0eb6d00: ff48 bb00 | 0000 0000 

  0x0000029bc0eb6d08: ;   {runtime_call nmethod}
  0x0000029bc0eb6d08: 0000 00e9 | fbff ffff 

  0x0000029bc0eb6d10: ;   {static_stub}
  0x0000029bc0eb6d10: 48bb 0000 | 0000 0000 

  0x0000029bc0eb6d18: ;   {runtime_call nmethod}
  0x0000029bc0eb6d18: 0000 e9fb 

  0x0000029bc0eb6d1c: ;   {static_stub}
  0x0000029bc0eb6d1c: ffff ff48 | bb00 0000 | 0000 0000 

  0x0000029bc0eb6d28: ;   {runtime_call nmethod}
  0x0000029bc0eb6d28: 00e9 fbff 

  0x0000029bc0eb6d2c: ;   {static_stub}
  0x0000029bc0eb6d2c: ffff 48bb | 0000 0000 | 0000 0000 

  0x0000029bc0eb6d38: ;   {runtime_call nmethod}
  0x0000029bc0eb6d38: e9fb ffff 

  0x0000029bc0eb6d3c: ;   {static_stub}
  0x0000029bc0eb6d3c: ff48 bb00 | 0000 0000 

  0x0000029bc0eb6d44: ;   {runtime_call nmethod}
  0x0000029bc0eb6d44: 0000 00e9 | fbff ffff 
[Exception Handler]
  0x0000029bc0eb6d4c: ;   {runtime_call ExceptionBlob}
  0x0000029bc0eb6d4c: e92f c57c | ffe8 0000 | 0000 4883 

  0x0000029bc0eb6d58: ;   {runtime_call DeoptimizationBlob}
  0x0000029bc0eb6d58: 2c24 05e9 | 40d0 71ff 
[/MachCode]


Compiled method (c2) 8234711 16153   !   4       java.net.URLClassLoader::findClass (47 bytes)
 total in heap  [0x0000029bc1e60a90,0x0000029bc1e734d0] = 76352
 relocation     [0x0000029bc1e60bf0,0x0000029bc1e61540] = 2384
 main code      [0x0000029bc1e61540,0x0000029bc1e6ae88] = 39240
 stub code      [0x0000029bc1e6ae88,0x0000029bc1e6b150] = 712
 oops           [0x0000029bc1e6b150,0x0000029bc1e6b1c8] = 120
 metadata       [0x0000029bc1e6b1c8,0x0000029bc1e6b868] = 1696
 scopes data    [0x0000029bc1e6b868,0x0000029bc1e71728] = 24256
 scopes pcs     [0x0000029bc1e71728,0x0000029bc1e72748] = 4128
 dependencies   [0x0000029bc1e72748,0x0000029bc1e72968] = 544
 handler table  [0x0000029bc1e72968,0x0000029bc1e73388] = 2592
 nul chk table  [0x0000029bc1e73388,0x0000029bc1e734d0] = 328

[Constant Pool (empty)]

[MachCode]
[Entry Point]
  # {method} {0x0000029c100a5c30} 'findClass' '(Ljava/lang/String;)Ljava/lang/Class;' in 'java/net/URLClassLoader'
  # this:     rdx:rdx   = 'java/net/URLClassLoader'
  # parm0:    r8:r8     = 'java/lang/String'
  #           [sp+0x150]  (sp of caller)
  0x0000029bc1e61540: 448b 5208 | 49bb 0000 | 00cd 9b02 | 0000 4d03 | d349 3bc2 

  0x0000029bc1e61554: ;   {runtime_call ic_miss_stub}
  0x0000029bc1e61554: 0f85 26cf | 76fe 6690 | 0f1f 4000 
[Verified Entry Point]
  0x0000029bc1e61560: 8984 2400 | 80ff ff55 | 4881 ec40 | 0100 0090 | 4181 7f20 | 0500 0000 | 0f85 fd98 | 0000 4c89 
  0x0000029bc1e61580: 4424 6048 | 8954 2468 | 448b 5a58 | 4d8b 9788 | 0300 004d | 8b12 4c89 | 5424 480f | 1f44 0000 
  0x0000029bc1e615a0: 4585 db0f | 84d0 2c00 | 0049 8beb | 488b d54c | 8944 2420 

  0x0000029bc1e615b4: ;   {static_call}
  0x0000029bc1e615b4: c5f8 77e8 

  0x0000029bc1e615b8: ; ImmutableOopMap {rbp=Oop [32]=Oop [72]=Oop [96]=Oop [104]=Oop }
                      ;*invokestatic ensureMaterializedForStackWalk {reexecute=0 rethrow=0 return_oop=0}
                      ; - java.security.AccessController::executePrivileged@5
                      ; - java.security.AccessController::doPrivileged@13
                      ; - java.net.URLClassLoader::findClass@13
  0x0000029bc1e615b8: a416 d3fe 

  0x0000029bc1e615bc: ;   {other}
  0x0000029bc1e615bc: 0f1f 8400 | 2c0b 0000 | 4889 6c24 | 284c 8b54 | 2460 450f | be52 1045 | 85d2 0f85 | c95d 0000 
  0x0000029bc1e615dc: 4c8b 5424 | 6045 8b5a | 1445 8b43 | 0c45 85c0 | 0f86 b300 | 0000 418b | c8ff c966 | 0f1f 8400 
  0x0000029bc1e615fc: 0000 0000 | 413b c80f | 83d3 5400 | 0041 8d58 | fd41 807b | 102e 0f84 | 1829 0000 | 0f1f 8400 
  0x0000029bc1e6161c: 0000 0000 | 83fb 010f | 8eef 5600 | 0041 b901 | 0000 0090 | 4963 f945 | 0fbe 543b | 100f 1f80 
  0x0000029bc1e6163c: 0000 0000 | 4183 fa2e | 0f84 7800 | 0000 450f | be54 3b11 | 4183 fa2e | 0f84 5f00 | 0000 450f 
  0x0000029bc1e6165c: be54 3b12 | 4183 fa2e | 0f84 5400 | 0000 450f | be54 3b13 | 4183 fa2e | 0f84 3b00 | 0000 4183 
  0x0000029bc1e6167c: c104 6690 | 443b cb7c | ab45 3bc8 | 7d1b 6690 | 470f be54 | 0b10 4183 | fa2e 742a | 41ff c10f 
  0x0000029bc1e6169c: 1f44 0000 | 453b c87c | e74c 8b54 | 2460 498b | eb4d 8bc2 | e9a5 0200 | 0041 83c1 

  0x0000029bc1e616b8: ;   {no_reloc}
  0x0000029bc1e616b8: 0241 ffc1 | eb04 4183 | c102 453b | c87d de41 | 81f8 0000 | 1000 0f87 | 9c43 0000 | 498b afb8 
  0x0000029bc1e616d8: 0100 004d | 63d0 4983 | c217 4983 | e2f8 488b | fd49 03fa | 493b bfc8 | 0100 000f | 8377 4300 
  0x0000029bc1e616f8: 0049 89bf | b801 0000 | 0f0d 8fc0 | 0000 0048 | c745 0001 | 0000 000f | 0d8f 0001 

  0x0000029bc1e61714: ;   {metadata({type array byte})}
  0x0000029bc1e61714: 0000 c745 | 0818 2300 | 0044 8945 | 0c0f 0d8f | 4001 0000 | 0f0d 8f80 | 0100 0045 | 85c9 0f8e 
  0x0000029bc1e61734: 8d00 0000 | 458b d141 | ffca 6690 | 453b d00f | 8387 5700 | 0045 85c0 | 0f86 7e57 | 0000 410f 
  0x0000029bc1e61754: be7b 1040 | 887d 100f | 1f44 0000 | 4183 fa01 | 0f8e 9a57 | 0000 ba01 | 0000 0041 | 8bfb 8bf1 
  0x0000029bc1e61774: 0f1f 8400 | 0000 0000 | 6666 6690 | 4863 ca44 | 0fbe 5c0f | 1044 885c | 0d10 440f | be5c 0f11 
  0x0000029bc1e61794: 4488 5c0d | 1183 c202 | 0f1f 4000 | 413b d27c | db44 8bdf | 8bce 413b | d17d 1690 | 4c63 d243 
  0x0000029bc1e617b4: 0fbe 7c13 | 1042 887c | 1510 ffc2 | 413b d17c | eb45 3bc8 | 0f8d 3a01 | 0000 453b | c80f 834e 
  0x0000029bc1e617d4: 5500 0066 | 0f1f 8400 | 0000 0000 | 413b c80f | 833c 5500 | 0041 8bd1 | ffc2 4963 | c945 0fbe 
  0x0000029bc1e617f4: 540b 1066 | 0f1f 8400 | 0000 0000 | 4183 fa2e | 0f84 6c24 | 0000 4488 | 540d 1041 | 8bc9 ffc1 
  0x0000029bc1e61814: ;   {no_reloc}
  0x0000029bc1e61814: 3bca 7d05 | 448b c9eb | d166 6690 | 3bcb 0f8d | b200 0000 | 41ff c1eb | 1cb9 2f00 | 0000 884c 
  0x0000029bc1e61834: 3d13 4183 | c104 660f | 1f44 0000 | 443b cb0f | 8d94 0000 | 0049 63f9 | 450f be54 | 3b10 4183 
  0x0000029bc1e61854: fa2e 0f84 | 4600 0000 | 4488 543d | 1041 0fbe | 4c3b 1183 | f92e 0f84 | 3a00 0000 | 884c 3d11 
  0x0000029bc1e61874: 450f be54 | 3b12 660f | 1f44 0000 | 4183 fa2e | 7412 4488 | 543d 1241 | 0fbe 4c3b | 1383 f92e 
  0x0000029bc1e61894: 759c eb95 | 41ba 2f00 | 0000 6690 | ebe4 41ba | 2f00 0000 | ebb2 b92f | 0000 00eb | bf43 c644 
  0x0000029bc1e618b4: 0310 2e43 | c644 0311 | 6343 c644 | 0312 6c43 | c644 0313 | 6143 c644 | 0314 7343 | c644 0315 
  0x0000029bc1e618d4: 73e9 3602 | 0000 448b | c966 6690 | 453b c87d | 2366 6690 | 4963 c945 | 0fbe 540b | 1041 83fa 
  0x0000029bc1e618f4: 2e0f 843d | 2600 0044 | 8854 0d10 | 41ff c145 | 3bc8 7ce0 | 4d8b 87b8 | 0100 004d | 8bd0 4983 
  0x0000029bc1e61914: ;   {no_reloc}
  0x0000029bc1e61914: c218 6666 | 0f1f 8400 | 0000 0000 | 4d3b 97c8 | 0100 000f | 83d2 4100 | 004d 8997 | b801 0000 
  0x0000029bc1e61934: 410f 0d8a | c000 0000 | 49c7 0001 

  0x0000029bc1e61940: ;   {metadata('java/lang/String')}
  0x0000029bc1e61940: 0000 0041 | c740 0878 | e800 0045 | 8960 0c4d | 8960 104c | 8bdd 4589 | 5814 448b 

  0x0000029bc1e6195c: ;   {oop([B{0x0000000080878d80})}
  0x0000029bc1e6195c: 5d0c 49ba | 808d 8780 | 0000 0000 

  0x0000029bc1e61968: ;   {oop([B{0x0000000080878d80})}
  0x0000029bc1e61968: 48b9 808d | 8780 0000 | 0000 4883 

  0x0000029bc1e61974: ;   {oop([B{0x0000000080878d48})}
  0x0000029bc1e61974: c110 49ba | 488d 8780 | 0000 0000 

  0x0000029bc1e61980: ;   {oop([B{0x0000000080878d48})}
  0x0000029bc1e61980: 48bb 488d | 8780 0000 | 0000 4883 

  0x0000029bc1e6198c: ;   {oop([B{0x000000008034c7e8})}
  0x0000029bc1e6198c: c310 49ba | e8c7 3480 | 0000 0000 

  0x0000029bc1e61998: ;   {oop([B{0x000000008034c7e8})}
  0x0000029bc1e61998: 48bf e8c7 | 3480 0000 | 0000 4883 | c710 4585 | db0f 8696 | 2500 0045 | 0fbe 4810 | c442 32f7 
  0x0000029bc1e619b8: d34d 63da | 0f1f 4000 | 4183 f901 | 0f84 b44a | 0000 4585 | d20f 8c89 | 5a00 0044 | 8954 2450 
  0x0000029bc1e619d8: 4889 7c24 | 3848 895c | 2430 4889 | 4c24 204c | 8944 2440 | 4c89 5c24 | 5849 83c3 | 064d 8bd3 
  0x0000029bc1e619f8: 418b eb0f | 1f44 0000 | 85ed 0f8c | 845a 0000 | 49c1 fb20 | 458b db45 | 0fbe c3c4 | 6239 f7dd 
  0x0000029bc1e61a18: 0f1f 8400 | 0000 0000 | 4585 db0f | 8c27 5b00 | 0041 81fb | 0000 1000 | 0f87 5e52 | 0000 4489 
  0x0000029bc1e61a38: 5c24 544d | 63c3 448b | 5c24 5441 | 81fb 0000 | 1000 0f87 | 653f 0000 | 4d8b 9fb8 | 0100 0049 
  0x0000029bc1e61a58: 83c0 1749 | 83e0 f84d | 8bcb 4d03 | c84d 3b8f | c801 0000 | 0f83 433f | 0000 4d89 | 8fb8 0100 
  0x0000029bc1e61a78: 0041 0f0d | 89c0 0000 | 0049 c703 | 0100 0000 | 410f 0d89 | 0001 0000 

  0x0000029bc1e61a90: ;   {metadata({type array byte})}
  0x0000029bc1e61a90: 41c7 4308 | 1823 0000 | 8b6c 2454 | 4189 6b0c | 410f 0d89 | 4001 0000 | 410f 0d89 | 8001 0000 
  0x0000029bc1e61ab0: 4c8b 5424 | 5849 b800 | 0000 0001 | 0000 0090 | 4d3b d00f | 8dce 3900 | 0044 8b44 | 2450 4183 
  0x0000029bc1e61ad0: c006 413b | e80f 82ca | 5100 004c | 6344 2450 | 8b4c 2450 | 85c9 0f8e | c5fd ffff | 43c6 4403 
  0x0000029bc1e61af0: 1573 43c6 | 4403 1473 | 43c6 4403 | 1361 43c6 | 4403 126c | 43c6 4403 | 1163 43c6 | 4403 102e 
  0x0000029bc1e61b10: 488b 4c24 | 4044 8b41 | 1445 8b48 | 0c4c 895c | 2440 498b | fa4c 8bd1 | 410f be4a | 10c4 c272 
  0x0000029bc1e61b30: f7d9 4c63 | db49 2bfb | 4889 7c24 | 5044 8bdf | 4489 5c24 | 5848 bb00 | 0000 0001 | 0000 0048 
  0x0000029bc1e61b50: 3bfb 0f8d | b339 0000 | 4d8b d04d | 8d58 1090 | 85c9 0f85 | 7635 0000 | 448b 5424 | 5845 85d2 
  0x0000029bc1e61b70: 0f8c 6a51 | 0000 438d | 1c0a 660f | 1f44 0000 | 3beb 0f82 | 5851 0000 | 4585 c976 

  0x0000029bc1e61b8c: ;   {no_reloc}
  0x0000029bc1e61b8c: 2e41 8bda | 4c8b 4424 | 404b 8d54 | 1010 4d63 | c149 8bcb | c5f8 7749 | baa0 6e5b | c09b 0200 
  0x0000029bc1e61bac: 0041 ffd2 

  0x0000029bc1e61bb0: ;   {other}
  0x0000029bc1e61bb0: 0f1f 8400 | 0000 0000 | 448b d348 | 8b5c 2440 | 4c8b db44 | 899c 2480 | 0000 004c | 8b44 2450 
  0x0000029bc1e61bd0: 4d85 c00f | 857d 3a00 | 004d 8b87 | b801 0000 | 4d8b d049 | 83c2 184d | 3b97 c801 | 0000 0f83 
  0x0000029bc1e61bf0: 203e 0000 | 4d89 97b8 | 0100 0041 | 0f0d 8ac0 | 0000 0049 | c700 0100 

  0x0000029bc1e61c08: ;   {metadata('java/lang/String')}
  0x0000029bc1e61c08: 0000 41c7 | 4008 78e8 | 0000 4589 | 600c 4d89 | 6010 448b | 9424 8000 | 0000 4589 | 5014 488b 
  0x0000029bc1e61c28: 4c24 2048 | 8b5c 2430 | 488b 7c24 | 384c 8b54 | 2468 458b | 5a54 6690 | 4585 db0f | 8467 4e00 
  0x0000029bc1e61c48: 0048 897c | 2440 4889 | 5c24 3848 | 894c 2430 | 498b d345 | 33c9 4c8b | 5424 604c | 8954 2420 
  0x0000029bc1e61c68: ;   {oop([B{0x000000008034c7e8})}
  0x0000029bc1e61c68: 48bd e8c7 | 3480 0000 

  0x0000029bc1e61c70: ;   {oop([B{0x0000000080878d80})}
  0x0000029bc1e61c70: 0000 49ba | 808d 8780 | 0000 0000 | 4c89 5424 

  0x0000029bc1e61c80: ;   {oop([B{0x0000000080878d48})}
  0x0000029bc1e61c80: 5049 ba48 | 8d87 8000 | 0000 004c | 8954 2458 

  0x0000029bc1e61c90: ;   {optimized virtual_call}
  0x0000029bc1e61c90: c5f8 77e8 

  0x0000029bc1e61c94: ; ImmutableOopMap {rbp=Oop [64]=Derived_oop_rbp [32]=Oop [40]=Oop [72]=Oop [80]=Oop [48]=Derived_oop_[80] [88]=Oop [56]=Derived_oop_[88] [96]=Oop [104]=Oop }
                      ;*invokevirtual getResource {reexecute=0 rethrow=0 return_oop=1}
                      ; - java.net.URLClassLoader$1::run@26
                      ; - java.net.URLClassLoader$1::run@1
                      ; - java.security.AccessController::executePrivileged@29
                      ; - java.security.AccessController::doPrivileged@13
                      ; - java.net.URLClassLoader::findClass@13
  0x0000029bc1e61c94: 08ce 03ff 

  0x0000029bc1e61c98: ;   {other}
  0x0000029bc1e61c98: 0f1f 8400 | 0812 0001 | 4885 c00f | 843c 2300 | 0048 8944 | 2458 c5f8 | 7749 ba20 | 27ff ddfa 
  0x0000029bc1e61cb8: 7f00 0041 

  0x0000029bc1e61cbc: ;   {other}
  0x0000029bc1e61cbc: ffd2 0f1f | 8400 0000 | 0000 4889 | 4424 504c | 8b54 2420 | 458b 5214 | 4489 5424 | 7045 8b5a 
  0x0000029bc1e61cdc: 0c44 895c | 2474 4c8b | 5424 2045 | 0fbe 5a10 | c462 22f7 | 5424 7445 | 8bca 41ff | ca0f 1f80 
  0x0000029bc1e61cfc: 0000 0000 | 4585 db0f | 85cb 5600 | 008b 6c24 | 74ff cd41 | 3bea 410f | 4fea 896c | 2478 448b 
  0x0000029bc1e61d1c: 5c24 704d | 8bd3 4c89 | 5424 2085 | ed0f 8c16 | 3200 0041 | ba06 0000 | 0041 b82d | 0000 0044 
  0x0000029bc1e61d3c: 8994 24f8 | 0000 0044 | 8984 24fc | 0000 000f | 1f44 0000 | 8b6c 2478 | 3b6c 2474 | 0f83 be43 
  0x0000029bc1e61d5c: 0000 448b | 5424 7041 | 807c 2a10 | 2e74 424d | 8b87 5804 | 0000 ffcd | 896c 2478 

  0x0000029bc1e61d78: ;   {oop([B{0x0000000080878d80})}
  0x0000029bc1e61d78: 49ba 808d | 8780 0000 

  0x0000029bc1e61d80: ;   {oop([B{0x0000000080878d48})}
  0x0000029bc1e61d80: 0000 49bb | 488d 8780 | 0000 0000 

  0x0000029bc1e61d8c: ;   {oop([B{0x000000008034c7e8})}
  0x0000029bc1e61d8c: 48b9 e8c7 | 3480 0000 

  0x0000029bc1e61d94: ; ImmutableOopMap {r10=Oop [48]=Derived_oop_r10 r11=Oop [56]=Derived_oop_r11 rcx=Oop [64]=Derived_oop_rcx [32]=Oop [40]=Oop [72]=Oop [88]=Oop [96]=Oop [104]=Oop [112]=NarrowOop }
                      ;*goto {reexecute=1 rethrow=0 return_oop=0}
                      ; - (reexecute) java.lang.StringLatin1::lastIndexOf@35
                      ; - java.lang.String::lastIndexOf@13
                      ; - java.lang.String::lastIndexOf@8
                      ; - java.net.URLClassLoader::defineClass@7
                      ; - java.net.URLClassLoader$1::run@43
                      ; - java.net.URLClassLoader$1::run@1
                      ; - java.security.AccessController::executePrivileged@29
                      ; - java.security.AccessController::doPrivileged@13
                      ; - java.net.URLClassLoader::findClass@13
                      ;   {poll}
  0x0000029bc1e61d94: 0000 4185 | 000f 1f80 | 0000 0000 | 85ed 7dac | bdff ffff | ff89 6c24 | 784c 8b54 | 2458 458b 
  0x0000029bc1e61db4: 5208 6666 | 0f1f 8400 | 0000 0000 

  0x0000029bc1e61dc0: ;   {metadata('jdk/internal/loader/URLClassPath$JarLoader$2')}
  0x0000029bc1e61dc0: 4181 fad8 | 2121 000f | 857f 4d00 | 004c 8b54 | 2458 4c89 | 9424 8000 | 0000 458b | 5a20 6690 
  0x0000029bc1e61de0: ; implicit exception: dispatches to 0x0000029bc1e692cc
  0x0000029bc1e61de0: 458b 5b1c | 4489 5c24 | 7c8b 6c24 | 7883 fdff | 0f84 b656 | 0000 85ed | 0f8c 0656 | 0000 6690 
  0x0000029bc1e61e00: 413b e90f | 8fdb 5600 | 0041 3be9 | 0f84 7424 | 0000 85ed | 0f84 b935 | 0000 4d8b | 9fb8 0100 
  0x0000029bc1e61e20: 004d 8bd3 | 4983 c218 | 4d3b 97c8 | 0100 000f | 8325 4000 | 004d 8997 | b801 0000 | 410f 0d8a 
  0x0000029bc1e61e40: c000 0000 | 49c7 0301 

  0x0000029bc1e61e48: ;   {metadata('java/lang/String')}
  0x0000029bc1e61e48: 0000 0041 | c743 0878 | e800 0045 | 8963 0c4d | 8963 104c | 899c 2488 | 0000 0044 | 8b54 2470 
  0x0000029bc1e61e68: 4d8d 5210 | 4c89 9424 | 9000 0000 | 448b 5c24 | 780f 1f80 | 0000 0000 | 443b 5c24 | 740f 85bb 
  0x0000029bc1e61e88: 0000 004c | 6354 2474 | 4c89 9424 | 9800 0000 | 8b6c 2474 | 0f1f 4000 | 81fd 0000 | 1000 0f87 
  0x0000029bc1e61ea8: 7944 0000 | 498b 9fb8 | 0100 004d | 8d5a 1749 | 83e3 f84c | 8bd3 4d03 | d34d 3b97 | c801 0000 
  0x0000029bc1e61ec8: 0f83 5744 | 0000 4d89 | 97b8 0100 | 0041 0f0d | 8ac0 0000 | 0048 c703 | 0100 0000 | 410f 0d8a 
  0x0000029bc1e61ee8: 0001 0000 

  0x0000029bc1e61eec: ;   {metadata({type array byte})}
  0x0000029bc1e61eec: c743 0818 | 2300 0044 | 8bdd 4489 | 5b0c 410f | 0d8a 4001 | 0000 410f | 0d8a 8001 | 0000 488b 
  0x0000029bc1e61f0c: d348 83c2 | 104c 8b84 | 2498 0000 | 0049 83c0 | 0749 c1e8 | 0348 8b8c | 2490 0000 | 00c5 f877 
  0x0000029bc1e61f2c: 49ba 6074 | 5bc0 9b02 | 0000 41ff 

  0x0000029bc1e61f38: ;   {other}
  0x0000029bc1e61f38: d20f 1f84 | 0000 0000 | 00e9 3401 | 0000 4181 | fb00 0010 | 000f 877d | 5200 004c | 635c 2478 
  0x0000029bc1e61f58: 8b6c 2474 | 3b6c 2478 | 8b6c 2478 | 448b 5424 | 7444 0f4f | d544 8994 | 24c0 0000 | 008b 6c24 
  0x0000029bc1e61f78: 740f 1f80 | 0000 0000 | 413b ea0f | 82c0 5200 | 008b 6c24 | 7841 3bea | 0f82 b352 | 0000 4983 
  0x0000029bc1e61f98: c317 4c89 | 5c24 704d | 8bd3 4983 | e2f8 4c89 | 9424 9800 | 0000 81fd | 0000 1000 | 0f87 fa40 
  0x0000029bc1e61fb8: 0000 498b | 9fb8 0100 | 004c 8bd3 | 488b ac24 | 9800 0000 | 4c03 d54d | 3b97 c801 | 0000 0f83 
  0x0000029bc1e61fd8: d840 0000 | 4d89 97b8 | 0100 0041 | 0f0d 8ac0 | 0000 0048 | c703 0100 | 0000 410f | 0d8a 0001 
  0x0000029bc1e61ff8: ;   {metadata({type array byte})}
  0x0000029bc1e61ff8: 0000 c743 | 0818 2300 | 0044 8b5c | 2478 4489 | 5b0c 410f | 0d8a 4001 | 0000 410f | 0d8a 8001 
  0x0000029bc1e62018: 0000 488b | d348 83c2 | 104c 8b54 | 2470 49c1 | ea03 8bac | 24c0 0000 | 0085 ed0f | 84a4 5100 
  0x0000029bc1e62038: 000f 1f80 | 0000 0000 | 3b6c 2478 | 0f8c 0832 | 0000 4c8b | 8424 9800 | 0000 4983 | c0f0 49c1 
  0x0000029bc1e62058: e803 488b | 8c24 9000 | 0000 c5f8 | 7749 ba60 | 745b c09b | 0200 0041 

  0x0000029bc1e62070: ;   {other}
  0x0000029bc1e62070: ffd2 0f1f | 8400 0000 | 0000 4c8b | 9424 8800 | 0000 4588 | 6210 4c8b | db45 895a | 1449 c1ea 
  0x0000029bc1e62090: 0949 bb00 | 003f b59b | 0200 0047 | 8824 134c | 8b94 2488 | 0000 004c | 8994 2488 

  0x0000029bc1e620ac: ;   {oop(a 'java/lang/Class'{0x0000000080004578} = 'jdk/internal/access/SharedSecrets')}
  0x0000029bc1e620ac: 0000 0049 | ba78 4500 | 8000 0000 | 0045 8b92 | d400 0000 

  0x0000029bc1e620c0: ; implicit exception: dispatches to 0x0000029bc1e69514
  0x0000029bc1e620c0: 458b 5a08 | 4c8b 8424 | 8000 0000 | 458b 4020 

  0x0000029bc1e620d0: ; implicit exception: dispatches to 0x0000029bc1e69304
  0x0000029bc1e620d0: 418b 6818 | 89ac 24c8 | 0000 000f | 1f44 0000 

  0x0000029bc1e620e0: ;   {metadata('java/util/jar/JavaUtilJarAccessImpl')}
  0x0000029bc1e620e0: 4181 fbb0 | 5a31 000f | 8597 4a00 | 0085 ed0f | 8413 4a00 | 004c 8bd5 | 4c89 5424 | 204c 8b5c 
  0x0000029bc1e62100: 2420 488d | 9c24 2001 | 0000 498b | 03a8 020f | 8523 0000 | 0048 83c8 | 0148 8903 | f049 0fb1 
  0x0000029bc1e62120: 1b0f 8437 | 0000 0048 | 2bc4 4825 | 07f0 ffff | 4889 03e9 | 2400 0000 | 4c8b d048 | 33c0 f04d 
  0x0000029bc1e62140: 0fb1 7a3e | 48c7 0303 | 0000 0074 | 114c 3bf8 | 7515 49ff | 8286 0000 | 0048 33c0 | 7509 49ff 
  0x0000029bc1e62160: 8750 0500 | 0033 c00f | 856b 4a00 | 0048 8b54 

  0x0000029bc1e62170: ;   {oop([B{0x000000008034c7e8})}
  0x0000029bc1e62170: 2420 48bd | e8c7 3480 | 0000 0000 

  0x0000029bc1e6217c: ;   {oop([B{0x0000000080878d80})}
  0x0000029bc1e6217c: 49ba 808d | 8780 0000 | 0000 4c89 | 9424 b000 

  0x0000029bc1e6218c: ;   {oop([B{0x0000000080878d48})}
  0x0000029bc1e6218c: 0000 49ba | 488d 8780 | 0000 0000 | 4c89 9424 | b800 0000 

  0x0000029bc1e621a0: ;   {optimized virtual_call}
  0x0000029bc1e621a0: c5f8 77e8 

  0x0000029bc1e621a4: ; ImmutableOopMap {rbp=Oop [64]=Derived_oop_rbp [32]=Oop [40]=Oop [72]=Oop [88]=Oop [96]=Oop [104]=Oop [124]=NarrowOop [128]=Oop [136]=Oop [176]=Oop [48]=Derived_oop_[176] [184]=Oop [56]=Derived_oop_[184] [200]=NarrowOop }
                      ;*invokevirtual maybeInstantiateVerifier {reexecute=0 rethrow=0 return_oop=0}
                      ; - java.util.jar.JarFile::ensureInitialization@1
                      ; - java.util.jar.JavaUtilJarAccessImpl::ensureInitialization@1
                      ; - jdk.internal.loader.URLClassPath$JarLoader$2::getManifest@10
                      ; - java.net.URLClassLoader::defineClass@34
                      ; - java.net.URLClassLoader$1::run@43
                      ; - java.net.URLClassLoader$1::run@1
                      ; - java.security.AccessController::executePrivileged@29
                      ; - java.security.AccessController::doPrivileged@13
                      ; - java.net.URLClassLoader::findClass@13
  0x0000029bc1e621a4: 7891 08ff 

  0x0000029bc1e621a8: ;   {other}
  0x0000029bc1e621a8: 0f1f 8400 | 1817 0003 | 8bac 24c8 | 0000 0066 | 0f1f 8400 | 0000 0000 | 443b 6530 | 0f85 1b20 
  0x0000029bc1e621c8: 0000 4c8b | 5c24 2048 | 8d84 2420 | 0100 0048 | 8338 000f | 8479 0000 | 004d 8b13 | 41f6 c202 
  0x0000029bc1e621e8: 0f84 6200 | 0000 4983 | ba86 0000 | 0000 7409 | 49ff 8a86 | 0000 00eb | 4b49 8b82 | 9600 0000 
  0x0000029bc1e62208: 490b 828e | 0000 0075 | 0a49 c742 | 3e00 0000 | 00eb 3d49 | 83ba 9e00 | 0000 0074 | 2248 33c0 
  0x0000029bc1e62228: 49c7 423e | 0000 0000 | f083 0424 | 0049 83ba | 9e00 0000 | 0075 0df0 | 4d0f b17a | 3e75 0583 
  0x0000029bc1e62248: c801 eb0c | a800 eb08 | 4c8b 10f0 | 4d0f b113 | 750a 49ff | 8f50 0500 | 0045 33d2 | 0f85 bf49 
  0x0000029bc1e62268: 0000 4c8b | 9424 8000 | 0000 458b | 5a20 418b | 6b18 448b | 5508 6690 

  0x0000029bc1e62280: ;   {metadata('java/util/jar/JarFile')}
  0x0000029bc1e62280: 4181 fa80 | 1219 000f | 85c7 4900 | 0048 8bd5 | 4c8b 5424 | 604c 8954 

  0x0000029bc1e62298: ;   {oop([B{0x000000008034c7e8})}
  0x0000029bc1e62298: 2420 48bd | e8c7 3480 | 0000 0000 

  0x0000029bc1e622a4: ;   {oop([B{0x0000000080878d80})}
  0x0000029bc1e622a4: 49ba 808d | 8780 0000 | 0000 4c89 | 9424 9800 

  0x0000029bc1e622b4: ;   {oop([B{0x0000000080878d48})}
  0x0000029bc1e622b4: 0000 49ba | 488d 8780 | 0000 0000 | 4c89 9424 | a000 0000 

  0x0000029bc1e622c8: ;   {optimized virtual_call}
  0x0000029bc1e622c8: c5f8 77e8 

  0x0000029bc1e622cc: ; ImmutableOopMap {rbp=Oop [64]=Derived_oop_rbp [32]=Oop [40]=Oop [72]=Oop [88]=Oop [96]=Oop [104]=Oop [124]=NarrowOop [128]=Oop [136]=Oop [152]=Oop [48]=Derived_oop_[152] [160]=Oop [56]=Derived_oop_[160] }
                      ;*invokevirtual getManifestFromReference {reexecute=0 rethrow=0 return_oop=1}
                      ; - java.util.jar.JarFile::getManifest@1
                      ; - jdk.internal.loader.URLClassPath$JarLoader$2::getManifest@22
                      ; - java.net.URLClassLoader::defineClass@34
                      ; - java.net.URLClassLoader$1::run@43
                      ; - java.net.URLClassLoader$1::run@1
                      ; - java.security.AccessController::executePrivileged@29
                      ; - java.security.AccessController::doPrivileged@13
                      ; - java.net.URLClassLoader::findClass@13
  0x0000029bc1e622cc: b0be f7ff 

  0x0000029bc1e622d0: ;   {other}
  0x0000029bc1e622d0: 0f1f 8400 | 4018 0004 | 4889 4424 | 7048 8b54 | 2468 4c8b | 8424 8800 | 0000 8b6c | 247c 896c 
  0x0000029bc1e622f0: ;   {oop([B{0x000000008034c7e8})}
  0x0000029bc1e622f0: 2478 48bd | e8c7 3480 | 0000 0000 

  0x0000029bc1e622fc: ;   {oop([B{0x0000000080878d80})}
  0x0000029bc1e622fc: 49ba 808d | 8780 0000 | 0000 4c89 | 9424 b800 

  0x0000029bc1e6230c: ;   {oop([B{0x0000000080878d48})}
  0x0000029bc1e6230c: 0000 49ba | 488d 8780 | 0000 0000 | 4c89 9424 | c000 0000 

  0x0000029bc1e62320: ;   {optimized virtual_call}
  0x0000029bc1e62320: c5f8 77e8 

  0x0000029bc1e62324: ; ImmutableOopMap {rbp=Oop [64]=Derived_oop_rbp [32]=Oop [40]=Oop [72]=Oop [88]=Oop [96]=Oop [104]=Oop [112]=Oop [120]=NarrowOop [124]=NarrowOop [128]=Oop [136]=Oop [184]=Oop [48]=Derived_oop_[184] [192]=Oop [56]=Derived_oop_[192] }
                      ;*invokevirtual getDefinedPackage {reexecute=0 rethrow=0 return_oop=1}
                      ; - java.net.URLClassLoader::getAndVerifyPackage@2
                      ; - java.net.URLClassLoader::defineClass@46
                      ; - java.net.URLClassLoader$1::run@43
                      ; - java.net.URLClassLoader$1::run@1
                      ; - java.security.AccessController::executePrivileged@29
                      ; - java.security.AccessController::doPrivileged@13
                      ; - java.net.URLClassLoader::findClass@13
  0x0000029bc1e62324: 983f f0fe 

  0x0000029bc1e62328: ;   {other}
  0x0000029bc1e62328: 0f1f 8400 | 9818 0005 | 4889 8424 | 9000 0000 | 0f1f 8400 | 0000 0000 | 4885 c00f | 843c 0b00 
  0x0000029bc1e62348: 0044 8b50 | 1045 8b5a | 1c45 85db | 0f85 3252 | 0000 448b | 5814 6690 

  0x0000029bc1e62360: ; implicit exception: dispatches to 0x0000029bc1e69438
  0x0000029bc1e62360: 418b 6b24 | 85ed 0f85 | 6053 0000 | 4c8b 5424 | 704d 85d2 | 0f84 9e53 

  0x0000029bc1e62378: ;   {oop(a 'java/lang/Class'{0x0000000080004578} = 'jdk/internal/access/SharedSecrets')}
  0x0000029bc1e62378: 0000 49ba | 7845 0080 | 0000 0000 | 458b 92d4 | 0000 0044 | 8954 2478 

  0x0000029bc1e62390: ; implicit exception: dispatches to 0x0000029bc1e69568
  0x0000029bc1e62390: 458b 5a08 | 4489 5c24 | 204c 8b94 | 2488 0000 | 0045 0fbe | 5210 4585 | d20f 8531 | 5200 004c 
  0x0000029bc1e623b0: 8b94 2488 | 0000 0045 | 8b4a 1445 | 8b51 0c44 | 8994 2498 | 0000 0044 | 8b54 2478 | 4c89 9424 
  0x0000029bc1e623d0: a000 0000 | 448b 9c24 | 9800 0000 | 0f1f 4000 | 4585 db0f | 86e1 0000 | 0041 8bdb | ffcb 413b 
  0x0000029bc1e623f0: db0f 8361 | 4900 0041 | 8d4b fd0f | 1f44 0000 | 4180 7910 | 2e0f 84bb | 1b00 0083 | f901 0f8e 
  0x0000029bc1e62410: 6c4c 0000 | bd01 0000 | 000f 1f80 | 0000 0000 | 4c63 dd47 | 0fbe 5419 | 1041 83fa | 2e0f 84c5 
  0x0000029bc1e62430: 0000 0047 | 0fbe 5419 | 110f 1f80 | 0000 0000 | 4183 fa2e | 0f84 a300 | 0000 470f | be54 1912 
  0x0000029bc1e62450: 4183 fa2e | 0f84 a800 | 0000 470f | be54 1913 | 4183 fa2e | 0f84 8000 | 0000 83c5 | 043b e97c 
  0x0000029bc1e62470: af44 8bdd | 443b 9c24 

  0x0000029bc1e62478: ;   {no_reloc}
  0x0000029bc1e62478: 9800 0000 | 7d4c 4489 | 9c24 9c00 | 0000 6690 | 448b 9424 | 9c00 0000 | 470f be54 | 1110 6666 
  0x0000029bc1e62498: 0f1f 8400 | 0000 0000 | 4183 fa2e | 0f84 6200 | 0000 448b | 9c24 9c00 | 0000 41ff | c344 899c 
  0x0000029bc1e624b8: 249c 0000 | 0066 6690 | 443b 9c24 | 9800 0000 | 7cbe 4d8b | d14c 8b9c | 2488 0000 | 004c 899c 
  0x0000029bc1e624d8: 2498 0000 | 004c 8994 | 24a8 0000 | 00e9 6803 | 0000 83c5 | 02ff c589 | ac24 9c00 | 0000 eb14 
  0x0000029bc1e624f8: 89ac 249c | 0000 0090 | eb0a 83c5 | 0289 ac24 | 9c00 0000 | 448b 9c24 | 9c00 0000 | 0f1f 8400 
  0x0000029bc1e62518: 0000 0000 | 6666 6690 | 443b 9c24 | 9800 0000 | 7da0 448b | 9424 9800 | 0000 4181 | fa00 0010 
  0x0000029bc1e62538: 000f 8766 | 3a00 004d | 8b97 b801 | 0000 4c63 | 9c24 9800 | 0000 4983 | c317 4983 | e3f8 4d8b 
  0x0000029bc1e62558: c24d 03c3 | 0f1f 4000 | 4d3b 87c8 | 0100 000f | 8338 3a00 | 004d 8987 | b801 0000 | 410f 0d88 
  0x0000029bc1e62578: ;   {no_reloc}
  0x0000029bc1e62578: c000 0000 | 49c7 0201 | 0000 0041 | 0f0d 8800 

  0x0000029bc1e62588: ;   {metadata({type array byte})}
  0x0000029bc1e62588: 0100 0041 | c742 0818 | 2300 0044 | 8b9c 2498 | 0000 0045 | 895a 0c41 | 0f0d 8840 | 0100 0041 
  0x0000029bc1e625a8: 0f0d 8880 | 0100 004c | 8994 24a8 | 0000 0044 | 8b9c 249c | 0000 0090 | 4585 db0f | 8eaa 0000 
  0x0000029bc1e625c8: 008b bc24 | 9c00 0000 | ffcf 3bbc | 2498 0000 | 000f 8365 | 4d00 0044 | 8b94 2498 | 0000 0045 
  0x0000029bc1e625e8: 85d2 0f86 | 544d 0000 | 450f be59 | 104c 8b94 | 24a8 0000 | 0045 885a | 1083 ff01 | 0f8e 8e4d 
  0x0000029bc1e62608: 0000 41b8 | 0100 0000 | 4963 d045 | 0fbe 5c11 | 104c 8b94 | 24a8 0000 | 0045 885c | 1210 450f 
  0x0000029bc1e62628: be54 1111 | 4c8b 9c24 | a800 0000 | 4588 5413 | 1141 83c0 | 0266 6690 | 443b c77c | cb44 3b84 
  0x0000029bc1e62648: 249c 0000 | 007d 2490 | 4d63 d847 | 0fbe 5419 | 1048 8bbc | 24a8 0000 | 0046 8854 | 1f10 41ff 
  0x0000029bc1e62668: c044 3b84 | 249c 0000 | 007c dd44 | 8b94 249c | 0000 000f | 1f44 0000 | 443b 9424 | 9800 0000 
  0x0000029bc1e62688: ;   {no_reloc}
  0x0000029bc1e62688: 0f8d 5c01 | 0000 443b | 9424 9800 | 0000 0f83 | ef49 0000 | 0f1f 4000 | 3b9c 2498 | 0000 000f 
  0x0000029bc1e626a8: 83de 4900 | 0041 ffc2 | 4c63 9c24 | 9c00 0000 | 470f be44 | 1910 6690 | 4183 f82e | 0f84 5b18 
  0x0000029bc1e626c8: 0000 488b | 9c24 a800 | 0000 4688 | 441b 1044 | 8b9c 249c | 0000 0041 | ffc3 453b | da7d 0a44 
  0x0000029bc1e626e8: 899c 249c | 0000 00eb | bf44 3bd9 | 0f8d a800 | 0000 448b | 9424 9c00 | 0000 41ff | c2e9 4f00 
  0x0000029bc1e62708: 0000 41b8 | 2f00 0000 | 4588 443b | 1145 0fbe | 4439 120f | 1f44 0000 | 4183 f82e | 0f84 7000 
  0x0000029bc1e62728: 0000 4588 | 443b 1245 | 0fbe 5c39 | 1341 83fb | 2e0f 8453 | 0000 004c | 8b84 24a8 | 0000 0045 
  0x0000029bc1e62748: 885c 3813 | 4183 c204 | 443b d10f | 8d4c 0000 | 0049 63fa | 410f be5c | 3910 83fb | 2e74 244c 
  0x0000029bc1e62768: 8b9c 24a8 | 0000 0041 | 885c 3b10 | 450f be44 | 3911 660f | 1f44 0000 | 4183 f82e | 758a e97f 
  0x0000029bc1e62788: ;   {no_reloc}
  0x0000029bc1e62788: ffff ffbb | 2f00 0000 | ebd5 41bb | 2f00 0000 | eba5 41b8 | 2f00 0000 | eb88 458b | d344 3b94 
  0x0000029bc1e627a8: 2498 0000 | 007d 3b45 | 8bda 6690 | 4d63 c347 | 0fbe 5401 | 1066 6690 | 4183 fa2e | 0f84 0c18 
  0x0000029bc1e627c8: 0000 488b | 8c24 a800 | 0000 4688 | 5401 1041 | ffc3 660f | 1f44 0000 | 443b 9c24 | 9800 0000 
  0x0000029bc1e627e8: 7cca 4d8b | 9fb8 0100 | 004d 8bd3 | 4983 c218 | 0f1f 8400 | 0000 0000 | 4d3b 97c8 | 0100 000f 
  0x0000029bc1e62808: 832d 3800 | 004d 8997 | b801 0000 | 410f 0d8a | c000 0000 | 49c7 0301 

  0x0000029bc1e62820: ;   {metadata('java/lang/String')}
  0x0000029bc1e62820: 0000 0041 | c743 0878 | e800 0045 | 8963 0c4d | 8963 104c | 899c 2498 | 0000 004c | 8b94 24a8 
  0x0000029bc1e62840: 0000 004d | 8bda 4c8b | 9424 9800 | 0000 4589 | 5a14 4c8b | 9424 a800 | 0000 458b | 420c 6690 
  0x0000029bc1e62860: 4585 c00f | 8600 1900 | 004c 8b94 | 2498 0000 | 0045 0fbe | 5210 4489 | 9424 1001 | 0000 c442 
  0x0000029bc1e62880: 2af7 d044 | 8994 24b0 | 0000 004d | 63d2 4c89 | 9424 b800 | 0000 448b | 9c24 1001 | 0000 6690 
  0x0000029bc1e628a0: 4183 fb01 | 0f84 bc3c | 0000 448b | 9c24 b000 | 0000 4585 | db0f 8c79 | 5200 004c | 8b8c 24b8 
  0x0000029bc1e628c0: 0000 0049 | 83c1 0141 | 8be9 85ed | 0f8c e652 | 0000 4d8b | d149 c1fa | 2045 8bda | 450f bed3 
  0x0000029bc1e628e0: c462 29f7 | d544 8994 | 24b4 0000 | 0045 85d2 | 0f8c 1e54 | 0000 6666 | 0f1f 8400 | 0000 0000 
  0x0000029bc1e62900: 4181 fa00 | 0010 000f | 8701 4600 | 004d 63d2 | 448b 9c24 | b400 0000 | 0f1f 8400 | 0000 0000 
  0x0000029bc1e62920: ;   {no_reloc}
  0x0000029bc1e62920: 4181 fb00 | 0010 000f | 87d0 3500 | 004d 8b87 | b801 0000 | 4983 c217 | 4983 e2f8 | 4d8b d84d 
  0x0000029bc1e62940: 03da 4d3b | 9fc8 0100 | 000f 83ae | 3500 004d | 899f b801 | 0000 410f | 0d8b c000 | 0000 49c7 
  0x0000029bc1e62960: 0001 0000 | 0041 0f0d | 8b00 0100 

  0x0000029bc1e6296c: ;   {metadata({type array byte})}
  0x0000029bc1e6296c: 0041 c740 | 0818 2300 | 0044 8b8c | 24b4 0000 | 0045 8948 | 0c41 0f0d | 8b40 0100 | 0041 0f0d 
  0x0000029bc1e6298c: 8b80 0100 | 004c 8984 | 24c0 0000 | 0044 8b94 | 24b4 0000 | 0044 8954 | 2424 4c8b | 9424 b800 
  0x0000029bc1e629ac: 0000 49bb | 0000 0000 | 0100 0000 | 0f1f 8400 | 0000 0000 | 4d3b d30f | 8d9e 2b00 | 0044 8b9c 
  0x0000029bc1e629cc: 24b0 0000 | 0041 ffc3 | 448b 4424 | 240f 1f80 | 0000 0000 | 453b c30f | 822d 4500 | 004c 8b94 
  0x0000029bc1e629ec: 24c0 0000 | 0044 8b9c | 24b0 0000 | 0043 c644 | 1a10 2f4c | 8b94 24a8 | 0000 004d | 8bc2 458b 
  0x0000029bc1e62a0c: 480c 448b | 9424 1001 | 0000 c442 | 2af7 d14d | 63d2 4c8b | 9c24 b800 | 0000 4d2b | da4c 899c 
  0x0000029bc1e62a2c: 24a8 0000 | 0045 8bd3 | 4489 9424 | b000 0000 | 4d8b d349 | bb00 0000 | 0001 0000 | 004d 3bd3 
  0x0000029bc1e62a4c: 0f8d 942b | 0000 4d8b | d04d 8d50 | 108b 8c24 | 1001 0000 | 85c9 0f85 | 8a28 0000 | 448b 9c24 
  0x0000029bc1e62a6c: ;   {no_reloc}
  0x0000029bc1e62a6c: b000 0000 | 4585 db0f | 8c43 4500 | 0045 03d9 | 8b5c 2424 | 413b db0f | 8233 4500 | 0045 85c9 
  0x0000029bc1e62a8c: 7633 4c8b | 9c24 c000 | 0000 448b | 8424 b000 | 0000 4b8d | 5403 104d | 63c1 498b | cac5 f877 
  0x0000029bc1e62aac: 49ba a06e | 5bc0 9b02 | 0000 41ff 

  0x0000029bc1e62ab8: ;   {other}
  0x0000029bc1e62ab8: d20f 1f84 | 0000 0000 | 004c 8b94 | 24c0 0000 | 0049 8bea | 4c8b 9424 | a800 0000 | 4d85 d20f 
  0x0000029bc1e62ad8: 856a 3000 | 0049 8b87 | b801 0000 | 4c8b d049 | 83c2 184d | 3b97 c801 | 0000 0f83 | 6d34 0000 
  0x0000029bc1e62af8: 4d89 97b8 | 0100 0041 | 0f0d 8ac0 | 0000 0048 | c700 0100 

  0x0000029bc1e62b0c: ;   {metadata('java/lang/String')}
  0x0000029bc1e62b0c: 0000 c740 | 0878 e800 | 0044 8960 | 0c4c 8960 | 1089 6814 | 448b 5c24 

  0x0000029bc1e62b24: ;   {metadata('java/util/jar/JavaUtilJarAccessImpl')}
  0x0000029bc1e62b24: 2041 81fb | b05a 3100 | 0f85 8642 | 0000 4c8b | 4c24 7041 | 8b69 1044 | 8b5d 0890 

  0x0000029bc1e62b40: ;   {metadata('java/util/HashMap')}
  0x0000029bc1e62b40: 4181 fb68 | a908 000f | 85f7 4200 | 004c 8bd5 | 458b 5224 | 4585 d20f | 848c 1100 | 0045 8b42 
  0x0000029bc1e62b60: 0c45 85c0 | 0f86 de4a | 0000 488b | c844 8b58 | 0c41 ffc8 | 4585 db0f | 85fa 0100 | 0044 0fb6 
  0x0000029bc1e62b80: 5811 4585 | db0f 850d | 2400 008b | 6814 8078 | 1000 0f85 | ee37 0000 

  0x0000029bc1e62b98: ; implicit exception: dispatches to 0x0000029bc1e69754
  0x0000029bc1e62b98: 8b55 0c4c | 8bdd 488d | 7d10 83fa | 020f 8c7e | 2800 0033 | db83 fa20 | 0f8c 5c01 | 0000 33f6 
  0x0000029bc1e62bb8: c5d5 efed | c5dd efe4 | c441 35ef | c9c4 413d 

  0x0000029bc1e62bc8: ;   {external_word}
  0x0000029bc1e62bc8: efc0 48b8 | 2046 3dde | fa7f 0000 | 448b 18c4 | c179 6ec3 | c4e2 7d58 | c08b c283 | e0e0 410f 
  0x0000029bc1e62be8: afdb c5fa | 7e3c 37c5 | fa7e 5437 | 08c5 fa7e | 4c37 10c5 | fa7e 5c37 | 18c4 e255 | 40e8 c4e2 
  0x0000029bc1e62c08: 7d31 ffc5 | d5fe efc4 | e25d 40e0 | c4e2 7d31 | d2c5 ddfe | e2c4 6235 | 40c8 c4e2 | 7d31 c9c5 
  0x0000029bc1e62c28: 35fe c9c4 | 623d 40c0 | c4e2 7d31 | dbc5 3dfe | c383 c620 | 3bf0 7ca6 | 488d 3c07 

  0x0000029bc1e62c44: ;   {external_word}
  0x0000029bc1e62c44: 2bd0 48b8 | 2446 3dde | fa7f 0000 | c57e 6f20 | c4c2 5540 

  0x0000029bc1e62c58: ;   {external_word}
  0x0000029bc1e62c58: ec48 b844 | 463d defa | 7f00 00c5 | 7e6f 18c4 | c25d 40e3 

  0x0000029bc1e62c6c: ;   {external_word}
  0x0000029bc1e62c6c: 48b8 6446 | 3dde fa7f | 0000 c57e | 6f10 c442 

  0x0000029bc1e62c7c: ;   {external_word}
  0x0000029bc1e62c7c: 3540 ca48 | b884 463d | defa 7f00 | 00c5 fe6f | 30c4 623d | 40c6 c4e2 | 5502 fdc4 | e37d 39fa 
  0x0000029bc1e62c9c: 01c5 c1fe | fac4 e241 | 02ff c5f9 | 6ed3 c5c1 | fefa c5f9 | 7efb c4e2 | 5d02 ccc4 | e37d 39cb 
  0x0000029bc1e62cbc: 01c5 f1fe | cbc4 e271 | 02c9 c5f9 | 6edb c5f1 | fecb c5f9 | 7ecb c4c2 | 3502 f9c4 | e37d 39fa 
  0x0000029bc1e62cdc: 01c5 c1fe | fac4 e241 | 02ff c5f9 | 6ed3 c5c1 | fefa c5f9 | 7efb c4c2 | 3d02 c8c4 | e37d 39cb 
  0x0000029bc1e62cfc: 01c5 f1fe | cbc4 e271 | 02c9 c5f9 | 6edb c5f1 | fecb c5f9 | 7ecb be01 | 0000 003b | f20f 8d2b 
  0x0000029bc1e62d1c: 0000 0041 | bbc1 0300 | 0041 0faf | db0f b644 | 37ff 448b | d841 c1e3 | 0544 2bd8 | 4103 db44 
  0x0000029bc1e62d3c: 0fb6 1c37 | 4103 db83 | c602 3bf2 | 7cd5 7f10 | 8bc3 c1e3 | 052b d844 | 0fb6 5c37 | ff41 03db 
  0x0000029bc1e62d5c: 0f1f 4000 | 85db 0f84 | 1036 0000 | 8959 0c8b | fbc1 ef10 | 33fb 4423 | c7eb 0c41 | 8bfb c1ef 
  0x0000029bc1e62d7c: ;   {no_reloc}
  0x0000029bc1e62d7c: 1041 33fb | 4423 c747 | 8b54 8210 | 4585 d20f | 8458 0f00 | 0045 8b42 | 0c44 3bc7 | 0f85 3d0f 
  0x0000029bc1e62d9c: 0000 458b | 4210 498b | ea4c 3bc1 | 0f85 d70e | 0000 8b6d | 1485 ed0f | 8430 0f00 | 0044 8b55 
  0x0000029bc1e62dbc: 0866 6690 

  0x0000029bc1e62dc0: ;   {metadata('java/util/jar/Attributes')}
  0x0000029bc1e62dc0: 4181 fa40 | 8816 000f | 85eb 4400 | 00ba 45ff | ffff 4c8b | 5424 604c | 8954 2420 | 4c8b 5424 
  0x0000029bc1e62de0: 584c 8954 | 2430 4c8b | 5424 504c | 8954 2448 | 4c8b 5424 | 684c 8954 | 2458 4c8b | 9424 8000 
  0x0000029bc1e62e00: 0000 4c89 | 5424 6044 | 8b5c 247c | 4489 5c24 | 684c 8b94 | 2488 0000 | 004c 8994 | 2480 0000 
  0x0000029bc1e62e20: 004c 8b94 | 2490 0000 | 004c 8994 | 2488 0000 | 004c 898c | 2490 0000 | 004c 898c | 2498 0000 
  0x0000029bc1e62e40: 0048 898c | 24a0 0000 | 0066 6690 

  0x0000029bc1e62e4c: ;   {runtime_call UncommonTrapBlob}
  0x0000029bc1e62e4c: c5f8 77e8 

  0x0000029bc1e62e50: ; ImmutableOopMap {rbp=Oop [32]=Oop [40]=Oop [48]=Oop [88]=Oop [96]=Oop [104]=NarrowOop [128]=Oop [136]=Oop [144]=Oop [152]=Oop [160]=Oop }
                      ;*ifnull {reexecute=1 rethrow=0 return_oop=0}
                      ; - (reexecute) java.util.jar.Manifest::getTrustedAttributes@7
                      ; - java.util.jar.JavaUtilJarAccessImpl::getTrustedAttributes@2
                      ; - java.net.URLClassLoader::isSealed@18
                      ; - java.net.URLClassLoader::getAndVerifyPackage@68
                      ; - java.net.URLClassLoader::defineClass@46
                      ; - java.net.URLClassLoader$1::run@43
                      ; - java.net.URLClassLoader$1::run@1
                      ; - java.security.AccessController::executePrivileged@29
                      ; - java.security.AccessController::doPrivileged@13
                      ; - java.net.URLClassLoader::findClass@13
  0x0000029bc1e62e50: ac0b 77fe 

  0x0000029bc1e62e54: ;   {other}
  0x0000029bc1e62e54: 0f1f 8400 | c423 0006 | 8b7c 2478 | 4c8b 9c24 | 9000 0000 | 448b 9424 | 8400 0000 | 8b44 2420 
  0x0000029bc1e62e74: 4c8b 6c24 | 3844 8b44 | 2424 6690 | e960 0700 | 0044 8b54 | 2478 4d8b 

  0x0000029bc1e62e8c: ;   {metadata('java/lang/IllegalArgumentException')}
  0x0000029bc1e62e8c: c248 bdc0 | 9a06 cd9b | 0200 004c | 8b5c 2470 | 0f1f 4000 | 4d85 db0f | 843c 2500 | 004c 8944 
  0x0000029bc1e62eac: 2430 4c89 | 5c24 2048 | 8b54 2468 | 4c8b 8424 | 8800 0000 | 4d8b cb48 | 8b7c 2430 | 4c8b 5424 
  0x0000029bc1e62ecc: 604c 8954 | 2438 4c89 | 5424 4090 

  0x0000029bc1e62ed8: ;   {optimized virtual_call}
  0x0000029bc1e62ed8: c5f8 77e8 

  0x0000029bc1e62edc: ; ImmutableOopMap {[32]=Oop [40]=Oop [48]=Oop [56]=Oop [64]=Oop [72]=Oop [88]=Oop [96]=Oop [104]=Oop [120]=NarrowOop [124]=NarrowOop [128]=Oop [136]=Oop }
                      ;*invokevirtual definePackage {reexecute=0 rethrow=0 return_oop=1}
                      ; - java.net.URLClassLoader::defineClass@64
                      ; - java.net.URLClassLoader$1::run@43
                      ; - java.net.URLClassLoader$1::run@1
                      ; - java.security.AccessController::executePrivileged@29
                      ; - java.security.AccessController::doPrivileged@13
                      ; - java.net.URLClassLoader::findClass@13
  0x0000029bc1e62edc: 2038 e1f7 

  0x0000029bc1e62ee0: ;   {other}
  0x0000029bc1e62ee0: 0f1f 8400 | 5024 0007 | 4c8b 9c24 | 8000 0000 | 488d 9c24 | 2001 0000 | 498b 03a8 | 020f 8523 
  0x0000029bc1e62f00: 0000 0048 | 83c8 0148 | 8903 f049 | 0fb1 1b0f | 8437 0000 | 0048 2bc4 | 4825 07f0 | ffff 4889 
  0x0000029bc1e62f20: 03e9 2400 | 0000 4c8b | d048 33c0 | f04d 0fb1 | 7a3e 48c7 | 0303 0000 | 0074 114c | 3bf8 7515 
  0x0000029bc1e62f40: 49ff 8286 | 0000 0048 | 33c0 7509 | 49ff 8750 | 0500 0033 | c00f 8551 | 4900 000f | 1f44 0000 
  0x0000029bc1e62f60: 453b 630c | 0f85 ca01 | 0000 458b | 4320 458b | 5018 458b | 4b1c 4585 | d20f 84d1 | 4e00 0049 
  0x0000029bc1e62f80: 8bca 488d | 9c24 2801 | 0000 488b | 01a8 020f | 8523 0000 | 0048 83c8 | 0148 8903 | f048 0fb1 
  0x0000029bc1e62fa0: 190f 8437 | 0000 0048 | 2bc4 4825 | 07f0 ffff | 4889 03e9 | 2400 0000 | 4c8b c048 | 33c0 f04d 
  0x0000029bc1e62fc0: 0fb1 783e | 48c7 0303 | 0000 0074 | 114c 3bf8 | 7515 49ff | 8086 0000 | 0048 33c0 

  0x0000029bc1e62fdc: ;   {no_reloc}
  0x0000029bc1e62fdc: 7509 49ff | 8750 0500 | 0033 c00f | 8503 4f00 | 0045 85c9 | 0f84 be53 | 0000 4889 | 4c24 3044 
  0x0000029bc1e62ffc: 894c 2424 | 4489 5424 | 204c 895c | 2470 488b | d14c 8b54 | 2460 4c89 | 5424 384c | 895c 2440 
  0x0000029bc1e6301c: ;   {optimized virtual_call}
  0x0000029bc1e6301c: c5f8 77e8 

  0x0000029bc1e63020: ; ImmutableOopMap {[32]=NarrowOop [36]=NarrowOop [40]=Oop [48]=Oop [56]=Oop [64]=Oop [72]=Oop [88]=Oop [96]=Oop [104]=Oop [112]=Oop [124]=NarrowOop }
                      ;*invokevirtual maybeInstantiateVerifier {reexecute=0 rethrow=0 return_oop=0}
                      ; - java.util.jar.JarFile::getInputStream@9
                      ; - jdk.internal.loader.URLClassPath$JarLoader$2::getInputStream@11
                      ; - jdk.internal.loader.Resource::cachedInputStream@9
                      ; - jdk.internal.loader.Resource::getByteBuffer@1
                      ; - java.net.URLClassLoader::defineClass@132
                      ; - java.net.URLClassLoader$1::run@43
                      ; - java.net.URLClassLoader$1::run@1
                      ; - java.security.AccessController::executePrivileged@29
                      ; - java.security.AccessController::doPrivileged@13
                      ; - java.net.URLClassLoader::findClass@13
  0x0000029bc1e63020: fc82 08ff 

  0x0000029bc1e63024: ;   {other}
  0x0000029bc1e63024: 0f1f 8400 | 9425 0008 | 448b 5424 | 244d 8bc2 | 448b 4c24 | 200f 1f80 | 0000 0000 | 453b 6130 
  0x0000029bc1e63044: 0f85 9b16 | 0000 488b | 5424 304c | 8b54 2440 | 4c89 5424 | 204c 8954 | 2438 6690 

  0x0000029bc1e63060: ;   {optimized virtual_call}
  0x0000029bc1e63060: c5f8 77e8 

  0x0000029bc1e63064: ; ImmutableOopMap {[32]=Oop [40]=Oop [48]=Oop [56]=Oop [72]=Oop [88]=Oop [96]=Oop [104]=Oop [112]=Oop [124]=NarrowOop }
                      ;*invokespecial getInputStream {reexecute=0 rethrow=0 return_oop=1}
                      ; - java.util.jar.JarFile::getInputStream@21
                      ; - jdk.internal.loader.URLClassPath$JarLoader$2::getInputStream@11
                      ; - jdk.internal.loader.Resource::cachedInputStream@9
                      ; - jdk.internal.loader.Resource::getByteBuffer@1
                      ; - java.net.URLClassLoader::defineClass@132
                      ; - java.net.URLClassLoader$1::run@43
                      ; - java.net.URLClassLoader$1::run@1
                      ; - java.security.AccessController::executePrivileged@29
                      ; - java.security.AccessController::doPrivileged@13
                      ; - java.net.URLClassLoader::findClass@13
  0x0000029bc1e63064: 3868 aaff 

  0x0000029bc1e63068: ;   {other}
  0x0000029bc1e63068: 0f1f 8400 | d825 0009 | 488b d84c | 8b5c 2430 | 488d 8424 | 2801 0000 | 4883 3800 | 0f84 7900 
  0x0000029bc1e63088: 0000 4d8b | 1341 f6c2 | 020f 8462 | 0000 0049 | 83ba 8600 | 0000 0074 | 0949 ff8a | 8600 0000 
  0x0000029bc1e630a8: eb4b 498b | 8296 0000 | 0049 0b82 | 8e00 0000 | 750a 49c7 | 423e 0000 | 0000 eb3d | 4983 ba9e 
  0x0000029bc1e630c8: 0000 0000 | 7422 4833 | c049 c742 | 3e00 0000 | 00f0 8304 | 2400 4983 | ba9e 0000 | 0000 750d 
  0x0000029bc1e630e8: f04d 0fb1 | 7a3e 7505 | 83c8 01eb | 0ca8 00eb | 084c 8b10 | f04d 0fb1 | 1375 0a49 | ff8f 5005 
  0x0000029bc1e63108: 0000 4533 | d20f 85e1 | 5000 004c | 8b5c 2470 | 4d8b d34c | 8bc3 4589 | 430c 49c1 | ea09 49b8 
  0x0000029bc1e63128: 0000 3fb5 | 9b02 0000 | 4788 2410 | 4c8b 5424 | 5841 8b6a | 0c48 8d84 | 2420 0100 | 0048 8338 
  0x0000029bc1e63148: 000f 8479 | 0000 004d | 8b13 41f6 | c202 0f84 | 6200 0000 | 4983 ba86 | 0000 0000 

  0x0000029bc1e63164: ;   {no_reloc}
  0x0000029bc1e63164: 7409 49ff | 8a86 0000 | 00eb 4b49 | 8b82 9600 | 0000 490b | 828e 0000 | 0075 0a49 | c742 3e00 
  0x0000029bc1e63184: 0000 00eb | 3d49 83ba | 9e00 0000 | 0074 2248 | 33c0 49c7 | 423e 0000 | 0000 f083 | 0424 0049 
  0x0000029bc1e631a4: 83ba 9e00 | 0000 0075 | 0df0 4d0f | b17a 3e75 | 0583 c801 | eb0c a800 | eb08 4c8b | 10f0 4d0f 
  0x0000029bc1e631c4: b113 750a | 49ff 8f50 | 0500 0045 | 33d2 0f85 | 0447 0000 

  0x0000029bc1e631d8: ; implicit exception: dispatches to 0x0000029bc1e695b8
  0x0000029bc1e631d8: 448b 5508 

  0x0000029bc1e631dc: ;   {metadata('sun/nio/ByteBuffered')}
  0x0000029bc1e631dc: 48b8 8832 | 36cd 9b02 | 0000 48be | 0000 00cd | 9b02 0000 | 4903 f24c | 8b56 2066 | 0f1f 8400 
  0x0000029bc1e631fc: 0000 0000 | 4c3b d00f | 847c 4500 | 004c 895c | 2470 4833 | ff4c 8b9e | a000 0000 | 498b d348 
  0x0000029bc1e6321c: c1e2 300f | 8921 0000 | 00f3 480f | b8d2 488b | 5e28 483b | 04d3 7415 | 490f bae3 | 1073 0b49 
  0x0000029bc1e6323c: ;   {runtime_call StubRoutines (compiler stubs)}
  0x0000029bc1e6323c: c1cb 0fe8 | 1372 78fe | eb03 48ff | c748 85ff | 0f84 2e45 | 0000 488d | 9c24 2001 | 0000 4c8b 
  0x0000029bc1e6325c: 5c24 7049 | 8b03 a802 | 0f85 2300 | 0000 4883 | c801 4889 | 03f0 490f | b11b 0f84 | 3700 0000 
  0x0000029bc1e6327c: 482b c448 | 2507 f0ff | ff48 8903 | e924 0000 | 004c 8bd0 | 4833 c0f0 | 4d0f b17a | 3e48 c703 
  0x0000029bc1e6329c: 0300 0000 | 7411 4c3b | f875 1549 | ff82 8600 | 0000 4833 | c075 0949 | ff87 5005 | 0000 33c0 
  0x0000029bc1e632bc: 0f1f 4000 | 0f85 4746 | 0000 4c8b | 5424 7041 | 8b7a 0c85 | ff0f 85b7 | 0100 0045 | 8b52 2045 
  0x0000029bc1e632dc: 8b52 184c | 8b5c 2470 | 458b 4b1c | 4585 d20f | 84ab 4b00 | 004d 8bc2 | 488d 9c24 | 2801 0000 
  0x0000029bc1e632fc: 498b 00a8 | 020f 8523 | 0000 0048 | 83c8 0148 | 8903 f049 | 0fb1 180f | 8437 0000 | 0048 2bc4 
  0x0000029bc1e6331c: 4825 07f0 | ffff 4889 | 03e9 2400 | 0000 4c8b | d848 33c0 | f04d 0fb1 | 7b3e 48c7 | 0303 0000 
  0x0000029bc1e6333c: ;   {no_reloc}
  0x0000029bc1e6333c: 0074 114c | 3bf8 7515 | 49ff 8386 | 0000 0048 | 33c0 7509 | 49ff 8750 | 0500 0033 | c00f 85e0 
  0x0000029bc1e6335c: 4b00 0090 | 4585 c90f | 84bb 5000 | 004c 8944 | 2430 4489 | 4c24 2444 | 8954 2420 | 498b d04c 
  0x0000029bc1e6337c: 8b54 2460 | 4c89 5424 | 3866 6690 

  0x0000029bc1e63388: ;   {optimized virtual_call}
  0x0000029bc1e63388: c5f8 77e8 

  0x0000029bc1e6338c: ; ImmutableOopMap {[32]=NarrowOop [36]=NarrowOop [40]=Oop [48]=Oop [56]=Oop [72]=Oop [88]=Oop [96]=Oop [104]=Oop [112]=Oop [124]=NarrowOop }
                      ;*invokevirtual maybeInstantiateVerifier {reexecute=0 rethrow=0 return_oop=0}
                      ; - java.util.jar.JarFile::getInputStream@9
                      ; - jdk.internal.loader.URLClassPath$JarLoader$2::getInputStream@11
                      ; - jdk.internal.loader.Resource::cachedInputStream@9
                      ; - jdk.internal.loader.Resource::getBytes@1
                      ; - jdk.internal.loader.URLClassPath$JarLoader$2::getBytes@1
                      ; - java.net.URLClassLoader::defineClass@179
                      ; - java.net.URLClassLoader$1::run@43
                      ; - java.net.URLClassLoader$1::run@1
                      ; - java.security.AccessController::executePrivileged@29
                      ; - java.security.AccessController::doPrivileged@13
                      ; - java.net.URLClassLoader::findClass@13
  0x0000029bc1e6338c: f0b3 76fe 

  0x0000029bc1e63390: ;   {other}
  0x0000029bc1e63390: 0f1f 8400 | 0029 000a | 448b 4424 | 244d 8bc8 | 448b 5c24 | 2045 3b63 | 300f 8522 | 1700 0048 
  0x0000029bc1e633b0: 8b54 2430 | 4d8b c190 

  0x0000029bc1e633b8: ;   {optimized virtual_call}
  0x0000029bc1e633b8: c5f8 77e8 

  0x0000029bc1e633bc: ; ImmutableOopMap {[40]=Oop [48]=Oop [72]=Oop [88]=Oop [96]=Oop [104]=Oop [112]=Oop [124]=NarrowOop }
                      ;*invokespecial getInputStream {reexecute=0 rethrow=0 return_oop=1}
                      ; - java.util.jar.JarFile::getInputStream@21
                      ; - jdk.internal.loader.URLClassPath$JarLoader$2::getInputStream@11
                      ; - jdk.internal.loader.Resource::cachedInputStream@9
                      ; - jdk.internal.loader.Resource::getBytes@1
                      ; - jdk.internal.loader.URLClassPath$JarLoader$2::getBytes@1
                      ; - java.net.URLClassLoader::defineClass@179
                      ; - java.net.URLClassLoader$1::run@43
                      ; - java.net.URLClassLoader$1::run@1
                      ; - java.security.AccessController::executePrivileged@29
                      ; - java.security.AccessController::doPrivileged@13
                      ; - java.net.URLClassLoader::findClass@13
  0x0000029bc1e633bc: c0b3 76fe 

  0x0000029bc1e633c0: ;   {other}
  0x0000029bc1e633c0: 0f1f 8400 | 3029 000b | 488b d84c | 8b5c 2430 | 488d 8424 | 2801 0000 | 4883 3800 | 0f84 7900 
  0x0000029bc1e633e0: 0000 4d8b | 1341 f6c2 | 020f 8462 | 0000 0049 | 83ba 8600 | 0000 0074 | 0949 ff8a | 8600 0000 
  0x0000029bc1e63400: eb4b 498b | 8296 0000 | 0049 0b82 | 8e00 0000 | 750a 49c7 | 423e 0000 | 0000 eb3d | 4983 ba9e 
  0x0000029bc1e63420: 0000 0000 | 7422 4833 | c049 c742 | 3e00 0000 | 00f0 8304 | 2400 4983 | ba9e 0000 | 0000 750d 
  0x0000029bc1e63440: f04d 0fb1 | 7a3e 7505 | 83c8 01eb | 0ca8 00eb | 084c 8b10 | f04d 0fb1 | 1375 0a49 | ff8f 5005 
  0x0000029bc1e63460: 0000 4533 | d20f 85b4 | 4d00 004c | 8b54 2470 | 488b fb4c | 8b5c 2470 | 4189 7b0c | 49c1 ea09 
  0x0000029bc1e63480: 49bb 0000 | 3fb5 9b02 | 0000 4788 | 2413 488d | 8424 2001 | 0000 4c8b | 5c24 7048 | 8338 000f 
  0x0000029bc1e634a0: 8479 0000 | 004d 8b13 | 41f6 c202 | 0f84 6200 | 0000 4983 | ba86 0000 | 0000 7409 

  0x0000029bc1e634bc: ;   {no_reloc}
  0x0000029bc1e634bc: 49ff 8a86 | 0000 00eb | 4b49 8b82 | 9600 0000 | 490b 828e | 0000 0075 | 0a49 c742 | 3e00 0000 
  0x0000029bc1e634dc: 00eb 3d49 | 83ba 9e00 | 0000 0074 | 2248 33c0 | 49c7 423e | 0000 0000 | f083 0424 | 0049 83ba 
  0x0000029bc1e634fc: 9e00 0000 | 0075 0df0 | 4d0f b17a | 3e75 0583 | c801 eb0c | a800 eb08 | 4c8b 10f0 | 4d0f b113 
  0x0000029bc1e6351c: 750a 49ff | 8f50 0500 | 0045 33d2 | 0f85 1744 | 0000 4c8b | 5424 4845 | 0fb6 523a | 0f1f 8400 
  0x0000029bc1e6353c: 0000 0000 | 4585 d20f | 8510 2400 | 0045 33c9 | 4c8b 5424 | 7045 8b5a | 1c4d 8b53 | 204d 8b9f 
  0x0000029bc1e6355c: b801 0000 | 4d8b c349 | 83c0 1045 | 8bd2 4d3b | 87c8 0100 | 000f 83e9 | 2b00 004d | 8987 b801 
  0x0000029bc1e6357c: 0000 410f | 0d88 c000 | 0000 49c7 | 0301 0000 | 0041 0f0d | 8800 0100 

  0x0000029bc1e63594: ;   {metadata({type array byte})}
  0x0000029bc1e63594: 0041 c743 | 0818 2300 | 0041 0f0d | 8840 0100 | 0045 8963 | 0c41 0f0d | 8880 0100 | 0041 83fa 
  0x0000029bc1e635b4: ff0f 84d6 | 4900 000f | 1f44 0000 | 4585 d27f | 1585 ff0f | 847d 4c00 | 004c 899c | 2490 0000 
  0x0000029bc1e635d4: 00e9 1a02 | 0000 8b47 | 084c 8bef | 33c9 4533 | c041 3bc8 | 0f8c ce44 | 0000 418b | da2b d941 
  0x0000029bc1e635f4: 8db0 0004 | 0000 3bde | 0f4f de90 | 85db 0f8c | 1046 0000 | 498b d348 | 83c2 108d | 3419 413b 
  0x0000029bc1e63614: f00f 8450 | 0a00 000f | 1f44 0000 | 81fe 0000 | 1000 0f87 | b43a 0000 | 4c63 f644 | 3bc6 418b 
  0x0000029bc1e63634: e80f 4fee | 0f1f 8400 | 0000 0000 | 443b c50f | 820b 3b00 | 003b f50f | 8203 3b00 | 0089 7424 
  0x0000029bc1e63654: 3448 8954 | 2440 899c | 248c 0000 | 0089 8c24 | 8800 0000 | 4c89 6c24 | 3889 4424 | 3044 8994 
  0x0000029bc1e63674: 2484 0000 | 004c 895c | 2420 4489 | 8c24 8000 | 0000 897c | 2478 4983 | c617 4c89 | b424 9000 
  0x0000029bc1e63694: ;   {no_reloc}
  0x0000029bc1e63694: 0000 4d8b | d649 83e2 | f84c 8994 | 2498 0000 | 0081 fe00 | 0010 000f | 87db 2900 | 0049 8b9f 
  0x0000029bc1e636b4: b801 0000 | 4c8b d34c | 8b9c 2498 | 0000 004d | 03d3 4d3b | 97c8 0100 | 000f 83b9 | 2900 004d 
  0x0000029bc1e636d4: 8997 b801 | 0000 410f | 0d8a c000 | 0000 48c7 | 0301 0000 | 0041 0f0d | 8a00 0100 

  0x0000029bc1e636f0: ;   {metadata({type array byte})}
  0x0000029bc1e636f0: 00c7 4308 | 1823 0000 | 8973 0c41 | 0f0d 8a40 | 0100 0041 | 0f0d 8a80 | 0100 0048 | 8bd3 4883 
  0x0000029bc1e63710: c210 4c8b | 9c24 9000 | 0000 49c1 | eb03 6690 | 85ed 0f84 | c039 0000 | 3b6c 2434 | 0f8c 831a 
  0x0000029bc1e63730: 0000 4c8b | 8424 9800 | 0000 4983 | c0f0 49c1 | e803 488b | 4c24 40c5 | f877 49ba | 6074 5bc0 
  0x0000029bc1e63750: 9b02 0000 

  0x0000029bc1e63754: ;   {other}
  0x0000029bc1e63754: 41ff d20f | 1f84 0000 | 0000 0044 | 8b43 0c44 | 8b54 2430 

  0x0000029bc1e63768: ;   {metadata('java/util/zip/ZipFile$ZipFileInflaterInputStream')}
  0x0000029bc1e63768: 4181 fad0 | a331 000f | 85f5 0b00 | 0048 899c | 2490 0000 | 0044 8944 | 2424 4889 | 4424 f88b 
  0x0000029bc1e63788: 4424 3089 | 4424 2048 | 8b44 24f8 | 488b 5424 | 384c 8bc3 | 448b 8c24 | 8800 0000 | 8bbc 248c 
  0x0000029bc1e637a8: 0000 0048 | 8954 2440 

  0x0000029bc1e637b0: ;   {optimized virtual_call}
  0x0000029bc1e637b0: c5f8 77e8 

  0x0000029bc1e637b4: ; ImmutableOopMap {[40]=Oop [56]=Oop [64]=Oop [72]=Oop [88]=Oop [96]=Oop [104]=Oop [112]=Oop [120]=NarrowOop [124]=NarrowOop [144]=Oop }
                      ;*invokevirtual read {reexecute=0 rethrow=0 return_oop=0}
                      ; - jdk.internal.loader.Resource::getBytes@117
                      ; - jdk.internal.loader.URLClassPath$JarLoader$2::getBytes@1
                      ; - java.net.URLClassLoader::defineClass@179
                      ; - java.net.URLClassLoader$1::run@43
                      ; - java.net.URLClassLoader$1::run@1
                      ; - java.security.AccessController::executePrivileged@29
                      ; - java.security.AccessController::doPrivileged@13
                      ; - java.net.URLClassLoader::findClass@13
  0x0000029bc1e637b4: 08b6 fefe 

  0x0000029bc1e637b8: ;   {other}
  0x0000029bc1e637b8: 0f1f 8400 | 282d 000c | 85c0 0f8c | c844 0000 | 8b8c 2488 | 0000 0003 | c844 8b8c | 2480 0000 
  0x0000029bc1e637d8: 004d 8b97 

  0x0000029bc1e637dc: ; ImmutableOopMap {[40]=Oop [56]=Oop [72]=Oop [88]=Oop [96]=Oop [104]=Oop [112]=Oop [120]=NarrowOop [124]=NarrowOop [144]=Oop }
                      ;*goto {reexecute=1 rethrow=0 return_oop=0}
                      ; - (reexecute) jdk.internal.loader.Resource::getBytes@179
                      ; - jdk.internal.loader.URLClassPath$JarLoader$2::getBytes@1
                      ; - java.net.URLClassLoader::defineClass@179
                      ; - java.net.URLClassLoader$1::run@43
                      ; - java.net.URLClassLoader$1::run@1
                      ; - java.security.AccessController::executePrivileged@29
                      ; - java.security.AccessController::doPrivileged@13
                      ; - java.net.URLClassLoader::findClass@13
  0x0000029bc1e637dc: 5804 0000 

  0x0000029bc1e637e0: ;   {poll}
  0x0000029bc1e637e0: 4185 023b | 8c24 8400 | 0000 0f8c | 6cf6 ffff | 8b7c 2478 | 448b 5f08 | 488b d70f | 1f44 0000 
  0x0000029bc1e63800: ;   {metadata('java/util/zip/ZipFile$ZipFileInflaterInputStream')}
  0x0000029bc1e63800: 4181 fbd0 | a331 000f | 85d8 1600 | 0044 894c | 2420 4c8b | 5424 604c | 8954 2438 

  0x0000029bc1e6381c: ;   {optimized virtual_call}
  0x0000029bc1e6381c: c5f8 77e8 

  0x0000029bc1e63820: ; ImmutableOopMap {[40]=Oop [56]=Oop [88]=Oop [96]=Oop [104]=Oop [112]=Oop [124]=NarrowOop [144]=Oop }
                      ;*invokevirtual close {reexecute=0 rethrow=0 return_oop=0}
                      ; - jdk.internal.loader.Resource::getBytes@183
                      ; - jdk.internal.loader.URLClassPath$JarLoader$2::getBytes@1
                      ; - java.net.URLClassLoader::defineClass@179
                      ; - java.net.URLClassLoader$1::run@43
                      ; - java.net.URLClassLoader$1::run@1
                      ; - java.security.AccessController::executePrivileged@29
                      ; - java.security.AccessController::doPrivileged@13
                      ; - java.net.URLClassLoader::findClass@13
  0x0000029bc1e63820: bc75 f5fe 

  0x0000029bc1e63824: ;   {other}
  0x0000029bc1e63824: 0f1f 8400 | 942d 000e | 448b 4c24 | 2045 85c9 | 0f85 8448 | 0000 488b | 9c24 9000 | 0000 8b7b 
  0x0000029bc1e63844: 0c85 ff0f | 86af 4700 | 008b efff | cd3b ef0f | 836f 3f00 | 0048 8b94 | 2490 0000 | 0048 83c2 
  0x0000029bc1e63864: 1033 c944 | 8bc7 c5f8 | 7749 bae0 | 1258 c09b | 0200 0041 

  0x0000029bc1e63878: ;   {other}
  0x0000029bc1e63878: ffd2 0f1f | 8400 0000 | 0000 4c8b | 5424 7041 | 8b6a 1c4c | 8b55 1844 | 8bd8 4d3b | da0f 85c1 
  0x0000029bc1e63898: 4700 0044 | 8b55 0890 

  0x0000029bc1e638a0: ;   {metadata('java/util/jar/JarFile$JarFileEntry')}
  0x0000029bc1e638a0: 4181 fa48 | 3231 000f | 85c5 4000 | 004c 8bd5 | 458b 4264 | 4585 c00f | 845b 3f00 | 004c 8954 
  0x0000029bc1e638c0: 2420 897c | 2478 48ff | b424 9000 | 0000 488f | 4424 7049 | 8bd0 4c8b | 5424 604c | 8954 2430 
  0x0000029bc1e638e0: 4c89 5424 | 3866 6690 

  0x0000029bc1e638e8: ;   {optimized virtual_call}
  0x0000029bc1e638e8: c5f8 77e8 

  0x0000029bc1e638ec: ; ImmutableOopMap {[32]=Oop [40]=Oop [48]=Oop [56]=Oop [88]=Oop [96]=Oop [104]=Oop [112]=Oop [124]=NarrowOop [144]=Oop }
                      ;*invokevirtual maybeInstantiateVerifier {reexecute=0 rethrow=0 return_oop=0}
                      ; - java.util.jar.JarFile$JarFileEntry::getCodeSigners@4
                      ; - jdk.internal.loader.URLClassPath$JarLoader$2::getCodeSigners@4
                      ; - java.net.URLClassLoader::defineClass@185
                      ; - java.net.URLClassLoader$1::run@43
                      ; - java.net.URLClassLoader$1::run@1
                      ; - java.security.AccessController::executePrivileged@29
                      ; - java.security.AccessController::doPrivileged@13
                      ; - java.net.URLClassLoader::findClass@13
  0x0000029bc1e638ec: 307a 08ff 

  0x0000029bc1e638f0: ;   {other}
  0x0000029bc1e638f0: 0f1f 8400 | 602e 000f | 4c8b 4424 | 2045 8b50 | 5c45 85d2 | 0f85 9b16 | 0000 458b | 5864 418b 
  0x0000029bc1e63910: 6b30 85ed | 0f85 9648 | 0000 33db | 4d8b 97b8 | 0100 004d | 8bda 4983 | c328 4d3b | 9fc8 0100 
  0x0000029bc1e63930: 000f 8378 | 2800 004d | 899f b801 | 0000 410f | 0d8b c000 | 0000 49c7 | 0201 0000 

  0x0000029bc1e6394c: ;   {metadata('java/security/CodeSource')}
  0x0000029bc1e6394c: 0041 c742 | 0828 5c00 | 0045 8962 | 0c4d 8962 | 104d 8962 | 184d 8962 | 2044 8b5c | 247c 4589 
  0x0000029bc1e6396c: 5a0c 4585 | db0f 8499 | 4700 004c | 8954 2430 | 4889 5c24 | 2049 8bd3 | 4c8b 5424 | 604c 8954 
  0x0000029bc1e6398c: 2438 6690 

  0x0000029bc1e63990: ;   {static_call}
  0x0000029bc1e63990: c5f8 77e8 

  0x0000029bc1e63994: ; ImmutableOopMap {[32]=Oop [40]=Oop [48]=Oop [56]=Oop [88]=Oop [96]=Oop [104]=Oop [112]=Oop [144]=Oop }
                      ;*invokestatic urlNoFragString {reexecute=0 rethrow=0 return_oop=1}
                      ; - java.security.CodeSource::<init>@30
                      ; - java.net.URLClassLoader::defineClass@198
                      ; - java.net.URLClassLoader$1::run@43
                      ; - java.net.URLClassLoader$1::run@1
                      ; - java.security.AccessController::executePrivileged@29
                      ; - java.security.AccessController::doPrivileged@13
                      ; - java.net.URLClassLoader::findClass@13
  0x0000029bc1e63994: 48b2 f6ff 

  0x0000029bc1e63998: ;   {other}
  0x0000029bc1e63998: 0f1f 8400 | 082f 0010 | 488b 7c24 | 304c 8bd7 | 4c8b c044 | 8947 2049 | c1ea 0949 | bb00 003f 
  0x0000029bc1e639b8: b59b 0200 | 0047 8824 | 134c 8b4c | 2420 4d85 | c90f 854d | 0c00 00c5 | f877 49ba | 2027 ffdd 
  0x0000029bc1e639d8: fa7f 0000 

  0x0000029bc1e639dc: ;   {other}
  0x0000029bc1e639dc: 41ff d20f | 1f84 0000 | 0000 004c | 8bc0 4c2b 

  0x0000029bc1e639ec: ;   {oop(a 'jdk/internal/perf/PerfCounter'{0x0000000080004500})}
  0x0000029bc1e639ec: 4424 5049 | bb00 4500 | 8000 0000 | 0048 8d9c | 2420 0100 | 0049 8b03 | a802 0f85 | 2300 0000 
  0x0000029bc1e63a0c: 4883 c801 | 4889 03f0 | 490f b11b | 0f84 3700 | 0000 482b | c448 2507 | f0ff ff48 | 8903 e924 
  0x0000029bc1e63a2c: 0000 004c | 8bd0 4833 | c0f0 4d0f | b17a 3e48 | c703 0300 | 0000 7411 | 4c3b f875 | 1549 ff82 
  0x0000029bc1e63a4c: 8600 0000 | 4833 c075 | 0949 ff87 | 5005 0000 | 33c0 6690 | 0f85 4a3f 

  0x0000029bc1e63a64: ;   {oop(a 'jdk/internal/perf/PerfCounter'{0x0000000080004500})}
  0x0000029bc1e63a64: 0000 49ba | 0045 0080 | 0000 0000 | 458b 4a10 

  0x0000029bc1e63a74: ; implicit exception: dispatches to 0x0000029bc1e6967c
  0x0000029bc1e63a74: 418b 6924 | 0f1f 8400 | 0000 0000 | 85ed 0f85 | dc46 0000 | 418b 691c | 85ed 0f8c | 5d3f 0000 
  0x0000029bc1e63a94: 85ed 0f84 | c43d 0000 | 4d8b 5110 

  0x0000029bc1e63aa0: ;   {oop(a 'jdk/internal/perf/PerfCounter'{0x0000000080004500})}
  0x0000029bc1e63aa0: 4d01 0249 | bb00 4500 | 8000 0000 | 0048 8d84 | 2420 0100 | 0048 8338 | 000f 8479 | 0000 004d 
  0x0000029bc1e63ac0: 8b13 41f6 | c202 0f84 | 6200 0000 | 4983 ba86 | 0000 0000 | 7409 49ff | 8a86 0000 | 00eb 4b49 
  0x0000029bc1e63ae0: 8b82 9600 | 0000 490b | 828e 0000 | 0075 0a49 | c742 3e00 | 0000 00eb | 3d49 83ba | 9e00 0000 
  0x0000029bc1e63b00: 0074 2248 | 33c0 49c7 | 423e 0000 | 0000 f083 | 0424 0049 | 83ba 9e00 | 0000 0075 | 0df0 4d0f 
  0x0000029bc1e63b20: b17a 3e75 | 0583 c801 | eb0c a800 | eb08 4c8b | 10f0 4d0f | b113 750a | 49ff 8f50 | 0500 0045 
  0x0000029bc1e63b40: 33d2 0f85 | f83e 0000 | 4d8b 87b8 | 0100 004d | 8bd0 4983 | c210 6666 | 0f1f 8400 | 0000 0000 
  0x0000029bc1e63b60: 4d3b 97c8 | 0100 000f | 8378 2600 | 004d 8997 | b801 0000 | 410f 0d8a | c000 0000 | 49c7 0001 
  0x0000029bc1e63b80: ;   {metadata('java/security/SecureClassLoader$CodeSourceKey')}
  0x0000029bc1e63b80: 0000 0041 | c740 08b8 | b411 0045 | 8960 0c4c | 8bd7 4589 | 500c 4d8b | 8fb8 0100 | 004c 8b54 
  0x0000029bc1e63ba0: 2468 418b | 6a50 4d8b | d149 83c2 | 104d 3b97 | c801 0000 | 0f83 5d26 | 0000 4d89 | 97b8 0100 
  0x0000029bc1e63bc0: 0041 0f0d | 8ac0 0000 | 0049 c701 | 0100 0000 

  0x0000029bc1e63bd0: ;   {metadata('java/security/SecureClassLoader$1')}
  0x0000029bc1e63bd0: 41c7 4108 | 50ba 1100 | 4c8b 5424 | 6845 8951 | 0c44 8b55 

  0x0000029bc1e63be4: ;   {metadata('java/util/concurrent/ConcurrentHashMap')}
  0x0000029bc1e63be4: 0841 81fa | 8027 0600 | 0f85 803e | 0000 488b | d54c 8b54 | 2460 498b | ea66 6690 

  0x0000029bc1e63c00: ;   {optimized virtual_call}
  0x0000029bc1e63c00: c5f8 77e8 

  0x0000029bc1e63c04: ; ImmutableOopMap {rbp=Oop [40]=Oop [88]=Oop [96]=Oop [104]=Oop [112]=Oop }
                      ;*invokeinterface computeIfAbsent {reexecute=0 rethrow=0 return_oop=1}
                      ; - java.security.SecureClassLoader::getProtectionDomain@28
                      ; - java.security.SecureClassLoader::defineClass@9
                      ; - java.net.URLClassLoader::defineClass@220
                      ; - java.net.URLClassLoader$1::run@43
                      ; - java.net.URLClassLoader$1::run@1
                      ; - java.security.AccessController::executePrivileged@29
                      ; - java.security.AccessController::doPrivileged@13
                      ; - java.net.URLClassLoader::findClass@13
  0x0000029bc1e63c04: f8e9 51ff 

  0x0000029bc1e63c08: ;   {other}
  0x0000029bc1e63c08: 0f1f 8400 | 7831 0011 

  0x0000029bc1e63c10: ; implicit exception: dispatches to 0x0000029bc1e696e0
  0x0000029bc1e63c10: 448b 5808 | 0f1f 8400 | 0000 0000 | 6666 6690 

  0x0000029bc1e63c20: ;   {metadata('java/security/ProtectionDomain')}
  0x0000029bc1e63c20: 4181 fbe8 | 5800 000f | 85f3 5500 | 0048 8bc8 | 488b 5424 | 684c 8bc5 | 4c8b 4c24 | 7033 ff8b 
  0x0000029bc1e63c40: 7424 7890 

  0x0000029bc1e63c44: ;   {optimized virtual_call}
  0x0000029bc1e63c44: c5f8 77e8 

  0x0000029bc1e63c48: ; ImmutableOopMap {rbp=Oop [40]=Oop [88]=Oop [96]=Oop [104]=Oop }
                      ;*invokevirtual defineClass {reexecute=0 rethrow=0 return_oop=1}
                      ; - java.security.SecureClassLoader::defineClass@12
                      ; - java.net.URLClassLoader::defineClass@220
                      ; - java.net.URLClassLoader$1::run@43
                      ; - java.net.URLClassLoader$1::run@1
                      ; - java.security.AccessController::executePrivileged@29
                      ; - java.security.AccessController::doPrivileged@13
                      ; - java.net.URLClassLoader::findClass@13
  0x0000029bc1e63c48: 34f2 04ff 

  0x0000029bc1e63c4c: ;   {other}
  0x0000029bc1e63c4c: 0f1f 8400 | bc31 0012 | 4885 c00f | 8488 0300 | 00c5 f877 | 4881 c440 | 0100 005d 

  0x0000029bc1e63c68: ;   {poll_return}
  0x0000029bc1e63c68: 493b a750 | 0400 000f | 87f0 7100 | 00c3 41ba | 2f00 0000 | 0f1f 4000 | e985 dbff | ff44 8954 
  0x0000029bc1e63c88: 243c 897c | 2438 4889 | 4c24 304c | 894c 2420 | 488b d14c | 8b54 2460 | 4c89 5424 | 4066 6690 
  0x0000029bc1e63ca8: ;   {optimized virtual_call}
  0x0000029bc1e63ca8: c5f8 77e8 

  0x0000029bc1e63cac: ; ImmutableOopMap {rbp=Oop [32]=Oop [40]=Oop [48]=Oop [60]=NarrowOop [64]=Oop [72]=Oop [88]=Oop [96]=Oop [104]=Oop [124]=NarrowOop [128]=Oop [136]=Oop [144]=Oop }
                      ;*invokevirtual equals {reexecute=0 rethrow=0 return_oop=0}
                      ; - java.util.HashMap::getNode@63
                      ; - java.util.HashMap::get@2
                      ; - java.util.jar.Manifest::getAttributes@5
                      ; - java.util.jar.Manifest::getTrustedAttributes@2
                      ; - java.util.jar.JavaUtilJarAccessImpl::getTrustedAttributes@2
                      ; - java.net.URLClassLoader::isSealed@18
                      ; - java.net.URLClassLoader::getAndVerifyPackage@68
                      ; - java.net.URLClassLoader::defineClass@46
                      ; - java.net.URLClassLoader$1::run@43
                      ; - java.net.URLClassLoader$1::run@1
                      ; - java.security.AccessController::executePrivileged@29
                      ; - java.security.AccessController::doPrivileged@13
                      ; - java.net.URLClassLoader::findClass@13
  0x0000029bc1e63cac: d0aa 76fe 

  0x0000029bc1e63cb0: ;   {other}
  0x0000029bc1e63cb0: 0f1f 8400 | 2032 0013 | 0f1f 8400 | 0000 0000 | 85c0 0f85 | 4b02 0000 | 4c8b 4c24 | 2048 8b4c 
  0x0000029bc1e63cd0: 2430 8b7c | 2438 448b | 5424 3c45 | 8b42 1890 | 4585 c00f | 8593 0100 | 0045 8b59 | 0c41 8b6b 
  0x0000029bc1e63cf0: 0c44 8b55 | 0866 6666 | 0f1f 8400 | 0000 0000 

  0x0000029bc1e63d00: ;   {metadata('java/util/LinkedHashMap')}
  0x0000029bc1e63d00: 4181 fae8 | a10f 000f | 85d8 4000 | 004c 8bc5 | 418b 5824 | 85db 0f84 | ccf1 ffff | 448b 5b0c 
  0x0000029bc1e63d20: 4585 db0f | 8677 4500 | 0041 ffcb 

  0x0000029bc1e63d2c: ;   {oop(a 'java/util/jar/Attributes$Name'{0x00000000802ac910})}
  0x0000029bc1e63d2c: 49ba 10c9 | 2a80 0000 | 0000 418b | 7a0c 448b | d741 c1ea | 1044 33d7 | 4523 da42 | 8b5c 9b10 
  0x0000029bc1e63d4c: 85db 0f84 | 94f1 ffff | 448b 5b0c | 0f1f 8400 | 0000 0000 | 453b da0f | 8586 0500 | 0044 8b5b 
  0x0000029bc1e63d6c: 1048 8beb 

  0x0000029bc1e63d70: ;   {oop(a 'java/util/jar/Attributes$Name'{0x00000000802ac910})}
  0x0000029bc1e63d70: 4181 fb10 | c92a 800f | 851b 0500 | 0048 89ac | 24a0 0000 | 0045 0fb6 | 5030 4585 | d20f 85d3 
  0x0000029bc1e63d90: 1100 004c | 8b94 24a0 | 0000 0041 | 8b6a 1490 | 85ed 0f84 | 40f1 ffff | 448b 5d08 

  0x0000029bc1e63dac: ;   {metadata('java/lang/String')}
  0x0000029bc1e63dac: 4181 fb78 | e800 000f | 8587 5300 | 0048 8bfd 

  0x0000029bc1e63dbc: ;   {oop("true"{0x00000000800004f0})}
  0x0000029bc1e63dbc: 48ba f004 | 0080 0000 | 0000 483b | fa0f 845c | 0000 0044 | 8b5f 1445 | 8b53 0c44 | 0fbe 4710 
  0x0000029bc1e63ddc: c442 3af7 | d241 83fa | 040f 85fd | f0ff ff49 | 8be9 b904 | 0000 0041 | b801 0000 | 0045 33c9 
  0x0000029bc1e63dfc: 33f6 4c8b | 5424 604c | 8954 2420 

  0x0000029bc1e63e08: ;   {optimized virtual_call}
  0x0000029bc1e63e08: c5f8 77e8 

  0x0000029bc1e63e0c: ; ImmutableOopMap {rbp=Oop [32]=Oop [40]=Oop [72]=Oop [88]=Oop [96]=Oop [104]=Oop [124]=NarrowOop [128]=Oop [136]=Oop [144]=Oop }
                      ;*invokevirtual regionMatches {reexecute=0 rethrow=0 return_oop=0}
                      ; - java.lang.String::equalsIgnoreCase@33
                      ; - java.net.URLClassLoader::isSealed@68
                      ; - java.net.URLClassLoader::getAndVerifyPackage@68
                      ; - java.net.URLClassLoader::defineClass@46
                      ; - java.net.URLClassLoader$1::run@43
                      ; - java.net.URLClassLoader$1::run@1
                      ; - java.security.AccessController::executePrivileged@29
                      ; - java.security.AccessController::doPrivileged@13
                      ; - java.net.URLClassLoader::findClass@13
  0x0000029bc1e63e0c: 70a9 76fe 

  0x0000029bc1e63e10: ;   {other}
  0x0000029bc1e63e10: 0f1f 8400 | 8033 0014 | 0f1f 8400 | 0000 0000 | 85c0 0f84 | c0f0 ffff | 4c8b cdba | 45ff ffff 
  0x0000029bc1e63e30: 488b 6c24 | 604c 8b54 | 2428 4c89 | 5424 204c | 8b54 2458 | 4c89 5424 | 284c 8b54 | 2450 4c89 
  0x0000029bc1e63e50: 5424 404c | 8b54 2468 | 4c89 5424 | 5044 8b54 | 247c 4489 | 5424 604c | 894c 2470 

  0x0000029bc1e63e6c: ;   {runtime_call UncommonTrapBlob}
  0x0000029bc1e63e6c: c5f8 77e8 

  0x0000029bc1e63e70: ; ImmutableOopMap {rbp=Oop [32]=Oop [40]=Oop [80]=Oop [96]=NarrowOop [112]=Oop [128]=Oop [136]=Oop }
                      ;*ifeq {reexecute=1 rethrow=0 return_oop=0}
                      ; - (reexecute) java.net.URLClassLoader::getAndVerifyPackage@71
                      ; - java.net.URLClassLoader::defineClass@46
                      ; - java.net.URLClassLoader$1::run@43
                      ; - java.net.URLClassLoader$1::run@1
                      ; - java.security.AccessController::executePrivileged@29
                      ; - java.security.AccessController::doPrivileged@13
                      ; - java.net.URLClassLoader::findClass@13
  0x0000029bc1e63e70: 8cfb 76fe 

  0x0000029bc1e63e74: ;   {other}
  0x0000029bc1e63e74: 0f1f 8400 | e433 0015 | 418b 5a08 

  0x0000029bc1e63e80: ;   {metadata('java/util/HashMap$TreeNode')}
  0x0000029bc1e63e80: 81fb c8fe | 1900 0f84 | 8c44 0000 | 498b e8eb | 274c 8b4c | 2420 488b | 4c24 308b | 7c24 3849 
  0x0000029bc1e63ea0: 8b97 5804 | 0000 448b 

  0x0000029bc1e63ea8: ; ImmutableOopMap {r10=NarrowOop r9=Oop rcx=Oop [40]=Oop [72]=Oop [88]=Oop [96]=Oop [104]=Oop [124]=NarrowOop [128]=Oop [136]=Oop [144]=Oop }
                      ;*ifnonnull {reexecute=1 rethrow=0 return_oop=0}
                      ; - (reexecute) java.util.HashMap::getNode@145
                      ; - java.util.HashMap::get@2
                      ; - java.util.jar.Manifest::getAttributes@5
                      ; - java.util.jar.Manifest::getTrustedAttributes@2
                      ; - java.util.jar.JavaUtilJarAccessImpl::getTrustedAttributes@2
                      ; - java.net.URLClassLoader::isSealed@18
                      ; - java.net.URLClassLoader::getAndVerifyPackage@68
                      ; - java.net.URLClassLoader::defineClass@46
                      ; - java.net.URLClassLoader$1::run@43
                      ; - java.net.URLClassLoader$1::run@1
                      ; - java.security.AccessController::executePrivileged@29
                      ; - java.security.AccessController::doPrivileged@13
                      ; - java.net.URLClassLoader::findClass@13
                      ;   {poll}
  0x0000029bc1e63ea8: 5518 8502 | 4585 d20f | 8434 feff | ff49 8bea | 448b 5d0c | 0f1f 4000 | 443b df75 | da44 8b55 
  0x0000029bc1e63ec8: 104d 8bc2 | 4c3b c10f | 84d9 eeff | ff89 7c24 | 3848 894c | 2430 4c89 | 4c24 2048 | 8bd1 4c8b 
  0x0000029bc1e63ee8: 5424 604c | 8954 2440 

  0x0000029bc1e63ef0: ;   {optimized virtual_call}
  0x0000029bc1e63ef0: c5f8 77e8 

  0x0000029bc1e63ef4: ; ImmutableOopMap {rbp=Oop [32]=Oop [40]=Oop [48]=Oop [64]=Oop [72]=Oop [88]=Oop [96]=Oop [104]=Oop [124]=NarrowOop [128]=Oop [136]=Oop [144]=Oop }
                      ;*invokevirtual equals {reexecute=0 rethrow=0 return_oop=0}
                      ; - java.util.HashMap::getNode@128
                      ; - java.util.HashMap::get@2
                      ; - java.util.jar.Manifest::getAttributes@5
                      ; - java.util.jar.Manifest::getTrustedAttributes@2
                      ; - java.util.jar.JavaUtilJarAccessImpl::getTrustedAttributes@2
                      ; - java.net.URLClassLoader::isSealed@18
                      ; - java.net.URLClassLoader::getAndVerifyPackage@68
                      ; - java.net.URLClassLoader::defineClass@46
                      ; - java.net.URLClassLoader$1::run@43
                      ; - java.net.URLClassLoader$1::run@1
                      ; - java.security.AccessController::executePrivileged@29
                      ; - java.security.AccessController::doPrivileged@13
                      ; - java.net.URLClassLoader::findClass@13
  0x0000029bc1e63ef4: 88a8 76fe 

  0x0000029bc1e63ef8: ;   {other}
  0x0000029bc1e63ef8: 0f1f 8400 | 6834 0017 | 85c0 748d | 4c8b 4c24 | 2048 8b4c | 2430 e99b | eeff ff4c | 8b4c 2420 
  0x0000029bc1e63f18: 488b 4c24 | 3066 6690 | e989 eeff | ff41 b82f | 0000 00e9 | 9ae7 ffff | 4533 c9e9 | 8ad7 ffff 
  0x0000029bc1e63f38: 41ba 2f00 | 0000 6690 | e9b6 d9ff | ff49 8b87 | b801 0000 | 4c8b d049 | 83c2 1866 | 0f1f 8400 
  0x0000029bc1e63f58: 0000 0000 | 6666 6690 | 4d3b 97c8 | 0100 000f | 834c 2500 | 004d 8997 | b801 0000 | 410f 0d8a 
  0x0000029bc1e63f78: c000 0000 | 48c7 0001 

  0x0000029bc1e63f80: ;   {metadata('java/lang/String')}
  0x0000029bc1e63f80: 0000 00c7 | 4008 78e8 | 0000 4489 | 600c 4489 

  0x0000029bc1e63f90: ;   {oop([B{0x00000000801f2f10})}
  0x0000029bc1e63f90: 6010 c740 | 1410 2f1f 

  0x0000029bc1e63f98: ;   {oop(".class"{0x0000000080003568})}
  0x0000029bc1e63f98: 8049 ba68 | 3500 8000 | 0000 0045 | 0fb6 5211 | 4488 5011 

  0x0000029bc1e63fac: ;   {oop(".class"{0x0000000080003568})}
  0x0000029bc1e63fac: 49ba 6835 | 0080 0000 | 0000 458b | 5a0c 4489 | 580c 4c8b | c0e9 6fdc | ffff 4533 | db44 899c 
  0x0000029bc1e63fcc: 249c 0000 | 00e9 36e5 | ffff 41ba | 2f00 0000 | 0f1f 4000 | e9e5 e7ff | ff49 8b87 | b801 0000 
  0x0000029bc1e63fec: 4c8b d049 | 83c2 2866 | 0f1f 8400 | 0000 0000 | 6666 6690 | 4d3b 97c8 | 0100 000f | 8386 2400 
  0x0000029bc1e6400c: 004d 8997 | b801 0000 | 410f 0d8a | c000 0000 | 48c7 0001 

  0x0000029bc1e64020: ;   {metadata('java/lang/ClassNotFoundException')}
  0x0000029bc1e64020: 0000 00c7 | 4008 8893 | 0600 4489 | 600c 4c89 | 6010 4c89 | 6018 4c89 | 6020 488b | e848 8bd5 
  0x0000029bc1e64040: 4c8b 4424 | 6045 33c9 

  0x0000029bc1e64048: ;   {optimized virtual_call}
  0x0000029bc1e64048: c5f8 77e8 

  0x0000029bc1e6404c: ; ImmutableOopMap {rbp=Oop }
                      ;*invokespecial <init> {reexecute=0 rethrow=0 return_oop=0}
                      ; - java.lang.ClassNotFoundException::<init>@3
                      ; - java.net.URLClassLoader::findClass@41
  0x0000029bc1e6404c: 30a7 76fe 

  0x0000029bc1e64050: ;   {other}
  0x0000029bc1e64050: 0f1f 8400 | c035 0018 | 488b d5c5 | f877 4881 | c440 0100 

  0x0000029bc1e64064: ;   {runtime_call _rethrow_Java}
  0x0000029bc1e64064: 005d e915 | 4f82 fe49 | 63f0 4181 | f800 0010 | 000f 8713 | 2500 0048 | 8974 2440 | 4889 5424 
  0x0000029bc1e64084: 2089 9c24 | 8c00 0000 | 418b e889 | 8c24 8800 | 0000 4c89 | 6c24 3889 | 4424 3044 | 8994 2484 
  0x0000029bc1e640a4: 0000 004c | 899c 2490 | 0000 0044 | 898c 2480 | 0000 0089 | 7c24 784d | 8b97 b801 | 0000 4d8b 
  0x0000029bc1e640c4: c24c 8d56 | 1749 83e2 | f84d 8bd8 | 4d03 da66 | 0f1f 8400 | 0000 0000 | 6666 6690 | 4d3b 9fc8 
  0x0000029bc1e640e4: 0100 000f | 83e1 2400 | 004d 899f | b801 0000 | 410f 0d8b | c000 0000 | 4d8b d049 | c702 0100 
  0x0000029bc1e64104: 0000 410f | 0d8b 0001 

  0x0000029bc1e6410c: ;   {metadata({type array byte})}
  0x0000029bc1e6410c: 0000 41c7 | 4208 1823 | 0000 4189 | 680c 410f | 0d8b 4001 | 0000 410f | 0d8b 8001 | 0000 4d8b 
  0x0000029bc1e6412c: d049 8bda | 498b d248 | 83c2 104c | 8b54 2440 | 4983 c207 | 49c1 ea03 | 488b 4c24 | 204d 8bc2 
  0x0000029bc1e6414c: c5f8 7749 | ba60 745b | c09b 0200 | 0041 ffd2 

  0x0000029bc1e6415c: ;   {other}
  0x0000029bc1e6415c: 0f1f 8400 | 0000 0000 | e9f6 f5ff | ff49 8b87 | b801 0000 | 4c8b d049 | 83c2 1866 | 0f1f 8400 
  0x0000029bc1e6417c: 0000 0000 | 4d3b 97c8 | 0100 000f | 836f 2400 | 004d 8997 | b801 0000 | 410f 0d8a | c000 0000 
  0x0000029bc1e6419c: 48c7 0001 

  0x0000029bc1e641a0: ;   {metadata('java/lang/String')}
  0x0000029bc1e641a0: 0000 00c7 | 4008 78e8 | 0000 4489 | 600c 4489 

  0x0000029bc1e641b0: ;   {oop([B{0x00000000806fdd68})}
  0x0000029bc1e641b0: 6010 c740 | 1468 dd6f 

  0x0000029bc1e641b8: ;   {oop("/"{0x0000000080000788})}
  0x0000029bc1e641b8: 8049 ba88 | 0700 8000 | 0000 0045 | 0fb6 5211 | 4488 5011 

  0x0000029bc1e641cc: ;   {oop("/"{0x0000000080000788})}
  0x0000029bc1e641cc: 49ba 8807 | 0080 0000 | 0000 458b | 5a0c 4489 | 580c 6690 | e93b e9ff | ff44 0fb6 | 5511 4585 
  0x0000029bc1e641ec: d20f 85d7 

  0x0000029bc1e641f0: ;   {oop([B{0x000000008034c7e8})}
  0x0000029bc1e641f0: dfff ff48 | bde8 c734 | 8000 0000 | 0066 6690 

  0x0000029bc1e64200: ;   {static_call}
  0x0000029bc1e64200: c5f8 77e8 

  0x0000029bc1e64204: ; ImmutableOopMap {rbp=Oop [64]=Derived_oop_rbp [32]=Oop [40]=Oop [72]=Oop [88]=Oop [96]=Oop [104]=Oop [124]=NarrowOop [128]=Oop [136]=Oop [176]=Oop [48]=Derived_oop_[176] [184]=Oop [56]=Derived_oop_[184] [200]=NarrowOop }
                      ;*invokestatic beginInit {reexecute=0 rethrow=0 return_oop=1}
                      ; - java.util.jar.JarFile::ensureInitialization@31
                      ; - java.util.jar.JavaUtilJarAccessImpl::ensureInitialization@1
                      ; - jdk.internal.loader.URLClassPath$JarLoader$2::getManifest@10
                      ; - java.net.URLClassLoader::defineClass@34
                      ; - java.net.URLClassLoader$1::run@43
                      ; - java.net.URLClassLoader$1::run@1
                      ; - java.security.AccessController::executePrivileged@29
                      ; - java.security.AccessController::doPrivileged@13
                      ; - java.net.URLClassLoader::findClass@13
  0x0000029bc1e64204: 78ab 76fe 

  0x0000029bc1e64208: ;   {other}
  0x0000029bc1e64208: 0f1f 8400 | 7837 0019 | 4889 4424 | 7048 8b54 

  0x0000029bc1e64218: ;   {oop([B{0x0000000080878d80})}
  0x0000029bc1e64218: 2420 49ba | 808d 8780 | 0000 0000 | 4c89 9424 | b800 0000 

  0x0000029bc1e6422c: ;   {oop([B{0x0000000080878d48})}
  0x0000029bc1e6422c: 49ba 488d | 8780 0000 | 0000 4c89 | 9424 c000 | 0000 6690 

  0x0000029bc1e64240: ;   {optimized virtual_call}
  0x0000029bc1e64240: c5f8 77e8 

  0x0000029bc1e64244: ; ImmutableOopMap {rbp=Oop [64]=Derived_oop_rbp [32]=Oop [40]=Oop [72]=Oop [88]=Oop [96]=Oop [104]=Oop [112]=Oop [124]=NarrowOop [128]=Oop [136]=Oop [184]=Oop [48]=Derived_oop_[184] [192]=Oop [56]=Derived_oop_[192] [200]=NarrowOop }
                      ;*invokevirtual initializeVerifier {reexecute=0 rethrow=0 return_oop=0}
                      ; - java.util.jar.JarFile::ensureInitialization@36
                      ; - java.util.jar.JavaUtilJarAccessImpl::ensureInitialization@1
                      ; - jdk.internal.loader.URLClassPath$JarLoader$2::getManifest@10
                      ; - java.net.URLClassLoader::defineClass@34
                      ; - java.net.URLClassLoader$1::run@43
                      ; - java.net.URLClassLoader$1::run@1
                      ; - java.security.AccessController::executePrivileged@29
                      ; - java.security.AccessController::doPrivileged@13
                      ; - java.net.URLClassLoader::findClass@13
  0x0000029bc1e64244: 38a5 76fe 

  0x0000029bc1e64248: ;   {other}
  0x0000029bc1e64248: 0f1f 8400 | b837 001a | 448b 9c24 | c800 0000 | 41c6 4311 | 0148 8b54 | 2470 6690 

  0x0000029bc1e64264: ;   {static_call}
  0x0000029bc1e64264: c5f8 77e8 

  0x0000029bc1e64268: ; ImmutableOopMap {rbp=Oop [64]=Derived_oop_rbp [32]=Oop [40]=Oop [72]=Oop [88]=Oop [96]=Oop [104]=Oop [124]=NarrowOop [128]=Oop [136]=Oop [184]=Oop [48]=Derived_oop_[184] [192]=Oop [56]=Derived_oop_[192] }
                      ;*invokestatic endInit {reexecute=0 rethrow=0 return_oop=0}
                      ; - java.util.jar.JarFile::ensureInitialization@45
                      ; - java.util.jar.JavaUtilJarAccessImpl::ensureInitialization@1
                      ; - jdk.internal.loader.URLClassPath$JarLoader$2::getManifest@10
                      ; - java.net.URLClassLoader::defineClass@34
                      ; - java.net.URLClassLoader$1::run@43
                      ; - java.net.URLClassLoader$1::run@1
                      ; - java.security.AccessController::executePrivileged@29
                      ; - java.security.AccessController::doPrivileged@13
                      ; - java.net.URLClassLoader::findClass@13
  0x0000029bc1e64268: 14ab 76fe 

  0x0000029bc1e6426c: ;   {other}
  0x0000029bc1e6426c: 0f1f 8400 | dc37 001b | e951 dfff | ff45 33d2 | 4c89 5424 | 28e9 43d3 | ffff 4c8b | 5424 604c 
  0x0000029bc1e6428c: 8994 2488 | 0000 00e9 | 17de ffff | 895c 243c | 4489 5424 | 384c 8944 | 2430 4c89 | 4c24 204d 
  0x0000029bc1e642ac: ;   {oop(a 'java/util/jar/Attributes$Name'{0x00000000802ac910})}
  0x0000029bc1e642ac: 8bc3 48ba | 10c9 2a80 | 0000 0000 | 4c8b 5424 | 604c 8954 | 2440 6690 

  0x0000029bc1e642c4: ;   {optimized virtual_call}
  0x0000029bc1e642c4: c5f8 77e8 

  0x0000029bc1e642c8: ; ImmutableOopMap {rbp=Oop [32]=Oop [40]=Oop [48]=Oop [60]=NarrowOop [64]=Oop [72]=Oop [88]=Oop [96]=Oop [104]=Oop [124]=NarrowOop [128]=Oop [136]=Oop [144]=Oop }
                      ;*invokevirtual equals {reexecute=0 rethrow=0 return_oop=0}
                      ; - java.util.HashMap::getNode@63
                      ; - java.util.LinkedHashMap::get@2
                      ; - java.util.jar.Attributes::get@5
                      ; - java.util.jar.Attributes::getValue@2
                      ; - java.net.URLClassLoader::isSealed@58
                      ; - java.net.URLClassLoader::getAndVerifyPackage@68
                      ; - java.net.URLClassLoader::defineClass@46
                      ; - java.net.URLClassLoader$1::run@43
                      ; - java.net.URLClassLoader$1::run@1
                      ; - java.security.AccessController::executePrivileged@29
                      ; - java.security.AccessController::doPrivileged@13
                      ; - java.net.URLClassLoader::findClass@13
  0x0000029bc1e642c8: b4a4 76fe 

  0x0000029bc1e642cc: ;   {other}
  0x0000029bc1e642cc: 0f1f 8400 | 3c38 001c | 85c0 0f85 | 7f00 0000 | 4c8b 4c24 | 204c 8b44 | 2430 448b | 5424 388b 
  0x0000029bc1e642ec: 5c24 3c44 | 8b5b 1845 | 85db 0f84 | eceb ffff | 8b4b 0890 

  0x0000029bc1e64300: ;   {metadata('java/util/HashMap$TreeNode')}
  0x0000029bc1e64300: 81f9 c8fe | 1900 0f84 | 5c42 0000 | 498b ebeb | 264c 8b4c | 2420 4c8b | 4424 3044 | 8b54 2438 
  0x0000029bc1e64320: 498b 8f58 | 0400 008b 

  0x0000029bc1e64328: ; ImmutableOopMap {r8=Oop r9=Oop rbx=NarrowOop [40]=Oop [72]=Oop [88]=Oop [96]=Oop [104]=Oop [124]=NarrowOop [128]=Oop [136]=Oop [144]=Oop }
                      ;*ifnonnull {reexecute=1 rethrow=0 return_oop=0}
                      ; - (reexecute) java.util.HashMap::getNode@145
                      ; - java.util.LinkedHashMap::get@2
                      ; - java.util.jar.Attributes::get@5
                      ; - java.util.jar.Attributes::getValue@2
                      ; - java.net.URLClassLoader::isSealed@58
                      ; - java.net.URLClassLoader::getAndVerifyPackage@68
                      ; - java.net.URLClassLoader::defineClass@46
                      ; - java.net.URLClassLoader$1::run@43
                      ; - java.net.URLClassLoader$1::run@1
                      ; - java.security.AccessController::executePrivileged@29
                      ; - java.security.AccessController::doPrivileged@13
                      ; - java.net.URLClassLoader::findClass@13
                      ;   {poll}
  0x0000029bc1e64328: 5d18 8501 | 85db 0f84 | b4eb ffff | 488b eb8b | 5d0c 413b | da75 e18b 

  0x0000029bc1e64340: ;   {oop(a 'java/util/jar/Attributes$Name'{0x00000000802ac910})}
  0x0000029bc1e64340: 4d10 81f9 | 10c9 2a80 | 0f85 f710 | 0000 4889 | ac24 a000 | 0000 e92a | faff ff4c | 8b4c 2420 
  0x0000029bc1e64360: 4c8b 4424 | 30e9 13fa 

  0x0000029bc1e64368: ;   {metadata('java/util/jar/JarVerifier$VerifierStream')}
  0x0000029bc1e64368: ffff 4181 | fa88 d807 | 010f 8511 | 4100 0048 | 899c 2490 | 0000 0044 | 8944 2424 | 4889 4424 
  0x0000029bc1e64388: f88b 4424 | 3089 4424 | 2048 8b44 | 24f8 4c8b | 5424 3841 | 8b6a 0c4c | 8994 2498 | 0000 0044 
  0x0000029bc1e643a8: 8b4d 084d | 8b52 104d | 85d2 0f8e | f41a 0000 | 4c63 9c24 | 8c00 0000 | 4d3b d30f | 8c43 1d00 
  0x0000029bc1e643c8: 0044 8b94 | 248c 0000 | 0044 8994 | 24e8 0000 | 000f 1f80 | 0000 0000 

  0x0000029bc1e643e0: ;   {metadata('java/util/zip/ZipFile$ZipFileInflaterInputStream')}
  0x0000029bc1e643e0: 4181 f9d0 | a331 000f | 8517 4100 | 0048 8bd5 | 4c8b c344 | 8b8c 2488 | 0000 008b | bc24 e800 
  0x0000029bc1e64400: 0000 488b | 6c24 6090 

  0x0000029bc1e64408: ;   {optimized virtual_call}
  0x0000029bc1e64408: c5f8 77e8 

  0x0000029bc1e6440c: ; ImmutableOopMap {rbp=Oop [40]=Oop [56]=Oop [72]=Oop [88]=Oop [96]=Oop [104]=Oop [112]=Oop [120]=NarrowOop [124]=NarrowOop [144]=Oop [152]=Oop }
                      ;*invokevirtual read {reexecute=0 rethrow=0 return_oop=0}
                      ; - java.util.jar.JarVerifier$VerifierStream::read@45
                      ; - jdk.internal.loader.Resource::getBytes@117
                      ; - jdk.internal.loader.URLClassPath$JarLoader$2::getBytes@1
                      ; - java.net.URLClassLoader::defineClass@179
                      ; - java.net.URLClassLoader$1::run@43
                      ; - java.net.URLClassLoader$1::run@1
                      ; - java.security.AccessController::executePrivileged@29
                      ; - java.security.AccessController::doPrivileged@13
                      ; - java.net.URLClassLoader::findClass@13
  0x0000029bc1e6440c: 70a3 76fe 

  0x0000029bc1e64410: ;   {other}
  0x0000029bc1e64410: 0f1f 8400 | 8039 001e | 8984 248c | 0000 004c | 8b94 2498 | 0000 0045 | 8b52 184c | 8b9c 2498 
  0x0000029bc1e64430: 0000 0045 | 8b43 1c44 | 8984 24a0 | 0000 0090 

  0x0000029bc1e64440: ; implicit exception: dispatches to 0x0000029bc1e6999c
  0x0000029bc1e64440: 450f b642 | 0c83 f8ff | 7523 498b | d244 8b94 | 24a0 0000 | 004d 8bc2 

  0x0000029bc1e64458: ;   {optimized virtual_call}
  0x0000029bc1e64458: c5f8 77e8 

  0x0000029bc1e6445c: ; ImmutableOopMap {rbp=Oop [40]=Oop [56]=Oop [72]=Oop [88]=Oop [96]=Oop [104]=Oop [112]=Oop [120]=NarrowOop [124]=NarrowOop [144]=Oop [152]=Oop }
                      ;*invokevirtual processEntry {reexecute=0 rethrow=0 return_oop=0}
                      ; - java.util.jar.JarVerifier::update@39
                      ; - java.util.jar.JarVerifier$VerifierStream::read@63
                      ; - jdk.internal.loader.Resource::getBytes@117
                      ; - jdk.internal.loader.URLClassPath$JarLoader$2::getBytes@1
                      ; - java.net.URLClassLoader::defineClass@179
                      ; - java.net.URLClassLoader$1::run@43
                      ; - java.net.URLClassLoader$1::run@1
                      ; - java.security.AccessController::executePrivileged@29
                      ; - java.security.AccessController::doPrivileged@13
                      ; - java.net.URLClassLoader::findClass@13
  0x0000029bc1e6445c: 20a3 76fe 

  0x0000029bc1e64460: ;   {other}
  0x0000029bc1e64460: 0f1f 8400 | d039 001f | e947 0100 | 0045 85c0 | 0f85 401a | 0000 448b | 9424 a000 | 0000 6690 
  0x0000029bc1e64480: ; implicit exception: dispatches to 0x0000029bc1e69a14
  0x0000029bc1e64480: 450f b652 | 0c45 85d2 | 0f85 2601 | 0000 448b | 9c24 a000 | 0000 458b | 5314 458b | ca66 6690 
  0x0000029bc1e644a0: ; implicit exception: dispatches to 0x0000029bc1e69a84
  0x0000029bc1e644a0: 418b 6a10 | 85ed 0f8e | 0801 0000 | 448b 5c24 | 2444 2b9c | 2488 0000 | 000f 1f80 | 0000 0000 
  0x0000029bc1e644c0: 443b d80f | 8c9c 4500 | 0044 8b9c | 24a0 0000 | 004d 8bd3 | 4c89 5424 | 3045 33d2 | 418b da90 
  0x0000029bc1e644e0: ; implicit exception: dispatches to 0x0000029bc1e69af8
  0x0000029bc1e644e0: 418b 6910 | 85ed 0f8c | 2442 0000 | 3bdd 0f83 | 0441 0000 | 458b 5914 | 458b c344 | 8bdb 4489 
  0x0000029bc1e64500: 9c24 a400 | 0000 458b | 580c 448b | 8c24 a400 | 0000 453b | cb0f 8365 | 4100 0045 | 8bd0 438b 
  0x0000029bc1e64520: 6c8a 1044 

  0x0000029bc1e64524: ;   {metadata('java/security/MessageDigest$Delegate$CloneableDelegate')}
  0x0000029bc1e64524: 8b5d 0841 | 81fb c809 | 0701 0f85 | 784c 0000 | 448b 551c | 498b d24c | 8b84 2490 | 0000 0044 
  0x0000029bc1e64544: 8b8c 2488 | 0000 008b | bc24 8c00 | 0000 4c8b | 5424 604c | 8954 2440 | 6690 c5f8 | 7748 b8ff 
  0x0000029bc1e64564: ffff ffff 

  0x0000029bc1e64568: ;   {virtual_call}
  0x0000029bc1e64568: ffff ffe8 

  0x0000029bc1e6456c: ; ImmutableOopMap {rbp=Oop [40]=Oop [48]=Oop [56]=Oop [64]=Oop [72]=Oop [88]=Oop [96]=Oop [104]=Oop [112]=Oop [120]=NarrowOop [124]=NarrowOop [144]=Oop [152]=Oop [160]=NarrowOop }
                      ;*invokevirtual engineUpdate {reexecute=0 rethrow=0 return_oop=0}
                      ; - java.security.MessageDigest$Delegate::engineUpdate@7
                      ; - java.security.MessageDigest::update@36
                      ; - sun.security.util.ManifestEntryVerifier::update@38
                      ; - java.util.jar.JarVerifier::update@30
                      ; - java.util.jar.JarVerifier$VerifierStream::read@63
                      ; - jdk.internal.loader.Resource::getBytes@117
                      ; - jdk.internal.loader.URLClassPath$JarLoader$2::getBytes@1
                      ; - java.net.URLClassLoader::defineClass@179
                      ; - java.net.URLClassLoader$1::run@43
                      ; - java.net.URLClassLoader$1::run@1
                      ; - java.security.AccessController::executePrivileged@29
                      ; - java.security.AccessController::doPrivileged@13
                      ; - java.net.URLClassLoader::findClass@13
  0x0000029bc1e6456c: 10a5 76fe 

  0x0000029bc1e64570: ;   {other}
  0x0000029bc1e64570: 0f1f 8400 | e03a 0020 | c745 1001 | 0000 004d | 8b9f 5804 | 0000 448b | 9424 a000 | 0000 458b 
  0x0000029bc1e64590: 5214 458b | ca44 8b84 | 24a4 0000 

  0x0000029bc1e6459c: ; ImmutableOopMap {r9=NarrowOop [40]=Oop [48]=Oop [56]=Oop [64]=Oop [72]=Oop [88]=Oop [96]=Oop [104]=Oop [112]=Oop [120]=NarrowOop [124]=NarrowOop [144]=Oop [152]=Oop [160]=NarrowOop }
                      ;*goto {reexecute=1 rethrow=0 return_oop=0}
                      ; - (reexecute) sun.security.util.ManifestEntryVerifier::update@44
                      ; - java.util.jar.JarVerifier::update@30
                      ; - java.util.jar.JarVerifier$VerifierStream::read@63
                      ; - jdk.internal.loader.Resource::getBytes@117
                      ; - jdk.internal.loader.URLClassPath$JarLoader$2::getBytes@1
                      ; - java.net.URLClassLoader::defineClass@179
                      ; - java.net.URLClassLoader$1::run@43
                      ; - java.net.URLClassLoader$1::run@1
                      ; - java.security.AccessController::executePrivileged@29
                      ; - java.security.AccessController::doPrivileged@13
                      ; - java.net.URLClassLoader::findClass@13
  0x0000029bc1e6459c: 0041 ffc0 

  0x0000029bc1e645a0: ;   {poll}
  0x0000029bc1e645a0: 4185 0345 | 8b59 1045 | 3bc3 7d08 | 418b d8e9 | 2cff ffff | 4c8b 9424 | 9800 0000 | 4d8b 5210 
  0x0000029bc1e645c0: 4c63 9c24 | 8c00 0000 | 4d2b d34c | 8b9c 2498 | 0000 004d | 8953 104d | 85d2 7530 | 4d8b d341 
  0x0000029bc1e645e0: 8b6a 1c45 | 8b5a 1845 | 85db 0f84 | ec42 0000 | 4c8b c549 | 8bd3 488b | 6c24 6090 

  0x0000029bc1e645fc: ;   {optimized virtual_call}
  0x0000029bc1e645fc: c5f8 77e8 

  0x0000029bc1e64600: ; ImmutableOopMap {rbp=Oop [40]=Oop [56]=Oop [72]=Oop [88]=Oop [96]=Oop [104]=Oop [112]=Oop [120]=NarrowOop [124]=NarrowOop [144]=Oop [152]=Oop }
                      ;*invokevirtual processEntry {reexecute=0 rethrow=0 return_oop=0}
                      ; - java.util.jar.JarVerifier::update@39
                      ; - java.util.jar.JarVerifier$VerifierStream::read@99
                      ; - jdk.internal.loader.Resource::getBytes@117
                      ; - jdk.internal.loader.URLClassPath$JarLoader$2::getBytes@1
                      ; - java.net.URLClassLoader::defineClass@179
                      ; - java.net.URLClassLoader$1::run@43
                      ; - java.net.URLClassLoader$1::run@1
                      ; - java.security.AccessController::executePrivileged@29
                      ; - java.security.AccessController::doPrivileged@13
                      ; - java.net.URLClassLoader::findClass@13
  0x0000029bc1e64600: 7ca1 76fe 

  0x0000029bc1e64604: ;   {other}
  0x0000029bc1e64604: 0f1f 8400 | 743b 0022 | 448b 9424 | 8c00 0000 | 418b c2e9 | a4f1 ffff | 458b 510c | 4963 da48 
  0x0000029bc1e64624: c1e3 0241 | 81fa 0000 | 0400 0f87 | d121 0000 | 498b 87b8 | 0100 004c | 8d5b 1749 | 83e3 f84c 
  0x0000029bc1e64644: 8bc0 4d03 | c34d 3b87 | c801 0000 | 0f83 af21 | 0000 4d89 | 87b8 0100 | 0041 0f0d | 88c0 0000 
  0x0000029bc1e64664: 0048 c700 | 0100 0000 | 410f 0d88 | 0001 0000 

  0x0000029bc1e64674: ;   {metadata('java/security/CodeSigner'[])}
  0x0000029bc1e64674: c740 0898 | c107 0144 | 8950 0c41 | 0f0d 8840 | 0100 0041 | 0f0d 8880 | 0100 0049 | 8bc9 4883 
  0x0000029bc1e64694: c110 488b | d048 83c2 | 1048 8bf0 | 4883 c307 | 48c1 eb03 | 4c8b c3c5 | f877 49ba | 6074 5bc0 
  0x0000029bc1e646b4: 9b02 0000 

  0x0000029bc1e646b8: ;   {other}
  0x0000029bc1e646b8: 41ff d20f | 1f84 0000 | 0000 0089 | 7710 4c8b | d749 c1ea | 0949 bb00 | 003f b59b | 0200 0047 
  0x0000029bc1e646d8: 8824 130f | 1f44 0000 | e9ea f2ff | ff45 0fb6 | 5911 4585 | db0f 8472 | 1b00 0044 | 898c 24c8 
  0x0000029bc1e646f8: 0000 004c | 8944 2420 | 418b ea48 | 8b54 2430 | 4c8b 5424 | 604c 8954 | 2438 6690 

  0x0000029bc1e64714: ;   {optimized virtual_call}
  0x0000029bc1e64714: c5f8 77e8 

  0x0000029bc1e64718: ; ImmutableOopMap {rbp=NarrowOop [32]=Oop [40]=Oop [48]=Oop [56]=Oop [72]=Oop [88]=Oop [96]=Oop [104]=Oop [112]=Oop [124]=NarrowOop [200]=NarrowOop }
                      ;*invokevirtual verifiableEntry {reexecute=0 rethrow=0 return_oop=1}
                      ; - java.util.jar.JarFile::getInputStream@56
                      ; - jdk.internal.loader.URLClassPath$JarLoader$2::getInputStream@11
                      ; - jdk.internal.loader.Resource::cachedInputStream@9
                      ; - jdk.internal.loader.Resource::getByteBuffer@1
                      ; - java.net.URLClassLoader::defineClass@132
                      ; - java.net.URLClassLoader$1::run@43
                      ; - java.net.URLClassLoader$1::run@1
                      ; - java.security.AccessController::executePrivileged@29
                      ; - java.security.AccessController::doPrivileged@13
                      ; - java.net.URLClassLoader::findClass@13
  0x0000029bc1e64718: 64a0 76fe 

  0x0000029bc1e6471c: ;   {other}
  0x0000029bc1e6471c: 0f1f 8400 | 8c3c 0023 | 4885 c00f | 849c 4400 | 004d 8b87 | b801 0000 | 4d8b d849 | 83c3 200f 
  0x0000029bc1e6473c: 1f44 0000 | 4d3b 9fc8 | 0100 000f | 830b 2100 | 004d 899f | b801 0000 | 410f 0d8b | c000 0000 
  0x0000029bc1e6475c: 49c7 0001 

  0x0000029bc1e64760: ;   {metadata('java/util/jar/JarVerifier$VerifierStream')}
  0x0000029bc1e64760: 0000 0041 | c740 0888 | d807 0145 | 8960 0c4d | 8960 104d | 8960 1848 | 8984 2480 | 0000 004c 
  0x0000029bc1e64780: 8984 2488 | 0000 0048 | 8b54 2430 

  0x0000029bc1e6478c: ;   {optimized virtual_call}
  0x0000029bc1e6478c: c5f8 77e8 

  0x0000029bc1e64790: ; ImmutableOopMap {rbp=NarrowOop [32]=Oop [40]=Oop [48]=Oop [56]=Oop [72]=Oop [88]=Oop [96]=Oop [104]=Oop [112]=Oop [124]=NarrowOop [128]=Oop [136]=Oop [200]=NarrowOop }
                      ;*invokevirtual getManifestFromReference {reexecute=0 rethrow=0 return_oop=1}
                      ; - java.util.jar.JarFile::getInputStream@71
                      ; - jdk.internal.loader.URLClassPath$JarLoader$2::getInputStream@11
                      ; - jdk.internal.loader.Resource::cachedInputStream@9
                      ; - jdk.internal.loader.Resource::getByteBuffer@1
                      ; - java.net.URLClassLoader::defineClass@132
                      ; - java.net.URLClassLoader$1::run@43
                      ; - java.net.URLClassLoader$1::run@1
                      ; - java.security.AccessController::executePrivileged@29
                      ; - java.security.AccessController::doPrivileged@13
                      ; - java.net.URLClassLoader::findClass@13
  0x0000029bc1e64790: ec9f 76fe 

  0x0000029bc1e64794: ;   {other}
  0x0000029bc1e64794: 0f1f 8400 | 043d 0024 | 4889 8424 | 9000 0000 | 488b 5424 | 304c 8b44 | 2420 488b | 6c24 3890 
  0x0000029bc1e647b4: ;   {optimized virtual_call}
  0x0000029bc1e647b4: c5f8 77e8 

  0x0000029bc1e647b8: ; ImmutableOopMap {rbp=Oop [40]=Oop [48]=Oop [72]=Oop [88]=Oop [96]=Oop [104]=Oop [112]=Oop [124]=NarrowOop [128]=Oop [136]=Oop [144]=Oop [200]=NarrowOop }
                      ;*invokespecial getInputStream {reexecute=0 rethrow=0 return_oop=1}
                      ; - java.util.jar.JarFile::getInputStream@77
                      ; - jdk.internal.loader.URLClassPath$JarLoader$2::getInputStream@11
                      ; - jdk.internal.loader.Resource::cachedInputStream@9
                      ; - jdk.internal.loader.Resource::getByteBuffer@1
                      ; - java.net.URLClassLoader::defineClass@132
                      ; - java.net.URLClassLoader$1::run@43
                      ; - java.net.URLClassLoader$1::run@1
                      ; - java.security.AccessController::executePrivileged@29
                      ; - java.security.AccessController::doPrivileged@13
                      ; - java.net.URLClassLoader::findClass@13
  0x0000029bc1e647b8: c49f 76fe 

  0x0000029bc1e647bc: ;   {other}
  0x0000029bc1e647bc: 0f1f 8400 | 2c3d 0025 | 448b 9c24 | c800 0000 | 418b 6b30 | 4885 c00f | 84a3 4400 | 0048 8b8c 
  0x0000029bc1e647dc: 2488 0000 | 0089 6918 | 4c8b c14c | 8bd0 4489 | 510c 49c1 | e809 49ba | 0000 3fb5 | 9b02 0000 
  0x0000029bc1e647fc: 4788 2402 | 4d8b 87b8 | 0100 004d | 8bd0 4983 | c230 4d3b | 97c8 0100 | 000f 8395 | 2000 004d 
  0x0000029bc1e6481c: 8997 b801 | 0000 410f | 0d8a c000 | 0000 49c7 | 0001 0000 

  0x0000029bc1e64830: ;   {metadata('sun/security/util/ManifestEntryVerifier')}
  0x0000029bc1e64830: 0041 c740 | 08c8 ce04 | 0145 8960 | 0c4d 8960 | 104d 8960 | 184d 8960 | 204d 8960 | 288b 6d30 
  0x0000029bc1e64850: 41c6 400c | 0149 8b87 | b801 0000 | 4c8b d049 | 83c2 304d | 3b97 c801 | 0000 0f83 | 8120 0000 
  0x0000029bc1e64870: 4d89 97b8 | 0100 0041 | 0f0d 8ac0 | 0000 0048 | c700 0100 

  0x0000029bc1e64884: ;   {metadata('java/util/HashMap')}
  0x0000029bc1e64884: 0000 c740 | 0868 a908 | 0044 8960 | 0c4c 8960 | 104c 8960 | 2849 ba00 | 0000 0010 | 0000 004c 
  0x0000029bc1e648a4: 8950 1848 | c740 2000 | 0040 3f4c | 8bc8 4589 | 4810 4d8b | d049 c1ea | 0949 b900 | 003f b59b 
  0x0000029bc1e648c4: 0200 0047 | 8824 1149 | 8b87 b801 | 0000 4c8b | d049 83c2 | 180f 1f80 | 0000 0000 | 4d3b 97c8 
  0x0000029bc1e648e4: 0100 000f | 8383 2000 | 004d 8997 | b801 0000 | 410f 0d8a | c000 0000 | 48c7 0001 

  0x0000029bc1e64900: ;   {metadata('java/util/ArrayList')}
  0x0000029bc1e64900: 0000 00c7 | 4008 d089 | 0b00 4489 | 600c 4489 

  0x0000029bc1e64910: ;   {oop(a 'java/lang/Object'[0] {0x0000000080000820})}
  0x0000029bc1e64910: 6010 c740 | 1420 0800 | 804d 8bd0 | 4c8b c845 | 8948 1449 | c1ea 0949 | b900 003f | b59b 0200 
  0x0000029bc1e64930: 0047 8824 | 1149 8b87 | b801 0000 | 4c8b d049 | 83c2 184d | 3b97 c801 | 0000 0f83 | e01f 0000 
  0x0000029bc1e64950: 4d89 97b8 | 0100 0041 | 0f0d 8ac0 | 0000 0048 | c700 0100 

  0x0000029bc1e64964: ;   {metadata('java/util/ArrayList')}
  0x0000029bc1e64964: 0000 c740 | 08d0 890b | 0044 8960 | 0c44 8960 

  0x0000029bc1e64974: ;   {oop(a 'java/lang/Object'[0] {0x0000000080000820})}
  0x0000029bc1e64974: 10c7 4014 | 2008 0080 | 4189 6820 | 4c8b 9424 | 9000 0000 | 4d8b ca45 | 8948 244d | 8bd0 488b 
  0x0000029bc1e64994: d841 8958 | 1849 c1ea | 0949 b900 | 003f b59b | 0200 0047 | 8824 1144 | 8b51 184d | 8bc8 4489 
  0x0000029bc1e649b4: 491c 4c8b | c949 c1e9 | 0948 bb00 | 003f b59b | 0200 0046 | 8824 0b45 | 85d2 0f84 | c43d 0000 
  0x0000029bc1e649d4: 4d8b c848 | 8be9 4489 | 5c24 7849 | 8bd2 4c8b | 8424 8000 | 0000 4c8b | 5424 604c | 8954 2420 
  0x0000029bc1e649f4: ;   {optimized virtual_call}
  0x0000029bc1e649f4: c5f8 77e8 

  0x0000029bc1e649f8: ; ImmutableOopMap {rbp=Oop [32]=Oop [40]=Oop [48]=Oop [72]=Oop [88]=Oop [96]=Oop [104]=Oop [112]=Oop [120]=NarrowOop [124]=NarrowOop [128]=Oop }
                      ;*invokevirtual beginEntry {reexecute=0 rethrow=0 return_oop=0}
                      ; - java.util.jar.JarVerifier$VerifierStream::<init>@47
                      ; - java.util.jar.JarFile::getInputStream@84
                      ; - jdk.internal.loader.URLClassPath$JarLoader$2::getInputStream@11
                      ; - jdk.internal.loader.Resource::cachedInputStream@9
                      ; - jdk.internal.loader.Resource::getByteBuffer@1
                      ; - java.net.URLClassLoader::defineClass@132
                      ; - java.net.URLClassLoader$1::run@43
                      ; - java.net.URLClassLoader$1::run@1
                      ; - java.security.AccessController::executePrivileged@29
                      ; - java.security.AccessController::doPrivileged@13
                      ; - java.net.URLClassLoader::findClass@13
  0x0000029bc1e649f8: 849d 76fe 

  0x0000029bc1e649fc: ;   {other}
  0x0000029bc1e649fc: 0f1f 8400 | 6c3f 0026 | 4c8b 9424 | 8000 0000 | 4d8b 5220 | 4c8b dd4d | 8953 1066 | 0f1f 8400 
  0x0000029bc1e64a1c: 0000 0000 | 4d85 d20f | 8432 0600 | 004c 8b44 | 2430 488d | 8424 2801 | 0000 4883 | 3800 0f84 
  0x0000029bc1e64a3c: 7900 0000 | 4d8b 1041 | f6c2 020f | 8462 0000 | 0049 83ba | 8600 0000 | 0074 0949 | ff8a 8600 
  0x0000029bc1e64a5c: 0000 eb4b | 498b 8296 | 0000 0049 | 0b82 8e00 | 0000 750a | 49c7 423e | 0000 0000 | eb3d 4983 
  0x0000029bc1e64a7c: ba9e 0000 | 0000 7422 | 4833 c049 | c742 3e00 | 0000 00f0 | 8304 2400 | 4983 ba9e | 0000 0000 
  0x0000029bc1e64a9c: 750d f04d | 0fb1 7a3e | 7505 83c8 | 01eb 0ca8 | 00eb 084c | 8b10 f04d | 0fb1 1075 | 0a49 ff8f 
  0x0000029bc1e64abc: 5005 0000 | 4533 d20f | 858b 3d00 | 0049 8bdb | e942 e6ff | ff45 0fb6 | 5311 4585 | d20f 84e6 
  0x0000029bc1e64adc: 1700 0044 | 899c 24d8 | 0000 004c | 894c 2420 | 418b e848 | 8b54 2430 | 4d8b c14c 

  0x0000029bc1e64af8: ;   {no_reloc}
  0x0000029bc1e64af8: 8b54 2460 | 4c89 5424 | 3866 6690 

  0x0000029bc1e64b04: ;   {optimized virtual_call}
  0x0000029bc1e64b04: c5f8 77e8 

  0x0000029bc1e64b08: ; ImmutableOopMap {rbp=NarrowOop [32]=Oop [40]=Oop [48]=Oop [56]=Oop [72]=Oop [88]=Oop [96]=Oop [104]=Oop [112]=Oop [124]=NarrowOop [216]=NarrowOop }
                      ;*invokevirtual verifiableEntry {reexecute=0 rethrow=0 return_oop=1}
                      ; - java.util.jar.JarFile::getInputStream@56
                      ; - jdk.internal.loader.URLClassPath$JarLoader$2::getInputStream@11
                      ; - jdk.internal.loader.Resource::cachedInputStream@9
                      ; - jdk.internal.loader.Resource::getBytes@1
                      ; - jdk.internal.loader.URLClassPath$JarLoader$2::getBytes@1
                      ; - java.net.URLClassLoader::defineClass@179
                      ; - java.net.URLClassLoader$1::run@43
                      ; - java.net.URLClassLoader$1::run@1
                      ; - java.security.AccessController::executePrivileged@29
                      ; - java.security.AccessController::doPrivileged@13
                      ; - java.net.URLClassLoader::findClass@13
  0x0000029bc1e64b08: 749c 76fe 

  0x0000029bc1e64b0c: ;   {other}
  0x0000029bc1e64b0c: 0f1f 8400 | 7c40 0027 | 4885 c00f | 840b 4100 | 004d 8b87 | b801 0000 | 4d8b d049 | 83c2 204d 
  0x0000029bc1e64b2c: 3b97 c801 | 0000 0f83 | 4d1d 0000 | 4d89 97b8 | 0100 0041 | 0f0d 8ac0 | 0000 0049 | c700 0100 
  0x0000029bc1e64b4c: ;   {metadata('java/util/jar/JarVerifier$VerifierStream')}
  0x0000029bc1e64b4c: 0000 41c7 | 4008 88d8 | 0701 4589 | 600c 4d89 | 6010 4d89 | 6018 4889 | 8424 8000 | 0000 4c89 
  0x0000029bc1e64b6c: 8424 8800 | 0000 488b | 5424 3090 

  0x0000029bc1e64b78: ;   {optimized virtual_call}
  0x0000029bc1e64b78: c5f8 77e8 

  0x0000029bc1e64b7c: ; ImmutableOopMap {rbp=NarrowOop [32]=Oop [40]=Oop [48]=Oop [56]=Oop [72]=Oop [88]=Oop [96]=Oop [104]=Oop [112]=Oop [124]=NarrowOop [128]=Oop [136]=Oop [216]=NarrowOop }
                      ;*invokevirtual getManifestFromReference {reexecute=0 rethrow=0 return_oop=1}
                      ; - java.util.jar.JarFile::getInputStream@71
                      ; - jdk.internal.loader.URLClassPath$JarLoader$2::getInputStream@11
                      ; - jdk.internal.loader.Resource::cachedInputStream@9
                      ; - jdk.internal.loader.Resource::getBytes@1
                      ; - jdk.internal.loader.URLClassPath$JarLoader$2::getBytes@1
                      ; - java.net.URLClassLoader::defineClass@179
                      ; - java.net.URLClassLoader$1::run@43
                      ; - java.net.URLClassLoader$1::run@1
                      ; - java.security.AccessController::executePrivileged@29
                      ; - java.security.AccessController::doPrivileged@13
                      ; - java.net.URLClassLoader::findClass@13
  0x0000029bc1e64b7c: 009c 76fe 

  0x0000029bc1e64b80: ;   {other}
  0x0000029bc1e64b80: 0f1f 8400 | f040 0028 | 4889 8424 | 9000 0000 | 488b 5424 | 304c 8b44 | 2420 488b | 6c24 3890 
  0x0000029bc1e64ba0: ;   {optimized virtual_call}
  0x0000029bc1e64ba0: c5f8 77e8 

  0x0000029bc1e64ba4: ; ImmutableOopMap {rbp=Oop [40]=Oop [48]=Oop [72]=Oop [88]=Oop [96]=Oop [104]=Oop [112]=Oop [124]=NarrowOop [128]=Oop [136]=Oop [144]=Oop [216]=NarrowOop }
                      ;*invokespecial getInputStream {reexecute=0 rethrow=0 return_oop=1}
                      ; - java.util.jar.JarFile::getInputStream@77
                      ; - jdk.internal.loader.URLClassPath$JarLoader$2::getInputStream@11
                      ; - jdk.internal.loader.Resource::cachedInputStream@9
                      ; - jdk.internal.loader.Resource::getBytes@1
                      ; - jdk.internal.loader.URLClassPath$JarLoader$2::getBytes@1
                      ; - java.net.URLClassLoader::defineClass@179
                      ; - java.net.URLClassLoader$1::run@43
                      ; - java.net.URLClassLoader$1::run@1
                      ; - java.security.AccessController::executePrivileged@29
                      ; - java.security.AccessController::doPrivileged@13
                      ; - java.net.URLClassLoader::findClass@13
  0x0000029bc1e64ba4: d89b 76fe 

  0x0000029bc1e64ba8: ;   {other}
  0x0000029bc1e64ba8: 0f1f 8400 | 1841 0029 | 448b 9c24 | d800 0000 | 418b 6b30 | 0f1f 4000 | 4885 c00f | 840f 4100 
  0x0000029bc1e64bc8: 004c 8b8c | 2488 0000 | 0041 8969 | 184c 8bc0 | 4589 410c | 4d8b d149 | c1ea 0949 | b800 003f 
  0x0000029bc1e64be8: b59b 0200 | 0047 8824 | 104d 8b87 | b801 0000 | 4d8b d049 | 83c2 3090 | 4d3b 97c8 | 0100 000f 
  0x0000029bc1e64c08: 83a3 1d00 | 004d 8997 | b801 0000 | 410f 0d8a | c000 0000 | 49c7 0001 

  0x0000029bc1e64c20: ;   {metadata('sun/security/util/ManifestEntryVerifier')}
  0x0000029bc1e64c20: 0000 0041 | c740 08c8 | ce04 0145 | 8960 0c4d | 8960 104d | 8960 184d | 8960 204d | 8960 2890 
  0x0000029bc1e64c40: ; implicit exception: dispatches to 0x0000029bc1e69d50
  0x0000029bc1e64c40: 8b6d 3041 | c640 0c01 | 498b 87b8 | 0100 004c | 8bd0 4983 | c230 6666 | 0f1f 8400 | 0000 0000 
  0x0000029bc1e64c60: 4d3b 97c8 | 0100 000f | 8303 1e00 | 004d 8997 | b801 0000 | 410f 0d8a | c000 0000 | 48c7 0001 
  0x0000029bc1e64c80: ;   {metadata('java/util/HashMap')}
  0x0000029bc1e64c80: 0000 00c7 | 4008 68a9 | 0800 4489 | 600c 4c89 | 6010 4c89 | 6028 49ba | 0000 0000 | 1000 0000 
  0x0000029bc1e64ca0: 4c89 5018 | 48c7 4020 | 0000 403f | 4c8b d045 | 8950 104d | 8bd0 49c1 | ea09 48b9 | 0000 3fb5 
  0x0000029bc1e64cc0: 9b02 0000 | 4688 2411 | 498b 87b8 | 0100 004c | 8bd0 4983 | c218 6666 | 0f1f 8400 | 0000 0000 
  0x0000029bc1e64ce0: 4d3b 97c8 | 0100 000f | 8343 1d00 | 004d 8997 | b801 0000 | 410f 0d8a | c000 0000 | 48c7 0001 
  0x0000029bc1e64d00: ;   {metadata('java/util/ArrayList')}
  0x0000029bc1e64d00: 0000 00c7 | 4008 d089 | 0b00 4489 | 600c 4489 

  0x0000029bc1e64d10: ;   {oop(a 'java/lang/Object'[0] {0x0000000080000820})}
  0x0000029bc1e64d10: 6010 c740 | 1420 0800 | 804d 8bd0 | 488b d841 | 8958 1449 | c1ea 0948 | b900 003f | b59b 0200 
  0x0000029bc1e64d30: 0046 8824 | 1149 8b87 | b801 0000 | 4c8b d049 | 83c2 184d | 3b97 c801 | 0000 0f83 | a11c 0000 
  0x0000029bc1e64d50: 4d89 97b8 | 0100 0041 | 0f0d 8ac0 | 0000 0048 | c700 0100 

  0x0000029bc1e64d64: ;   {metadata('java/util/ArrayList')}
  0x0000029bc1e64d64: 0000 c740 | 08d0 890b | 0044 8960 | 0c44 8960 

  0x0000029bc1e64d74: ;   {oop(a 'java/lang/Object'[0] {0x0000000080000820})}
  0x0000029bc1e64d74: 10c7 4014 | 2008 0080 | 4189 6820 | 4d8b d049 | 8bc8 488b | f841 8978 | 1848 c1e9 | 0948 bb00 
  0x0000029bc1e64d94: 003f b59b | 0200 0044 | 8824 0b48 | 8b8c 2490 | 0000 0041 | 8948 2445 | 8951 1c41 | 8b49 184d 
  0x0000029bc1e64db4: 8bd1 49c1 | ea09 4688 | 2413 6690 | 85c9 0f84 | 303a 0000 | 4d8b d049 | 8be9 4489 | 5c24 7848 
  0x0000029bc1e64dd4: 8bd1 4c8b | 8424 8000 | 0000 4d8b | ca4c 8b54 | 2460 4c89 | 5424 2090 

  0x0000029bc1e64dec: ;   {optimized virtual_call}
  0x0000029bc1e64dec: c5f8 77e8 

  0x0000029bc1e64df0: ; ImmutableOopMap {rbp=Oop [32]=Oop [40]=Oop [48]=Oop [72]=Oop [88]=Oop [96]=Oop [104]=Oop [112]=Oop [120]=NarrowOop [124]=NarrowOop [128]=Oop }
                      ;*invokevirtual beginEntry {reexecute=0 rethrow=0 return_oop=0}
                      ; - java.util.jar.JarVerifier$VerifierStream::<init>@47
                      ; - java.util.jar.JarFile::getInputStream@84
                      ; - jdk.internal.loader.URLClassPath$JarLoader$2::getInputStream@11
                      ; - jdk.internal.loader.Resource::cachedInputStream@9
                      ; - jdk.internal.loader.Resource::getBytes@1
                      ; - jdk.internal.loader.URLClassPath$JarLoader$2::getBytes@1
                      ; - java.net.URLClassLoader::defineClass@179
                      ; - java.net.URLClassLoader$1::run@43
                      ; - java.net.URLClassLoader$1::run@1
                      ; - java.security.AccessController::executePrivileged@29
                      ; - java.security.AccessController::doPrivileged@13
                      ; - java.net.URLClassLoader::findClass@13
  0x0000029bc1e64df0: 8c99 76fe 

  0x0000029bc1e64df4: ;   {other}
  0x0000029bc1e64df4: 0f1f 8400 | 6443 002a | 4c8b 9424 | 8000 0000 | 4d8b 5220 | 488b dd4c | 8953 104d | 85d2 0f84 
  0x0000029bc1e64e14: 8602 0000 | 4c8b 5c24 | 3048 8d84 | 2428 0100 | 0048 8338 | 000f 8479 | 0000 004d | 8b13 41f6 
  0x0000029bc1e64e34: c202 0f84 | 6200 0000 | 4983 ba86 | 0000 0000 | 7409 49ff | 8a86 0000 | 00eb 4b49 | 8b82 9600 
  0x0000029bc1e64e54: 0000 490b | 828e 0000 | 0075 0a49 | c742 3e00 | 0000 00eb | 3d49 83ba | 9e00 0000 | 0074 2248 
  0x0000029bc1e64e74: 33c0 49c7 | 423e 0000 | 0000 f083 | 0424 0049 | 83ba 9e00 | 0000 0075 | 0df0 4d0f | b17a 3e75 
  0x0000029bc1e64e94: 0583 c801 | eb0c a800 | eb08 4c8b | 10f0 4d0f | b113 750a | 49ff 8f50 | 0500 0045 | 33d2 0f84 
  0x0000029bc1e64eb4: b3e5 ffff | 498b cb48 | 8d94 2428 | 0100 004d | 8bc7 c5f8 | 7749 bab0 | cf05 defa | 7f00 0041 
  0x0000029bc1e64ed4: ;   {other}
  0x0000029bc1e64ed4: ffd2 0f1f | 8400 0000 | 0000 6690 | e986 e5ff 

  0x0000029bc1e64ee4: ;   {metadata('java/util/jar/JarVerifier$VerifierStream')}
  0x0000029bc1e64ee4: ff41 81fb | 88d8 0701 | 0f85 9339 | 0000 488b | ea44 8b5d | 0c45 85db | 7433 4489 | 4c24 2049 
  0x0000029bc1e64f04: 8bd3 4c8b | 5424 604c | 8954 2430 | 6690 c5f8 | 7748 b8ff | ffff ffff 

  0x0000029bc1e64f1c: ;   {virtual_call}
  0x0000029bc1e64f1c: ffff ffe8 

  0x0000029bc1e64f20: ; ImmutableOopMap {rbp=Oop [40]=Oop [48]=Oop [88]=Oop [96]=Oop [104]=Oop [112]=Oop [124]=NarrowOop [144]=Oop }
                      ;*invokevirtual close {reexecute=0 rethrow=0 return_oop=0}
                      ; - java.util.jar.JarVerifier$VerifierStream::close@11
                      ; - jdk.internal.loader.Resource::getBytes@183
                      ; - jdk.internal.loader.URLClassPath$JarLoader$2::getBytes@1
                      ; - java.net.URLClassLoader::defineClass@179
                      ; - java.net.URLClassLoader$1::run@43
                      ; - java.net.URLClassLoader$1::run@1
                      ; - java.security.AccessController::executePrivileged@29
                      ; - java.security.AccessController::doPrivileged@13
                      ; - java.net.URLClassLoader::findClass@13
  0x0000029bc1e64f20: 5c9b 76fe 

  0x0000029bc1e64f24: ;   {other}
  0x0000029bc1e64f24: 0f1f 8400 | 9444 002b | 448b 4c24 | 2044 8965 | 1c44 8965 | 0c44 8965 | 1866 6690 | e9ec e8ff 
  0x0000029bc1e64f44: ff41 ba06 | 0000 0041 | b82d 0000 | 0044 8994 | 24f8 0000 | 0044 8984 | 24fc 0000 | 00e9 3ece 
  0x0000029bc1e64f64: ffff 498b | e949 8bd0 | 4c8b 8424 | a000 0000 | 4c8b 5424 | 604c 8954 | 2420 6690 

  0x0000029bc1e64f80: ;   {optimized virtual_call}
  0x0000029bc1e64f80: c5f8 77e8 

  0x0000029bc1e64f84: ; ImmutableOopMap {rbp=Oop [32]=Oop [40]=Oop [72]=Oop [88]=Oop [96]=Oop [104]=Oop [124]=NarrowOop [128]=Oop [136]=Oop [144]=Oop [160]=Oop }
                      ;*invokevirtual afterNodeAccess {reexecute=0 rethrow=0 return_oop=0}
                      ; - java.util.LinkedHashMap::get@21
                      ; - java.util.jar.Attributes::get@5
                      ; - java.util.jar.Attributes::getValue@2
                      ; - java.net.URLClassLoader::isSealed@58
                      ; - java.net.URLClassLoader::getAndVerifyPackage@68
                      ; - java.net.URLClassLoader::defineClass@46
                      ; - java.net.URLClassLoader$1::run@43
                      ; - java.net.URLClassLoader$1::run@1
                      ; - java.security.AccessController::executePrivileged@29
                      ; - java.security.AccessController::doPrivileged@13
                      ; - java.net.URLClassLoader::findClass@13
  0x0000029bc1e64f84: f897 76fe 

  0x0000029bc1e64f88: ;   {other}
  0x0000029bc1e64f88: 0f1f 8400 | f844 002c | 4c8b cde9 | fbed ffff | 4533 c033 | ff66 6690 | e9de ddff | ff45 8b42 
  0x0000029bc1e64fa8: 0c49 8bca | 4963 f848 | c1e7 0266 | 0f1f 8400 | 0000 0000 | 6666 6690 | 4181 f800 | 0004 000f 
  0x0000029bc1e64fc8: 87d3 2d00 | 0049 8b9f | b801 0000 | 4c8d 5f17 | 4983 e3f8 | 4c8b cb4d | 03cb 4d3b | 8fc8 0100 
  0x0000029bc1e64fe8: 000f 83b1 | 2d00 004d | 898f b801 | 0000 410f | 0d89 c000 | 0000 48c7 | 0301 0000 | 0041 0f0d 
  0x0000029bc1e65008: 8900 0100 

  0x0000029bc1e6500c: ;   {metadata('java/security/CodeSigner'[])}
  0x0000029bc1e6500c: 00c7 4308 | 98c1 0701 | 4489 430c | 410f 0d89 | 4001 0000 | 410f 0d89 | 8001 0000 | 498d 4a10 
  0x0000029bc1e6502c: 488b d348 | 83c2 1048 | 83c7 0748 | c1ef 034c | 8bc7 c5f8 | 7749 ba60 | 745b c09b | 0200 0041 
  0x0000029bc1e6504c: ;   {other}
  0x0000029bc1e6504c: ffd2 0f1f | 8400 0000 | 0000 e9c1 | e8ff ff41 | 8b6b 1c45 | 8b53 1845 | 85d2 0f84 | bc3c 0000 
  0x0000029bc1e6506c: 4c89 5c24 | 204c 8bcd | 498b d241 | b8ff ffff | ff48 8b6c | 2460 6690 

  0x0000029bc1e65084: ;   {optimized virtual_call}
  0x0000029bc1e65084: c5f8 77e8 

  0x0000029bc1e65088: ; ImmutableOopMap {rbp=Oop [32]=Oop [40]=Oop [48]=Oop [72]=Oop [88]=Oop [96]=Oop [104]=Oop [112]=Oop [124]=NarrowOop }
                      ;*invokevirtual update {reexecute=0 rethrow=0 return_oop=0}
                      ; - java.util.jar.JarVerifier$VerifierStream::<init>@76
                      ; - java.util.jar.JarFile::getInputStream@84
                      ; - jdk.internal.loader.URLClassPath$JarLoader$2::getInputStream@11
                      ; - jdk.internal.loader.Resource::cachedInputStream@9
                      ; - jdk.internal.loader.Resource::getByteBuffer@1
                      ; - java.net.URLClassLoader::defineClass@132
                      ; - java.net.URLClassLoader$1::run@43
                      ; - java.net.URLClassLoader$1::run@1
                      ; - java.security.AccessController::executePrivileged@29
                      ; - java.security.AccessController::doPrivileged@13
                      ; - java.net.URLClassLoader::findClass@13
  0x0000029bc1e65088: f496 76fe 

  0x0000029bc1e6508c: ;   {other}
  0x0000029bc1e6508c: 0f1f 8400 | fc45 002d | 4c8b 5c24 | 20e9 8bf9 | ffff 8b6b | 1c44 8b53 | 1845 85d2 | 0f84 ae3c 
  0x0000029bc1e650ac: 0000 4889 | 5c24 204c | 8bcd 498b | d241 b8ff | ffff ff48 | 8b6c 2460 

  0x0000029bc1e650c4: ;   {optimized virtual_call}
  0x0000029bc1e650c4: c5f8 77e8 

  0x0000029bc1e650c8: ; ImmutableOopMap {rbp=Oop [32]=Oop [40]=Oop [48]=Oop [72]=Oop [88]=Oop [96]=Oop [104]=Oop [112]=Oop [124]=NarrowOop }
                      ;*invokevirtual update {reexecute=0 rethrow=0 return_oop=0}
                      ; - java.util.jar.JarVerifier$VerifierStream::<init>@76
                      ; - java.util.jar.JarFile::getInputStream@84
                      ; - jdk.internal.loader.URLClassPath$JarLoader$2::getInputStream@11
                      ; - jdk.internal.loader.Resource::cachedInputStream@9
                      ; - jdk.internal.loader.Resource::getBytes@1
                      ; - jdk.internal.loader.URLClassPath$JarLoader$2::getBytes@1
                      ; - java.net.URLClassLoader::defineClass@179
                      ; - java.net.URLClassLoader$1::run@43
                      ; - java.net.URLClassLoader$1::run@1
                      ; - java.security.AccessController::executePrivileged@29
                      ; - java.security.AccessController::doPrivileged@13
                      ; - java.net.URLClassLoader::findClass@13
  0x0000029bc1e650c8: b496 76fe 

  0x0000029bc1e650cc: ;   {other}
  0x0000029bc1e650cc: 0f1f 8400 | 3c46 002e | 488b 5c24 | 20e9 3afd | ffff 8b4c | 2458 d1e1 | 85c9 0f8c | 393d 0000 
  0x0000029bc1e650ec: 478d 1409 | 4585 d20f | 8c2c 3d00 | 0042 8d1c | 1166 6690 | 3beb 0f82 | 1d3d 0000 | 488b 5c24 
  0x0000029bc1e6510c: 4048 8d7c | 0b10 498b | f341 8bd1 | 8bca 83e1 | 0f83 e2f0 | 741c 488d | 3416 488d | 3c57 48f7 
  0x0000029bc1e6512c: dac4 e27d | 3004 16c5 | fe7f 0457 | 4883 c210 | 75ef 8bd1 | 83e1 0783 | e2f8 7427 | c4e2 7930 
  0x0000029bc1e6514c: 06c5 fa7f | 0748 83c6 | 0848 83c7 | 10e9 1100 | 0000 c4e2 | 7930 0416 | c5fa 7f04 | 5748 83c2 
  0x0000029bc1e6516c: 0875 ef8b | d183 fa04 | 7c19 c5f9 | 6e06 c4e2 | 7930 c0c5 | f9d6 0748 | 83ea 0448 | 83c6 0448 
  0x0000029bc1e6518c: 83c7 0885 | d274 1848 | 8d34 1648 | 8d3c 5748 | f7da 0fb6 | 0c16 6689 | 0c57 48ff | c275 f344 
  0x0000029bc1e651ac: 8b54 2458 | e90b caff | ff4c 63c5 | 4d8d 5010 | 4d8b ca49 | 83e1 f848 | 8bfb 4903 

  0x0000029bc1e651c8: ;   {no_reloc}
  0x0000029bc1e651c8: f949 c1ea | 034d 2bda | 498b cb48 | 33c0 4883 | f908 7f10 | 48ff c978 | 4f48 8904 | cf48 ffc9 
  0x0000029bc1e651e8: 7df7 eb44 | c5fd efc0 | e90d 0000 | 00c5 fe7f | 07c5 fe7f | 4720 4883 | c740 4883 | e908 7ded 
  0x0000029bc1e65208: 4883 c104 | 7c0c c5fe | 7f07 4883 | c720 4883 | e904 4883 | c104 7e10 | 48ff c9c5 | f9d6 0748 
  0x0000029bc1e65228: 83c7 0848 | ffc9 7df3 | 488b 4c24 | 40c5 f877 | 49ba c06d | 5bc0 9b02 | 0000 41ff 

  0x0000029bc1e65244: ;   {other}
  0x0000029bc1e65244: d20f 1f84 | 0000 0000 | 00e9 0de5 | ffff 4c63 | c54d 8d58 | 104d 8bcb | 4983 e1f8 | 488b fb49 
  0x0000029bc1e65264: 03f9 49c1 | eb03 4d2b | d349 8bca | 4833 c048 | 83f9 087f | 1048 ffc9 | 784f 4889 | 04cf 48ff 
  0x0000029bc1e65284: c97d f7eb | 44c5 fdef | c0e9 0d00 | 0000 c5fe | 7f07 c5fe | 7f47 2048 | 83c7 4048 | 83e9 087d 
  0x0000029bc1e652a4: ed48 83c1 | 047c 0cc5 | fe7f 0748 | 83c7 2048 | 83e9 0448 | 83c1 047e | 1048 ffc9 | c5f9 d607 
  0x0000029bc1e652c4: 4883 c708 | 48ff c97d | f348 8b8c | 2490 0000 | 00c5 f877 | 49ba c06d | 5bc0 9b02 | 0000 41ff 
  0x0000029bc1e652e4: ;   {other}
  0x0000029bc1e652e4: d20f 1f84 | 0000 0000 | 00e9 88cd | ffff 8b9c | 24b0 0000 | 00d1 e30f | 1f44 0000 | 85db 0f8c 
  0x0000029bc1e65304: 603b 0000 | 478d 1c09 | 4585 db0f | 8c53 3b00 | 0042 8d0c | 1b8b 7c24 | 2466 6690 | 3bf9 0f82 
  0x0000029bc1e65324: 403b 0000 | 4c8b 9c24 | c000 0000 | 498d 7c1b | 1049 8bf2 | 418b d18b | ca83 e10f | 83e2 f074 
  0x0000029bc1e65344: 1c48 8d34 | 1648 8d3c | 5748 f7da | c4e2 7d30 | 0416 c5fe | 7f04 5748 | 83c2 1075 | ef8b d183 
  0x0000029bc1e65364: e107 83e2 | f874 27c4 | e279 3006 | c5fa 7f07 | 4883 c608 | 4883 c710 | e911 0000 | 00c4 e279 
  0x0000029bc1e65384: 3004 16c5 | fa7f 0457 | 4883 c208 | 75ef 8bd1 | 83fa 047c | 19c5 f96e | 06c4 e279 | 30c0 c5f9 
  0x0000029bc1e653a4: d607 4883 | ea04 4883 | c604 4883 | c708 85d2 | 7418 488d | 3416 488d | 3c57 48f7 | da0f b60c 
  0x0000029bc1e653c4: 1666 890c | 5748 ffc2 | 75f3 e9ee 

  0x0000029bc1e653d0: ;   {oop(""{0x0000000080001918})}
  0x0000029bc1e653d0: d6ff ff49 | ba18 1900 | 8000 0000 | 0066 6690 | e9c2 ccff | ff4c 8944 | 2430 488b | 5424 684c 
  0x0000029bc1e653f0: 8b84 2488 | 0000 0045 | 33c9 33ff | 33f6 33c9 | 4533 d24c | 8914 244c | 8954 2408 | 4c89 5424 
  0x0000029bc1e65410: 1066 6690 

  0x0000029bc1e65414: ;   {optimized virtual_call}
  0x0000029bc1e65414: c5f8 77e8 

  0x0000029bc1e65418: ; ImmutableOopMap {[32]=Oop [40]=Oop [48]=Oop [72]=Oop [88]=Oop [96]=Oop [104]=Oop [120]=NarrowOop [124]=NarrowOop [128]=Oop [136]=Oop }
                      ;*invokevirtual definePackage {reexecute=0 rethrow=0 return_oop=1}
                      ; - java.net.URLClassLoader::defineClass@81
                      ; - java.net.URLClassLoader$1::run@43
                      ; - java.net.URLClassLoader$1::run@1
                      ; - java.security.AccessController::executePrivileged@29
                      ; - java.security.AccessController::doPrivileged@13
                      ; - java.net.URLClassLoader::findClass@13
  0x0000029bc1e65418: 6493 76fe 

  0x0000029bc1e6541c: ;   {other}
  0x0000029bc1e6541c: 0f1f 8400 | 8c49 002f | e9bf daff | ff83 fa01 | 0f85 2005 | 0000 85d2 | 0f86 f23a | 0000 0fb6 
  0x0000029bc1e6543c: 1f66 6690 | e917 d9ff | ff44 8954 | 2438 4c89 | 4424 304c | 894c 2420 

  0x0000029bc1e65454: ;   {oop(a 'java/util/jar/Attributes$Name'{0x00000000802ac910})}
  0x0000029bc1e65454: 4c8b c148 | ba10 c92a | 8000 0000 | 004c 8b54 | 2460 4c89 | 5424 4090 

  0x0000029bc1e6546c: ;   {optimized virtual_call}
  0x0000029bc1e6546c: c5f8 77e8 

  0x0000029bc1e65470: ; ImmutableOopMap {rbp=Oop [32]=Oop [40]=Oop [48]=Oop [64]=Oop [72]=Oop [88]=Oop [96]=Oop [104]=Oop [124]=NarrowOop [128]=Oop [136]=Oop [144]=Oop }
                      ;*invokevirtual equals {reexecute=0 rethrow=0 return_oop=0}
                      ; - java.util.HashMap::getNode@128
                      ; - java.util.LinkedHashMap::get@2
                      ; - java.util.jar.Attributes::get@5
                      ; - java.util.jar.Attributes::getValue@2
                      ; - java.net.URLClassLoader::isSealed@58
                      ; - java.net.URLClassLoader::getAndVerifyPackage@68
                      ; - java.net.URLClassLoader::defineClass@46
                      ; - java.net.URLClassLoader$1::run@43
                      ; - java.net.URLClassLoader$1::run@1
                      ; - java.security.AccessController::executePrivileged@29
                      ; - java.security.AccessController::doPrivileged@13
                      ; - java.net.URLClassLoader::findClass@13
  0x0000029bc1e65470: 0c93 76fe 

  0x0000029bc1e65474: ;   {other}
  0x0000029bc1e65474: 0f1f 8400 | e449 0030 | 0f1f 4000 | 85c0 0f84 | 89ee ffff | 4c8b 4c24 | 204c 8b44 | 2430 e9b7 
  0x0000029bc1e65494: eeff ff4c | 895c 2470 | 896c 2454 

  0x0000029bc1e654a0: ;   {oop(".class"{0x0000000080003568})}
  0x0000029bc1e654a0: 48ba 6835 | 0080 0000 | 0000 4d8b | c344 8b4c | 2450 bf01 

  0x0000029bc1e654b4: ;   {oop([B{0x000000008034c7e8})}
  0x0000029bc1e654b4: 0000 0048 | bde8 c734 | 8000 0000 

  0x0000029bc1e654c0: ;   {oop([B{0x0000000080878d80})}
  0x0000029bc1e654c0: 0049 ba80 | 8d87 8000 | 0000 004c | 8994 2480 

  0x0000029bc1e654d0: ;   {oop([B{0x0000000080878d48})}
  0x0000029bc1e654d0: 0000 0049 | ba48 8d87 | 8000 0000 | 004c 8994 | 2488 0000 | 0066 6690 

  0x0000029bc1e654e8: ;   {optimized virtual_call}
  0x0000029bc1e654e8: c5f8 77e8 

  0x0000029bc1e654ec: ; ImmutableOopMap {rbp=Oop [56]=Derived_oop_rbp [40]=Oop [64]=Oop [72]=Oop [96]=Oop [104]=Oop [112]=Oop [128]=Oop [32]=Derived_oop_[128] [136]=Oop [48]=Derived_oop_[136] }
                      ;*invokevirtual getBytes {reexecute=0 rethrow=0 return_oop=0}
                      ; - java.lang.StringConcatHelper::prepend@32
                      ; - java.lang.StringConcatHelper::simpleConcat@71
                      ; - java.lang.String::concat@11
                      ; - java.net.URLClassLoader$1::run@13
                      ; - java.net.URLClassLoader$1::run@1
                      ; - java.security.AccessController::executePrivileged@29
                      ; - java.security.AccessController::doPrivileged@13
                      ; - java.net.URLClassLoader::findClass@13
  0x0000029bc1e654ec: 9092 76fe 

  0x0000029bc1e654f0: ;   {other}
  0x0000029bc1e654f0: 0f1f 8400 | 604a 0031 | 4c8b 5424 | 588b 6c24 | 544c 8b5c | 2470 e905 | c6ff ff49 | 8bd2 4c8b 
  0x0000029bc1e65510: 4424 4044 | 8b4c 2458 | bf01 0000 

  0x0000029bc1e6551c: ;   {oop([B{0x000000008034c7e8})}
  0x0000029bc1e6551c: 0048 bde8 | c734 8000 

  0x0000029bc1e65524: ;   {oop([B{0x0000000080878d80})}
  0x0000029bc1e65524: 0000 0049 | ba80 8d87 | 8000 0000 | 004c 8954 

  0x0000029bc1e65534: ;   {oop([B{0x0000000080878d48})}
  0x0000029bc1e65534: 2478 49ba | 488d 8780 | 0000 0000 | 4c89 9424 | 8000 0000 

  0x0000029bc1e65548: ;   {optimized virtual_call}
  0x0000029bc1e65548: c5f8 77e8 

  0x0000029bc1e6554c: ; ImmutableOopMap {rbp=Oop [56]=Derived_oop_rbp [40]=Oop [64]=Oop [72]=Oop [96]=Oop [104]=Oop [120]=Oop [32]=Derived_oop_[120] [128]=Oop [48]=Derived_oop_[128] }
                      ;*invokevirtual getBytes {reexecute=0 rethrow=0 return_oop=0}
                      ; - java.lang.StringConcatHelper::prepend@32
                      ; - java.lang.StringConcatHelper::simpleConcat@81
                      ; - java.lang.String::concat@11
                      ; - java.net.URLClassLoader$1::run@13
                      ; - java.net.URLClassLoader$1::run@1
                      ; - java.security.AccessController::executePrivileged@29
                      ; - java.security.AccessController::doPrivileged@13
                      ; - java.net.URLClassLoader::findClass@13
  0x0000029bc1e6554c: 3092 76fe 

  0x0000029bc1e65550: ;   {other}
  0x0000029bc1e65550: 0f1f 8400 | c04a 0032 | 488b 5c24 | 4044 8b54 | 2458 e959 

  0x0000029bc1e65564: ;   {oop("/"{0x0000000080000788})}
  0x0000029bc1e65564: c6ff ff48 | ba88 0700 | 8000 0000 | 0044 8b8c | 24b0 0000 | 00bf 0100 

  0x0000029bc1e6557c: ;   {oop([B{0x000000008034c7e8})}
  0x0000029bc1e6557c: 0000 48bd | e8c7 3480 | 0000 0000 

  0x0000029bc1e65588: ;   {oop([B{0x0000000080878d80})}
  0x0000029bc1e65588: 49ba 808d | 8780 0000 | 0000 4c89 | 9424 e800 

  0x0000029bc1e65598: ;   {oop([B{0x0000000080878d48})}
  0x0000029bc1e65598: 0000 49ba | 488d 8780 | 0000 0000 | 4c89 9424 | f000 0000 

  0x0000029bc1e655ac: ;   {optimized virtual_call}
  0x0000029bc1e655ac: c5f8 77e8 

  0x0000029bc1e655b0: ; ImmutableOopMap {rbp=Oop [64]=Derived_oop_rbp [40]=Oop [72]=Oop [88]=Oop [96]=Oop [104]=Oop [112]=Oop [120]=NarrowOop [124]=NarrowOop [128]=Oop [136]=Oop [144]=Oop [152]=Oop [160]=Oop [192]=Oop [232]=Oop [48]=Derived_oop_[232] [240]=Oop [56]=Derived_oop_[240] }
                      ;*invokevirtual getBytes {reexecute=0 rethrow=0 return_oop=0}
                      ; - java.lang.StringConcatHelper::prepend@32
                      ; - java.lang.StringConcatHelper::simpleConcat@71
                      ; - java.lang.String::concat@11
                      ; - java.net.URLClassLoader::isSealed@15
                      ; - java.net.URLClassLoader::getAndVerifyPackage@68
                      ; - java.net.URLClassLoader::defineClass@46
                      ; - java.net.URLClassLoader$1::run@43
                      ; - java.net.URLClassLoader$1::run@1
                      ; - java.security.AccessController::executePrivileged@29
                      ; - java.security.AccessController::doPrivileged@13
                      ; - java.net.URLClassLoader::findClass@13
  0x0000029bc1e655b0: cc91 76fe 

  0x0000029bc1e655b4: ;   {other}
  0x0000029bc1e655b4: 0f1f 8400 | 244b 0033 | 4c8b 9424 | 9800 0000 | 458b 5a14 | 458b c345 | 85db 0f84 | fc39 0000 
  0x0000029bc1e655d4: 450f be5a | 1044 899c | 2410 0100 | 00e9 24d4 | ffff 488b | 9424 9800 | 0000 4c8b | 8424 c000 
  0x0000029bc1e655f4: 0000 448b | 8c24 b000 | 0000 bf01 

  0x0000029bc1e65600: ;   {oop([B{0x000000008034c7e8})}
  0x0000029bc1e65600: 0000 0048 | bde8 c734 | 8000 0000 

  0x0000029bc1e6560c: ;   {oop([B{0x0000000080878d80})}
  0x0000029bc1e6560c: 0049 ba80 | 8d87 8000 | 0000 004c | 8994 24e8 

  0x0000029bc1e6561c: ;   {oop([B{0x0000000080878d48})}
  0x0000029bc1e6561c: 0000 0049 | ba48 8d87 | 8000 0000 | 004c 8994 | 24f0 0000 | 0066 6690 

  0x0000029bc1e65634: ;   {optimized virtual_call}
  0x0000029bc1e65634: c5f8 77e8 

  0x0000029bc1e65638: ; ImmutableOopMap {rbp=Oop [64]=Derived_oop_rbp [40]=Oop [72]=Oop [88]=Oop [96]=Oop [104]=Oop [112]=Oop [120]=NarrowOop [124]=NarrowOop [128]=Oop [136]=Oop [144]=Oop [160]=Oop [192]=Oop [232]=Oop [48]=Derived_oop_[232] [240]=Oop [56]=Derived_oop_[240] }
                      ;*invokevirtual getBytes {reexecute=0 rethrow=0 return_oop=0}
                      ; - java.lang.StringConcatHelper::prepend@32
                      ; - java.lang.StringConcatHelper::simpleConcat@81
                      ; - java.lang.String::concat@11
                      ; - java.net.URLClassLoader::isSealed@15
                      ; - java.net.URLClassLoader::getAndVerifyPackage@68
                      ; - java.net.URLClassLoader::defineClass@46
                      ; - java.net.URLClassLoader$1::run@43
                      ; - java.net.URLClassLoader$1::run@1
                      ; - java.security.AccessController::executePrivileged@29
                      ; - java.security.AccessController::doPrivileged@13
                      ; - java.net.URLClassLoader::findClass@13
  0x0000029bc1e65638: 4491 76fe 

  0x0000029bc1e6563c: ;   {other}
  0x0000029bc1e6563c: 0f1f 8400 | ac4b 0034 | e978 d4ff | ff45 8bca | 41f7 d933 | dbe9 7700 | 0000 49bb | 0000 0000 
  0x0000029bc1e6565c: 0100 0000 | 4d3b c30f | 846e 0d00 | 0049 8b87 | b801 0000 | 4c8b d849 | 83c3 2866 | 0f1f 8400 
  0x0000029bc1e6567c: 0000 0000 | 4d3b 9fc8 | 0100 000f | 83b3 3200 | 004d 899f | b801 0000 | 410f 0d8b | c000 0000 
  0x0000029bc1e6569c: 48c7 0001 

  0x0000029bc1e656a0: ;   {metadata('java/lang/InternalError')}
  0x0000029bc1e656a0: 0000 00c7 | 4008 3807 | 0100 4489 | 600c 4c89 | 6010 4c89 | 6018 4c89 | 6020 488b | c866 6690 
  0x0000029bc1e656c0: 4585 d27d | 8445 8bca | bb01 0000 | 0041 83f9 | f60f 8f3d | 3900 0066 | 0f1f 8400 | 0000 0000 
  0x0000029bc1e656e0: 4183 f99c | 0f8f 6d39 | 0000 4181 | f918 fcff | ff0f 8f38 | 3900 0066 | 0f1f 8400 | 0000 0000 
  0x0000029bc1e65700: 4181 f9f0 | d8ff ff0f | 8f32 3900 | 0041 81f9 | 6079 feff | 0f8f 0439 | 0000 660f | 1f44 0000 
  0x0000029bc1e65720: 4181 f9c0 | bdf0 ff0f | 8f31 3900 | 0041 81f9 | 8069 67ff | 0f8f fc38 | 0000 660f | 1f44 0000 
  0x0000029bc1e65740: 4181 f900 | 1f0a fa0f | 8ff9 3800 | 0041 81f9 | 0036 65c4 | 0f8f cb38 | 0000 83c3 | 0a48 894c 
  0x0000029bc1e65760: 2450 4489 | 5424 484c | 8944 2440 | 4d8b 97b8 | 0100 0044 | 8d43 3248 | 63fb 4c8d | 5f49 4983 
  0x0000029bc1e65780: e3f8 4d8b | ca4d 03cb | 4d3b 8fc8 | 0100 000f | 8312 3200 | 004d 898f | b801 0000 | 410f 0d89 
  0x0000029bc1e657a0: ;   {no_reloc}
  0x0000029bc1e657a0: c000 0000 | 49c7 0201 | 0000 0041 | 0f0d 8900 

  0x0000029bc1e657b0: ;   {metadata({type array byte})}
  0x0000029bc1e657b0: 0100 0041 | c742 0818 | 2300 0045 | 8942 0c41 | 0f0d 8940 | 0100 0041 | 0f0d 8980 | 0100 0049 
  0x0000029bc1e657d0: 8bd2 4883 | c210 498b | f248 8b4c | 2430 41b8 | 2700 0000 | c5f8 7749 | bac0 6d5b | c09b 0200 
  0x0000029bc1e657f0: 0041 ffd2 

  0x0000029bc1e657f4: ;   {other}
  0x0000029bc1e657f4: 0f1f 8400 | 0000 0000 | 448b 5c24 | 4841 81fb | 0000 0080 | 7420 4585 | db7d 17b9 | 2d00 0000 
  0x0000029bc1e65814: 83c3 2745 | 33d2 452b | d345 0f4c | d3e9 3f00 | 0000 33c9 | ebea 488b | d648 83c2 | 3748 8b4c 
  0x0000029bc1e65834: 2438 41b8 | 0b00 0000 | c5f8 7749 | bac0 6d5b | c09b 0200 | 0041 ffd2 

  0x0000029bc1e6584c: ;   {other}
  0x0000029bc1e6584c: 0f1f 8400 | 0000 0000 | e957 0000 | 000f 1f80 | 0000 0000 | ffcb 458b | d04d 63c2 | 458b da41 
  0x0000029bc1e6586c: c1fb 1f4d | 69c0 6766 | 6666 49c1 | f822 458b | c845 8bc1 | 452b c342 | 8d04 c500 | 0000 0042 
  0x0000029bc1e6588c: 8d14 4044 | 2bd2 4183 | c230 4488 | 541e 0f0f | 1f44 0000 | 453b cb75 | bb85 c974 | 0783 c3fe 
  0x0000029bc1e658ac: 884c 1e10 | 488d 543e | 3748 8b4c | 2420 41b8 | 0b00 0000 | c5f8 7749 | bac0 6d5b | c09b 0200 
  0x0000029bc1e658cc: 0041 ffd2 

  0x0000029bc1e658d0: ;   {other}
  0x0000029bc1e658d0: 0f1f 8400 | 0000 0000 | 498b 87b8 | 0100 004c | 8bd0 4983 | c218 4d3b | 97c8 0100 | 000f 8329 
  0x0000029bc1e658f0: 3100 004d | 8997 b801 | 0000 410f | 0d8a c000 | 0000 48c7 | 0001 0000 

  0x0000029bc1e65908: ;   {metadata('java/lang/String')}
  0x0000029bc1e65908: 00c7 4008 | 78e8 0000 | 4489 600c | 4c89 6010 | 4c8b c04c | 8bd6 4589 | 5014 488b | 6c24 2848 
  0x0000029bc1e65928: 8b54 2450 | 4c8b 5424 | 604c 8954 | 2428 6690 

  0x0000029bc1e65938: ;   {optimized virtual_call}
  0x0000029bc1e65938: c5f8 77e8 

  0x0000029bc1e6593c: ; ImmutableOopMap {rbp=Oop [40]=Oop [80]=Oop [96]=Oop [104]=Oop }
                      ;*invokespecial <init> {reexecute=0 rethrow=0 return_oop=0}
                      ; - java.lang.StringConcatHelper::newString@63
                      ; - java.lang.StringConcatHelper::simpleConcat@90
                      ; - java.lang.String::concat@11
                      ; - java.net.URLClassLoader$1::run@13
                      ; - java.net.URLClassLoader$1::run@1
                      ; - java.security.AccessController::executePrivileged@29
                      ; - java.security.AccessController::doPrivileged@13
                      ; - java.net.URLClassLoader::findClass@13
  0x0000029bc1e6593c: 408e 76fe 

  0x0000029bc1e65940: ;   {other}
  0x0000029bc1e65940: 0f1f 8400 | b04e 0035 | 488b 5424 | 50e9 09e7 | ffff 33db | e903 d4ff | ff44 8954 | 2434 897c 
  0x0000029bc1e65960: 2430 4c8b | 5424 704c | 8954 2420 | 488b 6c24 | 4844 8865 | 3af0 8344 | 24c0 004c | 8b54 2460 
  0x0000029bc1e65980: 4c89 5424 | 3866 6690 

  0x0000029bc1e65988: ;   {static_call}
  0x0000029bc1e65988: c5f8 77e8 

  0x0000029bc1e6598c: ; ImmutableOopMap {rbp=Oop [32]=Oop [40]=Oop [48]=NarrowOop [56]=Oop [88]=Oop [96]=Oop [104]=Oop [124]=NarrowOop }
                      ;*invokestatic clearInterruptEvent {reexecute=0 rethrow=0 return_oop=0}
                      ; - java.lang.Thread::getAndClearInterrupt@14
                      ; - java.lang.Thread::interrupted@3
                      ; - jdk.internal.loader.Resource::getBytes@5
                      ; - jdk.internal.loader.URLClassPath$JarLoader$2::getBytes@1
                      ; - java.net.URLClassLoader::defineClass@179
                      ; - java.net.URLClassLoader$1::run@43
                      ; - java.net.URLClassLoader$1::run@1
                      ; - java.security.AccessController::executePrivileged@29
                      ; - java.security.AccessController::doPrivileged@13
                      ; - java.net.URLClassLoader::findClass@13
  0x0000029bc1e6598c: f093 76fe 

  0x0000029bc1e65990: ;   {other}
  0x0000029bc1e65990: 0f1f 8400 | 004f 0036 | 4889 6c24 | 484c 8b54 | 2420 4c89 | 5424 708b | 7c24 3044 | 8b4c 2434 
  0x0000029bc1e659b0: e997 dbff 

  0x0000029bc1e659b4: ;   {metadata({type array byte})}
  0x0000029bc1e659b4: ff48 ba18 | 2300 cd9b | 0200 0044 | 8b44 2454 | 4c89 5424 

  0x0000029bc1e659c8: ;   {oop([B{0x000000008034c7e8})}
  0x0000029bc1e659c8: 7048 bde8 | c734 8000 

  0x0000029bc1e659d0: ;   {oop([B{0x0000000080878d80})}
  0x0000029bc1e659d0: 0000 0049 | ba80 8d87 | 8000 0000 | 004c 8994 | 2480 0000 

  0x0000029bc1e659e4: ;   {oop([B{0x0000000080878d48})}
  0x0000029bc1e659e4: 0049 ba48 | 8d87 8000 | 0000 004c | 8994 2488 | 0000 0090 

  0x0000029bc1e659f8: ;   {runtime_call _new_array_Java}
  0x0000029bc1e659f8: c5f8 77e8 

  0x0000029bc1e659fc: ; ImmutableOopMap {rbp=Oop [56]=Derived_oop_rbp [40]=Oop [64]=Oop [72]=Oop [96]=Oop [104]=Oop [128]=Oop [32]=Derived_oop_[128] [136]=Oop [48]=Derived_oop_[136] }
                      ;*invokevirtual allocateUninitializedArray0 {reexecute=0 rethrow=0 return_oop=1}
                      ; - jdk.internal.misc.Unsafe::allocateUninitializedArray@51
                      ; - java.lang.StringConcatHelper::newArray@33
                      ; - java.lang.StringConcatHelper::simpleConcat@61
                      ; - java.lang.String::concat@11
                      ; - java.net.URLClassLoader$1::run@13
                      ; - java.net.URLClassLoader$1::run@1
                      ; - java.security.AccessController::executePrivileged@29
                      ; - java.security.AccessController::doPrivileged@13
                      ; - java.net.URLClassLoader::findClass@13
  0x0000029bc1e659fc: 80d2 81fe 

  0x0000029bc1e65a00: ;   {other}
  0x0000029bc1e65a00: 0f1f 8400 | 704f 0037 | 8b6c 2454 | 4c8b d8e9 | 9cc0 ffff 

  0x0000029bc1e65a14: ;   {metadata('java/lang/String')}
  0x0000029bc1e65a14: 48ba 78e8 | 00cd 9b02 | 0000 4c8b | 5c24 6048 | 895c 2450 | 4c89 5c24 

  0x0000029bc1e65a2c: ;   {oop([B{0x000000008034c7e8})}
  0x0000029bc1e65a2c: 5848 bde8 | c734 8000 

  0x0000029bc1e65a34: ;   {oop([B{0x0000000080878d80})}
  0x0000029bc1e65a34: 0000 0049 | ba80 8d87 | 8000 0000 | 004c 8954 

  0x0000029bc1e65a44: ;   {oop([B{0x0000000080878d48})}
  0x0000029bc1e65a44: 2470 49ba | 488d 8780 | 0000 0000 | 4c89 5424 | 7866 6690 

  0x0000029bc1e65a58: ;   {runtime_call _new_instance_Java}
  0x0000029bc1e65a58: c5f8 77e8 

  0x0000029bc1e65a5c: ; ImmutableOopMap {rbp=Oop [56]=Derived_oop_rbp [40]=Oop [72]=Oop [80]=Oop [88]=Oop [96]=Oop [104]=Oop [112]=Oop [32]=Derived_oop_[112] [120]=Oop [48]=Derived_oop_[120] [128]=NarrowOop }
                      ;*new {reexecute=0 rethrow=0 return_oop=1}
                      ; - java.lang.StringConcatHelper::newString@6
                      ; - java.lang.StringConcatHelper::simpleConcat@90
                      ; - java.lang.String::concat@11
                      ; - java.net.URLClassLoader$1::run@13
                      ; - java.net.URLClassLoader$1::run@1
                      ; - java.security.AccessController::executePrivileged@29
                      ; - java.security.AccessController::doPrivileged@13
                      ; - java.net.URLClassLoader::findClass@13
  0x0000029bc1e65a5c: 20d5 81fe 

  0x0000029bc1e65a60: ;   {other}
  0x0000029bc1e65a60: 0f1f 8400 | d04f 0038 | 4c8b c0e9 | aac1 ffff | 895c 2470 | 894c 245c | 4489 4c24 | 4444 8944 
  0x0000029bc1e65a80: 2440 4c8b | 5424 284c | 8954 2438 | 4c8b 5424 | 484c 8954 | 2430 4c8b | 5424 604c | 8954 2428 
  0x0000029bc1e65aa0: 4c8b 5424 | 684c 8954 | 2420 498b | eb44 895c 

  0x0000029bc1e65ab0: ;   {metadata({type array byte})}
  0x0000029bc1e65ab0: 2458 48ba | 1823 00cd | 9b02 0000 

  0x0000029bc1e65abc: ;   {runtime_call _new_array_Java}
  0x0000029bc1e65abc: c5f8 77e8 

  0x0000029bc1e65ac0: ; ImmutableOopMap {rbp=Oop [32]=Oop [40]=Oop [48]=Oop [56]=Oop [88]=NarrowOop [96]=Oop [104]=Oop }
                      ;*invokevirtual allocateUninitializedArray0 {reexecute=0 rethrow=0 return_oop=1}
                      ; - jdk.internal.misc.Unsafe::allocateUninitializedArray@51
                      ; - java.lang.StringConcatHelper::newArray@33
                      ; - java.lang.StringLatin1::replace@49
                      ; - java.lang.String::replace@18
                      ; - java.net.URLClassLoader$1::run@8
                      ; - java.net.URLClassLoader$1::run@1
                      ; - java.security.AccessController::executePrivileged@29
                      ; - java.security.AccessController::doPrivileged@13
                      ; - java.net.URLClassLoader::findClass@13
  0x0000029bc1e65ac0: bcd1 81fe 

  0x0000029bc1e65ac4: ;   {other}
  0x0000029bc1e65ac4: 0f1f 8400 | 3450 0039 | 4c8b 5c24 | 304c 895c | 2448 4c8b | 5c24 384c | 895c 2428 | 448b 4424 
  0x0000029bc1e65ae4: 4044 8b4c | 2444 488b | e844 8b5c | 2458 8b4c | 245c 8b5c | 2470 e930 

  0x0000029bc1e65afc: ;   {metadata('java/lang/String')}
  0x0000029bc1e65afc: bcff ff48 | ba78 e800 | cd9b 0200 | 004c 8b54 | 2460 4c89 | 5424 304c | 8954 2438 

  0x0000029bc1e65b18: ;   {runtime_call _new_instance_Java}
  0x0000029bc1e65b18: c5f8 77e8 

  0x0000029bc1e65b1c: ; ImmutableOopMap {rbp=Oop [40]=Oop [48]=Oop [56]=Oop [72]=Oop [96]=Oop [104]=Oop }
                      ;*new {reexecute=0 rethrow=0 return_oop=1}
                      ; - java.lang.StringLatin1::replace@116
                      ; - java.lang.String::replace@18
                      ; - java.net.URLClassLoader$1::run@8
                      ; - java.net.URLClassLoader$1::run@1
                      ; - java.security.AccessController::executePrivileged@29
                      ; - java.security.AccessController::doPrivileged@13
                      ; - java.net.URLClassLoader::findClass@13
  0x0000029bc1e65b1c: 60d4 81fe 

  0x0000029bc1e65b20: ;   {other}
  0x0000029bc1e65b20: 0f1f 8400 | 9050 003a | 4c8b c0e9 | 23be ffff | 4c89 5424 | 4844 8944 | 2420 458b | d841 f7db 
  0x0000029bc1e65b40: 33db e984 | 0000 004d | 8bda 49ba | 0000 0000 | 0100 0000 | 4d3b da0f | 84d2 0800 | 0049 8b87 
  0x0000029bc1e65b60: b801 0000 | 4c8b d049 | 83c2 284d | 3b97 c801 | 0000 0f83 | 602f 0000 | 4d89 97b8 | 0100 0041 
  0x0000029bc1e65b80: 0f0d 8ac0 | 0000 0048 | c700 0100 

  0x0000029bc1e65b8c: ;   {metadata('java/lang/InternalError')}
  0x0000029bc1e65b8c: 0000 c740 | 0838 0701 | 0044 8960 | 0c4c 8960 | 104c 8960 | 184c 8960 | 204c 8bd0 | 448b 8424 
  0x0000029bc1e65bac: b000 0000 | 4585 c00f | 8d77 ffff | ff4c 8954 | 2448 4489 | 4424 2045 | 8bd8 bb01 | 0000 0041 
  0x0000029bc1e65bcc: 83fb f60f | 8f90 3400 | 0041 83fb | 9c0f 8fdb | 3400 0090 | 4181 fb18 | fcff ff0f | 8f99 3400 
  0x0000029bc1e65bec: 0041 81fb | f0d8 ffff | 0f8f a134 | 0000 660f | 1f44 0000 | 4181 fb60 | 79fe ff0f | 8f63 3400 
  0x0000029bc1e65c0c: 0041 81fb | c0bd f0ff | 0f8f a834 | 0000 660f | 1f44 0000 | 4181 fb80 | 6967 ff0f | 8f61 3400 
  0x0000029bc1e65c2c: 0041 81fb | 001f 0afa | 0f8f 6934 | 0000 660f | 1f44 0000 | 4181 fb00 | 3665 c40f | 8f2b 3400 
  0x0000029bc1e65c4c: 0083 c30a | 4d8b 97b8 | 0100 0044 | 8d43 3248 | 63fb 4c8d | 5f49 4983 | e3f8 4d8b | ca4d 03cb 
  0x0000029bc1e65c6c: 4d3b 8fc8 | 0100 000f | 83b8 2e00 | 004d 898f | b801 0000 | 410f 0d89 | c000 0000 | 49c7 0201 
  0x0000029bc1e65c8c: ;   {no_reloc}
  0x0000029bc1e65c8c: 0000 0041 | 0f0d 8900 

  0x0000029bc1e65c94: ;   {metadata({type array byte})}
  0x0000029bc1e65c94: 0100 0041 | c742 0818 | 2300 0045 | 8942 0c41 | 0f0d 8940 | 0100 0041 | 0f0d 8980 | 0100 0049 
  0x0000029bc1e65cb4: 8bd2 4883 | c210 498b | f248 8b4c | 2438 41b8 | 2700 0000 | c5f8 7749 | bac0 6d5b | c09b 0200 
  0x0000029bc1e65cd4: 0041 ffd2 

  0x0000029bc1e65cd8: ;   {other}
  0x0000029bc1e65cd8: 0f1f 8400 | 0000 0000 | 448b 5424 | 2041 81fa | 0000 0080 | 742c 448b | 4424 2045 | 85d2 7d1d 
  0x0000029bc1e65cf8: 448b 8c24 | fc00 0000 | 83c3 2745 | 33d2 452b | d045 0f4c | d041 8bc9 | e940 0000 | 0045 33c9 
  0x0000029bc1e65d18: ebe6 488b | d648 83c2 | 3748 8b4c | 2440 41b8 | 0b00 0000 | c5f8 7749 | bac0 6d5b | c09b 0200 
  0x0000029bc1e65d38: 0041 ffd2 

  0x0000029bc1e65d3c: ;   {other}
  0x0000029bc1e65d3c: 0f1f 8400 | 0000 0000 | e957 0000 | 000f 1f80 | 0000 0000 | ffcb 458b | d04d 63c2 | 458b da41 
  0x0000029bc1e65d5c: c1fb 1f4d | 69c0 6766 | 6666 49c1 | f822 458b | c845 8bc1 | 452b c342 | 8d04 c500 | 0000 0042 
  0x0000029bc1e65d7c: 8d14 4044 | 2bd2 4183 | c230 4488 | 541e 0f45 | 3bcb 75c0 | 448b d145 | 85d2 7408 | 83c3 fe44 
  0x0000029bc1e65d9c: 8854 1e10 | 488d 543e | 3748 8b4c | 2430 41b8 | 0b00 0000 | c5f8 7749 | bac0 6d5b | c09b 0200 
  0x0000029bc1e65dbc: 0041 ffd2 

  0x0000029bc1e65dc0: ;   {other}
  0x0000029bc1e65dc0: 0f1f 8400 | 0000 0000 | 498b 87b8 | 0100 004c | 8bd0 4983 | c218 6666 | 0f1f 8400 | 0000 0000 
  0x0000029bc1e65de0: 4d3b 97c8 | 0100 000f | 83af 2d00 | 004d 8997 | b801 0000 | 410f 0d8a | c000 0000 | 48c7 0001 
  0x0000029bc1e65e00: ;   {metadata('java/lang/String')}
  0x0000029bc1e65e00: 0000 00c7 | 4008 78e8 | 0000 4489 | 600c 4c89 | 6010 488b | ee4c 8bc0 | 4c8b d545 | 8950 1448 
  0x0000029bc1e65e20: 8b6c 2450 | 488b 5424 | 484c 8b54 | 2460 4c89 | 5424 204c | 8b94 2480 | 0000 004c | 8954 2450 
  0x0000029bc1e65e40: ;   {optimized virtual_call}
  0x0000029bc1e65e40: c5f8 77e8 

  0x0000029bc1e65e44: ; ImmutableOopMap {[32]=Oop [40]=Oop [72]=Oop [80]=Oop [88]=Oop [96]=Oop [104]=Oop [112]=Oop [124]=NarrowOop [136]=Oop [144]=Oop [160]=Oop }
                      ;*invokespecial <init> {reexecute=0 rethrow=0 return_oop=0}
                      ; - java.lang.StringConcatHelper::newString@63
                      ; - java.lang.StringConcatHelper::simpleConcat@90
                      ; - java.lang.String::concat@11
                      ; - java.net.URLClassLoader::isSealed@15
                      ; - java.net.URLClassLoader::getAndVerifyPackage@68
                      ; - java.net.URLClassLoader::defineClass@46
                      ; - java.net.URLClassLoader$1::run@43
                      ; - java.net.URLClassLoader$1::run@1
                      ; - java.security.AccessController::executePrivileged@29
                      ; - java.security.AccessController::doPrivileged@13
                      ; - java.net.URLClassLoader::findClass@13
  0x0000029bc1e65e44: 3889 76fe 

  0x0000029bc1e65e48: ;   {other}
  0x0000029bc1e65e48: 0f1f 8400 | b853 003b | 488b 5424 | 48e9 01e2 

  0x0000029bc1e65e58: ;   {metadata('java/lang/String')}
  0x0000029bc1e65e58: ffff 48ba | 78e8 00cd | 9b02 0000 

  0x0000029bc1e65e64: ;   {oop([B{0x000000008034c7e8})}
  0x0000029bc1e65e64: 48bd e8c7 | 3480 0000 

  0x0000029bc1e65e6c: ;   {oop([B{0x0000000080878d80})}
  0x0000029bc1e65e6c: 0000 49ba | 808d 8780 | 0000 0000 | 4c89 9424 | a000 0000 

  0x0000029bc1e65e80: ;   {oop([B{0x0000000080878d48})}
  0x0000029bc1e65e80: 49ba 488d | 8780 0000 | 0000 4c89 | 9424 a800 | 0000 6690 

  0x0000029bc1e65e94: ;   {runtime_call _new_instance_Java}
  0x0000029bc1e65e94: c5f8 77e8 

  0x0000029bc1e65e98: ; ImmutableOopMap {rbp=Oop [64]=Derived_oop_rbp [32]=Oop [40]=Oop [72]=Oop [88]=Oop [96]=Oop [104]=Oop [112]=NarrowOop [124]=NarrowOop [128]=Oop [160]=Oop [48]=Derived_oop_[160] [168]=Oop [56]=Derived_oop_[168] }
                      ;*new {reexecute=0 rethrow=0 return_oop=1}
                      ; - java.lang.StringLatin1::newString@7
                      ; - java.lang.String::substring@41
                      ; - java.net.URLClassLoader::defineClass@28
                      ; - java.net.URLClassLoader$1::run@43
                      ; - java.net.URLClassLoader$1::run@1
                      ; - java.security.AccessController::executePrivileged@29
                      ; - java.security.AccessController::doPrivileged@13
                      ; - java.net.URLClassLoader::findClass@13
  0x0000029bc1e65e98: e4d0 81fe 

  0x0000029bc1e65e9c: ;   {other}
  0x0000029bc1e65e9c: 0f1f 8400 | 0c54 003c | 4c8b d8e9 | afbf ffff | b8ff ffff | ffe9 0ad9 | ffff 418b | 6a24 448b 
  0x0000029bc1e65ebc: 5508 6690 

  0x0000029bc1e65ec0: ;   {metadata('java/io/ByteArrayOutputStream')}
  0x0000029bc1e65ec0: 4181 fa48 | fe21 000f | 85ff 3100 | 0048 8bd5 | 4c8b 8424 | 9000 0000 | 448b 8c24 | 8800 0000 
  0x0000029bc1e65ee0: 8bf8 488b | 6c24 6090 

  0x0000029bc1e65ee8: ;   {optimized virtual_call}
  0x0000029bc1e65ee8: c5f8 77e8 

  0x0000029bc1e65eec: ; ImmutableOopMap {rbp=Oop [40]=Oop [56]=Oop [72]=Oop [88]=Oop [96]=Oop [104]=Oop [112]=Oop [120]=NarrowOop [124]=NarrowOop [144]=Oop [152]=Oop }
                      ;*invokevirtual write {reexecute=0 rethrow=0 return_oop=0}
                      ; - java.util.jar.JarVerifier::update@19
                      ; - java.util.jar.JarVerifier$VerifierStream::read@63
                      ; - jdk.internal.loader.Resource::getBytes@117
                      ; - jdk.internal.loader.URLClassPath$JarLoader$2::getBytes@1
                      ; - java.net.URLClassLoader::defineClass@179
                      ; - java.net.URLClassLoader$1::run@43
                      ; - java.net.URLClassLoader$1::run@1
                      ; - java.security.AccessController::executePrivileged@29
                      ; - java.security.AccessController::doPrivileged@13
                      ; - java.net.URLClassLoader::findClass@13
  0x0000029bc1e65eec: 9088 76fe 

  0x0000029bc1e65ef0: ;   {other}
  0x0000029bc1e65ef0: 0f1f 8400 | 6054 003d | e9b7 e6ff 

  0x0000029bc1e65efc: ;   {metadata({type array byte})}
  0x0000029bc1e65efc: ff48 ba18 | 2300 cd9b | 0200 0044 | 8b84 24b4 | 0000 004c | 898c 24e0 

  0x0000029bc1e65f14: ;   {oop([B{0x000000008034c7e8})}
  0x0000029bc1e65f14: 0000 0048 | bde8 c734 | 8000 0000 

  0x0000029bc1e65f20: ;   {oop([B{0x0000000080878d80})}
  0x0000029bc1e65f20: 0049 ba80 | 8d87 8000 | 0000 004c | 8994 2400 

  0x0000029bc1e65f30: ;   {oop([B{0x0000000080878d48})}
  0x0000029bc1e65f30: 0100 0049 | ba48 8d87 | 8000 0000 | 004c 8994 | 2408 0100 | 0066 6690 

  0x0000029bc1e65f48: ;   {runtime_call _new_array_Java}
  0x0000029bc1e65f48: c5f8 77e8 

  0x0000029bc1e65f4c: ; ImmutableOopMap {rbp=Oop [64]=Derived_oop_rbp [40]=Oop [72]=Oop [88]=Oop [96]=Oop [104]=Oop [112]=Oop [120]=NarrowOop [124]=NarrowOop [128]=Oop [136]=Oop [144]=Oop [152]=Oop [160]=Oop [168]=Oop [256]=Oop [48]=Derived_oop_[256] [264]=Oop [56]=Derived_oop_[264] }
                      ;*invokevirtual allocateUninitializedArray0 {reexecute=0 rethrow=0 return_oop=1}
                      ; - jdk.internal.misc.Unsafe::allocateUninitializedArray@51
                      ; - java.lang.StringConcatHelper::newArray@33
                      ; - java.lang.StringConcatHelper::simpleConcat@61
                      ; - java.lang.String::concat@11
                      ; - java.net.URLClassLoader::isSealed@15
                      ; - java.net.URLClassLoader::getAndVerifyPackage@68
                      ; - java.net.URLClassLoader::defineClass@46
                      ; - java.net.URLClassLoader$1::run@43
                      ; - java.net.URLClassLoader$1::run@1
                      ; - java.security.AccessController::executePrivileged@29
                      ; - java.security.AccessController::doPrivileged@13
                      ; - java.net.URLClassLoader::findClass@13
  0x0000029bc1e65f4c: 30cd 81fe 

  0x0000029bc1e65f50: ;   {other}
  0x0000029bc1e65f50: 0f1f 8400 | c054 003e | 4c8b c00f | 1f44 0000 | e92c caff 

  0x0000029bc1e65f64: ;   {metadata('java/lang/String')}
  0x0000029bc1e65f64: ff48 ba78 | e800 cd9b | 0200 004c | 8b54 2460 | 4c89 5424 | 304c 8b94 | 24c0 0000 | 004c 8994 
  0x0000029bc1e65f84: 24b8 0000 | 0066 6690 

  0x0000029bc1e65f8c: ;   {runtime_call _new_instance_Java}
  0x0000029bc1e65f8c: c5f8 77e8 

  0x0000029bc1e65f90: ; ImmutableOopMap {rbp=NarrowOop [40]=Oop [48]=Oop [72]=Oop [88]=Oop [96]=Oop [104]=Oop [112]=Oop [120]=NarrowOop [124]=NarrowOop [128]=Oop [136]=Oop [144]=Oop [160]=Oop [184]=Oop }
                      ;*new {reexecute=0 rethrow=0 return_oop=1}
                      ; - java.lang.StringConcatHelper::newString@6
                      ; - java.lang.StringConcatHelper::simpleConcat@90
                      ; - java.lang.String::concat@11
                      ; - java.net.URLClassLoader::isSealed@15
                      ; - java.net.URLClassLoader::getAndVerifyPackage@68
                      ; - java.net.URLClassLoader::defineClass@46
                      ; - java.net.URLClassLoader$1::run@43
                      ; - java.net.URLClassLoader$1::run@1
                      ; - java.security.AccessController::executePrivileged@29
                      ; - java.security.AccessController::doPrivileged@13
                      ; - java.net.URLClassLoader::findClass@13
  0x0000029bc1e65f90: eccf 81fe 

  0x0000029bc1e65f94: ;   {other}
  0x0000029bc1e65f94: 0f1f 8400 | 0455 003f | 0f1f 4000 | e978 cbff | ff89 8c24 | e800 0000 | 899c 24e4 | 0000 004d 
  0x0000029bc1e65fb4: 8bd1 498b | ca44 898c | 24e0 0000 

  0x0000029bc1e65fc0: ;   {metadata({type array byte})}
  0x0000029bc1e65fc0: 0048 ba18 | 2300 cd9b | 0200 0044 | 8b84 2498 

  0x0000029bc1e65fd0: ;   {oop([B{0x000000008034c7e8})}
  0x0000029bc1e65fd0: 0000 0048 | bde8 c734 | 8000 0000 | 0048 898c | 24f0 0000 

  0x0000029bc1e65fe4: ;   {oop([B{0x0000000080878d80})}
  0x0000029bc1e65fe4: 0049 ba80 | 8d87 8000 | 0000 004c | 8994 2400 

  0x0000029bc1e65ff4: ;   {oop([B{0x0000000080878d48})}
  0x0000029bc1e65ff4: 0100 0049 | ba48 8d87 | 8000 0000 | 004c 8994 | 2408 0100 | 0066 6690 

  0x0000029bc1e6600c: ;   {runtime_call _new_array_Java}
  0x0000029bc1e6600c: c5f8 77e8 

  0x0000029bc1e66010: ; ImmutableOopMap {rbp=Oop [64]=Derived_oop_rbp [40]=Oop [72]=Oop [88]=Oop [96]=Oop [104]=Oop [112]=Oop [120]=NarrowOop [124]=NarrowOop [128]=Oop [136]=Oop [144]=Oop [160]=Oop [224]=NarrowOop [240]=Oop [256]=Oop [48]=Derived_oop_[256] [264]=Oop [56]=Derived_oop_[264] }
                      ;*invokevirtual allocateUninitializedArray0 {reexecute=0 rethrow=0 return_oop=1}
                      ; - jdk.internal.misc.Unsafe::allocateUninitializedArray@51
                      ; - java.lang.StringConcatHelper::newArray@33
                      ; - java.lang.StringLatin1::replace@49
                      ; - java.lang.String::replace@18
                      ; - java.net.URLClassLoader::isSealed@9
                      ; - java.net.URLClassLoader::getAndVerifyPackage@68
                      ; - java.net.URLClassLoader::defineClass@46
                      ; - java.net.URLClassLoader$1::run@43
                      ; - java.net.URLClassLoader$1::run@1
                      ; - java.security.AccessController::executePrivileged@29
                      ; - java.security.AccessController::doPrivileged@13
                      ; - java.net.URLClassLoader::findClass@13
  0x0000029bc1e66010: 6ccc 81fe 

  0x0000029bc1e66014: ;   {other}
  0x0000029bc1e66014: 0f1f 8400 | 8455 0040 | 4c8b d044 | 8b8c 24e0 | 0000 008b | 9c24 e400 | 0000 8b8c | 24e8 0000 
  0x0000029bc1e66034: 00e9 75c5 

  0x0000029bc1e66038: ;   {metadata('java/lang/String')}
  0x0000029bc1e66038: ffff 48ba | 78e8 00cd | 9b02 0000 

  0x0000029bc1e66044: ;   {oop([B{0x000000008034c7e8})}
  0x0000029bc1e66044: 48bd e8c7 | 3480 0000 

  0x0000029bc1e6604c: ;   {oop([B{0x0000000080878d80})}
  0x0000029bc1e6604c: 0000 49ba | 808d 8780 | 0000 0000 | 4c89 9424 | e000 0000 

  0x0000029bc1e66060: ;   {oop([B{0x0000000080878d48})}
  0x0000029bc1e66060: 49ba 488d | 8780 0000 | 0000 4c89 | 9424 e800 | 0000 6690 

  0x0000029bc1e66074: ;   {runtime_call _new_instance_Java}
  0x0000029bc1e66074: c5f8 77e8 

  0x0000029bc1e66078: ; ImmutableOopMap {rbp=Oop [64]=Derived_oop_rbp [40]=Oop [72]=Oop [88]=Oop [96]=Oop [104]=Oop [112]=Oop [120]=NarrowOop [124]=NarrowOop [128]=Oop [136]=Oop [144]=Oop [160]=Oop [168]=Oop [224]=Oop [48]=Derived_oop_[224] [232]=Oop [56]=Derived_oop_[232] }
                      ;*new {reexecute=0 rethrow=0 return_oop=1}
                      ; - java.lang.StringLatin1::replace@116
                      ; - java.lang.String::replace@18
                      ; - java.net.URLClassLoader::isSealed@9
                      ; - java.net.URLClassLoader::getAndVerifyPackage@68
                      ; - java.net.URLClassLoader::defineClass@46
                      ; - java.net.URLClassLoader$1::run@43
                      ; - java.net.URLClassLoader$1::run@1
                      ; - java.security.AccessController::executePrivileged@29
                      ; - java.security.AccessController::doPrivileged@13
                      ; - java.net.URLClassLoader::findClass@13
  0x0000029bc1e66078: 04cf 81fe 

  0x0000029bc1e6607c: ;   {other}
  0x0000029bc1e6607c: 0f1f 8400 | ec55 0041 | 4c8b d8e9 | a7c7 ffff 

  0x0000029bc1e6608c: ;   {metadata({type array byte})}
  0x0000029bc1e6608c: 48ba 1823 | 00cd 9b02 | 0000 448b | c666 6690 

  0x0000029bc1e6609c: ;   {runtime_call _new_array_nozero_Java}
  0x0000029bc1e6609c: c5f8 77e8 

  0x0000029bc1e660a0: ; ImmutableOopMap {[32]=Oop [64]=Derived_oop_[32] [40]=Oop [56]=Oop [72]=Oop [88]=Oop [96]=Oop [104]=Oop [112]=Oop [120]=NarrowOop [124]=NarrowOop }
                      ;*newarray {reexecute=0 rethrow=0 return_oop=1}
                      ; - java.util.Arrays::copyOf@15
                      ; - jdk.internal.loader.Resource::getBytes@94
                      ; - jdk.internal.loader.URLClassPath$JarLoader$2::getBytes@1
                      ; - java.net.URLClassLoader::defineClass@179
                      ; - java.net.URLClassLoader$1::run@43
                      ; - java.net.URLClassLoader$1::run@1
                      ; - java.security.AccessController::executePrivileged@29
                      ; - java.security.AccessController::doPrivileged@13
                      ; - java.net.URLClassLoader::findClass@13
  0x0000029bc1e660a0: 5cc8 81fe 

  0x0000029bc1e660a4: ;   {other}
  0x0000029bc1e660a4: 0f1f 8400 | 1456 0042 | 488b d8e9 | 57d6 ffff 

  0x0000029bc1e660b4: ;   {metadata({type array byte})}
  0x0000029bc1e660b4: 48ba 1823 | 00cd 9b02 | 0000 448b 

  0x0000029bc1e660c0: ;   {oop([B{0x000000008034c7e8})}
  0x0000029bc1e660c0: 4424 7848 | bde8 c734 | 8000 0000 

  0x0000029bc1e660cc: ;   {oop([B{0x0000000080878d80})}
  0x0000029bc1e660cc: 0049 ba80 | 8d87 8000 | 0000 004c | 8994 24c8 

  0x0000029bc1e660dc: ;   {oop([B{0x0000000080878d48})}
  0x0000029bc1e660dc: 0000 0049 | ba48 8d87 | 8000 0000 | 004c 8994 | 24d0 0000 | 0066 6690 

  0x0000029bc1e660f4: ;   {runtime_call _new_array_nozero_Java}
  0x0000029bc1e660f4: c5f8 77e8 

  0x0000029bc1e660f8: ; ImmutableOopMap {rbp=Oop [64]=Derived_oop_rbp [32]=Oop [144]=Derived_oop_[32] [40]=Oop [72]=Oop [88]=Oop [96]=Oop [104]=Oop [124]=NarrowOop [128]=Oop [136]=Oop [200]=Oop [48]=Derived_oop_[200] [208]=Oop [56]=Derived_oop_[208] }
                      ;*newarray {reexecute=0 rethrow=0 return_oop=1}
                      ; - java.util.Arrays::copyOfRangeByte@10
                      ; - java.util.Arrays::copyOfRange@13
                      ; - java.lang.StringLatin1::newString@16
                      ; - java.lang.String::substring@41
                      ; - java.net.URLClassLoader::defineClass@28
                      ; - java.net.URLClassLoader$1::run@43
                      ; - java.net.URLClassLoader$1::run@1
                      ; - java.security.AccessController::executePrivileged@29
                      ; - java.security.AccessController::doPrivileged@13
                      ; - java.net.URLClassLoader::findClass@13
  0x0000029bc1e660f8: 04c8 81fe 

  0x0000029bc1e660fc: ;   {other}
  0x0000029bc1e660fc: 0f1f 8400 | 6c56 0043 | 488b d8e9 | 0ebf ffff | 458b da44 | 899c 24e8 | 0000 00e9 | bde2 ffff 
  0x0000029bc1e6611c: bae4 ffff | ff48 8b6c | 2460 4c8b | 5424 284c | 8954 2420 | 4c8b 5424 | 584c 8954 | 2428 4c8b 
  0x0000029bc1e6613c: 5424 504c | 8954 2448 | 448b 5424 | 7044 8954 | 2458 6690 

  0x0000029bc1e66150: ;   {runtime_call UncommonTrapBlob}
  0x0000029bc1e66150: c5f8 77e8 

  0x0000029bc1e66154: ; ImmutableOopMap {rbp=Oop [32]=Oop [40]=Oop [88]=NarrowOop [104]=Oop [112]=NarrowOop }
                      ;*baload {reexecute=0 rethrow=0 return_oop=0}
                      ; - java.lang.StringLatin1::lastIndexOf@24
                      ; - java.lang.String::lastIndexOf@13
                      ; - java.lang.String::lastIndexOf@8
                      ; - java.net.URLClassLoader::defineClass@7
                      ; - java.net.URLClassLoader$1::run@43
                      ; - java.net.URLClassLoader$1::run@1
                      ; - java.security.AccessController::executePrivileged@29
                      ; - java.security.AccessController::doPrivileged@13
                      ; - java.net.URLClassLoader::findClass@13
  0x0000029bc1e66154: a8d8 76fe 

  0x0000029bc1e66158: ;   {other}
  0x0000029bc1e66158: 0f1f 8400 | c856 0044 | 418b ea44 | 898c 2480 | 0000 0089 

  0x0000029bc1e6616c: ;   {metadata({type array byte})}
  0x0000029bc1e6616c: 7c24 7848 | ba18 2300 | cd9b 0200 | 0045 33c0 | 4c8b 5424 | 604c 8954 | 2420 6690 

  0x0000029bc1e66188: ;   {runtime_call _new_array_Java}
  0x0000029bc1e66188: c5f8 77e8 

  0x0000029bc1e6618c: ; ImmutableOopMap {[32]=Oop [40]=Oop [72]=Oop [88]=Oop [96]=Oop [104]=Oop [112]=Oop [120]=NarrowOop [124]=NarrowOop }
                      ;*newarray {reexecute=0 rethrow=0 return_oop=1}
                      ; - jdk.internal.loader.Resource::getBytes@30
                      ; - jdk.internal.loader.URLClassPath$JarLoader$2::getBytes@1
                      ; - java.net.URLClassLoader::defineClass@179
                      ; - java.net.URLClassLoader$1::run@43
                      ; - java.net.URLClassLoader$1::run@1
                      ; - java.security.AccessController::executePrivileged@29
                      ; - java.security.AccessController::doPrivileged@13
                      ; - java.net.URLClassLoader::findClass@13
  0x0000029bc1e6618c: f0ca 81fe 

  0x0000029bc1e66190: ;   {other}
  0x0000029bc1e66190: 0f1f 8400 | 0057 0045 | 8b7c 2478 | 448b 8c24 | 8000 0000 | 4c8b d844 | 8bd5 e902 | d4ff ff48 
  0x0000029bc1e661b0: ;   {metadata('java/security/CodeSource')}
  0x0000029bc1e661b0: 8beb 48ba | 285c 00cd | 9b02 0000 | 4c8b 5424 | 304c 8954 | 2420 6690 

  0x0000029bc1e661c8: ;   {runtime_call _new_instance_Java}
  0x0000029bc1e661c8: c5f8 77e8 

  0x0000029bc1e661cc: ; ImmutableOopMap {rbp=Oop [32]=Oop [40]=Oop [88]=Oop [96]=Oop [104]=Oop [112]=Oop [124]=NarrowOop [144]=Oop }
                      ;*new {reexecute=0 rethrow=0 return_oop=1}
                      ; - java.net.URLClassLoader::defineClass@190
                      ; - java.net.URLClassLoader$1::run@43
                      ; - java.net.URLClassLoader$1::run@1
                      ; - java.security.AccessController::executePrivileged@29
                      ; - java.security.AccessController::doPrivileged@13
                      ; - java.net.URLClassLoader::findClass@13
  0x0000029bc1e661cc: b0cd 81fe 

  0x0000029bc1e661d0: ;   {other}
  0x0000029bc1e661d0: 0f1f 8400 | 4057 0046 | 488b dd4c | 8bd0 6690 | e980 d7ff | ff48 8bef 

  0x0000029bc1e661e8: ;   {metadata('java/security/SecureClassLoader$CodeSourceKey')}
  0x0000029bc1e661e8: 48ba b8b4 | 11cd 9b02 | 0000 4c8b | 5424 604c | 8954 2420 

  0x0000029bc1e661fc: ;   {runtime_call _new_instance_Java}
  0x0000029bc1e661fc: c5f8 77e8 

  0x0000029bc1e66200: ; ImmutableOopMap {rbp=Oop [32]=Oop [40]=Oop [88]=Oop [96]=Oop [104]=Oop [112]=Oop }
                      ;*new {reexecute=0 rethrow=0 return_oop=1}
                      ; - java.security.SecureClassLoader::getProtectionDomain@6
                      ; - java.security.SecureClassLoader::defineClass@9
                      ; - java.net.URLClassLoader::defineClass@220
                      ; - java.net.URLClassLoader$1::run@43
                      ; - java.net.URLClassLoader$1::run@1
                      ; - java.security.AccessController::executePrivileged@29
                      ; - java.security.AccessController::doPrivileged@13
                      ; - java.net.URLClassLoader::findClass@13
  0x0000029bc1e66200: 7ccd 81fe 

  0x0000029bc1e66204: ;   {other}
  0x0000029bc1e66204: 0f1f 8400 | 7457 0047 | 488b fd4c | 8bc0 e978 | d9ff ff4c | 8944 2430 | 4c8b 5424 | 684c 8954 
  0x0000029bc1e66224: ;   {metadata('java/security/SecureClassLoader$1')}
  0x0000029bc1e66224: 2420 48ba | 50ba 11cd | 9b02 0000 | 4c8b 5424 | 604c 8954 | 2438 6690 

  0x0000029bc1e6623c: ;   {runtime_call _new_instance_Java}
  0x0000029bc1e6623c: c5f8 77e8 

  0x0000029bc1e66240: ; ImmutableOopMap {rbp=NarrowOop [32]=Oop [40]=Oop [48]=Oop [56]=Oop [88]=Oop [96]=Oop [112]=Oop }
                      ;*new {reexecute=0 rethrow=0 return_oop=1}
                      ; - java.security.SecureClassLoader::getProtectionDomain@20
                      ; - java.security.SecureClassLoader::defineClass@9
                      ; - java.net.URLClassLoader::defineClass@220
                      ; - java.net.URLClassLoader$1::run@43
                      ; - java.net.URLClassLoader$1::run@1
                      ; - java.security.AccessController::executePrivileged@29
                      ; - java.security.AccessController::doPrivileged@13
                      ; - java.net.URLClassLoader::findClass@13
  0x0000029bc1e66240: 3ccd 81fe 

  0x0000029bc1e66244: ;   {other}
  0x0000029bc1e66244: 0f1f 8400 | b457 0048 | 4c8b 5c24 | 204c 895c | 2468 4c8b | 4424 304c | 8bc8 6690 | e973 d9ff 
  0x0000029bc1e66264: ff4c 8944 | 2438 4489 | 5424 2041 | 8be9 488b | 5424 304c | 8b54 2460 | 4c89 5424 | 4066 6690 
  0x0000029bc1e66284: ;   {optimized virtual_call}
  0x0000029bc1e66284: c5f8 77e8 

  0x0000029bc1e66288: ; ImmutableOopMap {rbp=NarrowOop [32]=NarrowOop [40]=Oop [48]=Oop [56]=Oop [64]=Oop [72]=Oop [88]=Oop [96]=Oop [104]=Oop [112]=Oop [124]=NarrowOop }
                      ;*invokevirtual initializeVerifier {reexecute=0 rethrow=0 return_oop=0}
                      ; - java.util.jar.JarFile::getInputStream@33
                      ; - jdk.internal.loader.URLClassPath$JarLoader$2::getInputStream@11
                      ; - jdk.internal.loader.Resource::cachedInputStream@9
                      ; - jdk.internal.loader.Resource::getByteBuffer@1
                      ; - java.net.URLClassLoader::defineClass@132
                      ; - java.net.URLClassLoader$1::run@43
                      ; - java.net.URLClassLoader$1::run@1
                      ; - java.security.AccessController::executePrivileged@29
                      ; - java.security.AccessController::doPrivileged@13
                      ; - java.net.URLClassLoader::findClass@13
  0x0000029bc1e66288: f484 76fe 

  0x0000029bc1e6628c: ;   {other}
  0x0000029bc1e6628c: 0f1f 8400 | fc57 0049 | 448b d541 | c642 1101 | 0f1f 4000 | 453b 6230 | 0f84 7b03 | 0000 4489 
  0x0000029bc1e662ac: 9424 c800 | 0000 448b | 5424 204c | 8b44 2438 | 0f1f 4000 | e936 e4ff | ff4c 894c | 2438 4489 
  0x0000029bc1e662cc: 4424 2041 | 8beb 488b | 5424 304c | 8b54 2460 | 4c89 5424 | 4066 6690 

  0x0000029bc1e662e4: ;   {optimized virtual_call}
  0x0000029bc1e662e4: c5f8 77e8 

  0x0000029bc1e662e8: ; ImmutableOopMap {rbp=NarrowOop [32]=NarrowOop [40]=Oop [48]=Oop [56]=Oop [64]=Oop [72]=Oop [88]=Oop [96]=Oop [104]=Oop [112]=Oop [124]=NarrowOop }
                      ;*invokevirtual initializeVerifier {reexecute=0 rethrow=0 return_oop=0}
                      ; - java.util.jar.JarFile::getInputStream@33
                      ; - jdk.internal.loader.URLClassPath$JarLoader$2::getInputStream@11
                      ; - jdk.internal.loader.Resource::cachedInputStream@9
                      ; - jdk.internal.loader.Resource::getBytes@1
                      ; - jdk.internal.loader.URLClassPath$JarLoader$2::getBytes@1
                      ; - java.net.URLClassLoader::defineClass@179
                      ; - java.net.URLClassLoader$1::run@43
                      ; - java.net.URLClassLoader$1::run@1
                      ; - java.security.AccessController::executePrivileged@29
                      ; - java.security.AccessController::doPrivileged@13
                      ; - java.net.URLClassLoader::findClass@13
  0x0000029bc1e662e8: 9484 76fe 

  0x0000029bc1e662ec: ;   {other}
  0x0000029bc1e662ec: 0f1f 8400 | 5c58 004a | 448b dd41 | c643 1101 | 0f1f 4000 | 453b 6330 | 0f84 0804 | 0000 4489 
  0x0000029bc1e6630c: 9c24 d800 | 0000 448b | 4424 204c | 8b4c 2438 | 0f1f 4000 | e9c2 e7ff 

  0x0000029bc1e66324: ;   {metadata({type array byte})}
  0x0000029bc1e66324: ff48 ba18 | 2300 cd9b | 0200 0044 

  0x0000029bc1e66330: ;   {oop([B{0x000000008034c7e8})}
  0x0000029bc1e66330: 8bc5 48bd | e8c7 3480 | 0000 0000 

  0x0000029bc1e6633c: ;   {oop([B{0x0000000080878d80})}
  0x0000029bc1e6633c: 49ba 808d | 8780 0000 | 0000 4c89 | 9424 c000 

  0x0000029bc1e6634c: ;   {oop([B{0x0000000080878d48})}
  0x0000029bc1e6634c: 0000 49ba | 488d 8780 | 0000 0000 | 4c89 9424 | c800 0000 

  0x0000029bc1e66360: ;   {runtime_call _new_array_nozero_Java}
  0x0000029bc1e66360: c5f8 77e8 

  0x0000029bc1e66364: ; ImmutableOopMap {rbp=Oop [64]=Derived_oop_rbp [32]=Oop [144]=Derived_oop_[32] [40]=Oop [72]=Oop [88]=Oop [96]=Oop [104]=Oop [112]=NarrowOop [124]=NarrowOop [128]=Oop [136]=Oop [192]=Oop [48]=Derived_oop_[192] [200]=Oop [56]=Derived_oop_[200] }
                      ;*invokevirtual clone {reexecute=1 rethrow=0 return_oop=1}
                      ; - (reexecute) java.util.Arrays::copyOfRange@18
                      ; - java.lang.StringLatin1::newString@16
                      ; - java.lang.String::substring@41
                      ; - java.net.URLClassLoader::defineClass@28
                      ; - java.net.URLClassLoader$1::run@43
                      ; - java.net.URLClassLoader$1::run@1
                      ; - java.security.AccessController::executePrivileged@29
                      ; - java.security.AccessController::doPrivileged@13
                      ; - java.net.URLClassLoader::findClass@13
  0x0000029bc1e66364: 98c5 81fe 

  0x0000029bc1e66368: ;   {other}
  0x0000029bc1e66368: 0f1f 8400 | d858 004b | 488b d8e9 | 92bb ffff | c641 1101 | 4533 c033 | ffe9 fdc9 | ffff 4489 
  0x0000029bc1e66388: 4424 3c48 | 8944 2430 | 4c89 4c24 | 2048 8bd5 | 498b ea44 | 8954 2438 | 4c8b 5424 | 604c 8954 
  0x0000029bc1e663a8: 2440 6690 

  0x0000029bc1e663ac: ;   {static_call}
  0x0000029bc1e663ac: c5f8 77e8 

  0x0000029bc1e663b0: ; ImmutableOopMap {rbp=Oop [32]=Oop [40]=Oop [48]=Oop [56]=NarrowOop [64]=Oop [72]=Oop [88]=Oop [96]=Oop [104]=Oop [124]=NarrowOop [128]=Oop [136]=Oop [144]=Oop }
                      ;*invokestatic hashCode {reexecute=0 rethrow=0 return_oop=0}
                      ; - java.lang.String::hashCode@37
                      ; - java.util.HashMap::hash@9
                      ; - java.util.HashMap::getNode@23
                      ; - java.util.HashMap::get@2
                      ; - java.util.jar.Manifest::getAttributes@5
                      ; - java.util.jar.Manifest::getTrustedAttributes@2
                      ; - java.util.jar.JavaUtilJarAccessImpl::getTrustedAttributes@2
                      ; - java.net.URLClassLoader::isSealed@18
                      ; - java.net.URLClassLoader::getAndVerifyPackage@68
                      ; - java.net.URLClassLoader::defineClass@46
                      ; - java.net.URLClassLoader$1::run@43
                      ; - java.net.URLClassLoader$1::run@1
                      ; - java.security.AccessController::executePrivileged@29
                      ; - java.security.AccessController::doPrivileged@13
                      ; - java.net.URLClassLoader::findClass@13
  0x0000029bc1e663b0: cc89 76fe 

  0x0000029bc1e663b4: ;   {other}
  0x0000029bc1e663b4: 0f1f 8400 | 2459 004c | 8bd8 4c8b | 4c24 2048 | 8b4c 2430 | 448b 5424 | 3844 8b44 | 243c e985 
  0x0000029bc1e663d4: c9ff ff49 | 8b87 b801 | 0000 4c8b | d049 83c2 | 184d 3b97 | c801 0000 | 0f83 9e29 | 0000 4d89 
  0x0000029bc1e663f4: 97b8 0100 | 0041 0f0d | 8ac0 0000 | 0048 c700 | 0100 0000 

  0x0000029bc1e66408: ;   {metadata('java/lang/String')}
  0x0000029bc1e66408: c740 0878 | e800 0044 | 8960 0c48 | c740 1001 | 0000 0044 | 8b9c 2480 | 0000 0044 | 8958 144c 
  0x0000029bc1e66428: 8bc0 e9f7 | b7ff ff49 | 8b87 b801 | 0000 4c8b | d049 83c2 | 1866 6690 | 4d3b 97c8 | 0100 000f 
  0x0000029bc1e66448: 839c 2900 | 004d 8997 | b801 0000 | 410f 0d8a | c000 0000 | 48c7 0001 

  0x0000029bc1e66460: ;   {metadata('java/lang/String')}
  0x0000029bc1e66460: 0000 00c7 | 4008 78e8 | 0000 4489 | 600c 48c7 | 4010 0100 | 0000 8968 | 14e9 a2c6 | ffff 49ba 
  0x0000029bc1e66480: 0000 0000 | 0100 0000 | 4d0b da45 | 8bd3 e937 

  0x0000029bc1e66490: ;   {metadata('java/lang/ClassNotFoundException')}
  0x0000029bc1e66490: b5ff ff48 | ba88 9306 | cd9b 0200 | 0048 8b6c | 2460 6690 

  0x0000029bc1e664a4: ;   {runtime_call _new_instance_Java}
  0x0000029bc1e664a4: c5f8 77e8 

  0x0000029bc1e664a8: ; ImmutableOopMap {rbp=Oop [96]=Oop }
                      ;*new {reexecute=0 rethrow=0 return_oop=1}
                      ; - java.net.URLClassLoader::findClass@36
  0x0000029bc1e664a8: d4ca 81fe 

  0x0000029bc1e664ac: ;   {other}
  0x0000029bc1e664ac: 0f1f 8400 | 1c5a 004d | e981 dbff | ff48 897c | 2450 4889 | 5c24 4048 | 894c 2438 | 4c8b 5424 
  0x0000029bc1e664cc: 284c 8954 | 2430 4c8b | 5424 484c | 8954 2428 | 4c8b 5424 | 684c 8954 

  0x0000029bc1e664e4: ;   {metadata('java/lang/String')}
  0x0000029bc1e664e4: 2420 48ba | 78e8 00cd | 9b02 0000 | 4c8b 5424 | 604c 8954 

  0x0000029bc1e664f8: ;   {oop([B{0x000000008034c7e8})}
  0x0000029bc1e664f8: 2458 48bd | e8c7 3480 | 0000 0000 

  0x0000029bc1e66504: ;   {oop([B{0x0000000080878d80})}
  0x0000029bc1e66504: 49ba 808d | 8780 0000 | 0000 4c89 

  0x0000029bc1e66510: ;   {oop([B{0x0000000080878d48})}
  0x0000029bc1e66510: 5424 6849 | ba48 8d87 | 8000 0000 | 004c 8954 | 2470 6690 

  0x0000029bc1e66524: ;   {runtime_call _new_instance_Java}
  0x0000029bc1e66524: c5f8 77e8 

  0x0000029bc1e66528: ; ImmutableOopMap {rbp=Oop [80]=Derived_oop_rbp [32]=Oop [40]=Oop [48]=Oop [88]=Oop [96]=Oop [104]=Oop [56]=Derived_oop_[104] [112]=Oop [64]=Derived_oop_[112] }
                      ;*new {reexecute=0 rethrow=0 return_oop=1}
                      ; - java.lang.StringConcatHelper::simpleConcat@17
                      ; - java.lang.String::concat@11
                      ; - java.net.URLClassLoader$1::run@13
                      ; - java.net.URLClassLoader$1::run@1
                      ; - java.security.AccessController::executePrivileged@29
                      ; - java.security.AccessController::doPrivileged@13
                      ; - java.net.URLClassLoader::findClass@13
  0x0000029bc1e66528: 54ca 81fe 

  0x0000029bc1e6652c: ;   {other}
  0x0000029bc1e6652c: 0f1f 8400 | 9c5a 004e | 4c8b 5424 | 204c 8954 | 2468 4c8b | 5424 284c | 8954 2448 | 4c8b 5424 
  0x0000029bc1e6654c: 304c 8954 | 2428 488b | 4c24 3848 | 8b5c 2440 | 488b 7c24 | 50e9 2cda | ffff 4d8b | da49 ba00 
  0x0000029bc1e6656c: 0000 0001 | 0000 004d | 0bda 4c89 | 9c24 b800 | 0000 458b | db44 899c | 24b0 0000 | 00e9 1cc3 
  0x0000029bc1e6658c: ffff 897c | 2478 4489 | 8c24 8000 | 0000 4c89 | 9c24 9000 | 0000 4489 | 9424 8400 | 0000 8944 
  0x0000029bc1e665ac: 2430 4c89 | 6c24 3889 | 8c24 8800 | 0000 418b | e889 9c24 | 8c00 0000 | 4889 5424 | 2048 8974 
  0x0000029bc1e665cc: ;   {metadata({type array byte})}
  0x0000029bc1e665cc: 2440 48ba | 1823 00cd | 9b02 0000 | 448b c54c | 8b54 2460 | 498b ea90 

  0x0000029bc1e665e4: ;   {runtime_call _new_array_nozero_Java}
  0x0000029bc1e665e4: c5f8 77e8 

  0x0000029bc1e665e8: ; ImmutableOopMap {rbp=Oop [40]=Oop [56]=Oop [72]=Oop [88]=Oop [96]=Oop [104]=Oop [112]=Oop [120]=NarrowOop [124]=NarrowOop [144]=Oop [32]=Derived_oop_[144] }
                      ;*invokevirtual clone {reexecute=1 rethrow=0 return_oop=1}
                      ; - (reexecute) java.util.Arrays::copyOf@7
                      ; - jdk.internal.loader.Resource::getBytes@94
                      ; - jdk.internal.loader.URLClassPath$JarLoader$2::getBytes@1
                      ; - java.net.URLClassLoader::defineClass@179
                      ; - java.net.URLClassLoader$1::run@43
                      ; - java.net.URLClassLoader$1::run@1
                      ; - java.security.AccessController::executePrivileged@29
                      ; - java.security.AccessController::doPrivileged@13
                      ; - java.net.URLClassLoader::findClass@13
  0x0000029bc1e665e8: 14c3 81fe 

  0x0000029bc1e665ec: ;   {other}
  0x0000029bc1e665ec: 0f1f 8400 | 5c5b 004f | 4c8b c0e9 | 2edb ffff 

  0x0000029bc1e665fc: ;   {metadata('java/lang/String')}
  0x0000029bc1e665fc: 48ba 78e8 | 00cd 9b02 | 0000 488b | 6c24 6090 

  0x0000029bc1e6660c: ;   {runtime_call _new_instance_Java}
  0x0000029bc1e6660c: c5f8 77e8 

  0x0000029bc1e66610: ; ImmutableOopMap {rbp=Oop [40]=Oop [72]=Oop [88]=Oop [96]=Oop [104]=Oop [112]=Oop [120]=NarrowOop [124]=NarrowOop [128]=Oop [136]=Oop [144]=Oop [160]=Oop }
                      ;*new {reexecute=0 rethrow=0 return_oop=1}
                      ; - java.lang.StringConcatHelper::simpleConcat@17
                      ; - java.lang.String::concat@11
                      ; - java.net.URLClassLoader::isSealed@15
                      ; - java.net.URLClassLoader::getAndVerifyPackage@68
                      ; - java.net.URLClassLoader::defineClass@46
                      ; - java.net.URLClassLoader$1::run@43
                      ; - java.net.URLClassLoader$1::run@1
                      ; - java.security.AccessController::executePrivileged@29
                      ; - java.security.AccessController::doPrivileged@13
                      ; - java.net.URLClassLoader::findClass@13
  0x0000029bc1e66610: 6cc9 81fe 

  0x0000029bc1e66614: ;   {other}
  0x0000029bc1e66614: 0f1f 8400 | 845b 0050 | 0f1f 4000 | e98d dbff | ff48 8b54 | 2430 4c8b | 4424 3848 | 8b6c 2440 
  0x0000029bc1e66634: ;   {optimized virtual_call}
  0x0000029bc1e66634: c5f8 77e8 

  0x0000029bc1e66638: ; ImmutableOopMap {rbp=Oop [40]=Oop [48]=Oop [72]=Oop [88]=Oop [96]=Oop [104]=Oop [112]=Oop [124]=NarrowOop }
                      ;*invokespecial getInputStream {reexecute=0 rethrow=0 return_oop=1}
                      ; - java.util.jar.JarFile::getInputStream@50
                      ; - jdk.internal.loader.URLClassPath$JarLoader$2::getInputStream@11
                      ; - jdk.internal.loader.Resource::cachedInputStream@9
                      ; - jdk.internal.loader.Resource::getByteBuffer@1
                      ; - java.net.URLClassLoader::defineClass@132
                      ; - java.net.URLClassLoader$1::run@43
                      ; - java.net.URLClassLoader$1::run@1
                      ; - java.security.AccessController::executePrivileged@29
                      ; - java.security.AccessController::doPrivileged@13
                      ; - java.net.URLClassLoader::findClass@13
  0x0000029bc1e66638: 4481 76fe 

  0x0000029bc1e6663c: ;   {other}
  0x0000029bc1e6663c: 0f1f 8400 | ac5b 0051 | 488b d84c | 8b5c 2430 | 488d 8424 | 2801 0000 | 4883 3800 | 0f84 7900 
  0x0000029bc1e6665c: 0000 4d8b | 1341 f6c2 | 020f 8462 | 0000 0049 | 83ba 8600 | 0000 0074 | 0949 ff8a | 8600 0000 
  0x0000029bc1e6667c: eb4b 498b | 8296 0000 | 0049 0b82 | 8e00 0000 | 750a 49c7 | 423e 0000 | 0000 eb3d | 4983 ba9e 
  0x0000029bc1e6669c: 0000 0000 | 7422 4833 | c049 c742 | 3e00 0000 | 00f0 8304 | 2400 4983 | ba9e 0000 | 0000 750d 
  0x0000029bc1e666bc: f04d 0fb1 | 7a3e 7505 | 83c8 01eb | 0ca8 00eb | 084c 8b10 | f04d 0fb1 | 1375 0a49 | ff8f 5005 
  0x0000029bc1e666dc: 0000 4533 | d20f 842c | caff ff49 | 8bcb 488d | 9424 2801 | 0000 4d8b | c7c5 f877 | 49ba b0cf 
  0x0000029bc1e666fc: 05de fa7f | 0000 41ff 

  0x0000029bc1e66704: ;   {other}
  0x0000029bc1e66704: d20f 1f84 | 0000 0000 | 00e9 01ca | ffff 488b | 5424 304c | 8b44 2438 | 488b 6c24 | 4066 6690 
  0x0000029bc1e66724: ;   {optimized virtual_call}
  0x0000029bc1e66724: c5f8 77e8 

  0x0000029bc1e66728: ; ImmutableOopMap {rbp=Oop [40]=Oop [48]=Oop [72]=Oop [88]=Oop [96]=Oop [104]=Oop [112]=Oop [124]=NarrowOop }
                      ;*invokespecial getInputStream {reexecute=0 rethrow=0 return_oop=1}
                      ; - java.util.jar.JarFile::getInputStream@50
                      ; - jdk.internal.loader.URLClassPath$JarLoader$2::getInputStream@11
                      ; - jdk.internal.loader.Resource::cachedInputStream@9
                      ; - jdk.internal.loader.Resource::getBytes@1
                      ; - jdk.internal.loader.URLClassPath$JarLoader$2::getBytes@1
                      ; - java.net.URLClassLoader::defineClass@179
                      ; - java.net.URLClassLoader$1::run@43
                      ; - java.net.URLClassLoader$1::run@1
                      ; - java.security.AccessController::executePrivileged@29
                      ; - java.security.AccessController::doPrivileged@13
                      ; - java.net.URLClassLoader::findClass@13
  0x0000029bc1e66728: 5480 76fe 

  0x0000029bc1e6672c: ;   {other}
  0x0000029bc1e6672c: 0f1f 8400 | 9c5c 0052 | 488b d84c | 8b5c 2430 | 488d 8424 | 2801 0000 | 4883 3800 | 0f84 7900 
  0x0000029bc1e6674c: 0000 4d8b | 1341 f6c2 | 020f 8462 | 0000 0049 | 83ba 8600 | 0000 0074 | 0949 ff8a | 8600 0000 
  0x0000029bc1e6676c: eb4b 498b | 8296 0000 | 0049 0b82 | 8e00 0000 | 750a 49c7 | 423e 0000 | 0000 eb3d | 4983 ba9e 
  0x0000029bc1e6678c: 0000 0000 | 7422 4833 | c049 c742 | 3e00 0000 | 00f0 8304 | 2400 4983 | ba9e 0000 | 0000 750d 
  0x0000029bc1e667ac: f04d 0fb1 | 7a3e 7505 | 83c8 01eb | 0ca8 00eb | 084c 8b10 | f04d 0fb1 | 1375 0a49 | ff8f 5005 
  0x0000029bc1e667cc: 0000 4533 | d20f 8494 | ccff ff49 | 8bcb 488d | 9424 2801 | 0000 4d8b | c7c5 f877 | 49ba b0cf 
  0x0000029bc1e667ec: 05de fa7f | 0000 41ff 

  0x0000029bc1e667f4: ;   {other}
  0x0000029bc1e667f4: d20f 1f84 | 0000 0000 | 0066 6690 | e966 ccff | ff48 8beb | 4889 bc24 | 8800 0000 | 4c89 8c24 
  0x0000029bc1e66814: 8000 0000 

  0x0000029bc1e66818: ;   {metadata('java/security/CodeSigner'[])}
  0x0000029bc1e66818: 48ba 98c1 | 07ce 9b02 | 0000 458b | c24c 8b54 | 2438 4c89 | 5424 2090 

  0x0000029bc1e66830: ;   {runtime_call _new_array_Java}
  0x0000029bc1e66830: c5f8 77e8 

  0x0000029bc1e66834: ; ImmutableOopMap {[32]=Oop [40]=Oop [88]=Oop [96]=Oop [104]=Oop [112]=Oop [128]=Oop [136]=Oop }
                      ;*invokevirtual clone {reexecute=1 rethrow=0 return_oop=1}
                      ; - (reexecute) java.security.CodeSource::<init>@42
                      ; - java.net.URLClassLoader::defineClass@198
                      ; - java.net.URLClassLoader$1::run@43
                      ; - java.net.URLClassLoader$1::run@1
                      ; - java.security.AccessController::executePrivileged@29
                      ; - java.security.AccessController::doPrivileged@13
                      ; - java.net.URLClassLoader::findClass@13
  0x0000029bc1e66834: 48c4 81fe 

  0x0000029bc1e66838: ;   {other}
  0x0000029bc1e66838: 0f1f 8400 | a85d 0053 | 4c8b 8c24 | 8000 0000 | 488b bc24 | 8800 0000 | 488b dde9 | 37de ffff 
  0x0000029bc1e66858: 4889 8424 | 8000 0000 

  0x0000029bc1e66860: ;   {metadata('java/util/jar/JarVerifier$VerifierStream')}
  0x0000029bc1e66860: 48ba 88d8 | 07ce 9b02 | 0000 6690 

  0x0000029bc1e6686c: ;   {runtime_call _new_instance_Java}
  0x0000029bc1e6686c: c5f8 77e8 

  0x0000029bc1e66870: ; ImmutableOopMap {rbp=NarrowOop [32]=Oop [40]=Oop [48]=Oop [56]=Oop [72]=Oop [88]=Oop [96]=Oop [104]=Oop [112]=Oop [124]=NarrowOop [128]=Oop [200]=NarrowOop }
                      ;*new {reexecute=0 rethrow=0 return_oop=1}
                      ; - java.util.jar.JarFile::getInputStream@66
                      ; - jdk.internal.loader.URLClassPath$JarLoader$2::getInputStream@11
                      ; - jdk.internal.loader.Resource::cachedInputStream@9
                      ; - jdk.internal.loader.Resource::getByteBuffer@1
                      ; - java.net.URLClassLoader::defineClass@132
                      ; - java.net.URLClassLoader$1::run@43
                      ; - java.net.URLClassLoader$1::run@1
                      ; - java.security.AccessController::executePrivileged@29
                      ; - java.security.AccessController::doPrivileged@13
                      ; - java.net.URLClassLoader::findClass@13
  0x0000029bc1e66870: 0cc7 81fe 

  0x0000029bc1e66874: ;   {other}
  0x0000029bc1e66874: 0f1f 8400 | e45d 0054 | 4c8b c090 | e9fa deff | ff48 8984 | 2480 0000 

  0x0000029bc1e6688c: ;   {metadata('java/util/jar/JarVerifier$VerifierStream')}
  0x0000029bc1e6688c: 0048 ba88 | d807 ce9b | 0200 0090 

  0x0000029bc1e66898: ;   {runtime_call _new_instance_Java}
  0x0000029bc1e66898: c5f8 77e8 

  0x0000029bc1e6689c: ; ImmutableOopMap {rbp=NarrowOop [32]=Oop [40]=Oop [48]=Oop [56]=Oop [72]=Oop [88]=Oop [96]=Oop [104]=Oop [112]=Oop [124]=NarrowOop [128]=Oop [216]=NarrowOop }
                      ;*new {reexecute=0 rethrow=0 return_oop=1}
                      ; - java.util.jar.JarFile::getInputStream@66
                      ; - jdk.internal.loader.URLClassPath$JarLoader$2::getInputStream@11
                      ; - jdk.internal.loader.Resource::cachedInputStream@9
                      ; - jdk.internal.loader.Resource::getBytes@1
                      ; - jdk.internal.loader.URLClassPath$JarLoader$2::getBytes@1
                      ; - java.net.URLClassLoader::defineClass@179
                      ; - java.net.URLClassLoader$1::run@43
                      ; - java.net.URLClassLoader$1::run@1
                      ; - java.security.AccessController::executePrivileged@29
                      ; - java.security.AccessController::doPrivileged@13
                      ; - java.net.URLClassLoader::findClass@13
  0x0000029bc1e6689c: e0c6 81fe 

  0x0000029bc1e668a0: ;   {other}
  0x0000029bc1e668a0: 0f1f 8400 | 105e 0055 | 4c8b c0e9 | bae2 ffff | 4889 4c24 

  0x0000029bc1e668b4: ;   {metadata('sun/security/util/ManifestEntryVerifier')}
  0x0000029bc1e668b4: 3848 bac8 | ce04 ce9b | 0200 004c | 8b54 2460 | 4c89 5424 | 4066 6690 

  0x0000029bc1e668cc: ;   {runtime_call _new_instance_Java}
  0x0000029bc1e668cc: c5f8 77e8 

  0x0000029bc1e668d0: ; ImmutableOopMap {rbp=NarrowOop [40]=Oop [48]=Oop [56]=Oop [64]=Oop [72]=Oop [88]=Oop [96]=Oop [104]=Oop [112]=Oop [124]=NarrowOop [128]=Oop [144]=Oop [200]=NarrowOop }
                      ;*new {reexecute=0 rethrow=0 return_oop=1}
                      ; - java.util.jar.JarVerifier$VerifierStream::<init>@22
                      ; - java.util.jar.JarFile::getInputStream@84
                      ; - jdk.internal.loader.URLClassPath$JarLoader$2::getInputStream@11
                      ; - jdk.internal.loader.Resource::cachedInputStream@9
                      ; - jdk.internal.loader.Resource::getByteBuffer@1
                      ; - java.net.URLClassLoader::defineClass@132
                      ; - java.net.URLClassLoader$1::run@43
                      ; - java.net.URLClassLoader$1::run@1
                      ; - java.security.AccessController::executePrivileged@29
                      ; - java.security.AccessController::doPrivileged@13
                      ; - java.net.URLClassLoader::findClass@13
  0x0000029bc1e668d0: acc6 81fe 

  0x0000029bc1e668d4: ;   {other}
  0x0000029bc1e668d4: 0f1f 8400 | 445e 0056 | 448b 9c24 | c800 0000 | 488b 4c24 | 384c 8bc0 | e95c dfff | ff4c 8944 
  0x0000029bc1e668f4: 2440 4889 | 4c24 3844 | 895c 2420 

  0x0000029bc1e66900: ;   {metadata('java/util/HashMap')}
  0x0000029bc1e66900: 48ba 68a9 | 08cd 9b02 | 0000 6690 

  0x0000029bc1e6690c: ;   {runtime_call _new_instance_Java}
  0x0000029bc1e6690c: c5f8 77e8 

  0x0000029bc1e66910: ; ImmutableOopMap {rbp=NarrowOop [32]=NarrowOop [40]=Oop [48]=Oop [56]=Oop [64]=Oop [72]=Oop [88]=Oop [96]=Oop [104]=Oop [112]=Oop [124]=NarrowOop [128]=Oop [144]=Oop }
                      ;*new {reexecute=0 rethrow=0 return_oop=1}
                      ; - sun.security.util.ManifestEntryVerifier::<init>@20
                      ; - java.util.jar.JarVerifier$VerifierStream::<init>@32
                      ; - java.util.jar.JarFile::getInputStream@84
                      ; - jdk.internal.loader.URLClassPath$JarLoader$2::getInputStream@11
                      ; - jdk.internal.loader.Resource::cachedInputStream@9
                      ; - jdk.internal.loader.Resource::getByteBuffer@1
                      ; - java.net.URLClassLoader::defineClass@132
                      ; - java.net.URLClassLoader$1::run@43
                      ; - java.net.URLClassLoader$1::run@1
                      ; - java.security.AccessController::executePrivileged@29
                      ; - java.security.AccessController::doPrivileged@13
                      ; - java.net.URLClassLoader::findClass@13
  0x0000029bc1e66910: 6cc6 81fe 

  0x0000029bc1e66914: ;   {other}
  0x0000029bc1e66914: 0f1f 8400 | 845e 0057 | 448b 5c24 | 2048 8b4c | 2438 4c8b | 4424 40e9 | 69df ffff | 4c89 4424 
  0x0000029bc1e66934: 4048 894c | 2438 4489 

  0x0000029bc1e6693c: ;   {metadata('java/util/ArrayList')}
  0x0000029bc1e6693c: 5c24 2048 | bad0 890b | cd9b 0200 | 0066 6690 

  0x0000029bc1e6694c: ;   {runtime_call _new_instance_Java}
  0x0000029bc1e6694c: c5f8 77e8 

  0x0000029bc1e66950: ; ImmutableOopMap {rbp=NarrowOop [32]=NarrowOop [40]=Oop [48]=Oop [56]=Oop [64]=Oop [72]=Oop [88]=Oop [96]=Oop [104]=Oop [112]=Oop [124]=NarrowOop [128]=Oop [144]=Oop }
                      ;*new {reexecute=0 rethrow=0 return_oop=1}
                      ; - sun.security.util.ManifestEntryVerifier::<init>@44
                      ; - java.util.jar.JarVerifier$VerifierStream::<init>@32
                      ; - java.util.jar.JarFile::getInputStream@84
                      ; - jdk.internal.loader.URLClassPath$JarLoader$2::getInputStream@11
                      ; - jdk.internal.loader.Resource::cachedInputStream@9
                      ; - jdk.internal.loader.Resource::getByteBuffer@1
                      ; - java.net.URLClassLoader::defineClass@132
                      ; - java.net.URLClassLoader$1::run@43
                      ; - java.net.URLClassLoader$1::run@1
                      ; - java.security.AccessController::executePrivileged@29
                      ; - java.security.AccessController::doPrivileged@13
                      ; - java.net.URLClassLoader::findClass@13
  0x0000029bc1e66950: 2cc6 81fe 

  0x0000029bc1e66954: ;   {other}
  0x0000029bc1e66954: 0f1f 8400 | c45e 0058 | 448b 5c24 | 2048 8b4c | 2438 4c8b | 4424 40e9 | 05e0 ffff | 4c89 4424 
  0x0000029bc1e66974: 4048 894c | 2438 4489 

  0x0000029bc1e6697c: ;   {metadata('java/util/ArrayList')}
  0x0000029bc1e6697c: 5c24 2048 | bad0 890b | cd9b 0200 | 0066 6690 

  0x0000029bc1e6698c: ;   {runtime_call _new_instance_Java}
  0x0000029bc1e6698c: c5f8 77e8 

  0x0000029bc1e66990: ; ImmutableOopMap {rbp=NarrowOop [32]=NarrowOop [40]=Oop [48]=Oop [56]=Oop [64]=Oop [72]=Oop [88]=Oop [96]=Oop [104]=Oop [112]=Oop [124]=NarrowOop [128]=Oop [144]=Oop }
                      ;*new {reexecute=0 rethrow=0 return_oop=1}
                      ; - sun.security.util.ManifestEntryVerifier::<init>@33
                      ; - java.util.jar.JarVerifier$VerifierStream::<init>@32
                      ; - java.util.jar.JarFile::getInputStream@84
                      ; - jdk.internal.loader.URLClassPath$JarLoader$2::getInputStream@11
                      ; - jdk.internal.loader.Resource::cachedInputStream@9
                      ; - jdk.internal.loader.Resource::getByteBuffer@1
                      ; - java.net.URLClassLoader::defineClass@132
                      ; - java.net.URLClassLoader$1::run@43
                      ; - java.net.URLClassLoader$1::run@1
                      ; - java.security.AccessController::executePrivileged@29
                      ; - java.security.AccessController::doPrivileged@13
                      ; - java.net.URLClassLoader::findClass@13
  0x0000029bc1e66990: ecc5 81fe 

  0x0000029bc1e66994: ;   {other}
  0x0000029bc1e66994: 0f1f 8400 | 045f 0059 | 448b 5c24 | 2048 8b4c | 2438 4c8b | 4424 40e9 | 62df ffff | 4c89 4c24 
  0x0000029bc1e669b4: ;   {metadata('sun/security/util/ManifestEntryVerifier')}
  0x0000029bc1e669b4: 3848 bac8 | ce04 ce9b | 0200 004c | 8b54 2460 | 4c89 5424 | 4066 6690 

  0x0000029bc1e669cc: ;   {runtime_call _new_instance_Java}
  0x0000029bc1e669cc: c5f8 77e8 

  0x0000029bc1e669d0: ; ImmutableOopMap {rbp=NarrowOop [40]=Oop [48]=Oop [56]=Oop [64]=Oop [72]=Oop [88]=Oop [96]=Oop [104]=Oop [112]=Oop [124]=NarrowOop [128]=Oop [144]=Oop [216]=NarrowOop }
                      ;*new {reexecute=0 rethrow=0 return_oop=1}
                      ; - java.util.jar.JarVerifier$VerifierStream::<init>@22
                      ; - java.util.jar.JarFile::getInputStream@84
                      ; - jdk.internal.loader.URLClassPath$JarLoader$2::getInputStream@11
                      ; - jdk.internal.loader.Resource::cachedInputStream@9
                      ; - jdk.internal.loader.Resource::getBytes@1
                      ; - jdk.internal.loader.URLClassPath$JarLoader$2::getBytes@1
                      ; - java.net.URLClassLoader::defineClass@179
                      ; - java.net.URLClassLoader$1::run@43
                      ; - java.net.URLClassLoader$1::run@1
                      ; - java.security.AccessController::executePrivileged@29
                      ; - java.security.AccessController::doPrivileged@13
                      ; - java.net.URLClassLoader::findClass@13
  0x0000029bc1e669d0: acc5 81fe 

  0x0000029bc1e669d4: ;   {other}
  0x0000029bc1e669d4: 0f1f 8400 | 445f 005a | 448b 9c24 | d800 0000 | 4c8b 4c24 | 384c 8bc0 | e94e e2ff | ff4c 8944 
  0x0000029bc1e669f4: 2440 4c89 | 4c24 3844 | 895c 2420 

  0x0000029bc1e66a00: ;   {metadata('java/util/ArrayList')}
  0x0000029bc1e66a00: 48ba d089 | 0bcd 9b02 | 0000 6690 

  0x0000029bc1e66a0c: ;   {runtime_call _new_instance_Java}
  0x0000029bc1e66a0c: c5f8 77e8 

  0x0000029bc1e66a10: ; ImmutableOopMap {rbp=NarrowOop [32]=NarrowOop [40]=Oop [48]=Oop [56]=Oop [64]=Oop [72]=Oop [88]=Oop [96]=Oop [104]=Oop [112]=Oop [124]=NarrowOop [128]=Oop [144]=Oop }
                      ;*new {reexecute=0 rethrow=0 return_oop=1}
                      ; - sun.security.util.ManifestEntryVerifier::<init>@44
                      ; - java.util.jar.JarVerifier$VerifierStream::<init>@32
                      ; - java.util.jar.JarFile::getInputStream@84
                      ; - jdk.internal.loader.URLClassPath$JarLoader$2::getInputStream@11
                      ; - jdk.internal.loader.Resource::cachedInputStream@9
                      ; - jdk.internal.loader.Resource::getBytes@1
                      ; - jdk.internal.loader.URLClassPath$JarLoader$2::getBytes@1
                      ; - java.net.URLClassLoader::defineClass@179
                      ; - java.net.URLClassLoader$1::run@43
                      ; - java.net.URLClassLoader$1::run@1
                      ; - java.security.AccessController::executePrivileged@29
                      ; - java.security.AccessController::doPrivileged@13
                      ; - java.net.URLClassLoader::findClass@13
  0x0000029bc1e66a10: 6cc5 81fe 

  0x0000029bc1e66a14: ;   {other}
  0x0000029bc1e66a14: 0f1f 8400 | 845f 005b | 448b 5c24 | 204c 8b4c | 2438 4c8b | 4424 40e9 | 45e3 ffff | 4c89 4424 
  0x0000029bc1e66a34: 404c 894c | 2438 4489 

  0x0000029bc1e66a3c: ;   {metadata('java/util/ArrayList')}
  0x0000029bc1e66a3c: 5c24 2048 | bad0 890b | cd9b 0200 | 0066 6690 

  0x0000029bc1e66a4c: ;   {runtime_call _new_instance_Java}
  0x0000029bc1e66a4c: c5f8 77e8 

  0x0000029bc1e66a50: ; ImmutableOopMap {rbp=NarrowOop [32]=NarrowOop [40]=Oop [48]=Oop [56]=Oop [64]=Oop [72]=Oop [88]=Oop [96]=Oop [104]=Oop [112]=Oop [124]=NarrowOop [128]=Oop [144]=Oop }
                      ;*new {reexecute=0 rethrow=0 return_oop=1}
                      ; - sun.security.util.ManifestEntryVerifier::<init>@33
                      ; - java.util.jar.JarVerifier$VerifierStream::<init>@32
                      ; - java.util.jar.JarFile::getInputStream@84
                      ; - jdk.internal.loader.URLClassPath$JarLoader$2::getInputStream@11
                      ; - jdk.internal.loader.Resource::cachedInputStream@9
                      ; - jdk.internal.loader.Resource::getBytes@1
                      ; - jdk.internal.loader.URLClassPath$JarLoader$2::getBytes@1
                      ; - java.net.URLClassLoader::defineClass@179
                      ; - java.net.URLClassLoader$1::run@43
                      ; - java.net.URLClassLoader$1::run@1
                      ; - java.security.AccessController::executePrivileged@29
                      ; - java.security.AccessController::doPrivileged@13
                      ; - java.net.URLClassLoader::findClass@13
  0x0000029bc1e66a50: 2cc5 81fe 

  0x0000029bc1e66a54: ;   {other}
  0x0000029bc1e66a54: 0f1f 8400 | c45f 005c | 448b 5c24 | 204c 8b4c | 2438 4c8b | 4424 40e9 | a2e2 ffff | 4c89 4424 
  0x0000029bc1e66a74: 404c 894c | 2438 4489 

  0x0000029bc1e66a7c: ;   {metadata('java/util/HashMap')}
  0x0000029bc1e66a7c: 5c24 2048 | ba68 a908 | cd9b 0200 | 0066 6690 

  0x0000029bc1e66a8c: ;   {runtime_call _new_instance_Java}
  0x0000029bc1e66a8c: c5f8 77e8 

  0x0000029bc1e66a90: ; ImmutableOopMap {rbp=NarrowOop [32]=NarrowOop [40]=Oop [48]=Oop [56]=Oop [64]=Oop [72]=Oop [88]=Oop [96]=Oop [104]=Oop [112]=Oop [124]=NarrowOop [128]=Oop [144]=Oop }
                      ;*new {reexecute=0 rethrow=0 return_oop=1}
                      ; - sun.security.util.ManifestEntryVerifier::<init>@20
                      ; - java.util.jar.JarVerifier$VerifierStream::<init>@32
                      ; - java.util.jar.JarFile::getInputStream@84
                      ; - jdk.internal.loader.URLClassPath$JarLoader$2::getInputStream@11
                      ; - jdk.internal.loader.Resource::cachedInputStream@9
                      ; - jdk.internal.loader.Resource::getBytes@1
                      ; - jdk.internal.loader.URLClassPath$JarLoader$2::getBytes@1
                      ; - java.net.URLClassLoader::defineClass@179
                      ; - java.net.URLClassLoader$1::run@43
                      ; - java.net.URLClassLoader$1::run@1
                      ; - java.security.AccessController::executePrivileged@29
                      ; - java.security.AccessController::doPrivileged@13
                      ; - java.net.URLClassLoader::findClass@13
  0x0000029bc1e66a90: ecc4 81fe 

  0x0000029bc1e66a94: ;   {other}
  0x0000029bc1e66a94: 0f1f 8400 | 0460 005d | 448b 5c24 | 204c 8b4c | 2438 4c8b | 4424 40e9 | e6e1 ffff | baf6 ffff 
  0x0000029bc1e66ab4: ff48 8b6c | 2460 4c8b | 5424 284c | 8954 2420 | 4c89 4424 | 3866 6690 

  0x0000029bc1e66acc: ;   {runtime_call UncommonTrapBlob}
  0x0000029bc1e66acc: c5f8 77e8 

  0x0000029bc1e66ad0: ; ImmutableOopMap {rbp=Oop [32]=Oop [56]=Oop [104]=Oop }
                      ;*invokevirtual getResource {reexecute=0 rethrow=0 return_oop=0}
                      ; - java.net.URLClassLoader$1::run@26
                      ; - java.net.URLClassLoader$1::run@1
                      ; - java.security.AccessController::executePrivileged@29
                      ; - java.security.AccessController::doPrivileged@13
                      ; - java.net.URLClassLoader::findClass@13
  0x0000029bc1e66ad0: 2ccf 76fe 

  0x0000029bc1e66ad4: ;   {other}
  0x0000029bc1e66ad4: 0f1f 8400 | 4460 005e | ba76 ffff | ff49 8bea | 4c8b 5424 | 284c 8954 | 2420 4489 | 5c24 3044 
  0x0000029bc1e66af4: 8944 2448 

  0x0000029bc1e66af8: ;   {runtime_call UncommonTrapBlob}
  0x0000029bc1e66af8: c5f8 77e8 

  0x0000029bc1e66afc: ; ImmutableOopMap {rbp=Oop [32]=Oop [48]=NarrowOop [104]=Oop }
                      ;*if_icmpge {reexecute=1 rethrow=0 return_oop=0}
                      ; - (reexecute) java.lang.StringLatin1::replace@19
                      ; - java.lang.String::replace@18
                      ; - java.net.URLClassLoader$1::run@8
                      ; - java.net.URLClassLoader$1::run@1
                      ; - java.security.AccessController::executePrivileged@29
                      ; - java.security.AccessController::doPrivileged@13
                      ; - java.net.URLClassLoader::findClass@13
  0x0000029bc1e66afc: 00cf 76fe 

  0x0000029bc1e66b00: ;   {other}
  0x0000029bc1e66b00: 0f1f 8400 | 7060 005f | baf6 ffff | ff48 8b6c | 2460 4c8b | 5424 284c | 8954 2420 | 4c8b 5424 
  0x0000029bc1e66b20: 584c 8954 | 2428 4c8b | 5424 504c | 8954 2440 | 4c8b 5424 | 684c 8954 | 2450 6690 

  0x0000029bc1e66b3c: ;   {runtime_call UncommonTrapBlob}
  0x0000029bc1e66b3c: c5f8 77e8 

  0x0000029bc1e66b40: ; ImmutableOopMap {rbp=Oop [32]=Oop [40]=Oop [80]=Oop [124]=NarrowOop [128]=Oop [136]=Oop }
                      ;*invokevirtual ensureInitialization {reexecute=0 rethrow=0 return_oop=0}
                      ; - java.util.jar.JavaUtilJarAccessImpl::ensureInitialization@1
                      ; - jdk.internal.loader.URLClassPath$JarLoader$2::getManifest@10
                      ; - java.net.URLClassLoader::defineClass@34
                      ; - java.net.URLClassLoader$1::run@43
                      ; - java.net.URLClassLoader$1::run@1
                      ; - java.security.AccessController::executePrivileged@29
                      ; - java.security.AccessController::doPrivileged@13
                      ; - java.net.URLClassLoader::findClass@13
  0x0000029bc1e66b40: bcce 76fe 

  0x0000029bc1e66b44: ;   {other}
  0x0000029bc1e66b44: 0f1f 8400 | b460 0060 | bade ffff | ff48 8b6c | 2460 4c8b | 5424 284c | 8954 2420 | 4c8b 5424 
  0x0000029bc1e66b64: 584c 8954 | 2428 4c8b | 5424 504c | 8954 2448 

  0x0000029bc1e66b74: ;   {runtime_call UncommonTrapBlob}
  0x0000029bc1e66b74: c5f8 77e8 

  0x0000029bc1e66b78: ; ImmutableOopMap {rbp=Oop [32]=Oop [40]=Oop [104]=Oop }
                      ;*invokevirtual getCodeSourceURL {reexecute=0 rethrow=0 return_oop=0}
                      ; - java.net.URLClassLoader::defineClass@13
                      ; - java.net.URLClassLoader$1::run@43
                      ; - java.net.URLClassLoader$1::run@1
                      ; - java.security.AccessController::executePrivileged@29
                      ; - java.security.AccessController::doPrivileged@13
                      ; - java.net.URLClassLoader::findClass@13
  0x0000029bc1e66b78: 84ce 76fe 

  0x0000029bc1e66b7c: ;   {other}
  0x0000029bc1e66b7c: 0f1f 8400 | ec60 0061 | bade ffff | ff48 8b6c | 2460 4c8b | 5c24 284c | 895c 2420 | 4c8b 5c24 
  0x0000029bc1e66b9c: 584c 895c | 2428 4c8b | 5c24 504c | 895c 2440 | 4c8b 5c24 | 684c 895c | 2450 4c8b | 9c24 8000 
  0x0000029bc1e66bbc: 0000 4c89 | 5c24 5844 | 8954 2464 

  0x0000029bc1e66bc8: ;   {runtime_call UncommonTrapBlob}
  0x0000029bc1e66bc8: c5f8 77e8 

  0x0000029bc1e66bcc: ; ImmutableOopMap {rbp=Oop [32]=Oop [40]=Oop [80]=Oop [88]=Oop [100]=NarrowOop [124]=NarrowOop [136]=Oop [200]=NarrowOop }
                      ;*invokeinterface ensureInitialization {reexecute=0 rethrow=0 return_oop=0}
                      ; - jdk.internal.loader.URLClassPath$JarLoader$2::getManifest@10
                      ; - java.net.URLClassLoader::defineClass@34
                      ; - java.net.URLClassLoader$1::run@43
                      ; - java.net.URLClassLoader$1::run@1
                      ; - java.security.AccessController::executePrivileged@29
                      ; - java.security.AccessController::doPrivileged@13
                      ; - java.net.URLClassLoader::findClass@13
  0x0000029bc1e66bcc: 30ce 76fe 

  0x0000029bc1e66bd0: ;   {other}
  0x0000029bc1e66bd0: 0f1f 8400 | 4061 0062 | 498b d34c | 8d84 2420 

  0x0000029bc1e66be0: ;   {oop([B{0x000000008034c7e8})}
  0x0000029bc1e66be0: 0100 0048 | bde8 c734 | 8000 0000 

  0x0000029bc1e66bec: ;   {oop([B{0x0000000080878d80})}
  0x0000029bc1e66bec: 0049 ba80 | 8d87 8000 | 0000 004c | 8994 24b0 

  0x0000029bc1e66bfc: ;   {oop([B{0x0000000080878d48})}
  0x0000029bc1e66bfc: 0000 0049 | ba48 8d87 | 8000 0000 | 004c 8994 | 24b8 0000 | 0066 6690 

  0x0000029bc1e66c14: ;   {runtime_call _complete_monitor_locking_Java}
  0x0000029bc1e66c14: c5f8 77e8 

  0x0000029bc1e66c18: ; ImmutableOopMap {rbp=Oop [64]=Derived_oop_rbp [32]=Oop [40]=Oop [72]=Oop [88]=Oop [96]=Oop [104]=Oop [124]=NarrowOop [128]=Oop [136]=Oop [176]=Oop [48]=Derived_oop_[176] [184]=Oop [56]=Derived_oop_[184] [200]=NarrowOop }
                      ;*synchronization entry
                      ; - java.util.jar.JarFile::ensureInitialization@-1
                      ; - java.util.jar.JavaUtilJarAccessImpl::ensureInitialization@1
                      ; - jdk.internal.loader.URLClassPath$JarLoader$2::getManifest@10
                      ; - java.net.URLClassLoader::defineClass@34
                      ; - java.net.URLClassLoader$1::run@43
                      ; - java.net.URLClassLoader$1::run@1
                      ; - java.security.AccessController::executePrivileged@29
                      ; - java.security.AccessController::doPrivileged@13
                      ; - java.net.URLClassLoader::findClass@13
  0x0000029bc1e66c18: 641a 82fe 

  0x0000029bc1e66c1c: ;   {other}
  0x0000029bc1e66c1c: 0f1f 8400 | 8c61 0063 | e944 b5ff | ff49 8bcb | 488d 9424 | 2001 0000 | 4d8b c7c5 | f877 49ba 
  0x0000029bc1e66c3c: b0cf 05de | fa7f 0000 

  0x0000029bc1e66c44: ;   {other}
  0x0000029bc1e66c44: 41ff d20f | 1f84 0000 | 0000 00e9 | 16b6 ffff | bade ffff | ff4c 8b54 | 2460 4c89 | 5424 204c 
  0x0000029bc1e66c64: 8b54 2458 | 4c89 5424 | 304c 8b54 | 2450 4c89 | 5424 484c | 8b54 2468 | 4c89 5424 | 5866 6690 
  0x0000029bc1e66c84: ;   {runtime_call UncommonTrapBlob}
  0x0000029bc1e66c84: c5f8 77e8 

  0x0000029bc1e66c88: ; ImmutableOopMap {rbp=NarrowOop [32]=Oop [40]=Oop [48]=Oop [88]=Oop [124]=NarrowOop [128]=Oop [136]=Oop }
                      ;*invokevirtual getManifest {reexecute=0 rethrow=0 return_oop=0}
                      ; - jdk.internal.loader.URLClassPath$JarLoader$2::getManifest@22
                      ; - java.net.URLClassLoader::defineClass@34
                      ; - java.net.URLClassLoader$1::run@43
                      ; - java.net.URLClassLoader$1::run@1
                      ; - java.security.AccessController::executePrivileged@29
                      ; - java.security.AccessController::doPrivileged@13
                      ; - java.net.URLClassLoader::findClass@13
  0x0000029bc1e66c88: 74cd 76fe 

  0x0000029bc1e66c8c: ;   {other}
  0x0000029bc1e66c8c: 0f1f 8400 | fc61 0064 | 4489 5c24 | 544d 63c3 | 0f1f 4000 | e999 adff | ffba ccff | ffff 488b 
  0x0000029bc1e66cac: 6c24 604c | 8b44 2428 | 4c89 4424 | 204c 8b44 | 2440 4c89 | 4424 384c | 8954 2448 | 4c89 5c24 
  0x0000029bc1e66ccc: 5866 6690 

  0x0000029bc1e66cd0: ;   {runtime_call UncommonTrapBlob}
  0x0000029bc1e66cd0: c5f8 77e8 

  0x0000029bc1e66cd4: ; ImmutableOopMap {rbp=Oop [32]=Oop [56]=Oop [88]=Oop [104]=Oop }
                      ;*invokestatic arraycopy {reexecute=0 rethrow=0 return_oop=0}
                      ; - java.lang.String::getBytes@22
                      ; - java.lang.StringConcatHelper::prepend@21
                      ; - java.lang.StringConcatHelper::simpleConcat@71
                      ; - java.lang.String::concat@11
                      ; - java.net.URLClassLoader$1::run@13
                      ; - java.net.URLClassLoader$1::run@1
                      ; - java.security.AccessController::executePrivileged@29
                      ; - java.security.AccessController::doPrivileged@13
                      ; - java.net.URLClassLoader::findClass@13
  0x0000029bc1e66cd4: 28cd 76fe 

  0x0000029bc1e66cd8: ;   {other}
  0x0000029bc1e66cd8: 0f1f 8400 | 4862 0065 | bacc ffff | ff48 8b6c | 2460 4c8b | 5c24 284c | 895c 2420 | 4889 7c24 
  0x0000029bc1e66cf8: 4844 8944 | 2450 4489 | 5424 5444 | 894c 2458 

  0x0000029bc1e66d08: ;   {runtime_call UncommonTrapBlob}
  0x0000029bc1e66d08: c5f8 77e8 

  0x0000029bc1e66d0c: ; ImmutableOopMap {rbp=Oop [32]=Oop [64]=Oop [80]=NarrowOop [104]=Oop }
                      ;*invokestatic arraycopy {reexecute=0 rethrow=0 return_oop=0}
                      ; - java.lang.String::getBytes@22
                      ; - java.lang.StringConcatHelper::prepend@21
                      ; - java.lang.StringConcatHelper::simpleConcat@81
                      ; - java.lang.String::concat@11
                      ; - java.net.URLClassLoader$1::run@13
                      ; - java.net.URLClassLoader$1::run@1
                      ; - java.security.AccessController::executePrivileged@29
                      ; - java.security.AccessController::doPrivileged@13
                      ; - java.net.URLClassLoader::findClass@13
  0x0000029bc1e66d0c: f0cc 76fe 

  0x0000029bc1e66d10: ;   {other}
  0x0000029bc1e66d10: 0f1f 8400 | 8062 0066 | 41b9 0100 | 0000 6690 | e960 a9ff | ffba 76ff | ffff 4c8b | 5424 604c 
  0x0000029bc1e66d30: 8954 2430 | 4489 5c24 | 3844 894c | 2440 4c89 | 5424 4844 | 8944 2458 

  0x0000029bc1e66d48: ;   {runtime_call UncommonTrapBlob}
  0x0000029bc1e66d48: c5f8 77e8 

  0x0000029bc1e66d4c: ; ImmutableOopMap {rbp=Oop [40]=Oop [48]=Oop [56]=NarrowOop [72]=Oop [104]=Oop }
                      ;*if_icmpge {reexecute=1 rethrow=0 return_oop=0}
                      ; - (reexecute) java.lang.StringLatin1::replace@82
                      ; - java.lang.String::replace@18
                      ; - java.net.URLClassLoader$1::run@8
                      ; - java.net.URLClassLoader$1::run@1
                      ; - java.security.AccessController::executePrivileged@29
                      ; - java.security.AccessController::doPrivileged@13
                      ; - java.net.URLClassLoader::findClass@13
  0x0000029bc1e66d4c: b0cc 76fe 

  0x0000029bc1e66d50: ;   {other}
  0x0000029bc1e66d50: 0f1f 8400 | c062 0067 | ba76 ffff | ff48 8b6c | 2460 4c8b | 5424 284c | 8954 2420 | 4c8b 5424 
  0x0000029bc1e66d70: 584c 8954 | 2428 4c8b | 5424 504c | 8954 2440 | 4489 4c24 | 484c 8b54 | 2468 4c89 | 5424 584c 
  0x0000029bc1e66d90: 8b94 2480 | 0000 004c | 8954 2460 | 448b 5424 | 7c44 8954 | 244c 6690 

  0x0000029bc1e66da8: ;   {runtime_call UncommonTrapBlob}
  0x0000029bc1e66da8: c5f8 77e8 

  0x0000029bc1e66dac: ; ImmutableOopMap {rbp=Oop [32]=Oop [40]=Oop [72]=NarrowOop [76]=NarrowOop [88]=Oop [96]=Oop [112]=Oop [120]=NarrowOop [136]=Oop [144]=Oop }
                      ;*if_icmpge {reexecute=1 rethrow=0 return_oop=0}
                      ; - (reexecute) java.lang.StringLatin1::replace@19
                      ; - java.lang.String::replace@18
                      ; - java.net.URLClassLoader::isSealed@9
                      ; - java.net.URLClassLoader::getAndVerifyPackage@68
                      ; - java.net.URLClassLoader::defineClass@46
                      ; - java.net.URLClassLoader$1::run@43
                      ; - java.net.URLClassLoader$1::run@1
                      ; - java.security.AccessController::executePrivileged@29
                      ; - java.security.AccessController::doPrivileged@13
                      ; - java.net.URLClassLoader::findClass@13
  0x0000029bc1e66dac: 50cc 76fe 

  0x0000029bc1e66db0: ;   {other}
  0x0000029bc1e66db0: 0f1f 8400 | 2063 0068 | bade ffff | ff48 8b6c | 2460 4c8b | 5424 284c | 8954 2420 | 4c8b 5424 
  0x0000029bc1e66dd0: 584c 8954 | 2428 4c8b | 5424 504c | 8954 2440 | 4c8b 5424 | 684c 8954 | 2450 4c8b | 9424 8000 
  0x0000029bc1e66df0: 0000 4c89 | 5424 5844 | 8b54 247c | 4489 5424 | 604c 8b94 | 2488 0000 | 004c 8994 | 2480 0000 
  0x0000029bc1e66e10: 004c 8b94 | 2490 0000 | 004c 8994 | 2488 0000 | 0044 8b5c | 2478 4489 | 5c24 6448 | 8984 2498 
  0x0000029bc1e66e30: 0000 0090 

  0x0000029bc1e66e34: ;   {runtime_call UncommonTrapBlob}
  0x0000029bc1e66e34: c5f8 77e8 

  0x0000029bc1e66e38: ; ImmutableOopMap {rbp=Oop [32]=Oop [40]=Oop [80]=Oop [88]=Oop [96]=NarrowOop [100]=NarrowOop [112]=Oop [128]=Oop [136]=Oop [152]=Oop }
                      ;*invokeinterface getTrustedAttributes {reexecute=0 rethrow=0 return_oop=0}
                      ; - java.net.URLClassLoader::isSealed@18
                      ; - java.net.URLClassLoader::getAndVerifyPackage@68
                      ; - java.net.URLClassLoader::defineClass@46
                      ; - java.net.URLClassLoader$1::run@43
                      ; - java.net.URLClassLoader$1::run@1
                      ; - java.security.AccessController::executePrivileged@29
                      ; - java.security.AccessController::doPrivileged@13
                      ; - java.net.URLClassLoader::findClass@13
  0x0000029bc1e66e38: c4cb 76fe 

  0x0000029bc1e66e3c: ;   {other}
  0x0000029bc1e66e3c: 0f1f 8400 | ac63 0069 | bade ffff | ff4c 8b54 | 2460 4c89 | 5424 204c | 8b54 2458 | 4c89 5424 
  0x0000029bc1e66e5c: 304c 8b54 | 2450 4c89 | 5424 484c | 8b54 2468 | 4c89 5424 | 584c 8b94 | 2480 0000 | 004c 8954 
  0x0000029bc1e66e7c: 2460 448b | 5c24 7c44 | 895c 2468 | 4c8b 9424 | 8800 0000 | 4c89 9424 | 8000 0000 | 4c8b 9424 
  0x0000029bc1e66e9c: 9000 0000 | 4c89 9424 | 8800 0000 | 4c89 8c24 | 9000 0000 | 4c89 8c24 | 9800 0000 | 4889 8424 
  0x0000029bc1e66ebc: a800 0000 

  0x0000029bc1e66ec0: ;   {runtime_call UncommonTrapBlob}
  0x0000029bc1e66ec0: c5f8 77e8 

  0x0000029bc1e66ec4: ; ImmutableOopMap {rbp=NarrowOop [32]=Oop [40]=Oop [48]=Oop [88]=Oop [96]=Oop [104]=NarrowOop [128]=Oop [136]=Oop [144]=Oop [152]=Oop [168]=Oop }
                      ;*invokeinterface get {reexecute=0 rethrow=0 return_oop=0}
                      ; - java.util.jar.Manifest::getAttributes@5
                      ; - java.util.jar.Manifest::getTrustedAttributes@2
                      ; - java.util.jar.JavaUtilJarAccessImpl::getTrustedAttributes@2
                      ; - java.net.URLClassLoader::isSealed@18
                      ; - java.net.URLClassLoader::getAndVerifyPackage@68
                      ; - java.net.URLClassLoader::defineClass@46
                      ; - java.net.URLClassLoader$1::run@43
                      ; - java.net.URLClassLoader$1::run@1
                      ; - java.security.AccessController::executePrivileged@29
                      ; - java.security.AccessController::doPrivileged@13
                      ; - java.net.URLClassLoader::findClass@13
  0x0000029bc1e66ec4: 38cb 76fe 

  0x0000029bc1e66ec8: ;   {other}
  0x0000029bc1e66ec8: 0f1f 8400 | 3864 006a | ba76 ffff | ff4c 8b54 | 2460 4c89 | 5424 3044 | 895c 2438 | 4489 4c24 
  0x0000029bc1e66ee8: 404c 8954 | 2448 4489 | 4424 4490 

  0x0000029bc1e66ef4: ;   {runtime_call UncommonTrapBlob}
  0x0000029bc1e66ef4: c5f8 77e8 

  0x0000029bc1e66ef8: ; ImmutableOopMap {rbp=Oop [40]=Oop [48]=Oop [56]=NarrowOop [72]=Oop [104]=Oop }
                      ;*if_icmpge {reexecute=1 rethrow=0 return_oop=0}
                      ; - (reexecute) java.lang.StringLatin1::replace@61
                      ; - java.lang.String::replace@18
                      ; - java.net.URLClassLoader$1::run@8
                      ; - java.net.URLClassLoader$1::run@1
                      ; - java.security.AccessController::executePrivileged@29
                      ; - java.security.AccessController::doPrivileged@13
                      ; - java.net.URLClassLoader::findClass@13
  0x0000029bc1e66ef8: 04cb 76fe 

  0x0000029bc1e66efc: ;   {other}
  0x0000029bc1e66efc: 0f1f 8400 | 6c64 006b | ba01 0000 | 00e9 9ca8 | ffff 4d63 | d2e9 fab9 | ffff bacc | ffff ff48 
  0x0000029bc1e66f1c: 8b6c 2460 | 4c8b 5424 | 284c 8954 | 2420 4c8b | 5424 584c | 8954 2428 | 4c8b 5424 | 504c 8954 
  0x0000029bc1e66f3c: 2440 4c8b | 5424 684c | 8954 2450 | 4c8b 9424 | 8000 0000 | 4c89 5424 | 5844 8b5c | 247c 4489 
  0x0000029bc1e66f5c: 5c24 604c | 8b94 2488 | 0000 004c | 8994 2480 | 0000 004c | 8b94 2490 | 0000 004c | 8994 2488 
  0x0000029bc1e66f7c: 0000 0044 | 8b54 2478 | 4489 5424 | 644c 8b94 | 24c0 0000 | 004c 8994 | 24a0 0000 | 004c 8b94 
  0x0000029bc1e66f9c: 24b8 0000 | 004c 8994 | 24a8 0000 | 0066 6690 

  0x0000029bc1e66fac: ;   {runtime_call UncommonTrapBlob}
  0x0000029bc1e66fac: c5f8 77e8 

  0x0000029bc1e66fb0: ; ImmutableOopMap {rbp=Oop [32]=Oop [40]=Oop [80]=Oop [88]=Oop [96]=NarrowOop [100]=NarrowOop [112]=Oop [128]=Oop [136]=Oop [152]=Oop [160]=Oop }
                      ;*invokestatic arraycopy {reexecute=0 rethrow=0 return_oop=0}
                      ; - java.lang.String::getBytes@22
                      ; - java.lang.StringConcatHelper::prepend@21
                      ; - java.lang.StringConcatHelper::simpleConcat@71
                      ; - java.lang.String::concat@11
                      ; - java.net.URLClassLoader::isSealed@15
                      ; - java.net.URLClassLoader::getAndVerifyPackage@68
                      ; - java.net.URLClassLoader::defineClass@46
                      ; - java.net.URLClassLoader$1::run@43
                      ; - java.net.URLClassLoader$1::run@1
                      ; - java.security.AccessController::executePrivileged@29
                      ; - java.security.AccessController::doPrivileged@13
                      ; - java.net.URLClassLoader::findClass@13
  0x0000029bc1e66fb0: 4cca 76fe 

  0x0000029bc1e66fb4: ;   {other}
  0x0000029bc1e66fb4: 0f1f 8400 | 2465 006c | bacc ffff | ff48 8b6c | 2460 4c8b | 5424 284c | 8954 2420 | 4c8b 5424 
  0x0000029bc1e66fd4: 584c 8954 | 2428 4c8b | 5424 504c | 8954 2440 | 4c8b 5424 | 684c 8954 | 2450 4c8b | 9424 8000 
  0x0000029bc1e66ff4: 0000 4c89 | 5424 5844 | 8b54 247c | 4489 5424 | 604c 8b94 | 2488 0000 | 004c 8994 | 2480 0000 
  0x0000029bc1e67014: 004c 8b94 | 2490 0000 | 004c 8994 | 2488 0000 | 0044 8b5c | 2478 4489 | 5c24 644c | 8b94 24c0 
  0x0000029bc1e67034: 0000 004c | 8994 2498 | 0000 004c | 8b94 24a8 | 0000 004c | 8994 24a0 | 0000 0044 | 8984 24a8 
  0x0000029bc1e67054: 0000 0044 | 8b94 24b0 | 0000 0044 | 8994 24ac | 0000 0044 | 898c 24b0 | 0000 0090 

  0x0000029bc1e67070: ;   {runtime_call UncommonTrapBlob}
  0x0000029bc1e67070: c5f8 77e8 

  0x0000029bc1e67074: ; ImmutableOopMap {rbp=Oop [32]=Oop [40]=Oop [80]=Oop [88]=Oop [96]=NarrowOop [100]=NarrowOop [112]=Oop [128]=Oop [136]=Oop [152]=Oop [168]=NarrowOop }
                      ;*invokestatic arraycopy {reexecute=0 rethrow=0 return_oop=0}
                      ; - java.lang.String::getBytes@22
                      ; - java.lang.StringConcatHelper::prepend@21
                      ; - java.lang.StringConcatHelper::simpleConcat@81
                      ; - java.lang.String::concat@11
                      ; - java.net.URLClassLoader::isSealed@15
                      ; - java.net.URLClassLoader::getAndVerifyPackage@68
                      ; - java.net.URLClassLoader::defineClass@46
                      ; - java.net.URLClassLoader$1::run@43
                      ; - java.net.URLClassLoader$1::run@1
                      ; - java.security.AccessController::executePrivileged@29
                      ; - java.security.AccessController::doPrivileged@13
                      ; - java.net.URLClassLoader::findClass@13
  0x0000029bc1e67074: 88c9 76fe 

  0x0000029bc1e67078: ;   {other}
  0x0000029bc1e67078: 0f1f 8400 | e865 006d | 41bb 0100 | 0000 e9e9 | b3ff ffba | 76ff ffff | 488b 6c24 | 604c 8b54 
  0x0000029bc1e67098: 2428 4c89 | 5424 204c | 8b54 2458 | 4c89 5424 | 284c 8b54 | 2450 4c89 | 5424 4044 | 894c 2448 
  0x0000029bc1e670b8: 4c8b 9424 | a800 0000 | 4c89 5424 | 5044 8b54 | 247c 4489 | 5424 5c90 

  0x0000029bc1e670d0: ;   {runtime_call UncommonTrapBlob}
  0x0000029bc1e670d0: c5f8 77e8 

  0x0000029bc1e670d4: ; ImmutableOopMap {rbp=Oop [32]=Oop [40]=Oop [72]=NarrowOop [80]=Oop [92]=NarrowOop [104]=Oop [112]=Oop [120]=NarrowOop [128]=Oop [136]=Oop [144]=Oop }
                      ;*if_icmpge {reexecute=1 rethrow=0 return_oop=0}
                      ; - (reexecute) java.lang.StringLatin1::replace@82
                      ; - java.lang.String::replace@18
                      ; - java.net.URLClassLoader::isSealed@9
                      ; - java.net.URLClassLoader::getAndVerifyPackage@68
                      ; - java.net.URLClassLoader::defineClass@46
                      ; - java.net.URLClassLoader$1::run@43
                      ; - java.net.URLClassLoader$1::run@1
                      ; - java.security.AccessController::executePrivileged@29
                      ; - java.security.AccessController::doPrivileged@13
                      ; - java.net.URLClassLoader::findClass@13
  0x0000029bc1e670d4: 28c9 76fe 

  0x0000029bc1e670d8: ;   {other}
  0x0000029bc1e670d8: 0f1f 8400 | 4866 006e | 4c63 f6e9 | 47c5 ffff | 4d8d 53fe | 498b ca48 | 8bfa 4833 | c048 83f9 
  0x0000029bc1e670f8: 087f 1048 | ffc9 784f | 4889 04cf | 48ff c97d | f7eb 44c5 | fdef c0e9 | 0d00 0000 | c5fe 7f07 
  0x0000029bc1e67118: c5fe 7f47 | 2048 83c7 | 4048 83e9 | 087d ed48 | 83c1 047c | 0cc5 fe7f | 0748 83c7 | 2048 83e9 
  0x0000029bc1e67138: 0448 83c1 | 047e 1048 | ffc9 c5f9 | d607 4883 | c708 48ff | c97d f3e9 | 0bc6 ffff | bacc ffff 
  0x0000029bc1e67158: ff48 8b6c | 2460 4c8b | 4424 284c | 8944 2420 | 4c8b 4424 | 584c 8944 | 2428 4c8b | 4424 504c 
  0x0000029bc1e67178: 8944 2440 | 4c8b 4424 | 684c 8944 | 2450 448b | 4424 7c44 | 8944 2460 | 4c8b 4424 | 704c 8944 
  0x0000029bc1e67198: 2468 897c | 2464 4489 | 4c24 7044 | 8954 2474 | 894c 2478 | 895c 247c | 4c89 9c24 | 8000 0000 
  0x0000029bc1e671b8: 89b4 248c | 0000 0090 

  0x0000029bc1e671c0: ;   {runtime_call UncommonTrapBlob}
  0x0000029bc1e671c0: c5f8 77e8 

  0x0000029bc1e671c4: ; ImmutableOopMap {rbp=Oop [32]=Oop [40]=Oop [80]=Oop [96]=NarrowOop [100]=NarrowOop [104]=Oop [128]=Oop }
                      ;*newarray {reexecute=1 rethrow=0 return_oop=0}
                      ; - (reexecute) java.util.Arrays::copyOf@15
                      ; - jdk.internal.loader.Resource::getBytes@94
                      ; - jdk.internal.loader.URLClassPath$JarLoader$2::getBytes@1
                      ; - java.net.URLClassLoader::defineClass@179
                      ; - java.net.URLClassLoader$1::run@43
                      ; - java.net.URLClassLoader$1::run@1
                      ; - java.security.AccessController::executePrivileged@29
                      ; - java.security.AccessController::doPrivileged@13
                      ; - java.net.URLClassLoader::findClass@13
  0x0000029bc1e671c4: 38c8 76fe 

  0x0000029bc1e671c8: ;   {other}
  0x0000029bc1e671c8: 0f1f 8400 | 3867 006f | 4c63 5424 | 784d 8bda | e97b adff | ff49 83c2 | fe49 8bca | 488b fa48 
  0x0000029bc1e671e8: 33c0 4883 | f908 7f10 | 48ff c978 | 4f48 8904 | cf48 ffc9 | 7df7 eb44 | c5fd efc0 | e90d 0000 
  0x0000029bc1e67208: 00c5 fe7f | 07c5 fe7f | 4720 4883 | c740 4883 | e908 7ded | 4883 c104 | 7c0c c5fe | 7f07 4883 
  0x0000029bc1e67228: c720 4883 | e904 4883 | c104 7e10 | 48ff c9c5 | f9d6 0748 | 83c7 0848 | ffc9 7df3 | e931 aeff 
  0x0000029bc1e67248: ffba ccff | ffff 488b | 6c24 604c | 8b54 2428 | 4c89 5424 | 204c 8b54 | 2458 4c89 | 5424 284c 
  0x0000029bc1e67268: 8b54 2450 | 4c89 5424 | 4044 8b5c | 2470 4489 | 5c24 4844 | 8b54 2478 | 4489 5424 | 504c 8b54 
  0x0000029bc1e67288: 2468 4c89 | 5424 6044 | 8b54 247c | 4489 5424 | 544c 8b94 | 2488 0000 | 004c 8954 | 2478 6690 
  0x0000029bc1e672a8: ;   {runtime_call UncommonTrapBlob}
  0x0000029bc1e672a8: c5f8 77e8 

  0x0000029bc1e672ac: ; ImmutableOopMap {rbp=Oop [32]=Oop [40]=Oop [72]=NarrowOop [84]=NarrowOop [96]=Oop [120]=Oop [128]=Oop [136]=Oop }
                      ;*newarray {reexecute=1 rethrow=0 return_oop=0}
                      ; - (reexecute) java.util.Arrays::copyOfRangeByte@10
                      ; - java.util.Arrays::copyOfRange@13
                      ; - java.lang.StringLatin1::newString@16
                      ; - java.lang.String::substring@41
                      ; - java.net.URLClassLoader::defineClass@28
                      ; - java.net.URLClassLoader$1::run@43
                      ; - java.net.URLClassLoader$1::run@1
                      ; - java.security.AccessController::executePrivileged@29
                      ; - java.security.AccessController::doPrivileged@13
                      ; - java.net.URLClassLoader::findClass@13
  0x0000029bc1e672ac: 50c7 76fe 

  0x0000029bc1e672b0: ;   {other}
  0x0000029bc1e672b0: 0f1f 8400 | 2068 0070 | bade ffff | ff4c 8b54 | 2460 4c89 | 5424 204c | 8b54 2458 | 4c89 5424 
  0x0000029bc1e672d0: 304c 8b54 | 2450 4c89 | 5424 484c | 8b54 2468 | 4c89 5424 | 584c 8b94 | 2480 0000 | 004c 8954 
  0x0000029bc1e672f0: 2460 448b | 5424 7c44 | 8954 2468 | 4c8b 9424 | 8800 0000 | 4c89 9424 | 8000 0000 | 4c8b 9424 
  0x0000029bc1e67310: 9000 0000 | 4c89 9424 | 8800 0000 | 4c89 8c24 | 9000 0000 | 4c89 8c24 | 9800 0000 | 4889 8c24 
  0x0000029bc1e67330: a000 0000 

  0x0000029bc1e67334: ;   {runtime_call UncommonTrapBlob}
  0x0000029bc1e67334: c5f8 77e8 

  0x0000029bc1e67338: ; ImmutableOopMap {rbp=NarrowOop [32]=Oop [40]=Oop [48]=Oop [88]=Oop [96]=Oop [104]=NarrowOop [128]=Oop [136]=Oop [144]=Oop [152]=Oop [160]=Oop }
                      ;*checkcast {reexecute=0 rethrow=0 return_oop=0}
                      ; - java.util.jar.Manifest::getAttributes@10
                      ; - java.util.jar.Manifest::getTrustedAttributes@2
                      ; - java.util.jar.JavaUtilJarAccessImpl::getTrustedAttributes@2
                      ; - java.net.URLClassLoader::isSealed@18
                      ; - java.net.URLClassLoader::getAndVerifyPackage@68
                      ; - java.net.URLClassLoader::defineClass@46
                      ; - java.net.URLClassLoader$1::run@43
                      ; - java.net.URLClassLoader$1::run@1
                      ; - java.security.AccessController::executePrivileged@29
                      ; - java.security.AccessController::doPrivileged@13
                      ; - java.net.URLClassLoader::findClass@13
  0x0000029bc1e67338: c4c6 76fe 

  0x0000029bc1e6733c: ;   {other}
  0x0000029bc1e6733c: 0f1f 8400 | ac68 0071 | ba76 ffff | ff48 8b6c | 2460 4c8b | 5424 284c | 8954 2420 | 4c8b 5424 
  0x0000029bc1e6735c: 584c 8954 | 2428 4c8b | 5424 504c | 8954 2440 | 4489 4c24 | 484c 8b94 | 24a8 0000 | 004c 8954 
  0x0000029bc1e6737c: 2450 448b | 5424 7c44 | 8954 245c 

  0x0000029bc1e67388: ;   {runtime_call UncommonTrapBlob}
  0x0000029bc1e67388: c5f8 77e8 

  0x0000029bc1e6738c: ; ImmutableOopMap {rbp=Oop [32]=Oop [40]=Oop [72]=NarrowOop [80]=Oop [92]=NarrowOop [104]=Oop [112]=Oop [120]=NarrowOop [128]=Oop [136]=Oop [144]=Oop }
                      ;*if_icmpge {reexecute=1 rethrow=0 return_oop=0}
                      ; - (reexecute) java.lang.StringLatin1::replace@61
                      ; - java.lang.String::replace@18
                      ; - java.net.URLClassLoader::isSealed@9
                      ; - java.net.URLClassLoader::getAndVerifyPackage@68
                      ; - java.net.URLClassLoader::defineClass@46
                      ; - java.net.URLClassLoader$1::run@43
                      ; - java.net.URLClassLoader$1::run@1
                      ; - java.security.AccessController::executePrivileged@29
                      ; - java.security.AccessController::doPrivileged@13
                      ; - java.net.URLClassLoader::findClass@13
  0x0000029bc1e6738c: 70c6 76fe 

  0x0000029bc1e67390: ;   {other}
  0x0000029bc1e67390: 0f1f 8400 | 0069 0072 | 41b8 0100 | 0000 6690 | e9a0 b2ff | ff33 ed45 | 85d2 400f | 94c5 ba45 
  0x0000029bc1e673b0: ffff ff4c | 8b54 2460 | 4c89 5424 | 304c 8954 | 2438 6690 

  0x0000029bc1e673c4: ;   {runtime_call UncommonTrapBlob}
  0x0000029bc1e673c4: c5f8 77e8 

  0x0000029bc1e673c8: ; ImmutableOopMap {[40]=Oop [48]=Oop [56]=Oop [104]=Oop }
                      ;*ifeq {reexecute=1 rethrow=0 return_oop=0}
                      ; - (reexecute) java.lang.String::replace@9
                      ; - java.net.URLClassLoader$1::run@8
                      ; - java.net.URLClassLoader$1::run@1
                      ; - java.security.AccessController::executePrivileged@29
                      ; - java.security.AccessController::doPrivileged@13
                      ; - java.net.URLClassLoader::findClass@13
  0x0000029bc1e673c8: 34c6 76fe 

  0x0000029bc1e673cc: ;   {other}
  0x0000029bc1e673cc: 0f1f 8400 | 3c69 0073 | 33ed 4585 | db40 0f94 | c5ba 45ff | ffff 4c8b | 5c24 584c | 895c 2430 
  0x0000029bc1e673ec: 4489 5424 | 7066 6690 

  0x0000029bc1e673f4: ;   {runtime_call UncommonTrapBlob}
  0x0000029bc1e673f4: c5f8 77e8 

  0x0000029bc1e673f8: ; ImmutableOopMap {[32]=Oop [40]=Oop [48]=Oop [104]=Oop }
                      ;*ifeq {reexecute=1 rethrow=0 return_oop=0}
                      ; - (reexecute) java.lang.String::lastIndexOf@4
                      ; - java.lang.String::lastIndexOf@8
                      ; - java.net.URLClassLoader::defineClass@7
                      ; - java.net.URLClassLoader$1::run@43
                      ; - java.net.URLClassLoader$1::run@1
                      ; - java.security.AccessController::executePrivileged@29
                      ; - java.security.AccessController::doPrivileged@13
                      ; - java.net.URLClassLoader::findClass@13
  0x0000029bc1e673f8: 04c6 76fe 

  0x0000029bc1e673fc: ;   {other}
  0x0000029bc1e673fc: 0f1f 8400 | 6c69 0074 | ba45 ffff | ff48 8b6c | 2460 4c8b | 5424 284c | 8954 2420 | 4c8b 5424 
  0x0000029bc1e6741c: 584c 8954 | 2428 4c8b | 5424 504c | 8954 2440 | 448b 5c24 | 7844 895c | 2454 4489 | 5c24 5844 
  0x0000029bc1e6743c: 8b54 247c | 4489 5424 | 5c44 894c | 247c 6690 

  0x0000029bc1e6744c: ;   {runtime_call UncommonTrapBlob}
  0x0000029bc1e6744c: c5f8 77e8 

  0x0000029bc1e67450: ; ImmutableOopMap {rbp=Oop [32]=Oop [40]=Oop [92]=NarrowOop [104]=Oop [128]=Oop }
                      ;*if_icmpgt {reexecute=1 rethrow=0 return_oop=0}
                      ; - (reexecute) jdk.internal.util.Preconditions::checkFromToIndex@6
                      ; - java.lang.String::checkBoundsBeginEnd@6
                      ; - java.lang.String::substring@8
                      ; - java.net.URLClassLoader::defineClass@28
                      ; - java.net.URLClassLoader$1::run@43
                      ; - java.net.URLClassLoader$1::run@1
                      ; - java.security.AccessController::executePrivileged@29
                      ; - java.security.AccessController::doPrivileged@13
                      ; - java.net.URLClassLoader::findClass@13
  0x0000029bc1e67450: acc5 76fe 

  0x0000029bc1e67454: ;   {other}
  0x0000029bc1e67454: 0f1f 8400 | c469 0075 | ba45 ffff | ff48 8b6c | 2460 4c8b | 5c24 284c | 895c 2420 | 4c89 4424 
  0x0000029bc1e67474: 3844 8954 | 2440 6690 

  0x0000029bc1e6747c: ;   {runtime_call UncommonTrapBlob}
  0x0000029bc1e6747c: c5f8 77e8 

  0x0000029bc1e67480: ; ImmutableOopMap {rbp=Oop [32]=Oop [56]=Oop [104]=Oop }
                      ;*iflt {reexecute=1 rethrow=0 return_oop=0}
                      ; - (reexecute) java.lang.StringConcatHelper::checkOverflow@2
                      ; - java.lang.StringConcatHelper::mix@23
                      ; - java.lang.StringConcatHelper::simpleConcat@46
                      ; - java.lang.String::concat@11
                      ; - java.net.URLClassLoader$1::run@13
                      ; - java.net.URLClassLoader$1::run@1
                      ; - java.security.AccessController::executePrivileged@29
                      ; - java.security.AccessController::doPrivileged@13
                      ; - java.net.URLClassLoader::findClass@13
  0x0000029bc1e67480: 7cc5 76fe 

  0x0000029bc1e67484: ;   {other}
  0x0000029bc1e67484: 0f1f 8400 | f469 0076 | ba45 ffff | ff4c 8b54 | 2460 4c89 | 5424 3090 

  0x0000029bc1e6749c: ;   {runtime_call UncommonTrapBlob}
  0x0000029bc1e6749c: c5f8 77e8 

  0x0000029bc1e674a0: ; ImmutableOopMap {[40]=Oop [48]=Oop [64]=Oop [96]=Oop [104]=Oop }
                      ;*iflt {reexecute=1 rethrow=0 return_oop=0}
                      ; - (reexecute) java.lang.StringConcatHelper::checkOverflow@2
                      ; - java.lang.StringConcatHelper::mix@23
                      ; - java.lang.StringConcatHelper::simpleConcat@54
                      ; - java.lang.String::concat@11
                      ; - java.net.URLClassLoader$1::run@13
                      ; - java.net.URLClassLoader$1::run@1
                      ; - java.security.AccessController::executePrivileged@29
                      ; - java.security.AccessController::doPrivileged@13
                      ; - java.net.URLClassLoader::findClass@13
  0x0000029bc1e674a0: 5cc5 76fe 

  0x0000029bc1e674a4: ;   {other}
  0x0000029bc1e674a4: 0f1f 8400 | 146a 0077 | ba45 ffff | ff48 8b6c | 2460 4c8b | 5424 284c | 8954 2420 | 4c8b 5424 
  0x0000029bc1e674c4: 584c 8954 | 2428 4c8b | 5424 504c | 8954 2440 

  0x0000029bc1e674d4: ;   {runtime_call UncommonTrapBlob}
  0x0000029bc1e674d4: c5f8 77e8 

  0x0000029bc1e674d8: ; ImmutableOopMap {rbp=Oop [32]=Oop [40]=Oop [104]=Oop [124]=NarrowOop [128]=Oop }
                      ;*if_icmpeq {reexecute=1 rethrow=0 return_oop=0}
                      ; - (reexecute) java.net.URLClassLoader::defineClass@21
                      ; - java.net.URLClassLoader$1::run@43
                      ; - java.net.URLClassLoader$1::run@1
                      ; - java.security.AccessController::executePrivileged@29
                      ; - java.security.AccessController::doPrivileged@13
                      ; - java.net.URLClassLoader::findClass@13
  0x0000029bc1e674d8: 24c5 76fe 

  0x0000029bc1e674dc: ;   {other}
  0x0000029bc1e674dc: 0f1f 8400 | 4c6a 0078 | ba45 ffff | ff48 8b6c | 2460 4c8b | 5424 284c | 8954 2420 | 4c8b 5424 
  0x0000029bc1e674fc: 584c 8954 | 2428 4c8b | 5424 504c | 8954 2440 | 448b 5424 | 7844 8954 | 2454 4489 | 5424 584c 
  0x0000029bc1e6751c: 8b94 2480 | 0000 004c | 8954 2470 | 448b 5c24 | 7c44 895c | 245c 4489 | 4c24 7c44 | 898c 2480 
  0x0000029bc1e6753c: 0000 0090 

  0x0000029bc1e67540: ;   {runtime_call UncommonTrapBlob}
  0x0000029bc1e67540: c5f8 77e8 

  0x0000029bc1e67544: ; ImmutableOopMap {rbp=Oop [32]=Oop [40]=Oop [92]=NarrowOop [104]=Oop [112]=Oop }
                      ;*if_icmple {reexecute=1 rethrow=0 return_oop=0}
                      ; - (reexecute) jdk.internal.util.Preconditions::checkFromToIndex@11
                      ; - java.lang.String::checkBoundsBeginEnd@6
                      ; - java.lang.String::substring@8
                      ; - java.net.URLClassLoader::defineClass@28
                      ; - java.net.URLClassLoader$1::run@43
                      ; - java.net.URLClassLoader$1::run@1
                      ; - java.security.AccessController::executePrivileged@29
                      ; - java.security.AccessController::doPrivileged@13
                      ; - java.net.URLClassLoader::findClass@13
  0x0000029bc1e67544: b8c4 76fe 

  0x0000029bc1e67548: ;   {other}
  0x0000029bc1e67548: 0f1f 8400 | b86a 0079 | ba45 ffff | ff4c 8b44 | 2460 498b | e84c 8b44 | 2428 4c89 | 4424 204c 
  0x0000029bc1e67568: 8b44 2440 | 4c89 4424 | 384c 8954 | 2440 4489 | 5c24 4890 

  0x0000029bc1e6757c: ;   {runtime_call UncommonTrapBlob}
  0x0000029bc1e6757c: c5f8 77e8 

  0x0000029bc1e67580: ; ImmutableOopMap {rbp=Oop [32]=Oop [56]=Oop [104]=Oop }
                      ;*ifge {reexecute=1 rethrow=0 return_oop=0}
                      ; - (reexecute) java.lang.StringConcatHelper::newArray@13
                      ; - java.lang.StringConcatHelper::simpleConcat@61
                      ; - java.lang.String::concat@11
                      ; - java.net.URLClassLoader$1::run@13
                      ; - java.net.URLClassLoader$1::run@1
                      ; - java.security.AccessController::executePrivileged@29
                      ; - java.security.AccessController::doPrivileged@13
                      ; - java.net.URLClassLoader::findClass@13
  0x0000029bc1e67580: 7cc4 76fe 

  0x0000029bc1e67584: ;   {other}
  0x0000029bc1e67584: 0f1f 8400 | f46a 007a | 33ed 4585 | db40 0f95 | c5ba 45ff | ffff 4c8b | 5424 584c | 8954 2430 
  0x0000029bc1e675a4: 4c8b 5424 | 504c 8954 | 2448 4c8b | 5424 684c | 8954 2450 | 4c8b 5424 | 684c 8954 | 2460 4c8b 
  0x0000029bc1e675c4: 9424 8000 | 0000 4c89 | 5424 6890 

  0x0000029bc1e675d0: ;   {runtime_call UncommonTrapBlob}
  0x0000029bc1e675d0: c5f8 77e8 

  0x0000029bc1e675d4: ; ImmutableOopMap {[32]=Oop [40]=Oop [48]=Oop [80]=Oop [96]=Oop [104]=Oop [112]=Oop [120]=NarrowOop [136]=Oop [144]=Oop }
                      ;*ifne {reexecute=1 rethrow=0 return_oop=0}
                      ; - (reexecute) java.lang.Package::isSealed@7
                      ; - java.net.URLClassLoader::getAndVerifyPackage@14
                      ; - java.net.URLClassLoader::defineClass@46
                      ; - java.net.URLClassLoader$1::run@43
                      ; - java.net.URLClassLoader$1::run@1
                      ; - java.security.AccessController::executePrivileged@29
                      ; - java.security.AccessController::doPrivileged@13
                      ; - java.net.URLClassLoader::findClass@13
  0x0000029bc1e675d4: 28c4 76fe 

  0x0000029bc1e675d8: ;   {other}
  0x0000029bc1e675d8: 0f1f 8400 | 486b 007b | 33ed 4585 | d240 0f94 | c5ba 45ff | ffff 4c8b | 5424 604c | 8954 2420 
  0x0000029bc1e675f8: 4c8b 5424 | 584c 8954 | 2430 4c8b | 5424 504c | 8954 2448 | 4c8b 5424 | 684c 8954 | 2458 4c8b 
  0x0000029bc1e67618: 9424 8000 | 0000 4c89 | 5424 6044 | 8b54 247c | 4489 5424 | 6844 8b5c | 2478 4489 | 5c24 6c90 
  0x0000029bc1e67638: ;   {runtime_call UncommonTrapBlob}
  0x0000029bc1e67638: c5f8 77e8 

  0x0000029bc1e6763c: ; ImmutableOopMap {[32]=Oop [40]=Oop [48]=Oop [88]=Oop [96]=Oop [104]=NarrowOop [108]=NarrowOop [112]=Oop [136]=Oop [144]=Oop }
                      ;*ifeq {reexecute=1 rethrow=0 return_oop=0}
                      ; - (reexecute) java.lang.String::replace@9
                      ; - java.net.URLClassLoader::isSealed@9
                      ; - java.net.URLClassLoader::getAndVerifyPackage@68
                      ; - java.net.URLClassLoader::defineClass@46
                      ; - java.net.URLClassLoader$1::run@43
                      ; - java.net.URLClassLoader$1::run@1
                      ; - java.security.AccessController::executePrivileged@29
                      ; - java.security.AccessController::doPrivileged@13
                      ; - java.net.URLClassLoader::findClass@13
  0x0000029bc1e6763c: c0c3 76fe 

  0x0000029bc1e67640: ;   {other}
  0x0000029bc1e67640: 0f1f 8400 | b06b 007c | ba45 ffff | ff48 8b6c | 2460 4c8b | 5424 284c | 8954 2420 | 4c8b 5424 
  0x0000029bc1e67660: 584c 8954 | 2428 4c8b | 5424 504c | 8954 2440 | 4c8b 5424 | 684c 8954 | 2450 4c8b | 9424 8000 
  0x0000029bc1e67680: 0000 4c89 | 5424 5844 | 8b54 247c | 4489 5424 | 604c 8b94 | 2488 0000 | 004c 8954 | 2478 4c8b 
  0x0000029bc1e676a0: 9424 9000 | 0000 4c89 | 9424 8000 | 0000 4889 | 8424 9800 | 0000 4489 | 4424 6490 

  0x0000029bc1e676bc: ;   {runtime_call UncommonTrapBlob}
  0x0000029bc1e676bc: c5f8 77e8 

  0x0000029bc1e676c0: ; ImmutableOopMap {rbp=Oop [32]=Oop [40]=Oop [80]=Oop [88]=Oop [96]=NarrowOop [112]=Oop [120]=Oop [128]=Oop [152]=Oop }
                      ;*ifle {reexecute=1 rethrow=0 return_oop=0}
                      ; - (reexecute) java.util.HashMap::getNode@14
                      ; - java.util.HashMap::get@2
                      ; - java.util.jar.Manifest::getAttributes@5
                      ; - java.util.jar.Manifest::getTrustedAttributes@2
                      ; - java.util.jar.JavaUtilJarAccessImpl::getTrustedAttributes@2
                      ; - java.net.URLClassLoader::isSealed@18
                      ; - java.net.URLClassLoader::getAndVerifyPackage@68
                      ; - java.net.URLClassLoader::defineClass@46
                      ; - java.net.URLClassLoader$1::run@43
                      ; - java.net.URLClassLoader$1::run@1
                      ; - java.security.AccessController::executePrivileged@29
                      ; - java.security.AccessController::doPrivileged@13
                      ; - java.net.URLClassLoader::findClass@13
  0x0000029bc1e676c0: 3cc3 76fe 

  0x0000029bc1e676c4: ;   {other}
  0x0000029bc1e676c4: 0f1f 8400 | 346c 007d | ba45 ffff | ff4c 8b54 | 2458 4c89 | 5424 304c | 8b54 2450 | 4c89 5424 
  0x0000029bc1e676e4: 484c 8b54 | 2468 4c89 | 5424 504c | 8b54 2468 | 4c89 5424 | 604c 8b94 | 2480 0000 | 004c 8954 
  0x0000029bc1e67704: 2468 6690 

  0x0000029bc1e67708: ;   {runtime_call UncommonTrapBlob}
  0x0000029bc1e67708: c5f8 77e8 

  0x0000029bc1e6770c: ; ImmutableOopMap {rbp=NarrowOop [32]=Oop [40]=Oop [48]=Oop [80]=Oop [96]=Oop [104]=Oop [112]=Oop [120]=NarrowOop [136]=Oop [144]=Oop }
                      ;*ifnull {reexecute=1 rethrow=0 return_oop=0}
                      ; - (reexecute) java.lang.Package::isSealed@17
                      ; - java.net.URLClassLoader::getAndVerifyPackage@14
                      ; - java.net.URLClassLoader::defineClass@46
                      ; - java.net.URLClassLoader$1::run@43
                      ; - java.net.URLClassLoader$1::run@1
                      ; - java.security.AccessController::executePrivileged@29
                      ; - java.security.AccessController::doPrivileged@13
                      ; - java.net.URLClassLoader::findClass@13
  0x0000029bc1e6770c: f0c2 76fe 

  0x0000029bc1e67710: ;   {other}
  0x0000029bc1e67710: 0f1f 8400 | 806c 007e | ba45 ffff | ff48 8b6c | 2420 4c8b | 5424 284c | 8954 2420 | 4c8b 5424 
  0x0000029bc1e67730: 584c 8954 | 2428 4c8b | 5424 504c | 8954 2440 | 4c8b 5424 | 684c 8954 | 2450 4c8b | 9424 8000 
  0x0000029bc1e67750: 0000 4c89 | 5424 5844 | 8b54 2478 | 4489 5424 | 604c 8b94 | 2488 0000 | 004c 8954 | 2468 6690 
  0x0000029bc1e67770: ;   {runtime_call UncommonTrapBlob}
  0x0000029bc1e67770: c5f8 77e8 

  0x0000029bc1e67774: ; ImmutableOopMap {rbp=Oop [32]=Oop [40]=Oop [80]=Oop [88]=Oop [96]=NarrowOop [104]=Oop [112]=Oop [144]=Oop }
                      ;*ifnull {reexecute=1 rethrow=0 return_oop=0}
                      ; - (reexecute) java.net.URLClassLoader::getAndVerifyPackage@62
                      ; - java.net.URLClassLoader::defineClass@46
                      ; - java.net.URLClassLoader$1::run@43
                      ; - java.net.URLClassLoader$1::run@1
                      ; - java.security.AccessController::executePrivileged@29
                      ; - java.security.AccessController::doPrivileged@13
                      ; - java.net.URLClassLoader::findClass@13
  0x0000029bc1e67774: 88c2 76fe 

  0x0000029bc1e67778: ;   {other}
  0x0000029bc1e67778: 0f1f 8400 | e86c 007f | 4c8b 5c24 | 70ba 45ff | ffff 4c8b | 5424 604c | 8954 2420 | 4c8b 5424 
  0x0000029bc1e67798: 584c 8954 | 2430 4c8b | 5424 504c | 8954 2448 | 4c8b 5424 | 684c 8954 | 2458 4c89 | 5c24 6090 
  0x0000029bc1e677b8: ;   {runtime_call UncommonTrapBlob}
  0x0000029bc1e677b8: c5f8 77e8 

  0x0000029bc1e677bc: ; ImmutableOopMap {rbp=NarrowOop [32]=Oop [40]=Oop [48]=Oop [88]=Oop [96]=Oop [124]=NarrowOop }
                      ;*ifeq {reexecute=1 rethrow=0 return_oop=0}
                      ; - (reexecute) jdk.internal.loader.Resource::getByteBuffer@9
                      ; - java.net.URLClassLoader::defineClass@132
                      ; - java.net.URLClassLoader$1::run@43
                      ; - java.net.URLClassLoader$1::run@1
                      ; - java.security.AccessController::executePrivileged@29
                      ; - java.security.AccessController::doPrivileged@13
                      ; - java.net.URLClassLoader::findClass@13
  0x0000029bc1e677bc: 40c2 76fe 

  0x0000029bc1e677c0: ;   {other}
  0x0000029bc1e677c0: 0f1f 8400 | 306d 0080 | bae4 ffff | ff4c 8b54 | 2460 4c89 | 5424 204c | 8b54 2458 | 4c89 5424 
  0x0000029bc1e677e0: 304c 8b54 | 2450 4c89 | 5424 484c | 8b54 2468 | 4c89 5424 | 5844 8b54 | 247c 4489 | 5424 6889 
  0x0000029bc1e67800: bc24 8800 | 0000 6690 

  0x0000029bc1e67808: ;   {runtime_call UncommonTrapBlob}
  0x0000029bc1e67808: c5f8 77e8 

  0x0000029bc1e6780c: ; ImmutableOopMap {[32]=Oop [40]=Oop [48]=Oop [88]=Oop [104]=NarrowOop [112]=Oop [144]=Oop }
                      ;*invokestatic checkIndex {reexecute=0 rethrow=0 return_oop=0}
                      ; - java.util.zip.CRC32::updateBytesCheck@30
                      ; - java.util.zip.CRC32::updateBytes@3
                      ; - java.util.zip.CRC32::update@31
                      ; - java.util.zip.Checksum::update@5
                      ; - jdk.internal.loader.URLClassPath$JarLoader$2::getBytes@15
                      ; - java.net.URLClassLoader::defineClass@179
                      ; - java.net.URLClassLoader$1::run@43
                      ; - java.net.URLClassLoader$1::run@1
                      ; - java.security.AccessController::executePrivileged@29
                      ; - java.security.AccessController::doPrivileged@13
                      ; - java.net.URLClassLoader::findClass@13
  0x0000029bc1e6780c: f0c1 76fe 

  0x0000029bc1e67810: ;   {other}
  0x0000029bc1e67810: 0f1f 8400 | 806d 0081 | baf6 ffff | ff48 8b6c | 2460 4c8b | 5c24 284c | 895c 2420 | 4c8b 5c24 
  0x0000029bc1e67830: 584c 895c | 2428 4c8b | 5c24 504c | 895c 2440 | 4c8b 5c24 | 684c 895c | 2450 4c89 | 5424 6890 
  0x0000029bc1e67850: ;   {runtime_call UncommonTrapBlob}
  0x0000029bc1e67850: c5f8 77e8 

  0x0000029bc1e67854: ; ImmutableOopMap {rbp=Oop [32]=Oop [40]=Oop [80]=Oop [104]=Oop [124]=NarrowOop [144]=Oop }
                      ;*invokevirtual maybeInstantiateVerifier {reexecute=0 rethrow=0 return_oop=0}
                      ; - java.util.jar.JarFile$JarFileEntry::getCodeSigners@4
                      ; - jdk.internal.loader.URLClassPath$JarLoader$2::getCodeSigners@4
                      ; - java.net.URLClassLoader::defineClass@185
                      ; - java.net.URLClassLoader$1::run@43
                      ; - java.net.URLClassLoader$1::run@1
                      ; - java.security.AccessController::executePrivileged@29
                      ; - java.security.AccessController::doPrivileged@13
                      ; - java.net.URLClassLoader::findClass@13
  0x0000029bc1e67854: a8c1 76fe 

  0x0000029bc1e67858: ;   {other}
  0x0000029bc1e67858: 0f1f 8400 | c86d 0082 | bae4 ffff | ff4c 8b54 | 2460 4c89 | 5424 204c | 8b54 2458 | 4c89 5424 
  0x0000029bc1e67878: 304c 8b54 | 2468 4c89 | 5424 504c | 8b54 2470 | 4c89 5424 | 5848 897c | 2460 4c89 | 4424 6844 
  0x0000029bc1e67898: 894c 2474 

  0x0000029bc1e6789c: ;   {runtime_call UncommonTrapBlob}
  0x0000029bc1e6789c: c5f8 77e8 

  0x0000029bc1e678a0: ; ImmutableOopMap {[32]=Oop [40]=Oop [48]=Oop [80]=Oop [88]=Oop [96]=Oop [116]=NarrowOop }
                      ;*invokestatic checkIndex {reexecute=0 rethrow=0 return_oop=0}
                      ; - java.nio.Buffer::checkIndex@8
                      ; - java.nio.DirectLongBufferU::get@11
                      ; - jdk.internal.perf.PerfCounter::get@5
                      ; - jdk.internal.perf.PerfCounter::add@1
                      ; - jdk.internal.perf.PerfCounter::addElapsedTimeFrom@6
                      ; - java.net.URLClassLoader::defineClass@207
                      ; - java.net.URLClassLoader$1::run@43
                      ; - java.net.URLClassLoader$1::run@1
                      ; - java.security.AccessController::executePrivileged@29
                      ; - java.security.AccessController::doPrivileged@13
                      ; - java.net.URLClassLoader::findClass@13
  0x0000029bc1e678a0: 5cc1 76fe 

  0x0000029bc1e678a4: ;   {other}
  0x0000029bc1e678a4: 0f1f 8400 | 146e 0083 | 498b eb49 | 8bd3 4c8d | 8424 2001 | 0000 4c8b | 5424 604c | 8954 2420 
  0x0000029bc1e678c4: ;   {runtime_call _complete_monitor_locking_Java}
  0x0000029bc1e678c4: c5f8 77e8 

  0x0000029bc1e678c8: ; ImmutableOopMap {rbp=Oop [32]=Oop [40]=Oop [72]=Oop [88]=Oop [96]=Oop [104]=Oop [124]=NarrowOop }
                      ;*synchronization entry
                      ; - jdk.internal.loader.Resource::cachedInputStream@-1
                      ; - jdk.internal.loader.Resource::getByteBuffer@1
                      ; - java.net.URLClassLoader::defineClass@132
                      ; - java.net.URLClassLoader$1::run@43
                      ; - java.net.URLClassLoader$1::run@1
                      ; - java.security.AccessController::executePrivileged@29
                      ; - java.security.AccessController::doPrivileged@13
                      ; - java.net.URLClassLoader::findClass@13
  0x0000029bc1e678c8: b40d 82fe 

  0x0000029bc1e678cc: ;   {other}
  0x0000029bc1e678cc: 0f1f 8400 | 3c6e 0084 | 4c8b dde9 | 7fb6 ffff | 498b db49 | 8bcb 488d | 9424 2001 | 0000 4d8b 
  0x0000029bc1e678ec: c7c5 f877 | 49ba b0cf | 05de fa7f | 0000 41ff 

  0x0000029bc1e678fc: ;   {other}
  0x0000029bc1e678fc: d20f 1f84 | 0000 0000 | 004c 8bdb | e9cb b8ff | ff49 8beb | 498b d34c | 8d84 2420 | 0100 004c 
  0x0000029bc1e6791c: 8b54 2460 | 4c89 5424 | 2066 6690 

  0x0000029bc1e67928: ;   {runtime_call _complete_monitor_locking_Java}
  0x0000029bc1e67928: c5f8 77e8 

  0x0000029bc1e6792c: ; ImmutableOopMap {rbp=Oop [32]=Oop [40]=Oop [72]=Oop [88]=Oop [96]=Oop [104]=Oop [124]=NarrowOop }
                      ;*synchronization entry
                      ; - jdk.internal.loader.Resource::cachedInputStream@-1
                      ; - jdk.internal.loader.Resource::getBytes@1
                      ; - jdk.internal.loader.URLClassPath$JarLoader$2::getBytes@1
                      ; - java.net.URLClassLoader::defineClass@179
                      ; - java.net.URLClassLoader$1::run@43
                      ; - java.net.URLClassLoader$1::run@1
                      ; - java.security.AccessController::executePrivileged@29
                      ; - java.security.AccessController::doPrivileged@13
                      ; - java.net.URLClassLoader::findClass@13
  0x0000029bc1e6792c: 500d 82fe 

  0x0000029bc1e67930: ;   {other}
  0x0000029bc1e67930: 0f1f 8400 | a06e 0085 | 4889 6c24 | 7066 6690 | e981 b9ff | ff48 8b4c | 2470 488d | 9424 2001 
  0x0000029bc1e67950: 0000 4d8b | c7c5 f877 | 49ba b0cf | 05de fa7f | 0000 41ff 

  0x0000029bc1e67964: ;   {other}
  0x0000029bc1e67964: d20f 1f84 | 0000 0000 | 00e9 bcbb | ffff bade | ffff ff4c | 8b54 2460 | 4c89 5424 | 204c 8b54 
  0x0000029bc1e67984: 2458 4c89 | 5424 304c | 8b54 2450 | 4c89 5424 | 484c 8b54 | 2468 4c89 | 5424 5890 

  0x0000029bc1e679a0: ;   {runtime_call UncommonTrapBlob}
  0x0000029bc1e679a0: c5f8 77e8 

  0x0000029bc1e679a4: ; ImmutableOopMap {rbp=NarrowOop [32]=Oop [40]=Oop [48]=Oop [88]=Oop [124]=NarrowOop [144]=Oop }
                      ;*invokevirtual getCodeSigners {reexecute=0 rethrow=0 return_oop=0}
                      ; - jdk.internal.loader.URLClassPath$JarLoader$2::getCodeSigners@4
                      ; - java.net.URLClassLoader::defineClass@185
                      ; - java.net.URLClassLoader$1::run@43
                      ; - java.net.URLClassLoader$1::run@1
                      ; - java.security.AccessController::executePrivileged@29
                      ; - java.security.AccessController::doPrivileged@13
                      ; - java.net.URLClassLoader::findClass@13
  0x0000029bc1e679a4: 58c0 76fe 

  0x0000029bc1e679a8: ;   {other}
  0x0000029bc1e679a8: 0f1f 8400 | 186f 0086 | 4c89 4424 | 2048 8bef 

  0x0000029bc1e679b8: ;   {oop(a 'jdk/internal/perf/PerfCounter'{0x0000000080004500})}
  0x0000029bc1e679b8: 48ba 0045 | 0080 0000 | 0000 4c8d | 8424 2001 | 0000 4c8b | 5424 604c | 8954 2430 

  0x0000029bc1e679d4: ;   {runtime_call _complete_monitor_locking_Java}
  0x0000029bc1e679d4: c5f8 77e8 

  0x0000029bc1e679d8: ; ImmutableOopMap {rbp=Oop [40]=Oop [48]=Oop [88]=Oop [96]=Oop [104]=Oop [112]=Oop }
                      ;*synchronization entry
                      ; - jdk.internal.perf.PerfCounter::add@-1
                      ; - jdk.internal.perf.PerfCounter::addElapsedTimeFrom@6
                      ; - java.net.URLClassLoader::defineClass@207
                      ; - java.net.URLClassLoader$1::run@43
                      ; - java.net.URLClassLoader$1::run@1
                      ; - java.security.AccessController::executePrivileged@29
                      ; - java.security.AccessController::doPrivileged@13
                      ; - java.net.URLClassLoader::findClass@13
  0x0000029bc1e679d8: a40c 82fe 

  0x0000029bc1e679dc: ;   {other}
  0x0000029bc1e679dc: 0f1f 8400 | 4c6f 0087 | 488b fd4c | 8b44 2420 | e975 c0ff | ffba ccff | ffff 4c8b | 5424 604c 
  0x0000029bc1e679fc: 8954 2420 | 4c8b 5424 | 584c 8954 | 2430 4c8b | 5424 684c | 8954 2450 | 4c8b 5424 | 704c 8954 
  0x0000029bc1e67a1c: 2458 4889 | 7c24 604c | 8944 2468 | 4489 4c24 | 7466 6690 

  0x0000029bc1e67a30: ;   {runtime_call UncommonTrapBlob}
  0x0000029bc1e67a30: c5f8 77e8 

  0x0000029bc1e67a34: ; ImmutableOopMap {[32]=Oop [40]=Oop [48]=Oop [80]=Oop [88]=Oop [96]=Oop [116]=NarrowOop }
                      ;*invokestatic checkIndex {reexecute=0 rethrow=0 return_oop=0}
                      ; - java.nio.Buffer::checkIndex@8
                      ; - java.nio.DirectLongBufferU::get@11
                      ; - jdk.internal.perf.PerfCounter::get@5
                      ; - jdk.internal.perf.PerfCounter::add@1
                      ; - jdk.internal.perf.PerfCounter::addElapsedTimeFrom@6
                      ; - java.net.URLClassLoader::defineClass@207
                      ; - java.net.URLClassLoader$1::run@43
                      ; - java.net.URLClassLoader$1::run@1
                      ; - java.security.AccessController::executePrivileged@29
                      ; - java.security.AccessController::doPrivileged@13
                      ; - java.net.URLClassLoader::findClass@13
  0x0000029bc1e67a34: c8bf 76fe 

  0x0000029bc1e67a38: ;   {other}
  0x0000029bc1e67a38: 0f1f 8400 | a86f 0088 

  0x0000029bc1e67a40: ;   {oop(a 'jdk/internal/perf/PerfCounter'{0x0000000080004500})}
  0x0000029bc1e67a40: 48b9 0045 | 0080 0000 | 0000 488d | 9424 2001 | 0000 4d8b | c7c5 f877 | 49ba b0cf | 05de fa7f 
  0x0000029bc1e67a60: 0000 41ff 

  0x0000029bc1e67a64: ;   {other}
  0x0000029bc1e67a64: d20f 1f84 | 0000 0000 | 00e9 d6c0 | ffff bade | ffff ff4c | 8b54 2460 | 4c89 5424 | 204c 8b54 
  0x0000029bc1e67a84: 2458 4c89 | 5424 304c | 8b54 2468 | 4c89 5424 | 504c 8b54 | 2470 4c89 | 5424 584c | 8944 2468 
  0x0000029bc1e67aa4: 4c89 4c24 | 7066 6690 

  0x0000029bc1e67aac: ;   {runtime_call UncommonTrapBlob}
  0x0000029bc1e67aac: c5f8 77e8 

  0x0000029bc1e67ab0: ; ImmutableOopMap {rbp=NarrowOop [32]=Oop [40]=Oop [48]=Oop [80]=Oop [88]=Oop [104]=Oop [112]=Oop }
                      ;*invokeinterface computeIfAbsent {reexecute=0 rethrow=0 return_oop=0}
                      ; - java.security.SecureClassLoader::getProtectionDomain@28
                      ; - java.security.SecureClassLoader::defineClass@9
                      ; - java.net.URLClassLoader::defineClass@220
                      ; - java.net.URLClassLoader$1::run@43
                      ; - java.net.URLClassLoader$1::run@1
                      ; - java.security.AccessController::executePrivileged@29
                      ; - java.security.AccessController::doPrivileged@13
                      ; - java.net.URLClassLoader::findClass@13
  0x0000029bc1e67ab0: 4cbf 76fe 

  0x0000029bc1e67ab4: ;   {other}
  0x0000029bc1e67ab4: 0f1f 8400 | 2470 0089 | ba45 ffff | ff48 8b6c | 2460 488b | 5c24 2848 | 895c 2420 | 488b 5c24 
  0x0000029bc1e67ad4: 5848 895c | 2428 488b | 5c24 5048 | 895c 2440 | 488b 5c24 | 6848 895c | 2450 488b | 5c24 708b 
  0x0000029bc1e67af4: 7424 7c89 | 7424 6048 | 895c 2468 | 4c89 5c24 | 7089 7c24 | 6444 894c | 2478 4489 | 5424 7c89 
  0x0000029bc1e67b14: 8c24 8400 | 0000 4489 | 8424 8800 | 0000 6690 

  0x0000029bc1e67b24: ;   {runtime_call UncommonTrapBlob}
  0x0000029bc1e67b24: c5f8 77e8 

  0x0000029bc1e67b28: ; ImmutableOopMap {rbp=Oop [32]=Oop [40]=Oop [80]=Oop [96]=NarrowOop [100]=NarrowOop [104]=Oop [112]=Oop }
                      ;*if_icmplt {reexecute=1 rethrow=0 return_oop=0}
                      ; - (reexecute) jdk.internal.loader.Resource::getBytes@57
                      ; - jdk.internal.loader.URLClassPath$JarLoader$2::getBytes@1
                      ; - java.net.URLClassLoader::defineClass@179
                      ; - java.net.URLClassLoader$1::run@43
                      ; - java.net.URLClassLoader$1::run@1
                      ; - java.security.AccessController::executePrivileged@29
                      ; - java.security.AccessController::doPrivileged@13
                      ; - java.net.URLClassLoader::findClass@13
  0x0000029bc1e67b28: d4be 76fe 

  0x0000029bc1e67b2c: ;   {other}
  0x0000029bc1e67b2c: 0f1f 8400 | 9c70 008a | ba45 ffff | ff48 8b6c | 2460 4c8b | 5424 284c | 8954 2420 | 4c8b 5424 
  0x0000029bc1e67b4c: 584c 8954 | 2428 4c8b | 5424 504c | 8954 2440 | 4c8b 5424 | 684c 8954 | 2450 4c8b | 9424 8000 
  0x0000029bc1e67b6c: 0000 4c89 | 5424 5844 | 8b5c 247c | 4489 5c24 | 604c 8b94 | 2488 0000 | 004c 8994 | 2480 0000 
  0x0000029bc1e67b8c: 004c 8b94 | 2490 0000 | 004c 8994 | 2488 0000 | 0044 8b54 | 2478 4489 | 5424 6490 

  0x0000029bc1e67ba8: ;   {runtime_call UncommonTrapBlob}
  0x0000029bc1e67ba8: c5f8 77e8 

  0x0000029bc1e67bac: ; ImmutableOopMap {rbp=Oop [32]=Oop [40]=Oop [80]=Oop [88]=Oop [96]=NarrowOop [100]=NarrowOop [112]=Oop [128]=Oop [136]=Oop [152]=Oop }
                      ;*iflt {reexecute=1 rethrow=0 return_oop=0}
                      ; - (reexecute) java.lang.StringConcatHelper::checkOverflow@2
                      ; - java.lang.StringConcatHelper::mix@23
                      ; - java.lang.StringConcatHelper::simpleConcat@46
                      ; - java.lang.String::concat@11
                      ; - java.net.URLClassLoader::isSealed@15
                      ; - java.net.URLClassLoader::getAndVerifyPackage@68
                      ; - java.net.URLClassLoader::defineClass@46
                      ; - java.net.URLClassLoader$1::run@43
                      ; - java.net.URLClassLoader$1::run@1
                      ; - java.security.AccessController::executePrivileged@29
                      ; - java.security.AccessController::doPrivileged@13
                      ; - java.net.URLClassLoader::findClass@13
  0x0000029bc1e67bac: 50be 76fe 

  0x0000029bc1e67bb0: ;   {other}
  0x0000029bc1e67bb0: 0f1f 8400 | 2071 008b | ba45 ffff | ff4c 8b54 | 2460 4c89 | 5424 204c | 8b54 2458 | 4c89 5424 
  0x0000029bc1e67bd0: 304c 8b54 | 2450 4c89 | 5424 484c | 8b54 2468 | 4c89 5424 | 584c 8b94 | 2480 0000 | 004c 8954 
  0x0000029bc1e67bf0: 2460 448b | 5c24 7c44 | 895c 2468 | 448b 5424 | 7844 8954 | 246c 6690 

  0x0000029bc1e67c08: ;   {runtime_call UncommonTrapBlob}
  0x0000029bc1e67c08: c5f8 77e8 

  0x0000029bc1e67c0c: ; ImmutableOopMap {[32]=Oop [40]=Oop [48]=Oop [88]=Oop [96]=Oop [104]=NarrowOop [108]=NarrowOop [112]=Oop [136]=Oop [144]=Oop [152]=Oop }
                      ;*iflt {reexecute=1 rethrow=0 return_oop=0}
                      ; - (reexecute) java.lang.StringConcatHelper::checkOverflow@2
                      ; - java.lang.StringConcatHelper::mix@23
                      ; - java.lang.StringConcatHelper::simpleConcat@54
                      ; - java.lang.String::concat@11
                      ; - java.net.URLClassLoader::isSealed@15
                      ; - java.net.URLClassLoader::getAndVerifyPackage@68
                      ; - java.net.URLClassLoader::defineClass@46
                      ; - java.net.URLClassLoader$1::run@43
                      ; - java.net.URLClassLoader$1::run@1
                      ; - java.security.AccessController::executePrivileged@29
                      ; - java.security.AccessController::doPrivileged@13
                      ; - java.net.URLClassLoader::findClass@13
  0x0000029bc1e67c0c: f0bd 76fe 

  0x0000029bc1e67c10: ;   {other}
  0x0000029bc1e67c10: 0f1f 8400 | 8071 008c | ba45 ffff | ff48 8b6c | 2460 4c8b | 4424 284c | 8944 2420 | 4c8b 4424 
  0x0000029bc1e67c30: 584c 8944 | 2428 4c8b | 4424 504c | 8944 2440 | 4c8b 4424 | 684c 8944 | 2450 448b | 4424 7c44 
  0x0000029bc1e67c50: 8944 2460 | 4c8b 4424 | 704c 8944 | 2468 4c89 | 5c24 7089 | 7c24 6444 | 894c 2478 | 4489 5424 
  0x0000029bc1e67c70: 7c89 8c24 | 8000 0000 | 899c 2484 | 0000 0090 

  0x0000029bc1e67c80: ;   {runtime_call UncommonTrapBlob}
  0x0000029bc1e67c80: c5f8 77e8 

  0x0000029bc1e67c84: ; ImmutableOopMap {rbp=Oop [32]=Oop [40]=Oop [80]=Oop [96]=NarrowOop [100]=NarrowOop [104]=Oop [112]=Oop }
                      ;*ifge {reexecute=1 rethrow=0 return_oop=0}
                      ; - (reexecute) jdk.internal.loader.Resource::getBytes@78
                      ; - jdk.internal.loader.URLClassPath$JarLoader$2::getBytes@1
                      ; - java.net.URLClassLoader::defineClass@179
                      ; - java.net.URLClassLoader$1::run@43
                      ; - java.net.URLClassLoader$1::run@1
                      ; - java.security.AccessController::executePrivileged@29
                      ; - java.security.AccessController::doPrivileged@13
                      ; - java.net.URLClassLoader::findClass@13
  0x0000029bc1e67c84: 78bd 76fe 

  0x0000029bc1e67c88: ;   {other}
  0x0000029bc1e67c88: 0f1f 8400 | f871 008d | ba45 ffff | ff48 8b6c | 2460 4c8b | 5424 284c | 8954 2420 | 4c8b 5424 
  0x0000029bc1e67ca8: 584c 8954 | 2428 4c8b | 5424 504c | 8954 2440 | 4c8b 5424 | 684c 8954 | 2450 448b | 5424 7c44 
  0x0000029bc1e67cc8: 8954 2460 | 4c8b 5424 | 704c 8954 | 2468 448b | 5c24 7844 | 895c 2464 | 448b 9424 | 8000 0000 
  0x0000029bc1e67ce8: 4489 5424 | 7844 8b9c | 2484 0000 | 0044 895c | 247c 8984 | 2484 0000 | 0066 6690 

  0x0000029bc1e67d04: ;   {runtime_call UncommonTrapBlob}
  0x0000029bc1e67d04: c5f8 77e8 

  0x0000029bc1e67d08: ; ImmutableOopMap {rbp=Oop [32]=Oop [40]=Oop [80]=Oop [96]=NarrowOop [100]=NarrowOop [104]=Oop [144]=Oop }
                      ;*ifge {reexecute=1 rethrow=0 return_oop=0}
                      ; - (reexecute) jdk.internal.loader.Resource::getBytes@135
                      ; - jdk.internal.loader.URLClassPath$JarLoader$2::getBytes@1
                      ; - java.net.URLClassLoader::defineClass@179
                      ; - java.net.URLClassLoader$1::run@43
                      ; - java.net.URLClassLoader$1::run@1
                      ; - java.security.AccessController::executePrivileged@29
                      ; - java.security.AccessController::doPrivileged@13
                      ; - java.net.URLClassLoader::findClass@13
  0x0000029bc1e67d08: f4bc 76fe 

  0x0000029bc1e67d0c: ;   {other}
  0x0000029bc1e67d0c: 0f1f 8400 | 7c72 008e | ba45 ffff | ff48 8b6c | 2460 4c8b | 5424 284c | 8954 2420 | 4c8b 5424 
  0x0000029bc1e67d2c: 584c 8954 | 2428 4c8b | 5424 504c | 8954 2440 | 4c8b 5424 | 684c 8954 | 2450 4c8b | 9424 8000 
  0x0000029bc1e67d4c: 0000 4c89 | 5424 5844 | 8b5c 247c | 4489 5c24 | 604c 8b94 | 2488 0000 | 004c 8994 | 2480 0000 
  0x0000029bc1e67d6c: 004c 8b94 | 2490 0000 | 004c 8994 | 2488 0000 | 0044 8b54 | 2478 4489 | 5424 644c | 898c 24a0 
  0x0000029bc1e67d8c: 0000 0090 

  0x0000029bc1e67d90: ;   {runtime_call UncommonTrapBlob}
  0x0000029bc1e67d90: c5f8 77e8 

  0x0000029bc1e67d94: ; ImmutableOopMap {rbp=Oop [32]=Oop [40]=Oop [80]=Oop [88]=Oop [96]=NarrowOop [100]=NarrowOop [112]=Oop [128]=Oop [136]=Oop [152]=Oop }
                      ;*ifge {reexecute=1 rethrow=0 return_oop=0}
                      ; - (reexecute) java.lang.StringConcatHelper::newArray@13
                      ; - java.lang.StringConcatHelper::simpleConcat@61
                      ; - java.lang.String::concat@11
                      ; - java.net.URLClassLoader::isSealed@15
                      ; - java.net.URLClassLoader::getAndVerifyPackage@68
                      ; - java.net.URLClassLoader::defineClass@46
                      ; - java.net.URLClassLoader$1::run@43
                      ; - java.net.URLClassLoader$1::run@1
                      ; - java.security.AccessController::executePrivileged@29
                      ; - java.security.AccessController::doPrivileged@13
                      ; - java.net.URLClassLoader::findClass@13
  0x0000029bc1e67d94: 68bc 76fe 

  0x0000029bc1e67d98: ;   {other}
  0x0000029bc1e67d98: 0f1f 8400 | 0873 008f | 4889 7c24 | 2048 8be9 | 4489 9424 | 8000 0000 

  0x0000029bc1e67db0: ;   {metadata('java/security/CodeSigner'[])}
  0x0000029bc1e67db0: 48ba 98c1 | 07ce 9b02 | 0000 6690 

  0x0000029bc1e67dbc: ;   {runtime_call _new_array_Java}
  0x0000029bc1e67dbc: c5f8 77e8 

  0x0000029bc1e67dc0: ; ImmutableOopMap {rbp=Oop [40]=Oop [48]=Oop [88]=Oop [96]=Oop [104]=Oop [112]=Oop [124]=NarrowOop [128]=NarrowOop [144]=Oop }
                      ;*invokevirtual clone {reexecute=1 rethrow=0 return_oop=1}
                      ; - (reexecute) java.util.jar.JarFile$JarFileEntry::getCodeSigners@70
                      ; - jdk.internal.loader.URLClassPath$JarLoader$2::getCodeSigners@4
                      ; - java.net.URLClassLoader::defineClass@185
                      ; - java.net.URLClassLoader$1::run@43
                      ; - java.net.URLClassLoader$1::run@1
                      ; - java.security.AccessController::executePrivileged@29
                      ; - java.security.AccessController::doPrivileged@13
                      ; - java.net.URLClassLoader::findClass@13
  0x0000029bc1e67dc0: bcae 81fe 

  0x0000029bc1e67dc4: ;   {other}
  0x0000029bc1e67dc4: 0f1f 8400 | 3473 0090 | 448b 9424 | 8000 0000 | 488b cd48 | 8b7c 2420 | 488b d890 | e943 d2ff 
  0x0000029bc1e67de4: ffba deff | ffff 4c8b | 5424 604c | 8954 2420 | 4c8b 5424 | 584c 8954 | 2430 4c8b | 5424 504c 
  0x0000029bc1e67e04: 8954 2448 | 4c8b 5424 | 684c 8954 | 2458 4c8b | 9424 8000 | 0000 4c89 | 5424 6044 | 8b5c 247c 
  0x0000029bc1e67e24: 4489 5c24 | 684c 8b94 | 2488 0000 | 004c 894c | 2478 4c89 | 9424 8000 | 0000 6690 

  0x0000029bc1e67e40: ;   {runtime_call UncommonTrapBlob}
  0x0000029bc1e67e40: c5f8 77e8 

  0x0000029bc1e67e44: ; ImmutableOopMap {rbp=NarrowOop [32]=Oop [40]=Oop [48]=Oop [88]=Oop [96]=Oop [104]=NarrowOop [120]=Oop [128]=Oop [144]=Oop }
                      ;*invokeinterface get {reexecute=0 rethrow=0 return_oop=0}
                      ; - java.util.jar.Attributes::get@5
                      ; - java.util.jar.Attributes::getValue@2
                      ; - java.net.URLClassLoader::isSealed@58
                      ; - java.net.URLClassLoader::getAndVerifyPackage@68
                      ; - java.net.URLClassLoader::defineClass@46
                      ; - java.net.URLClassLoader$1::run@43
                      ; - java.net.URLClassLoader$1::run@1
                      ; - java.security.AccessController::executePrivileged@29
                      ; - java.security.AccessController::doPrivileged@13
                      ; - java.net.URLClassLoader::findClass@13
  0x0000029bc1e67e44: b8bb 76fe 

  0x0000029bc1e67e48: ;   {other}
  0x0000029bc1e67e48: 0f1f 8400 | b873 0091 | baf6 ffff | ff48 8b6c | 2460 4c8b | 5424 284c | 8954 2420 | 4c8b 5424 
  0x0000029bc1e67e68: 584c 8954 | 2428 4c8b | 5424 504c | 8954 2440 | 4c8b 5424 | 684c 8954 | 2450 4c89 | 5c24 6844 
  0x0000029bc1e67e88: 894c 2464 

  0x0000029bc1e67e8c: ;   {runtime_call UncommonTrapBlob}
  0x0000029bc1e67e8c: c5f8 77e8 

  0x0000029bc1e67e90: ; ImmutableOopMap {rbp=Oop [32]=Oop [40]=Oop [80]=Oop [100]=NarrowOop [104]=Oop [124]=NarrowOop }
                      ;*invokevirtual getInputStream {reexecute=0 rethrow=0 return_oop=0}
                      ; - jdk.internal.loader.URLClassPath$JarLoader$2::getInputStream@11
                      ; - jdk.internal.loader.Resource::cachedInputStream@9
                      ; - jdk.internal.loader.Resource::getByteBuffer@1
                      ; - java.net.URLClassLoader::defineClass@132
                      ; - java.net.URLClassLoader$1::run@43
                      ; - java.net.URLClassLoader$1::run@1
                      ; - java.security.AccessController::executePrivileged@29
                      ; - java.security.AccessController::doPrivileged@13
                      ; - java.net.URLClassLoader::findClass@13
  0x0000029bc1e67e90: 6cbb 76fe 

  0x0000029bc1e67e94: ;   {other}
  0x0000029bc1e67e94: 0f1f 8400 | 0474 0092 | baf6 ffff | ff48 8b6c | 2460 4c8b | 5424 284c | 8954 2420 | 4c8b 5424 
  0x0000029bc1e67eb4: 584c 8954 | 2428 4c8b | 5424 504c | 8954 2440 | 4c8b 5424 | 684c 8954 | 2450 448b | 5424 7c44 
  0x0000029bc1e67ed4: 8954 2460 | 4489 4c24 | 6466 6690 

  0x0000029bc1e67ee0: ;   {runtime_call UncommonTrapBlob}
  0x0000029bc1e67ee0: c5f8 77e8 

  0x0000029bc1e67ee4: ; ImmutableOopMap {rbp=Oop [32]=Oop [40]=Oop [80]=Oop [96]=NarrowOop [100]=NarrowOop [112]=Oop }
                      ;*invokevirtual getInputStream {reexecute=0 rethrow=0 return_oop=0}
                      ; - jdk.internal.loader.URLClassPath$JarLoader$2::getInputStream@11
                      ; - jdk.internal.loader.Resource::cachedInputStream@9
                      ; - jdk.internal.loader.Resource::getBytes@1
                      ; - jdk.internal.loader.URLClassPath$JarLoader$2::getBytes@1
                      ; - java.net.URLClassLoader::defineClass@179
                      ; - java.net.URLClassLoader$1::run@43
                      ; - java.net.URLClassLoader$1::run@1
                      ; - java.security.AccessController::executePrivileged@29
                      ; - java.security.AccessController::doPrivileged@13
                      ; - java.net.URLClassLoader::findClass@13
  0x0000029bc1e67ee4: 18bb 76fe 

  0x0000029bc1e67ee8: ;   {other}
  0x0000029bc1e67ee8: 0f1f 8400 | 5874 0093 | 4889 4c24 | 3044 894c | 2424 4489 | 5424 2049 | 8beb 488b | d14c 8d84 
  0x0000029bc1e67f08: 2428 0100 | 004c 8b54 | 2460 4c89 | 5424 3890 

  0x0000029bc1e67f18: ;   {runtime_call _complete_monitor_locking_Java}
  0x0000029bc1e67f18: c5f8 77e8 

  0x0000029bc1e67f1c: ; ImmutableOopMap {rbp=Oop [32]=NarrowOop [36]=NarrowOop [40]=Oop [48]=Oop [56]=Oop [72]=Oop [88]=Oop [96]=Oop [104]=Oop [124]=NarrowOop }
                      ;*synchronization entry
                      ; - java.util.jar.JarFile::getInputStream@-1
                      ; - jdk.internal.loader.URLClassPath$JarLoader$2::getInputStream@11
                      ; - jdk.internal.loader.Resource::cachedInputStream@9
                      ; - jdk.internal.loader.Resource::getByteBuffer@1
                      ; - java.net.URLClassLoader::defineClass@132
                      ; - java.net.URLClassLoader$1::run@43
                      ; - java.net.URLClassLoader$1::run@1
                      ; - java.security.AccessController::executePrivileged@29
                      ; - java.security.AccessController::doPrivileged@13
                      ; - java.net.URLClassLoader::findClass@13
  0x0000029bc1e67f1c: 6007 82fe 

  0x0000029bc1e67f20: ;   {other}
  0x0000029bc1e67f20: 0f1f 8400 | 9074 0094 | 4c8b dd44 | 8b54 2420 | 448b 4c24 | 2448 8b4c | 2430 e9ae | b0ff ff4c 
  0x0000029bc1e67f40: 8944 2430 | 4489 4c24 | 2444 8954 | 2420 488b | 6c24 7049 | 8bd0 4c8d | 8424 2801 | 0000 4c8b 
  0x0000029bc1e67f60: 5424 604c | 8954 2438 

  0x0000029bc1e67f68: ;   {runtime_call _complete_monitor_locking_Java}
  0x0000029bc1e67f68: c5f8 77e8 

  0x0000029bc1e67f6c: ; ImmutableOopMap {rbp=Oop [32]=NarrowOop [36]=NarrowOop [40]=Oop [48]=Oop [56]=Oop [72]=Oop [88]=Oop [96]=Oop [104]=Oop [124]=NarrowOop }
                      ;*synchronization entry
                      ; - java.util.jar.JarFile::getInputStream@-1
                      ; - jdk.internal.loader.URLClassPath$JarLoader$2::getInputStream@11
                      ; - jdk.internal.loader.Resource::cachedInputStream@9
                      ; - jdk.internal.loader.Resource::getBytes@1
                      ; - jdk.internal.loader.URLClassPath$JarLoader$2::getBytes@1
                      ; - java.net.URLClassLoader::defineClass@179
                      ; - java.net.URLClassLoader$1::run@43
                      ; - java.net.URLClassLoader$1::run@1
                      ; - java.security.AccessController::executePrivileged@29
                      ; - java.security.AccessController::doPrivileged@13
                      ; - java.net.URLClassLoader::findClass@13
  0x0000029bc1e67f6c: 1007 82fe 

  0x0000029bc1e67f70: ;   {other}
  0x0000029bc1e67f70: 0f1f 8400 | e074 0095 | 4889 6c24 | 7044 8b54 | 2420 448b | 4c24 244c | 8b44 2430 | e9ce b3ff 
  0x0000029bc1e67f90: ffba 45ff | ffff 488b | 6c24 604c | 8b44 2428 | 4c89 4424 | 204c 8b44 | 2458 4c89 | 4424 284c 
  0x0000029bc1e67fb0: 8b44 2450 | 4c89 4424 | 404c 8b44 | 2468 4c89 | 4424 5044 | 8b44 247c | 4489 4424 | 604c 8b44 
  0x0000029bc1e67fd0: 2470 4c89 | 4424 684c | 895c 2470 | 897c 2464 | 4489 4c24 | 7844 8954 | 247c 6690 

  0x0000029bc1e67fec: ;   {runtime_call UncommonTrapBlob}
  0x0000029bc1e67fec: c5f8 77e8 

  0x0000029bc1e67ff0: ; ImmutableOopMap {rbp=Oop [32]=Oop [40]=Oop [80]=Oop [96]=NarrowOop [100]=NarrowOop [104]=Oop [112]=Oop }
                      ;*if_icmpne {reexecute=1 rethrow=0 return_oop=0}
                      ; - (reexecute) jdk.internal.loader.Resource::getBytes@36
                      ; - jdk.internal.loader.URLClassPath$JarLoader$2::getBytes@1
                      ; - java.net.URLClassLoader::defineClass@179
                      ; - java.net.URLClassLoader$1::run@43
                      ; - java.net.URLClassLoader$1::run@1
                      ; - java.security.AccessController::executePrivileged@29
                      ; - java.security.AccessController::doPrivileged@13
                      ; - java.net.URLClassLoader::findClass@13
  0x0000029bc1e67ff0: 0cba 76fe 

  0x0000029bc1e67ff4: ;   {other}
  0x0000029bc1e67ff4: 0f1f 8400 | 6475 0096 | ba45 ffff | ff48 8b6c | 2460 4c8b | 5424 284c | 8954 2420 | 4c8b 5424 
  0x0000029bc1e68014: 584c 8954 | 2428 4c8b | 5424 504c | 8954 2440 | 4c8b 5424 | 684c 8954 | 2450 4c8b | 5424 7044 
  0x0000029bc1e68034: 8b5c 247c | 4489 5c24 | 604c 8954 | 2468 89bc | 2480 0000 | 0066 6690 

  0x0000029bc1e6804c: ;   {runtime_call UncommonTrapBlob}
  0x0000029bc1e6804c: c5f8 77e8 

  0x0000029bc1e68050: ; ImmutableOopMap {rbp=Oop [32]=Oop [40]=Oop [80]=Oop [96]=NarrowOop [104]=Oop [144]=Oop }
                      ;*ifgt {reexecute=1 rethrow=0 return_oop=0}
                      ; - (reexecute) java.util.zip.CRC32::updateBytesCheck@1
                      ; - java.util.zip.CRC32::updateBytes@3
                      ; - java.util.zip.CRC32::update@31
                      ; - java.util.zip.Checksum::update@5
                      ; - jdk.internal.loader.URLClassPath$JarLoader$2::getBytes@15
                      ; - java.net.URLClassLoader::defineClass@179
                      ; - java.net.URLClassLoader$1::run@43
                      ; - java.net.URLClassLoader$1::run@1
                      ; - java.security.AccessController::executePrivileged@29
                      ; - java.security.AccessController::doPrivileged@13
                      ; - java.net.URLClassLoader::findClass@13
  0x0000029bc1e68050: acb9 76fe 

  0x0000029bc1e68054: ;   {other}
  0x0000029bc1e68054: 0f1f 8400 | c475 0097 | 4d3b dabd | ffff ffff | 7c08 400f | 95c5 400f | b6ed ba45 | ffff ff4c 
  0x0000029bc1e68074: 8b54 2460 | 4c89 5424 | 204c 8b54 | 2458 4c89 | 5424 304c | 8b54 2450 | 4c89 5424 | 484c 8b54 
  0x0000029bc1e68094: 2468 4c89 | 5424 5844 | 8b5c 247c | 4489 5c24 | 6866 6690 

  0x0000029bc1e680a8: ;   {runtime_call UncommonTrapBlob}
  0x0000029bc1e680a8: c5f8 77e8 

  0x0000029bc1e680ac: ; ImmutableOopMap {[32]=Oop [40]=Oop [48]=Oop [88]=Oop [104]=NarrowOop [112]=Oop [144]=Oop }
                      ;*ifeq {reexecute=1 rethrow=0 return_oop=0}
                      ; - (reexecute) jdk.internal.loader.URLClassPath$JarLoader$2::getBytes@30
                      ; - java.net.URLClassLoader::defineClass@179
                      ; - java.net.URLClassLoader$1::run@43
                      ; - java.net.URLClassLoader$1::run@1
                      ; - java.security.AccessController::executePrivileged@29
                      ; - java.security.AccessController::doPrivileged@13
                      ; - java.net.URLClassLoader::findClass@13
  0x0000029bc1e680ac: 50b9 76fe 

  0x0000029bc1e680b0: ;   {other}
  0x0000029bc1e680b0: 0f1f 8400 | 2076 0098 | 41b9 0100 | 0000 ba45 | ffff ff48 | 8b6c 2460 | 4c8b 5424 | 284c 8954 
  0x0000029bc1e680d0: 2420 4c8b | 5424 584c | 8954 2428 | 4c8b 5424 | 504c 8954 | 2440 4c8b | 5424 684c | 8954 2450 
  0x0000029bc1e680f0: 4c8b 5424 | 704c 8954 | 2468 4489 | 4c24 6490 

  0x0000029bc1e68100: ;   {runtime_call UncommonTrapBlob}
  0x0000029bc1e68100: c5f8 77e8 

  0x0000029bc1e68104: ; ImmutableOopMap {rbp=Oop [32]=Oop [40]=Oop [80]=Oop [104]=Oop [124]=NarrowOop [144]=Oop }
                      ;*ifeq {reexecute=1 rethrow=0 return_oop=0}
                      ; - (reexecute) jdk.internal.loader.Resource::getBytes@199
                      ; - jdk.internal.loader.URLClassPath$JarLoader$2::getBytes@1
                      ; - java.net.URLClassLoader::defineClass@179
                      ; - java.net.URLClassLoader$1::run@43
                      ; - java.net.URLClassLoader$1::run@1
                      ; - java.security.AccessController::executePrivileged@29
                      ; - java.security.AccessController::doPrivileged@13
                      ; - java.net.URLClassLoader::findClass@13
  0x0000029bc1e68104: f8b8 76fe 

  0x0000029bc1e68108: ;   {other}
  0x0000029bc1e68108: 0f1f 8400 | 7876 0099 | ba45 ffff | ff48 8b6c | 2460 4c8b | 4424 284c | 8944 2420 | 4c8b 4424 
  0x0000029bc1e68128: 584c 8944 | 2428 4c8b | 4424 504c | 8944 2440 | 4c8b 4424 | 684c 8944 | 2450 4c89 | 5424 6848 
  0x0000029bc1e68148: 895c 2478 | 4489 5c24 | 7466 6690 

  0x0000029bc1e68154: ;   {runtime_call UncommonTrapBlob}
  0x0000029bc1e68154: c5f8 77e8 

  0x0000029bc1e68158: ; ImmutableOopMap {rbp=Oop [32]=Oop [40]=Oop [80]=Oop [104]=Oop [116]=NarrowOop [120]=Oop [144]=Oop }
                      ;*ifnull {reexecute=1 rethrow=0 return_oop=0}
                      ; - (reexecute) java.security.CodeSource::<init>@25
                      ; - java.net.URLClassLoader::defineClass@198
                      ; - java.net.URLClassLoader$1::run@43
                      ; - java.net.URLClassLoader$1::run@1
                      ; - java.security.AccessController::executePrivileged@29
                      ; - java.security.AccessController::doPrivileged@13
                      ; - java.net.URLClassLoader::findClass@13
  0x0000029bc1e68158: a4b8 76fe 

  0x0000029bc1e6815c: ;   {other}
  0x0000029bc1e6815c: 0f1f 8400 | cc76 009a | ba45 ffff | ff4c 8b54 | 2460 4c89 | 5424 204c | 8b54 2458 | 4c89 5424 
  0x0000029bc1e6817c: 304c 8b54 | 2468 4c89 | 5424 504c | 8b54 2470 | 4c89 5424 | 5848 897c | 2460 4c89 | 4424 6844 
  0x0000029bc1e6819c: 894c 2474 

  0x0000029bc1e681a0: ;   {runtime_call UncommonTrapBlob}
  0x0000029bc1e681a0: c5f8 77e8 

  0x0000029bc1e681a4: ; ImmutableOopMap {rbp=NarrowOop [32]=Oop [40]=Oop [48]=Oop [80]=Oop [88]=Oop [96]=Oop [116]=NarrowOop }
                      ;*ifnull {reexecute=1 rethrow=0 return_oop=0}
                      ; - (reexecute) java.nio.Buffer::session@4
                      ; - java.nio.DirectLongBufferU::get@4
                      ; - jdk.internal.perf.PerfCounter::get@5
                      ; - jdk.internal.perf.PerfCounter::add@1
                      ; - jdk.internal.perf.PerfCounter::addElapsedTimeFrom@6
                      ; - java.net.URLClassLoader::defineClass@207
                      ; - java.net.URLClassLoader$1::run@43
                      ; - java.net.URLClassLoader$1::run@1
                      ; - java.security.AccessController::executePrivileged@29
                      ; - java.security.AccessController::doPrivileged@13
                      ; - java.net.URLClassLoader::findClass@13
  0x0000029bc1e681a4: 58b8 76fe 

  0x0000029bc1e681a8: ;   {other}
  0x0000029bc1e681a8: 0f1f 8400 | 1877 009b | ba45 ffff | ff4c 8b54 | 2430 4c89 | 5424 204c | 8b54 2458 | 4c89 5424 
  0x0000029bc1e681c8: 304c 8b54 | 2450 4c89 | 5424 484c | 8b54 2468 | 4c89 5424 | 584c 8944 | 2470 6690 

  0x0000029bc1e681e4: ;   {runtime_call UncommonTrapBlob}
  0x0000029bc1e681e4: c5f8 77e8 

  0x0000029bc1e681e8: ; ImmutableOopMap {rbp=NarrowOop [32]=Oop [40]=Oop [48]=Oop [88]=Oop [112]=Oop [124]=NarrowOop [144]=Oop }
                      ;*ifnull {reexecute=1 rethrow=0 return_oop=0}
                      ; - (reexecute) java.util.jar.JarFile$JarFileEntry::getCodeSigners@34
                      ; - jdk.internal.loader.URLClassPath$JarLoader$2::getCodeSigners@4
                      ; - java.net.URLClassLoader::defineClass@185
                      ; - java.net.URLClassLoader$1::run@43
                      ; - java.net.URLClassLoader$1::run@1
                      ; - java.security.AccessController::executePrivileged@29
                      ; - java.security.AccessController::doPrivileged@13
                      ; - java.net.URLClassLoader::findClass@13
  0x0000029bc1e681e8: 14b8 76fe 

  0x0000029bc1e681ec: ;   {other}
  0x0000029bc1e681ec: 0f1f 8400 | 5c77 009c | 498b cb48 | 8d94 2428 | 0100 004d | 8bc7 c5f8 | 7749 bab0 | cf05 defa 
  0x0000029bc1e6820c: 7f00 0041 

  0x0000029bc1e68210: ;   {other}
  0x0000029bc1e68210: ffd2 0f1f | 8400 0000 | 0000 e9f4 | aeff ff49 | 8bcb 488d | 9424 2801 | 0000 4d8b | c7c5 f877 
  0x0000029bc1e68230: 49ba b0cf | 05de fa7f | 0000 41ff 

  0x0000029bc1e6823c: ;   {other}
  0x0000029bc1e6823c: d20f 1f84 | 0000 0000 | 00e9 21b2 | ffff baf6 | ffff ff48 | 8b6c 2460 | 4c8b 5424 | 284c 8954 
  0x0000029bc1e6825c: 2420 4c8b | 5424 584c | 8954 2428 | 4c8b 5424 | 504c 8954 | 2440 4c8b | 5424 684c | 8954 2450 
  0x0000029bc1e6827c: 4c8b 5424 | 704c 8954 | 2468 4c89 | 5c24 7044 | 894c 2464 

  0x0000029bc1e68290: ;   {runtime_call UncommonTrapBlob}
  0x0000029bc1e68290: c5f8 77e8 

  0x0000029bc1e68294: ; ImmutableOopMap {rbp=Oop [32]=Oop [40]=Oop [80]=Oop [104]=Oop [112]=Oop [124]=NarrowOop }
                      ;*invokevirtual close {reexecute=0 rethrow=0 return_oop=0}
                      ; - jdk.internal.loader.Resource::getBytes@183
                      ; - jdk.internal.loader.URLClassPath$JarLoader$2::getBytes@1
                      ; - java.net.URLClassLoader::defineClass@179
                      ; - java.net.URLClassLoader$1::run@43
                      ; - java.net.URLClassLoader$1::run@1
                      ; - java.security.AccessController::executePrivileged@29
                      ; - java.security.AccessController::doPrivileged@13
                      ; - java.net.URLClassLoader::findClass@13
  0x0000029bc1e68294: 68b7 76fe 

  0x0000029bc1e68298: ;   {other}
  0x0000029bc1e68298: 0f1f 8400 | 0878 009d | ba45 ffff | ff48 8b6c | 2460 4c8b | 5424 284c | 8954 2420 | 4c8b 5424 
  0x0000029bc1e682b8: 584c 8954 | 2428 4c8b | 5424 504c | 8954 2440 | 4c8b 5424 | 684c 8954 | 2450 4c8b | 9424 8000 
  0x0000029bc1e682d8: 0000 4c89 | 5424 5844 | 8b54 247c | 4489 5424 | 604c 8b94 | 2488 0000 | 004c 894c | 2470 4c89 
  0x0000029bc1e682f8: 5424 784c | 8984 2488 | 0000 0044 | 895c 2464 

  0x0000029bc1e68308: ;   {runtime_call UncommonTrapBlob}
  0x0000029bc1e68308: c5f8 77e8 

  0x0000029bc1e6830c: ; ImmutableOopMap {rbp=Oop [32]=Oop [40]=Oop [80]=Oop [88]=Oop [96]=NarrowOop [112]=Oop [120]=Oop [136]=Oop [144]=Oop }
                      ;*ifle {reexecute=1 rethrow=0 return_oop=0}
                      ; - (reexecute) java.util.HashMap::getNode@14
                      ; - java.util.LinkedHashMap::get@2
                      ; - java.util.jar.Attributes::get@5
                      ; - java.util.jar.Attributes::getValue@2
                      ; - java.net.URLClassLoader::isSealed@58
                      ; - java.net.URLClassLoader::getAndVerifyPackage@68
                      ; - java.net.URLClassLoader::defineClass@46
                      ; - java.net.URLClassLoader$1::run@43
                      ; - java.net.URLClassLoader$1::run@1
                      ; - java.security.AccessController::executePrivileged@29
                      ; - java.security.AccessController::doPrivileged@13
                      ; - java.net.URLClassLoader::findClass@13
  0x0000029bc1e6830c: f0b6 76fe 

  0x0000029bc1e68310: ;   {other}
  0x0000029bc1e68310: 0f1f 8400 | 8078 009e | ba45 ffff | ff48 8b6c | 2460 4c8b | 5c24 284c | 895c 2420 | 4c8b 5c24 
  0x0000029bc1e68330: 584c 895c | 2428 4c8b | 5c24 504c | 895c 2440 | 4c8b 5c24 | 684c 895c | 2450 4c8b | 9c24 8000 
  0x0000029bc1e68350: 0000 4c89 | 5c24 5844 | 8b5c 247c | 4489 5c24 | 604c 8b9c | 2488 0000 | 004c 895c | 2478 4c8b 
  0x0000029bc1e68370: 9c24 9000 | 0000 4c89 | 9c24 8000 | 0000 4c89 | 8c24 8800 | 0000 4c89 | 8c24 9000 | 0000 4889 
  0x0000029bc1e68390: 8c24 a000 | 0000 4489 | 5424 6489 | bc24 a800 | 0000 6690 

  0x0000029bc1e683a4: ;   {runtime_call UncommonTrapBlob}
  0x0000029bc1e683a4: c5f8 77e8 

  0x0000029bc1e683a8: ; ImmutableOopMap {rbp=Oop [32]=Oop [40]=Oop [80]=Oop [88]=Oop [96]=NarrowOop [100]=NarrowOop [120]=Oop [128]=Oop [136]=Oop [144]=Oop [160]=Oop }
                      ;*ifeq {reexecute=1 rethrow=0 return_oop=0}
                      ; - (reexecute) java.util.HashMap::getNode@85
                      ; - java.util.HashMap::get@2
                      ; - java.util.jar.Manifest::getAttributes@5
                      ; - java.util.jar.Manifest::getTrustedAttributes@2
                      ; - java.util.jar.JavaUtilJarAccessImpl::getTrustedAttributes@2
                      ; - java.net.URLClassLoader::isSealed@18
                      ; - java.net.URLClassLoader::getAndVerifyPackage@68
                      ; - java.net.URLClassLoader::defineClass@46
                      ; - java.net.URLClassLoader$1::run@43
                      ; - java.net.URLClassLoader$1::run@1
                      ; - java.security.AccessController::executePrivileged@29
                      ; - java.security.AccessController::doPrivileged@13
                      ; - java.net.URLClassLoader::findClass@13
  0x0000029bc1e683a8: 54b6 76fe 

  0x0000029bc1e683ac: ;   {other}
  0x0000029bc1e683ac: 0f1f 8400 | 1c79 009f | ba45 ffff | ff48 8b6c | 2460 4c8b | 4424 284c | 8944 2420 | 4c8b 4424 
  0x0000029bc1e683cc: 584c 8944 | 2428 4c8b | 4424 504c | 8944 2440 | 4c8b 4424 | 684c 8944 | 2450 448b | 4424 7c44 
  0x0000029bc1e683ec: 8944 2460 | 4c89 5c24 | 684c 895c | 2470 4489 | 9424 8400 | 0000 4489 | 8c24 8800 | 0000 4489 
  0x0000029bc1e6840c: 8c24 8c00 | 0000 6690 

  0x0000029bc1e68414: ;   {runtime_call UncommonTrapBlob}
  0x0000029bc1e68414: c5f8 77e8 

  0x0000029bc1e68418: ; ImmutableOopMap {rbp=Oop [32]=Oop [40]=Oop [80]=Oop [96]=NarrowOop [104]=Oop [112]=Oop [132]=NarrowOop [136]=NarrowOop [140]=NarrowOop }
                      ;*ifnonnull {reexecute=1 rethrow=0 return_oop=0}
                      ; - (reexecute) java.util.Objects::requireNonNull@1
                      ; - java.util.jar.JarFile::getInputStream@4
                      ; - jdk.internal.loader.URLClassPath$JarLoader$2::getInputStream@11
                      ; - jdk.internal.loader.Resource::cachedInputStream@9
                      ; - jdk.internal.loader.Resource::getByteBuffer@1
                      ; - java.net.URLClassLoader::defineClass@132
                      ; - java.net.URLClassLoader$1::run@43
                      ; - java.net.URLClassLoader$1::run@1
                      ; - java.security.AccessController::executePrivileged@29
                      ; - java.security.AccessController::doPrivileged@13
                      ; - java.net.URLClassLoader::findClass@13
  0x0000029bc1e68418: e4b5 76fe 

  0x0000029bc1e6841c: ;   {other}
  0x0000029bc1e6841c: 0f1f 8400 | 8c79 00a0 | ba45 ffff | ff48 8b6c | 2460 4c8b | 5c24 284c | 895c 2420 | 4c8b 5c24 
  0x0000029bc1e6843c: 584c 895c | 2428 4c8b | 5c24 504c | 895c 2440 | 4c8b 5c24 | 684c 895c | 2450 448b | 5c24 7c44 
  0x0000029bc1e6845c: 895c 2460 | 4489 9424 | 9400 0000 | 4489 8c24 | 9800 0000 | 4489 8c24 | 9c00 0000 

  0x0000029bc1e68478: ;   {runtime_call UncommonTrapBlob}
  0x0000029bc1e68478: c5f8 77e8 

  0x0000029bc1e6847c: ; ImmutableOopMap {rbp=Oop [32]=Oop [40]=Oop [80]=Oop [96]=NarrowOop [112]=Oop [148]=NarrowOop [152]=NarrowOop [156]=NarrowOop }
                      ;*ifnonnull {reexecute=1 rethrow=0 return_oop=0}
                      ; - (reexecute) java.util.Objects::requireNonNull@1
                      ; - java.util.jar.JarFile::getInputStream@4
                      ; - jdk.internal.loader.URLClassPath$JarLoader$2::getInputStream@11
                      ; - jdk.internal.loader.Resource::cachedInputStream@9
                      ; - jdk.internal.loader.Resource::getBytes@1
                      ; - jdk.internal.loader.URLClassPath$JarLoader$2::getBytes@1
                      ; - java.net.URLClassLoader::defineClass@179
                      ; - java.net.URLClassLoader$1::run@43
                      ; - java.net.URLClassLoader$1::run@1
                      ; - java.security.AccessController::executePrivileged@29
                      ; - java.security.AccessController::doPrivileged@13
                      ; - java.net.URLClassLoader::findClass@13
  0x0000029bc1e6847c: 80b5 76fe 

  0x0000029bc1e68480: ;   {other}
  0x0000029bc1e68480: 0f1f 8400 | f079 00a1 | bac6 ffff | ff48 8b6c | 2460 4c8b | 5424 284c | 8954 2420 | 4c8b 5424 
  0x0000029bc1e684a0: 584c 8954 | 2428 4c8b | 5424 504c | 8954 2440 | 4c8b 5424 | 684c 8954 | 2450 4c8b | 5424 7044 
  0x0000029bc1e684c0: 8b5c 247c | 4489 5c24 | 604c 8954 | 2468 448b | 9c24 8000 | 0000 4489 | 5c24 7c44 | 8b94 2484 
  0x0000029bc1e684e0: 0000 0044 | 8994 2480 | 0000 0048 | 899c 2490 | 0000 0090 

  0x0000029bc1e684f4: ;   {runtime_call UncommonTrapBlob}
  0x0000029bc1e684f4: c5f8 77e8 

  0x0000029bc1e684f8: ; ImmutableOopMap {rbp=Oop [32]=Oop [40]=Oop [80]=Oop [96]=NarrowOop [104]=Oop [120]=NarrowOop [144]=Oop }
                      ;*invokevirtual read {reexecute=0 rethrow=0 return_oop=0}
                      ; - jdk.internal.loader.Resource::getBytes@117
                      ; - jdk.internal.loader.URLClassPath$JarLoader$2::getBytes@1
                      ; - java.net.URLClassLoader::defineClass@179
                      ; - java.net.URLClassLoader$1::run@43
                      ; - java.net.URLClassLoader$1::run@1
                      ; - java.security.AccessController::executePrivileged@29
                      ; - java.security.AccessController::doPrivileged@13
                      ; - java.net.URLClassLoader::findClass@13
  0x0000029bc1e684f8: 04b5 76fe 

  0x0000029bc1e684fc: ;   {other}
  0x0000029bc1e684fc: 0f1f 8400 | 6c7a 00a2 | bade ffff | ff4c 8b54 | 2460 4c89 | 5424 204c | 8b54 2458 | 4c89 5424 
  0x0000029bc1e6851c: 304c 8b54 | 2450 4c89 | 5424 484c | 8b54 2468 | 4c89 5424 | 5844 8b54 | 247c 4489 | 5424 6844 
  0x0000029bc1e6853c: 8b9c 2480 | 0000 0044 | 895c 246c | 448b 9424 | 8400 0000 | 4489 9424 | 8000 0000 

  0x0000029bc1e68558: ;   {runtime_call UncommonTrapBlob}
  0x0000029bc1e68558: c5f8 77e8 

  0x0000029bc1e6855c: ; ImmutableOopMap {rbp=NarrowOop [32]=Oop [40]=Oop [48]=Oop [88]=Oop [104]=NarrowOop [112]=Oop [144]=Oop [152]=Oop }
                      ;*invokevirtual read {reexecute=0 rethrow=0 return_oop=0}
                      ; - java.util.jar.JarVerifier$VerifierStream::read@45
                      ; - jdk.internal.loader.Resource::getBytes@117
                      ; - jdk.internal.loader.URLClassPath$JarLoader$2::getBytes@1
                      ; - java.net.URLClassLoader::defineClass@179
                      ; - java.net.URLClassLoader$1::run@43
                      ; - java.net.URLClassLoader$1::run@1
                      ; - java.security.AccessController::executePrivileged@29
                      ; - java.security.AccessController::doPrivileged@13
                      ; - java.net.URLClassLoader::findClass@13
  0x0000029bc1e6855c: a0b4 76fe 

  0x0000029bc1e68560: ;   {other}
  0x0000029bc1e68560: 0f1f 8400 | d07a 00a3 | ba45 ffff | ff48 8b6c | 2460 4c8b | 5c24 284c | 895c 2420 | 4c8b 5c24 
  0x0000029bc1e68580: 584c 895c | 2428 4c8b | 5c24 504c | 895c 2440 | 4c8b 5c24 | 684c 895c | 2450 4c8b | 9c24 8000 
  0x0000029bc1e685a0: 0000 4c89 | 5c24 5844 | 8b5c 247c | 4489 5c24 | 604c 8b9c | 2488 0000 | 004c 894c | 2470 4c89 
  0x0000029bc1e685c0: 5c24 784c | 8b9c 2490 | 0000 004c | 899c 2480 | 0000 004c | 8984 2488 | 0000 0089 | 5c24 6444 
  0x0000029bc1e685e0: 8994 2490 | 0000 0090 

  0x0000029bc1e685e8: ;   {runtime_call UncommonTrapBlob}
  0x0000029bc1e685e8: c5f8 77e8 

  0x0000029bc1e685ec: ; ImmutableOopMap {rbp=Oop [32]=Oop [40]=Oop [80]=Oop [88]=Oop [96]=NarrowOop [100]=NarrowOop [112]=Oop [120]=Oop [128]=Oop [136]=Oop }
                      ;*ifeq {reexecute=1 rethrow=0 return_oop=0}
                      ; - (reexecute) java.util.HashMap::getNode@85
                      ; - java.util.LinkedHashMap::get@2
                      ; - java.util.jar.Attributes::get@5
                      ; - java.util.jar.Attributes::getValue@2
                      ; - java.net.URLClassLoader::isSealed@58
                      ; - java.net.URLClassLoader::getAndVerifyPackage@68
                      ; - java.net.URLClassLoader::defineClass@46
                      ; - java.net.URLClassLoader$1::run@43
                      ; - java.net.URLClassLoader$1::run@1
                      ; - java.security.AccessController::executePrivileged@29
                      ; - java.security.AccessController::doPrivileged@13
                      ; - java.net.URLClassLoader::findClass@13
  0x0000029bc1e685ec: 10b4 76fe 

  0x0000029bc1e685f0: ;   {other}
  0x0000029bc1e685f0: 0f1f 8400 | 607b 00a4 | bae4 ffff | ff4c 8b54 | 2460 4c89 | 5424 204c | 8b54 2458 | 4c89 5424 
  0x0000029bc1e68610: 304c 8b54 | 2450 4c89 | 5424 484c | 8b54 2468 | 4c89 5424 | 5844 8b54 | 247c 4489 | 5424 684c 
  0x0000029bc1e68630: 8b94 2490 | 0000 004c | 8954 2478 | 448b 9c24 | 8000 0000 | 4489 5c24 | 6c44 8b94 | 2484 0000 
  0x0000029bc1e68650: 0044 8994 | 2480 0000 | 0044 898c | 24c4 0000 | 0089 9c24 | c800 0000 | 899c 24cc | 0000 0090 
  0x0000029bc1e68670: ;   {runtime_call UncommonTrapBlob}
  0x0000029bc1e68670: c5f8 77e8 

  0x0000029bc1e68674: ; ImmutableOopMap {[32]=Oop [40]=Oop [48]=Oop [88]=Oop [104]=NarrowOop [112]=Oop [120]=Oop [152]=Oop [160]=NarrowOop [196]=NarrowOop }
                      ;*invokestatic checkIndex {reexecute=0 rethrow=0 return_oop=0}
                      ; - java.util.Objects::checkIndex@3
                      ; - java.util.ArrayList::get@5
                      ; - sun.security.util.ManifestEntryVerifier::update@29
                      ; - java.util.jar.JarVerifier::update@30
                      ; - java.util.jar.JarVerifier$VerifierStream::read@63
                      ; - jdk.internal.loader.Resource::getBytes@117
                      ; - jdk.internal.loader.URLClassPath$JarLoader$2::getBytes@1
                      ; - java.net.URLClassLoader::defineClass@179
                      ; - java.net.URLClassLoader$1::run@43
                      ; - java.net.URLClassLoader$1::run@1
                      ; - java.security.AccessController::executePrivileged@29
                      ; - java.security.AccessController::doPrivileged@13
                      ; - java.net.URLClassLoader::findClass@13
  0x0000029bc1e68674: 88b3 76fe 

  0x0000029bc1e68678: ;   {other}
  0x0000029bc1e68678: 0f1f 8400 | e87b 00a5 | bae4 ffff | ff48 8b6c | 2460 4c8b | 5424 284c | 8954 2420 | 4c8b 5424 
  0x0000029bc1e68698: 584c 8954 | 2428 4c8b | 5424 504c | 8954 2440 | 4c8b 5424 | 684c 8954 | 2450 448b | 5424 7c44 
  0x0000029bc1e686b8: 8954 2460 | 4c8b 5424 | 704c 8954 | 2468 4c8b | 9424 9000 | 0000 4c89 | 5424 7044 | 8b9c 2480 
  0x0000029bc1e686d8: 0000 0044 | 895c 2464 | 448b 9424 | 8400 0000 | 4489 9424 | 8000 0000 | 899c 24bc | 0000 0044 
  0x0000029bc1e686f8: 8984 24c0 | 0000 0090 

  0x0000029bc1e68700: ;   {runtime_call UncommonTrapBlob}
  0x0000029bc1e68700: c5f8 77e8 

  0x0000029bc1e68704: ; ImmutableOopMap {rbp=Oop [32]=Oop [40]=Oop [80]=Oop [96]=NarrowOop [104]=Oop [112]=Oop [152]=Oop [160]=NarrowOop [192]=NarrowOop }
                      ;*aaload {reexecute=0 rethrow=0 return_oop=0}
                      ; - java.util.ArrayList::elementData@5
                      ; - java.util.ArrayList::get@11
                      ; - sun.security.util.ManifestEntryVerifier::update@29
                      ; - java.util.jar.JarVerifier::update@30
                      ; - java.util.jar.JarVerifier$VerifierStream::read@63
                      ; - jdk.internal.loader.Resource::getBytes@117
                      ; - jdk.internal.loader.URLClassPath$JarLoader$2::getBytes@1
                      ; - java.net.URLClassLoader::defineClass@179
                      ; - java.net.URLClassLoader$1::run@43
                      ; - java.net.URLClassLoader$1::run@1
                      ; - java.security.AccessController::executePrivileged@29
                      ; - java.security.AccessController::doPrivileged@13
                      ; - java.net.URLClassLoader::findClass@13
  0x0000029bc1e68704: f8b2 76fe 

  0x0000029bc1e68708: ;   {other}
  0x0000029bc1e68708: 0f1f 8400 | 787c 00a6 | bacc ffff | ff4c 8b54 | 2460 4c89 | 5424 204c | 8b54 2458 | 4c89 5424 
  0x0000029bc1e68728: 304c 8b54 | 2450 4c89 | 5424 484c | 8b54 2468 | 4c89 5424 | 5844 8b54 | 247c 4489 | 5424 684c 
  0x0000029bc1e68748: 8b94 2490 | 0000 004c | 8954 2478 | 448b 9c24 | 8000 0000 | 4489 5c24 | 6c44 8b94 | 2484 0000 
  0x0000029bc1e68768: 0044 8994 | 2480 0000 | 0044 898c | 24c4 0000 | 0089 9c24 | c800 0000 | 899c 24cc | 0000 0090 
  0x0000029bc1e68788: ;   {runtime_call UncommonTrapBlob}
  0x0000029bc1e68788: c5f8 77e8 

  0x0000029bc1e6878c: ; ImmutableOopMap {[32]=Oop [40]=Oop [48]=Oop [88]=Oop [104]=NarrowOop [112]=Oop [120]=Oop [152]=Oop [160]=NarrowOop [196]=NarrowOop }
                      ;*invokestatic checkIndex {reexecute=0 rethrow=0 return_oop=0}
                      ; - java.util.Objects::checkIndex@3
                      ; - java.util.ArrayList::get@5
                      ; - sun.security.util.ManifestEntryVerifier::update@29
                      ; - java.util.jar.JarVerifier::update@30
                      ; - java.util.jar.JarVerifier$VerifierStream::read@63
                      ; - jdk.internal.loader.Resource::getBytes@117
                      ; - jdk.internal.loader.URLClassPath$JarLoader$2::getBytes@1
                      ; - java.net.URLClassLoader::defineClass@179
                      ; - java.net.URLClassLoader$1::run@43
                      ; - java.net.URLClassLoader$1::run@1
                      ; - java.security.AccessController::executePrivileged@29
                      ; - java.security.AccessController::doPrivileged@13
                      ; - java.net.URLClassLoader::findClass@13
  0x0000029bc1e6878c: 70b2 76fe 

  0x0000029bc1e68790: ;   {other}
  0x0000029bc1e68790: 0f1f 8400 | 007d 00a7 | baf6 ffff | ff48 8b6c | 2460 4c8b | 5424 284c | 8954 2420 | 4c8b 5424 
  0x0000029bc1e687b0: 584c 8954 | 2428 4c8b | 5424 504c | 8954 2440 | 4c8b 5424 | 684c 8954 | 2450 4c8b | 5424 704c 
  0x0000029bc1e687d0: 8954 2458 | 448b 5424 | 7c44 8954 | 2460 4489 | 5c24 644c | 8944 2478 

  0x0000029bc1e687e8: ;   {runtime_call UncommonTrapBlob}
  0x0000029bc1e687e8: c5f8 77e8 

  0x0000029bc1e687ec: ; ImmutableOopMap {rbp=Oop [32]=Oop [40]=Oop [80]=Oop [88]=Oop [96]=NarrowOop [100]=NarrowOop [120]=Oop [128]=Oop }
                      ;*invokevirtual beginEntry {reexecute=0 rethrow=0 return_oop=0}
                      ; - java.util.jar.JarVerifier$VerifierStream::<init>@47
                      ; - java.util.jar.JarFile::getInputStream@84
                      ; - jdk.internal.loader.URLClassPath$JarLoader$2::getInputStream@11
                      ; - jdk.internal.loader.Resource::cachedInputStream@9
                      ; - jdk.internal.loader.Resource::getByteBuffer@1
                      ; - java.net.URLClassLoader::defineClass@132
                      ; - java.net.URLClassLoader$1::run@43
                      ; - java.net.URLClassLoader$1::run@1
                      ; - java.security.AccessController::executePrivileged@29
                      ; - java.security.AccessController::doPrivileged@13
                      ; - java.net.URLClassLoader::findClass@13
  0x0000029bc1e687ec: 10b2 76fe 

  0x0000029bc1e687f0: ;   {other}
  0x0000029bc1e687f0: 0f1f 8400 | 607d 00a8 | baf6 ffff | ff48 8b6c | 2460 4c8b | 5424 284c | 8954 2420 | 4c8b 5424 
  0x0000029bc1e68810: 584c 8954 | 2428 4c8b | 5424 504c | 8954 2440 | 4c8b 5424 | 684c 8954 | 2450 448b | 5424 7c44 
  0x0000029bc1e68830: 8954 2460 | 4489 5c24 | 644c 8984 | 2488 0000 | 0066 6690 

  0x0000029bc1e68844: ;   {runtime_call UncommonTrapBlob}
  0x0000029bc1e68844: c5f8 77e8 

  0x0000029bc1e68848: ; ImmutableOopMap {rbp=Oop [32]=Oop [40]=Oop [80]=Oop [96]=NarrowOop [100]=NarrowOop [112]=Oop [128]=Oop [136]=Oop }
                      ;*invokevirtual beginEntry {reexecute=0 rethrow=0 return_oop=0}
                      ; - java.util.jar.JarVerifier$VerifierStream::<init>@47
                      ; - java.util.jar.JarFile::getInputStream@84
                      ; - jdk.internal.loader.URLClassPath$JarLoader$2::getInputStream@11
                      ; - jdk.internal.loader.Resource::cachedInputStream@9
                      ; - jdk.internal.loader.Resource::getBytes@1
                      ; - jdk.internal.loader.URLClassPath$JarLoader$2::getBytes@1
                      ; - java.net.URLClassLoader::defineClass@179
                      ; - java.net.URLClassLoader$1::run@43
                      ; - java.net.URLClassLoader$1::run@1
                      ; - java.security.AccessController::executePrivileged@29
                      ; - java.security.AccessController::doPrivileged@13
                      ; - java.net.URLClassLoader::findClass@13
  0x0000029bc1e68848: b4b1 76fe 

  0x0000029bc1e6884c: ;   {other}
  0x0000029bc1e6884c: 0f1f 8400 | bc7d 00a9 | 498b db49 | 8bc8 488d | 9424 2801 | 0000 4d8b | c7c5 f877 | 49ba b0cf 
  0x0000029bc1e6886c: 05de fa7f | 0000 41ff 

  0x0000029bc1e68874: ;   {other}
  0x0000029bc1e68874: d20f 1f84 | 0000 0000 | 004c 8bdb | e944 c2ff | ffba c6ff | ffff 488b | 6c24 604c | 8b54 2428 
  0x0000029bc1e68894: 4c89 5424 | 204c 8b54 | 2458 4c89 | 5424 284c | 8b54 2450 | 4c89 5424 | 404c 8b54 | 2468 4c89 
  0x0000029bc1e688b4: 5424 504c | 8b54 2470 | 4c89 5424 | 6844 894c | 2464 897c | 2478 6690 

  0x0000029bc1e688cc: ;   {runtime_call UncommonTrapBlob}
  0x0000029bc1e688cc: c5f8 77e8 

  0x0000029bc1e688d0: ; ImmutableOopMap {rbp=Oop [32]=Oop [40]=Oop [80]=Oop [104]=Oop [120]=NarrowOop [124]=NarrowOop [144]=Oop }
                      ;*invokevirtual close {reexecute=0 rethrow=0 return_oop=0}
                      ; - jdk.internal.loader.Resource::getBytes@183
                      ; - jdk.internal.loader.URLClassPath$JarLoader$2::getBytes@1
                      ; - java.net.URLClassLoader::defineClass@179
                      ; - java.net.URLClassLoader$1::run@43
                      ; - java.net.URLClassLoader$1::run@1
                      ; - java.security.AccessController::executePrivileged@29
                      ; - java.security.AccessController::doPrivileged@13
                      ; - java.net.URLClassLoader::findClass@13
  0x0000029bc1e688d0: 2cb1 76fe 

  0x0000029bc1e688d4: ;   {other}
  0x0000029bc1e688d4: 0f1f 8400 | 447e 00aa | baf6 ffff | ff4c 8b54 | 2460 4c89 | 5424 204c | 8b54 2458 | 4c89 5424 
  0x0000029bc1e688f4: 304c 8b54 | 2450 4c89 | 5424 484c | 8b54 2468 | 4c89 5424 | 5844 8b5c | 247c 4489 | 5c24 6844 
  0x0000029bc1e68914: 8b94 2480 | 0000 0044 | 8954 246c | 448b 9c24 | 8400 0000 | 4489 9c24 | 8000 0000 

  0x0000029bc1e68930: ;   {runtime_call UncommonTrapBlob}
  0x0000029bc1e68930: c5f8 77e8 

  0x0000029bc1e68934: ; ImmutableOopMap {rbp=NarrowOop [32]=Oop [40]=Oop [48]=Oop [88]=Oop [104]=NarrowOop [112]=Oop [144]=Oop [152]=Oop }
                      ;*invokevirtual update {reexecute=0 rethrow=0 return_oop=0}
                      ; - java.util.jar.JarVerifier$VerifierStream::read@99
                      ; - jdk.internal.loader.Resource::getBytes@117
                      ; - jdk.internal.loader.URLClassPath$JarLoader$2::getBytes@1
                      ; - java.net.URLClassLoader::defineClass@179
                      ; - java.net.URLClassLoader$1::run@43
                      ; - java.net.URLClassLoader$1::run@1
                      ; - java.security.AccessController::executePrivileged@29
                      ; - java.security.AccessController::doPrivileged@13
                      ; - java.net.URLClassLoader::findClass@13
  0x0000029bc1e68934: c8b0 76fe 

  0x0000029bc1e68938: ;   {other}
  0x0000029bc1e68938: 0f1f 8400 | a87e 00ab | 4489 5424 | 484c 8944 

  0x0000029bc1e68948: ;   {metadata('java/lang/InternalError')}
  0x0000029bc1e68948: 2440 48ba | 3807 01cd | 9b02 0000 | 4c8b 5424 | 604c 8954 

  0x0000029bc1e6895c: ;   {oop([B{0x000000008034c7e8})}
  0x0000029bc1e6895c: 2458 48bd | e8c7 3480 | 0000 0000 

  0x0000029bc1e68968: ;   {oop([B{0x0000000080878d80})}
  0x0000029bc1e68968: 49ba 808d | 8780 0000 | 0000 4c89 

  0x0000029bc1e68974: ;   {oop([B{0x0000000080878d48})}
  0x0000029bc1e68974: 5424 7049 | ba48 8d87 | 8000 0000 | 004c 8954 | 2478 6690 

  0x0000029bc1e68988: ;   {runtime_call _new_instance_Java}
  0x0000029bc1e68988: c5f8 77e8 

  0x0000029bc1e6898c: ; ImmutableOopMap {rbp=Oop [56]=Derived_oop_rbp [40]=Oop [88]=Oop [96]=Oop [104]=Oop [112]=Oop [32]=Derived_oop_[112] [120]=Oop [48]=Derived_oop_[120] }
                      ;*new {reexecute=0 rethrow=0 return_oop=1}
                      ; - java.lang.StringConcatHelper::newString@34
                      ; - java.lang.StringConcatHelper::simpleConcat@90
                      ; - java.lang.String::concat@11
                      ; - java.net.URLClassLoader$1::run@13
                      ; - java.net.URLClassLoader$1::run@1
                      ; - java.security.AccessController::executePrivileged@29
                      ; - java.security.AccessController::doPrivileged@13
                      ; - java.net.URLClassLoader::findClass@13
  0x0000029bc1e6898c: f0a5 81fe 

  0x0000029bc1e68990: ;   {other}
  0x0000029bc1e68990: 0f1f 8400 | 007f 00ac | 4c8b 4424 | 4044 8b54 | 2448 e913 | cdff ff48 | 89bc 2480 | 0000 0089 
  0x0000029bc1e689b0: ;   {metadata({type array byte})}
  0x0000029bc1e689b0: 5c24 4c48 | ba18 2300 | cd9b 0200 | 004c 8b54 | 2460 4c89 

  0x0000029bc1e689c4: ;   {oop([B{0x000000008034c7e8})}
  0x0000029bc1e689c4: 5424 5848 | bde8 c734 | 8000 0000 

  0x0000029bc1e689d0: ;   {oop([B{0x0000000080878d80})}
  0x0000029bc1e689d0: 0049 ba80 | 8d87 8000 | 0000 004c | 8994 2488 

  0x0000029bc1e689e0: ;   {oop([B{0x0000000080878d48})}
  0x0000029bc1e689e0: 0000 0049 | ba48 8d87 | 8000 0000 | 004c 8994 | 2490 0000 | 0066 6690 

  0x0000029bc1e689f8: ;   {runtime_call _new_array_Java}
  0x0000029bc1e689f8: c5f8 77e8 

  0x0000029bc1e689fc: ; ImmutableOopMap {rbp=Oop [56]=Derived_oop_rbp [40]=Oop [80]=Oop [88]=Oop [96]=Oop [104]=Oop [136]=Oop [32]=Derived_oop_[136] [144]=Oop [48]=Derived_oop_[144] }
                      ;*new {reexecute=1 rethrow=0 return_oop=1}
                      ; - (reexecute) java.lang.StringConcatHelper::newString@38
                      ; - java.lang.StringConcatHelper::simpleConcat@90
                      ; - java.lang.String::concat@11
                      ; - java.net.URLClassLoader$1::run@13
                      ; - java.net.URLClassLoader$1::run@1
                      ; - java.security.AccessController::executePrivileged@29
                      ; - java.security.AccessController::doPrivileged@13
                      ; - java.net.URLClassLoader::findClass@13
  0x0000029bc1e689fc: 80a2 81fe 

  0x0000029bc1e68a00: ;   {other}
  0x0000029bc1e68a00: 0f1f 8400 | 707f 00ad | 4c8b d08b | 5c24 4c48 | 8bbc 2480 | 0000 00e9 | b3cd ffff 

  0x0000029bc1e68a1c: ;   {metadata('java/lang/String')}
  0x0000029bc1e68a1c: 488b ee48 | ba78 e800 | cd9b 0200 | 004c 8b54 | 2460 4c89 | 5424 204c | 8b54 2440 | 4c89 5424 
  0x0000029bc1e68a3c: 304c 8b54 | 2450 4c89 | 5424 4090 

  0x0000029bc1e68a48: ;   {runtime_call _new_instance_Java}
  0x0000029bc1e68a48: c5f8 77e8 

  0x0000029bc1e68a4c: ; ImmutableOopMap {rbp=Oop [32]=Oop [40]=Oop [64]=Oop [80]=Oop [96]=Oop [104]=Oop }
                      ;*new {reexecute=1 rethrow=0 return_oop=1}
                      ; - (reexecute) java.lang.StringConcatHelper::newString@38
                      ; - java.lang.StringConcatHelper::simpleConcat@90
                      ; - java.lang.String::concat@11
                      ; - java.net.URLClassLoader$1::run@13
                      ; - java.net.URLClassLoader$1::run@1
                      ; - java.security.AccessController::executePrivileged@29
                      ; - java.security.AccessController::doPrivileged@13
                      ; - java.net.URLClassLoader::findClass@13
  0x0000029bc1e68a4c: 30a5 81fe 

  0x0000029bc1e68a50: ;   {other}
  0x0000029bc1e68a50: 0f1f 8400 | c07f 00ae | 488b f50f | 1f44 0000 | e9b3 ceff | ffba 76ff | ffff 4c8b | 5424 604c 
  0x0000029bc1e68a70: 8954 2420 | 4c8b 5424 | 584c 8954 | 2430 4c8b | 5424 504c | 8954 2448 | 4c8b 5424 | 684c 8954 
  0x0000029bc1e68a90: 2458 448b | 5c24 7c44 | 895c 2468 | 4c8b 9424 | 9000 0000 | 4c89 5424 | 7844 8b94 | 2480 0000 
  0x0000029bc1e68ab0: 0044 8954 | 246c 448b | 9c24 8400 | 0000 4489 | 9c24 8000 | 0000 6690 

  0x0000029bc1e68ac8: ;   {runtime_call UncommonTrapBlob}
  0x0000029bc1e68ac8: c5f8 77e8 

  0x0000029bc1e68acc: ; ImmutableOopMap {[32]=Oop [40]=Oop [48]=Oop [88]=Oop [104]=NarrowOop [112]=Oop [120]=Oop [152]=Oop [160]=NarrowOop }
                      ;*if_icmpge {reexecute=1 rethrow=0 return_oop=0}
                      ; - (reexecute) sun.security.util.ManifestEntryVerifier::update@20
                      ; - java.util.jar.JarVerifier::update@30
                      ; - java.util.jar.JarVerifier$VerifierStream::read@63
                      ; - jdk.internal.loader.Resource::getBytes@117
                      ; - jdk.internal.loader.URLClassPath$JarLoader$2::getBytes@1
                      ; - java.net.URLClassLoader::defineClass@179
                      ; - java.net.URLClassLoader$1::run@43
                      ; - java.net.URLClassLoader$1::run@1
                      ; - java.security.AccessController::executePrivileged@29
                      ; - java.security.AccessController::doPrivileged@13
                      ; - java.net.URLClassLoader::findClass@13
  0x0000029bc1e68acc: 30af 76fe 

  0x0000029bc1e68ad0: ;   {other}
  0x0000029bc1e68ad0: 0f1f 8400 | 4080 00af 

  0x0000029bc1e68ad8: ;   {metadata('java/lang/InternalError')}
  0x0000029bc1e68ad8: 48ba 3807 | 01cd 9b02 | 0000 4c8b | 5424 604c | 8954 2420 

  0x0000029bc1e68aec: ;   {oop([B{0x000000008034c7e8})}
  0x0000029bc1e68aec: 48bd e8c7 | 3480 0000 

  0x0000029bc1e68af4: ;   {oop([B{0x0000000080878d80})}
  0x0000029bc1e68af4: 0000 49ba | 808d 8780 | 0000 0000 | 4c89 9424 | d800 0000 

  0x0000029bc1e68b08: ;   {oop([B{0x0000000080878d48})}
  0x0000029bc1e68b08: 49ba 488d | 8780 0000 | 0000 4c89 | 9424 e000 | 0000 6690 

  0x0000029bc1e68b1c: ;   {runtime_call _new_instance_Java}
  0x0000029bc1e68b1c: c5f8 77e8 

  0x0000029bc1e68b20: ; ImmutableOopMap {rbp=Oop [64]=Derived_oop_rbp [32]=Oop [40]=Oop [88]=Oop [96]=Oop [104]=Oop [112]=Oop [124]=NarrowOop [128]=Oop [136]=Oop [144]=Oop [160]=Oop [216]=Oop [48]=Derived_oop_[216] [224]=Oop [56]=Derived_oop_[224] }
                      ;*new {reexecute=0 rethrow=0 return_oop=1}
                      ; - java.lang.StringConcatHelper::newString@34
                      ; - java.lang.StringConcatHelper::simpleConcat@90
                      ; - java.lang.String::concat@11
                      ; - java.net.URLClassLoader::isSealed@15
                      ; - java.net.URLClassLoader::getAndVerifyPackage@68
                      ; - java.net.URLClassLoader::defineClass@46
                      ; - java.net.URLClassLoader$1::run@43
                      ; - java.net.URLClassLoader$1::run@1
                      ; - java.security.AccessController::executePrivileged@29
                      ; - java.security.AccessController::doPrivileged@13
                      ; - java.net.URLClassLoader::findClass@13
  0x0000029bc1e68b20: 5ca4 81fe 

  0x0000029bc1e68b24: ;   {other}
  0x0000029bc1e68b24: 0f1f 8400 | 9480 00b0 | e974 d0ff | ff48 89bc | 24e0 0000 | 0089 5c24 

  0x0000029bc1e68b3c: ;   {metadata({type array byte})}
  0x0000029bc1e68b3c: 7848 ba18 | 2300 cd9b 

  0x0000029bc1e68b44: ;   {oop([B{0x000000008034c7e8})}
  0x0000029bc1e68b44: 0200 0048 | bde8 c734 | 8000 0000 

  0x0000029bc1e68b50: ;   {oop([B{0x0000000080878d80})}
  0x0000029bc1e68b50: 0049 ba80 | 8d87 8000 | 0000 004c | 8994 24e8 

  0x0000029bc1e68b60: ;   {oop([B{0x0000000080878d48})}
  0x0000029bc1e68b60: 0000 0049 | ba48 8d87 | 8000 0000 | 004c 8994 | 24f0 0000 | 0066 6690 

  0x0000029bc1e68b78: ;   {runtime_call _new_array_Java}
  0x0000029bc1e68b78: c5f8 77e8 

  0x0000029bc1e68b7c: ; ImmutableOopMap {rbp=Oop [64]=Derived_oop_rbp [40]=Oop [72]=Oop [88]=Oop [96]=Oop [104]=Oop [112]=Oop [124]=NarrowOop [128]=Oop [136]=Oop [144]=Oop [160]=Oop [232]=Oop [48]=Derived_oop_[232] [240]=Oop [56]=Derived_oop_[240] }
                      ;*new {reexecute=1 rethrow=0 return_oop=1}
                      ; - (reexecute) java.lang.StringConcatHelper::newString@38
                      ; - java.lang.StringConcatHelper::simpleConcat@90
                      ; - java.lang.String::concat@11
                      ; - java.net.URLClassLoader::isSealed@15
                      ; - java.net.URLClassLoader::getAndVerifyPackage@68
                      ; - java.net.URLClassLoader::defineClass@46
                      ; - java.net.URLClassLoader$1::run@43
                      ; - java.net.URLClassLoader$1::run@1
                      ; - java.security.AccessController::executePrivileged@29
                      ; - java.security.AccessController::doPrivileged@13
                      ; - java.net.URLClassLoader::findClass@13
  0x0000029bc1e68b7c: 00a1 81fe 

  0x0000029bc1e68b80: ;   {other}
  0x0000029bc1e68b80: 0f1f 8400 | f080 00b1 | 4c8b d08b | 5c24 7848 | 8bbc 24e0 | 0000 00e9 | 17d1 ffff 

  0x0000029bc1e68b9c: ;   {metadata('java/lang/String')}
  0x0000029bc1e68b9c: 488b ee48 | ba78 e800 | cd9b 0200 | 004c 8b54 | 2460 4c89 | 5424 2090 

  0x0000029bc1e68bb4: ;   {runtime_call _new_instance_Java}
  0x0000029bc1e68bb4: c5f8 77e8 

  0x0000029bc1e68bb8: ; ImmutableOopMap {rbp=Oop [32]=Oop [40]=Oop [72]=Oop [88]=Oop [96]=Oop [104]=Oop [112]=Oop [124]=NarrowOop [128]=Oop [136]=Oop [144]=Oop [160]=Oop }
                      ;*new {reexecute=1 rethrow=0 return_oop=1}
                      ; - (reexecute) java.lang.StringConcatHelper::newString@38
                      ; - java.lang.StringConcatHelper::simpleConcat@90
                      ; - java.lang.String::concat@11
                      ; - java.net.URLClassLoader::isSealed@15
                      ; - java.net.URLClassLoader::getAndVerifyPackage@68
                      ; - java.net.URLClassLoader::defineClass@46
                      ; - java.net.URLClassLoader$1::run@43
                      ; - java.net.URLClassLoader$1::run@1
                      ; - java.security.AccessController::executePrivileged@29
                      ; - java.security.AccessController::doPrivileged@13
                      ; - java.net.URLClassLoader::findClass@13
  0x0000029bc1e68bb8: c4a3 81fe 

  0x0000029bc1e68bbc: ;   {other}
  0x0000029bc1e68bbc: 0f1f 8400 | 2c81 00b2 | e94c d2ff | ffba 45ff | ffff 488b | 6c24 384c | 8b5c 2428 | 4c89 5c24 
  0x0000029bc1e68bdc: 204c 8b5c | 2458 4c89 | 5c24 284c | 8b5c 2450 | 4c89 5c24 | 404c 8b5c | 2468 4c89 | 5c24 504c 
  0x0000029bc1e68bfc: 8b5c 2470 | 4c89 5c24 | 5844 8b5c | 247c 4489 | 5c24 6048 | 8984 2488 | 0000 0090 

  0x0000029bc1e68c18: ;   {runtime_call UncommonTrapBlob}
  0x0000029bc1e68c18: c5f8 77e8 

  0x0000029bc1e68c1c: ; ImmutableOopMap {rbp=Oop [32]=Oop [40]=Oop [80]=Oop [88]=Oop [96]=NarrowOop [136]=Oop [200]=NarrowOop }
                      ;*ifnonnull {reexecute=1 rethrow=0 return_oop=0}
                      ; - (reexecute) java.util.jar.JarFile::getInputStream@61
                      ; - jdk.internal.loader.URLClassPath$JarLoader$2::getInputStream@11
                      ; - jdk.internal.loader.Resource::cachedInputStream@9
                      ; - jdk.internal.loader.Resource::getByteBuffer@1
                      ; - java.net.URLClassLoader::defineClass@132
                      ; - java.net.URLClassLoader$1::run@43
                      ; - java.net.URLClassLoader$1::run@1
                      ; - java.security.AccessController::executePrivileged@29
                      ; - java.security.AccessController::doPrivileged@13
                      ; - java.net.URLClassLoader::findClass@13
  0x0000029bc1e68c1c: e0ad 76fe 

  0x0000029bc1e68c20: ;   {other}
  0x0000029bc1e68c20: 0f1f 8400 | 9081 00b3 | ba45 ffff | ff48 8b6c | 2438 4c8b | 5424 284c | 8954 2420 | 4c8b 5424 
  0x0000029bc1e68c40: 584c 8954 | 2428 4c8b | 5424 504c | 8954 2440 | 4c8b 5424 | 684c 8954 | 2450 448b | 5424 7c44 
  0x0000029bc1e68c60: 8954 2460 | 4889 8424 | 9800 0000 

  0x0000029bc1e68c6c: ;   {runtime_call UncommonTrapBlob}
  0x0000029bc1e68c6c: c5f8 77e8 

  0x0000029bc1e68c70: ; ImmutableOopMap {rbp=Oop [32]=Oop [40]=Oop [80]=Oop [96]=NarrowOop [112]=Oop [152]=Oop [216]=NarrowOop }
                      ;*ifnonnull {reexecute=1 rethrow=0 return_oop=0}
                      ; - (reexecute) java.util.jar.JarFile::getInputStream@61
                      ; - jdk.internal.loader.URLClassPath$JarLoader$2::getInputStream@11
                      ; - jdk.internal.loader.Resource::cachedInputStream@9
                      ; - jdk.internal.loader.Resource::getBytes@1
                      ; - jdk.internal.loader.URLClassPath$JarLoader$2::getBytes@1
                      ; - java.net.URLClassLoader::defineClass@179
                      ; - java.net.URLClassLoader$1::run@43
                      ; - java.net.URLClassLoader$1::run@1
                      ; - java.security.AccessController::executePrivileged@29
                      ; - java.security.AccessController::doPrivileged@13
                      ; - java.net.URLClassLoader::findClass@13
  0x0000029bc1e68c70: 8cad 76fe 

  0x0000029bc1e68c74: ;   {other}
  0x0000029bc1e68c74: 0f1f 8400 | e481 00b4 | ba45 ffff | ff4c 8b44 | 2460 4c89 | 4424 204c | 8b44 2458 | 4c89 4424 
  0x0000029bc1e68c94: 304c 8b44 | 2450 4c89 | 4424 484c | 8b44 2468 | 4c89 4424 | 584c 8b44 | 2470 4c89 | 4424 6044 
  0x0000029bc1e68cb4: 8b44 247c | 4489 4424 | 6848 8984 | 24b8 0000 | 0066 6690 

  0x0000029bc1e68cc8: ;   {runtime_call UncommonTrapBlob}
  0x0000029bc1e68cc8: c5f8 77e8 

  0x0000029bc1e68ccc: ; ImmutableOopMap {rbp=NarrowOop [32]=Oop [40]=Oop [48]=Oop [88]=Oop [96]=Oop [104]=NarrowOop [128]=Oop [136]=Oop [144]=Oop [184]=Oop [200]=NarrowOop }
                      ;*ifnonnull {reexecute=1 rethrow=0 return_oop=0}
                      ; - (reexecute) java.util.Objects::requireNonNull@1
                      ; - java.util.jar.JarVerifier$VerifierStream::<init>@6
                      ; - java.util.jar.JarFile::getInputStream@84
                      ; - jdk.internal.loader.URLClassPath$JarLoader$2::getInputStream@11
                      ; - jdk.internal.loader.Resource::cachedInputStream@9
                      ; - jdk.internal.loader.Resource::getByteBuffer@1
                      ; - java.net.URLClassLoader::defineClass@132
                      ; - java.net.URLClassLoader$1::run@43
                      ; - java.net.URLClassLoader$1::run@1
                      ; - java.security.AccessController::executePrivileged@29
                      ; - java.security.AccessController::doPrivileged@13
                      ; - java.net.URLClassLoader::findClass@13
  0x0000029bc1e68ccc: 30ad 76fe 

  0x0000029bc1e68cd0: ;   {other}
  0x0000029bc1e68cd0: 0f1f 8400 | 4082 00b5 | ba45 ffff | ff4c 8b54 | 2460 4c89 | 5424 204c | 8b54 2458 | 4c89 5424 
  0x0000029bc1e68cf0: 304c 8b54 | 2450 4c89 | 5424 484c | 8b54 2468 | 4c89 5424 | 5844 8b54 | 247c 4489 | 5424 6848 
  0x0000029bc1e68d10: 8984 24c8 | 0000 0090 

  0x0000029bc1e68d18: ;   {runtime_call UncommonTrapBlob}
  0x0000029bc1e68d18: c5f8 77e8 

  0x0000029bc1e68d1c: ; ImmutableOopMap {rbp=NarrowOop [32]=Oop [40]=Oop [48]=Oop [88]=Oop [104]=NarrowOop [112]=Oop [128]=Oop [136]=Oop [144]=Oop [200]=Oop [216]=NarrowOop }
                      ;*ifnonnull {reexecute=1 rethrow=0 return_oop=0}
                      ; - (reexecute) java.util.Objects::requireNonNull@1
                      ; - java.util.jar.JarVerifier$VerifierStream::<init>@6
                      ; - java.util.jar.JarFile::getInputStream@84
                      ; - jdk.internal.loader.URLClassPath$JarLoader$2::getInputStream@11
                      ; - jdk.internal.loader.Resource::cachedInputStream@9
                      ; - jdk.internal.loader.Resource::getBytes@1
                      ; - jdk.internal.loader.URLClassPath$JarLoader$2::getBytes@1
                      ; - java.net.URLClassLoader::defineClass@179
                      ; - java.net.URLClassLoader$1::run@43
                      ; - java.net.URLClassLoader$1::run@1
                      ; - java.security.AccessController::executePrivileged@29
                      ; - java.security.AccessController::doPrivileged@13
                      ; - java.net.URLClassLoader::findClass@13
  0x0000029bc1e68d1c: e0ac 76fe 

  0x0000029bc1e68d20: ;   {other}
  0x0000029bc1e68d20: 0f1f 8400 | 9082 00b6 | baf6 ffff | ff4c 8b54 | 2458 4c89 | 5424 304c | 8b54 2450 | 4c89 5424 
  0x0000029bc1e68d40: 484c 8b54 | 2468 4c89 | 5424 5890 

  0x0000029bc1e68d4c: ;   {runtime_call UncommonTrapBlob}
  0x0000029bc1e68d4c: c5f8 77e8 

  0x0000029bc1e68d50: ; ImmutableOopMap {rbp=NarrowOop [32]=Oop [40]=Oop [48]=Oop [88]=Oop [112]=Oop [120]=NarrowOop [124]=NarrowOop }
                      ;*invokevirtual update {reexecute=0 rethrow=0 return_oop=0}
                      ; - java.util.jar.JarVerifier$VerifierStream::<init>@76
                      ; - java.util.jar.JarFile::getInputStream@84
                      ; - jdk.internal.loader.URLClassPath$JarLoader$2::getInputStream@11
                      ; - jdk.internal.loader.Resource::cachedInputStream@9
                      ; - jdk.internal.loader.Resource::getByteBuffer@1
                      ; - java.net.URLClassLoader::defineClass@132
                      ; - java.net.URLClassLoader$1::run@43
                      ; - java.net.URLClassLoader$1::run@1
                      ; - java.security.AccessController::executePrivileged@29
                      ; - java.security.AccessController::doPrivileged@13
                      ; - java.net.URLClassLoader::findClass@13
  0x0000029bc1e68d50: acac 76fe 

  0x0000029bc1e68d54: ;   {other}
  0x0000029bc1e68d54: 0f1f 8400 | c482 00b7 | baf6 ffff | ff4c 8b54 | 2458 4c89 | 5424 304c | 8b54 2450 | 4c89 5424 
  0x0000029bc1e68d74: 484c 8b54 | 2468 4c89 | 5424 5890 

  0x0000029bc1e68d80: ;   {runtime_call UncommonTrapBlob}
  0x0000029bc1e68d80: c5f8 77e8 

  0x0000029bc1e68d84: ; ImmutableOopMap {rbp=NarrowOop [32]=Oop [40]=Oop [48]=Oop [88]=Oop [112]=Oop [120]=NarrowOop [124]=NarrowOop }
                      ;*invokevirtual update {reexecute=0 rethrow=0 return_oop=0}
                      ; - java.util.jar.JarVerifier$VerifierStream::<init>@76
                      ; - java.util.jar.JarFile::getInputStream@84
                      ; - jdk.internal.loader.URLClassPath$JarLoader$2::getInputStream@11
                      ; - jdk.internal.loader.Resource::cachedInputStream@9
                      ; - jdk.internal.loader.Resource::getBytes@1
                      ; - jdk.internal.loader.URLClassPath$JarLoader$2::getBytes@1
                      ; - java.net.URLClassLoader::defineClass@179
                      ; - java.net.URLClassLoader$1::run@43
                      ; - java.net.URLClassLoader$1::run@1
                      ; - java.security.AccessController::executePrivileged@29
                      ; - java.security.AccessController::doPrivileged@13
                      ; - java.net.URLClassLoader::findClass@13
  0x0000029bc1e68d84: 78ac 76fe 

  0x0000029bc1e68d88: ;   {other}
  0x0000029bc1e68d88: 0f1f 8400 | f882 00b8 

  0x0000029bc1e68d90: ;   {metadata('java/lang/String')}
  0x0000029bc1e68d90: 48ba 78e8 | 00cd 9b02 | 0000 4c8b | 5c24 6048 | 895c 2450 | 4c89 5c24 

  0x0000029bc1e68da8: ;   {oop([B{0x000000008034c7e8})}
  0x0000029bc1e68da8: 5848 bde8 | c734 8000 

  0x0000029bc1e68db0: ;   {oop([B{0x0000000080878d80})}
  0x0000029bc1e68db0: 0000 0049 | ba80 8d87 | 8000 0000 | 004c 8954 

  0x0000029bc1e68dc0: ;   {oop([B{0x0000000080878d48})}
  0x0000029bc1e68dc0: 2470 49ba | 488d 8780 | 0000 0000 | 4c89 5424 | 7866 6690 

  0x0000029bc1e68dd4: ;   {runtime_call _new_instance_Java}
  0x0000029bc1e68dd4: c5f8 77e8 

  0x0000029bc1e68dd8: ; ImmutableOopMap {rbp=Oop [56]=Derived_oop_rbp [40]=Oop [72]=Oop [80]=Oop [88]=Oop [96]=Oop [104]=Oop [112]=Oop [32]=Derived_oop_[112] [120]=Oop [48]=Derived_oop_[120] [128]=NarrowOop }
                      ;*new {reexecute=0 rethrow=0 return_oop=1}
                      ; - java.lang.StringConcatHelper::newString@24
                      ; - java.lang.StringConcatHelper::simpleConcat@90
                      ; - java.lang.String::concat@11
                      ; - java.net.URLClassLoader$1::run@13
                      ; - java.net.URLClassLoader$1::run@1
                      ; - java.security.AccessController::executePrivileged@29
                      ; - java.security.AccessController::doPrivileged@13
                      ; - java.net.URLClassLoader::findClass@13
  0x0000029bc1e68dd8: a4a1 81fe 

  0x0000029bc1e68ddc: ;   {other}
  0x0000029bc1e68ddc: 0f1f 8400 | 4c83 00b9 | e92a d6ff 

  0x0000029bc1e68de8: ;   {metadata('java/lang/String')}
  0x0000029bc1e68de8: ff48 ba78 | e800 cd9b | 0200 004c | 8b54 2460 | 4c89 5424 | 304c 8b94 | 24c0 0000 | 004c 8994 
  0x0000029bc1e68e08: 24b8 0000 | 0066 6690 

  0x0000029bc1e68e10: ;   {runtime_call _new_instance_Java}
  0x0000029bc1e68e10: c5f8 77e8 

  0x0000029bc1e68e14: ; ImmutableOopMap {rbp=NarrowOop [40]=Oop [48]=Oop [72]=Oop [88]=Oop [96]=Oop [104]=Oop [112]=Oop [120]=NarrowOop [124]=NarrowOop [128]=Oop [136]=Oop [144]=Oop [160]=Oop [184]=Oop }
                      ;*new {reexecute=0 rethrow=0 return_oop=1}
                      ; - java.lang.StringConcatHelper::newString@24
                      ; - java.lang.StringConcatHelper::simpleConcat@90
                      ; - java.lang.String::concat@11
                      ; - java.net.URLClassLoader::isSealed@15
                      ; - java.net.URLClassLoader::getAndVerifyPackage@68
                      ; - java.net.URLClassLoader::defineClass@46
                      ; - java.net.URLClassLoader$1::run@43
                      ; - java.net.URLClassLoader$1::run@1
                      ; - java.security.AccessController::executePrivileged@29
                      ; - java.security.AccessController::doPrivileged@13
                      ; - java.net.URLClassLoader::findClass@13
  0x0000029bc1e68e14: 68a1 81fe 

  0x0000029bc1e68e18: ;   {other}
  0x0000029bc1e68e18: 0f1f 8400 | 8883 00ba | e949 d6ff | ffba ceff | ffff 488b | 6c24 604c | 8b54 2428 | 4c89 5424 
  0x0000029bc1e68e38: 204c 8b54 | 2450 4c89 | 5424 4844 | 8944 2450 | 448b 5424 | 5844 8954 | 2454 4489 | 4c24 5890 
  0x0000029bc1e68e58: ;   {runtime_call UncommonTrapBlob}
  0x0000029bc1e68e58: c5f8 77e8 

  0x0000029bc1e68e5c: ; ImmutableOopMap {rbp=Oop [32]=Oop [64]=Oop [80]=NarrowOop [104]=Oop }
                      ;*invokestatic inflate {reexecute=0 rethrow=0 return_oop=0}
                      ; - java.lang.String::getBytes@40
                      ; - java.lang.StringConcatHelper::prepend@21
                      ; - java.lang.StringConcatHelper::simpleConcat@81
                      ; - java.lang.String::concat@11
                      ; - java.net.URLClassLoader$1::run@13
                      ; - java.net.URLClassLoader$1::run@1
                      ; - java.security.AccessController::executePrivileged@29
                      ; - java.security.AccessController::doPrivileged@13
                      ; - java.net.URLClassLoader::findClass@13
  0x0000029bc1e68e5c: a0ab 76fe 

  0x0000029bc1e68e60: ;   {other}
  0x0000029bc1e68e60: 0f1f 8400 | d083 00bb | bace ffff | ff48 8b6c | 2460 4c8b | 5424 284c | 8954 2420 | 4c8b 5424 
  0x0000029bc1e68e80: 584c 8954 | 2428 4c8b | 5424 504c | 8954 2440 | 4c8b 5424 | 684c 8954 | 2450 4c8b | 9424 8000 
  0x0000029bc1e68ea0: 0000 4c89 | 5424 5844 | 8b54 247c | 4489 5424 | 604c 8b94 | 2488 0000 | 004c 8994 | 2480 0000 
  0x0000029bc1e68ec0: 004c 8b94 | 2490 0000 | 004c 8994 | 2488 0000 | 0044 8b5c | 2478 4489 | 5c24 644c | 8b94 24c0 
  0x0000029bc1e68ee0: 0000 004c | 8994 2498 | 0000 004c | 8b94 24a8 | 0000 004c | 8994 24a0 | 0000 0044 | 8984 24a8 
  0x0000029bc1e68f00: 0000 0044 | 8b94 24b0 | 0000 0044 | 8994 24ac | 0000 0044 | 898c 24b0 | 0000 0090 

  0x0000029bc1e68f1c: ;   {runtime_call UncommonTrapBlob}
  0x0000029bc1e68f1c: c5f8 77e8 

  0x0000029bc1e68f20: ; ImmutableOopMap {rbp=Oop [32]=Oop [40]=Oop [80]=Oop [88]=Oop [96]=NarrowOop [100]=NarrowOop [112]=Oop [128]=Oop [136]=Oop [152]=Oop [168]=NarrowOop }
                      ;*invokestatic inflate {reexecute=0 rethrow=0 return_oop=0}
                      ; - java.lang.String::getBytes@40
                      ; - java.lang.StringConcatHelper::prepend@21
                      ; - java.lang.StringConcatHelper::simpleConcat@81
                      ; - java.lang.String::concat@11
                      ; - java.net.URLClassLoader::isSealed@15
                      ; - java.net.URLClassLoader::getAndVerifyPackage@68
                      ; - java.net.URLClassLoader::defineClass@46
                      ; - java.net.URLClassLoader$1::run@43
                      ; - java.net.URLClassLoader$1::run@1
                      ; - java.security.AccessController::executePrivileged@29
                      ; - java.security.AccessController::doPrivileged@13
                      ; - java.net.URLClassLoader::findClass@13
  0x0000029bc1e68f20: dcaa 76fe 

  0x0000029bc1e68f24: ;   {other}
  0x0000029bc1e68f24: 0f1f 8400 | 9484 00bc | bae4 ffff | ff4c 8b5c | 2460 4c89 | 5c24 204c | 8b5c 2458 | 4c89 5c24 
  0x0000029bc1e68f44: 304c 8b5c | 2450 4c89 | 5c24 484c | 8b5c 2468 | 4c89 5c24 | 584c 8b9c | 2480 0000 | 004c 895c 
  0x0000029bc1e68f64: 2460 448b | 5c24 7c44 | 895c 2468 | 4c8b 9c24 | 8800 0000 | 4c89 9c24 | 8000 0000 | 4c8b 9c24 
  0x0000029bc1e68f84: 9000 0000 | 4c89 9c24 | 8800 0000 | 4c89 8c24 | 9000 0000 | 4c89 8c24 | 9800 0000 | 4889 8424 
  0x0000029bc1e68fa4: a800 0000 | 4489 5424 | 6c44 8984 | 24b0 0000 | 0048 8984 | 24b8 0000 | 0066 6690 

  0x0000029bc1e68fc0: ;   {runtime_call UncommonTrapBlob}
  0x0000029bc1e68fc0: c5f8 77e8 

  0x0000029bc1e68fc4: ; ImmutableOopMap {rbp=NarrowOop [32]=Oop [40]=Oop [48]=Oop [88]=Oop [96]=Oop [104]=NarrowOop [108]=NarrowOop [128]=Oop [136]=Oop [144]=Oop [152]=Oop [168]=Oop [184]=Oop }
                      ;*baload {reexecute=0 rethrow=0 return_oop=0}
                      ; - java.lang.StringLatin1::hashCode@34
                      ; - java.lang.String::hashCode@27
                      ; - java.util.HashMap::hash@9
                      ; - java.util.HashMap::getNode@23
                      ; - java.util.HashMap::get@2
                      ; - java.util.jar.Manifest::getAttributes@5
                      ; - java.util.jar.Manifest::getTrustedAttributes@2
                      ; - java.util.jar.JavaUtilJarAccessImpl::getTrustedAttributes@2
                      ; - java.net.URLClassLoader::isSealed@18
                      ; - java.net.URLClassLoader::getAndVerifyPackage@68
                      ; - java.net.URLClassLoader::defineClass@46
                      ; - java.net.URLClassLoader$1::run@43
                      ; - java.net.URLClassLoader$1::run@1
                      ; - java.security.AccessController::executePrivileged@29
                      ; - java.security.AccessController::doPrivileged@13
                      ; - java.net.URLClassLoader::findClass@13
  0x0000029bc1e68fc4: 38aa 76fe 

  0x0000029bc1e68fc8: ;   {other}
  0x0000029bc1e68fc8: 0f1f 8400 | 3885 00bd | baf6 ffff | ff48 8b6c | 2460 4c8b | 5424 284c | 8954 2420 | 4c8b 5424 
  0x0000029bc1e68fe8: 584c 8954 | 2428 4c8b | 5424 504c | 8954 2440 | 4c8b 5424 | 684c 8954 | 2450 6690 

  0x0000029bc1e69004: ;   {runtime_call UncommonTrapBlob}
  0x0000029bc1e69004: c5f8 77e8 

  0x0000029bc1e69008: ; ImmutableOopMap {rbp=Oop [32]=Oop [40]=Oop [80]=Oop [112]=Oop [124]=NarrowOop [128]=Oop [136]=Oop }
                      ;*arraylength {reexecute=0 rethrow=0 return_oop=0}
                      ; - java.lang.String::length@4
                      ; - java.lang.StringConcatHelper::prepend@2
                      ; - java.lang.StringConcatHelper::simpleConcat@81
                      ; - java.lang.String::concat@11
                      ; - java.net.URLClassLoader::isSealed@15
                      ; - java.net.URLClassLoader::getAndVerifyPackage@68
                      ; - java.net.URLClassLoader::defineClass@46
                      ; - java.net.URLClassLoader$1::run@43
                      ; - java.net.URLClassLoader$1::run@1
                      ; - java.security.AccessController::executePrivileged@29
                      ; - java.security.AccessController::doPrivileged@13
                      ; - java.net.URLClassLoader::findClass@13
  0x0000029bc1e69008: f4a9 76fe 

  0x0000029bc1e6900c: ;   {other}
  0x0000029bc1e6900c: 0f1f 8400 | 7c85 00be | bf01 0000 | 00e9 3000 | 0000 bf02 | 0000 00eb | 05bf 0600 | 0000 83c7 
  0x0000029bc1e6902c: 02eb 0cbf | 0200 0000 | eb05 bf06 | 0000 00ff | c7eb 0fbf | 0200 0000 | eb05 bf06 | 0000 0083 
  0x0000029bc1e6904c: c702 03fb | 8bdf e906 | c7ff ffbf | 0200 0000 | ebf0 bf06 | 0000 00eb | e941 b801 | 0000 00e9 
  0x0000029bc1e6906c: 3f00 0000 | 41b8 0200 | 0000 eb08 | 448b 8424 | f800 0000 | 4183 c002 | eb10 41b8 | 0200 0000 
  0x0000029bc1e6908c: eb08 448b | 8424 f800 | 0000 41ff | c0eb 1441 | b802 0000 | 00eb 0844 | 8b84 24f8 | 0000 0041 
  0x0000029bc1e690ac: 83c0 0244 | 03c3 418b | d8e9 96cb | ffff 41b8 | 0200 0000 | ebed 448b | 8424 f800 | 0000 ebe3 
  0x0000029bc1e690cc: bade ffff | ff4c 8b54 | 2460 4c89 | 5424 204c | 8b54 2458 | 4c89 5424 | 304c 8b54 | 2450 4c89 
  0x0000029bc1e690ec: 5424 484c | 8b54 2468 | 4c89 5424 | 5844 8b54 | 247c 4489 | 5424 684c | 8b94 2490 

  0x0000029bc1e69108: ;   {no_reloc}
  0x0000029bc1e69108: 0000 004c | 8954 2478 | 448b 9c24 | 8000 0000 | 4489 5c24 | 6c44 8b94 | 2484 0000 | 0044 8994 
  0x0000029bc1e69128: 2480 0000 | 0066 6690 

  0x0000029bc1e69130: ;   {runtime_call UncommonTrapBlob}
  0x0000029bc1e69130: c5f8 77e8 

  0x0000029bc1e69134: ; ImmutableOopMap {rbp=NarrowOop [32]=Oop [40]=Oop [48]=Oop [88]=Oop [104]=NarrowOop [112]=Oop [120]=Oop [152]=Oop }
                      ;*invokevirtual write {reexecute=0 rethrow=0 return_oop=0}
                      ; - java.util.jar.JarVerifier::update@19
                      ; - java.util.jar.JarVerifier$VerifierStream::read@63
                      ; - jdk.internal.loader.Resource::getBytes@117
                      ; - jdk.internal.loader.URLClassPath$JarLoader$2::getBytes@1
                      ; - java.net.URLClassLoader::defineClass@179
                      ; - java.net.URLClassLoader$1::run@43
                      ; - java.net.URLClassLoader$1::run@1
                      ; - java.security.AccessController::executePrivileged@29
                      ; - java.security.AccessController::doPrivileged@13
                      ; - java.net.URLClassLoader::findClass@13
  0x0000029bc1e69134: c8a8 76fe 

  0x0000029bc1e69138: ;   {other}
  0x0000029bc1e69138: 0f1f 8400 | a886 00bf | bade ffff | ff4c 8b54 | 2460 4c89 | 5424 204c | 8b54 2458 | 4c89 5424 
  0x0000029bc1e69158: 304c 8b54 | 2450 4c89 | 5424 484c | 8b54 2468 | 4c89 5424 | 584c 8b94 | 2480 0000 | 004c 8954 
  0x0000029bc1e69178: 2460 448b | 5c24 7c44 | 895c 2468 | 4c8b 9424 | 8800 0000 | 4c89 4c24 | 784c 8994 | 2480 0000 
  0x0000029bc1e69198: 0066 6690 

  0x0000029bc1e6919c: ;   {runtime_call UncommonTrapBlob}
  0x0000029bc1e6919c: c5f8 77e8 

  0x0000029bc1e691a0: ; ImmutableOopMap {rbp=NarrowOop [32]=Oop [40]=Oop [48]=Oop [88]=Oop [96]=Oop [104]=NarrowOop [120]=Oop [128]=Oop [144]=Oop }
                      ;*checkcast {reexecute=0 rethrow=0 return_oop=0}
                      ; - java.util.jar.Attributes::getValue@5
                      ; - java.net.URLClassLoader::isSealed@58
                      ; - java.net.URLClassLoader::getAndVerifyPackage@68
                      ; - java.net.URLClassLoader::defineClass@46
                      ; - java.net.URLClassLoader$1::run@43
                      ; - java.net.URLClassLoader$1::run@1
                      ; - java.security.AccessController::executePrivileged@29
                      ; - java.security.AccessController::doPrivileged@13
                      ; - java.net.URLClassLoader::findClass@13
  0x0000029bc1e691a0: 5ca8 76fe 

  0x0000029bc1e691a4: ;   {other}
  0x0000029bc1e691a4: 0f1f 8400 | 1487 00c0 | bade ffff | ff4c 8b54 | 2460 4c89 | 5424 204c | 8b54 2458 | 4c89 5424 
  0x0000029bc1e691c4: 304c 8b54 | 2450 4c89 | 5424 484c | 8b54 2468 | 4c89 5424 | 5844 8b5c | 247c 4489 | 5c24 684c 
  0x0000029bc1e691e4: 8b94 2490 | 0000 004c | 8954 2478 | 448b 9424 | 8000 0000 | 4489 5424 | 6c44 8b9c | 2484 0000 
  0x0000029bc1e69204: 0044 899c | 2480 0000 | 0066 6690 

  0x0000029bc1e69210: ;   {runtime_call UncommonTrapBlob}
  0x0000029bc1e69210: c5f8 77e8 

  0x0000029bc1e69214: ; ImmutableOopMap {rbp=NarrowOop [32]=Oop [40]=Oop [48]=Oop [88]=Oop [104]=NarrowOop [112]=Oop [120]=Oop [152]=Oop [160]=NarrowOop }
                      ;*checkcast {reexecute=0 rethrow=0 return_oop=0}
                      ; - sun.security.util.ManifestEntryVerifier::update@32
                      ; - java.util.jar.JarVerifier::update@30
                      ; - java.util.jar.JarVerifier$VerifierStream::read@63
                      ; - jdk.internal.loader.Resource::getBytes@117
                      ; - jdk.internal.loader.URLClassPath$JarLoader$2::getBytes@1
                      ; - java.net.URLClassLoader::defineClass@179
                      ; - java.net.URLClassLoader$1::run@43
                      ; - java.net.URLClassLoader$1::run@1
                      ; - java.security.AccessController::executePrivileged@29
                      ; - java.security.AccessController::doPrivileged@13
                      ; - java.net.URLClassLoader::findClass@13
  0x0000029bc1e69214: e8a7 76fe 

  0x0000029bc1e69218: ;   {other}
  0x0000029bc1e69218: 0f1f 8400 | 8887 00c1 | bade ffff | ff4c 8b54 | 2428 4c89 | 5424 204c | 8b54 2458 | 4c89 5424 
  0x0000029bc1e69238: 2848 8944 | 2460 6690 

  0x0000029bc1e69240: ;   {runtime_call UncommonTrapBlob}
  0x0000029bc1e69240: c5f8 77e8 

  0x0000029bc1e69244: ; ImmutableOopMap {rbp=Oop [32]=Oop [40]=Oop [96]=Oop [104]=Oop [112]=Oop }
                      ;*checkcast {reexecute=0 rethrow=0 return_oop=0}
                      ; - java.security.SecureClassLoader::getProtectionDomain@33
                      ; - java.security.SecureClassLoader::defineClass@9
                      ; - java.net.URLClassLoader::defineClass@220
                      ; - java.net.URLClassLoader$1::run@43
                      ; - java.net.URLClassLoader$1::run@1
                      ; - java.security.AccessController::executePrivileged@29
                      ; - java.security.AccessController::doPrivileged@13
                      ; - java.net.URLClassLoader::findClass@13
  0x0000029bc1e69244: b8a7 76fe 

  0x0000029bc1e69248: ;   {other}
  0x0000029bc1e69248: 0f1f 8400 | b887 00c2 | baf6 ffff | ff48 8b6c | 2460 4c8b | 5424 284c | 8954 2420 

  0x0000029bc1e69264: ;   {runtime_call UncommonTrapBlob}
  0x0000029bc1e69264: c5f8 77e8 

  0x0000029bc1e69268: ; ImmutableOopMap {rbp=Oop [32]=Oop [104]=Oop }
                      ;*invokevirtual replace {reexecute=0 rethrow=0 return_oop=0}
                      ; - java.net.URLClassLoader$1::run@8
                      ; - java.net.URLClassLoader$1::run@1
                      ; - java.security.AccessController::executePrivileged@29
                      ; - java.security.AccessController::doPrivileged@13
                      ; - java.net.URLClassLoader::findClass@13
  0x0000029bc1e69268: 94a7 76fe 

  0x0000029bc1e6926c: ;   {other}
  0x0000029bc1e6926c: 0f1f 8400 | dc87 00c3 | baf6 ffff | ff49 8bea | 4c8b 5424 | 284c 8954 | 2420 6690 

  0x0000029bc1e69288: ;   {runtime_call UncommonTrapBlob}
  0x0000029bc1e69288: c5f8 77e8 

  0x0000029bc1e6928c: ; ImmutableOopMap {rbp=Oop [32]=Oop [104]=Oop }
                      ;*arraylength {reexecute=0 rethrow=0 return_oop=0}
                      ; - java.lang.StringLatin1::replace@8
                      ; - java.lang.String::replace@18
                      ; - java.net.URLClassLoader$1::run@8
                      ; - java.net.URLClassLoader$1::run@1
                      ; - java.security.AccessController::executePrivileged@29
                      ; - java.security.AccessController::doPrivileged@13
                      ; - java.net.URLClassLoader::findClass@13
  0x0000029bc1e6928c: 70a7 76fe 

  0x0000029bc1e69290: ;   {other}
  0x0000029bc1e69290: 0f1f 8400 | 0088 00c4 | baf6 ffff | ff48 8b6c | 2420 4c8b | 5424 284c | 8954 2420 | 4c8b 5424 
  0x0000029bc1e692b0: 584c 8954 | 2428 4889 | 4424 4890 

  0x0000029bc1e692bc: ;   {runtime_call UncommonTrapBlob}
  0x0000029bc1e692bc: c5f8 77e8 

  0x0000029bc1e692c0: ; ImmutableOopMap {rbp=Oop [32]=Oop [40]=Oop [104]=Oop }
                      ;*arraylength {reexecute=0 rethrow=0 return_oop=0}
                      ; - java.lang.String::length@4
                      ; - java.lang.String::lastIndexOf@3
                      ; - java.net.URLClassLoader::defineClass@7
                      ; - java.net.URLClassLoader$1::run@43
                      ; - java.net.URLClassLoader$1::run@1
                      ; - java.security.AccessController::executePrivileged@29
                      ; - java.security.AccessController::doPrivileged@13
                      ; - java.net.URLClassLoader::findClass@13
  0x0000029bc1e692c0: 3ca7 76fe 

  0x0000029bc1e692c4: ;   {other}
  0x0000029bc1e692c4: 0f1f 8400 | 3488 00c5 | baf6 ffff | ff48 8b6c | 2460 4c8b | 5424 284c | 8954 2420 | 4c8b 5424 
  0x0000029bc1e692e4: 584c 8954 | 2428 4c8b | 5424 504c | 8954 2440 

  0x0000029bc1e692f4: ;   {runtime_call UncommonTrapBlob}
  0x0000029bc1e692f4: c5f8 77e8 

  0x0000029bc1e692f8: ; ImmutableOopMap {rbp=Oop [32]=Oop [40]=Oop [104]=Oop [128]=Oop }
                      ;*getfield csu {reexecute=1 rethrow=0 return_oop=0}
                      ; - (reexecute) jdk.internal.loader.URLClassPath$JarLoader$2::getCodeSourceURL@4
                      ; - java.net.URLClassLoader::defineClass@13
                      ; - java.net.URLClassLoader$1::run@43
                      ; - java.net.URLClassLoader$1::run@1
                      ; - java.security.AccessController::executePrivileged@29
                      ; - java.security.AccessController::doPrivileged@13
                      ; - java.net.URLClassLoader::findClass@13
  0x0000029bc1e692f8: 04a7 76fe 

  0x0000029bc1e692fc: ;   {other}
  0x0000029bc1e692fc: 0f1f 8400 | 6c88 00c6 | baf6 ffff | ff48 8b6c | 2460 4c8b | 5424 284c | 8954 2420 | 4c8b 5424 
  0x0000029bc1e6931c: 584c 8954 | 2428 4c8b | 5424 504c | 8954 2440 | 4c8b 5424 | 684c 8954 | 2450 6690 

  0x0000029bc1e69338: ;   {runtime_call UncommonTrapBlob}
  0x0000029bc1e69338: c5f8 77e8 

  0x0000029bc1e6933c: ; ImmutableOopMap {rbp=Oop [32]=Oop [40]=Oop [80]=Oop [124]=NarrowOop [128]=Oop [136]=Oop }
                      ;*getfield jar {reexecute=1 rethrow=0 return_oop=0}
                      ; - (reexecute) jdk.internal.loader.URLClassPath$JarLoader$2::getManifest@7
                      ; - java.net.URLClassLoader::defineClass@34
                      ; - java.net.URLClassLoader$1::run@43
                      ; - java.net.URLClassLoader$1::run@1
                      ; - java.security.AccessController::executePrivileged@29
                      ; - java.security.AccessController::doPrivileged@13
                      ; - java.net.URLClassLoader::findClass@13
  0x0000029bc1e6933c: c0a6 76fe 

  0x0000029bc1e69340: ;   {other}
  0x0000029bc1e69340: 0f1f 8400 | b088 00c7 | baf6 ffff | ff48 8b6c | 2460 4c8b | 5424 284c | 8954 2420 | 4c8b 5424 
  0x0000029bc1e69360: 584c 8954 | 2428 4c8b | 5424 504c | 8954 2440 | 4c8b 5424 | 684c 8954 | 2450 6690 

  0x0000029bc1e6937c: ;   {runtime_call UncommonTrapBlob}
  0x0000029bc1e6937c: c5f8 77e8 

  0x0000029bc1e69380: ; ImmutableOopMap {rbp=Oop [32]=Oop [40]=Oop [80]=Oop [124]=NarrowOop [128]=Oop [136]=Oop }
                      ;*getfield jar {reexecute=1 rethrow=0 return_oop=0}
                      ; - (reexecute) jdk.internal.loader.URLClassPath$JarLoader$2::getManifest@19
                      ; - java.net.URLClassLoader::defineClass@34
                      ; - java.net.URLClassLoader$1::run@43
                      ; - java.net.URLClassLoader$1::run@1
                      ; - java.security.AccessController::executePrivileged@29
                      ; - java.security.AccessController::doPrivileged@13
                      ; - java.net.URLClassLoader::findClass@13
  0x0000029bc1e69380: 7ca6 76fe 

  0x0000029bc1e69384: ;   {other}
  0x0000029bc1e69384: 0f1f 8400 | f488 00c8 | baf6 ffff | ff48 8b6c | 2460 4c8b | 5424 284c | 8954 2420 | 4c8b 5424 
  0x0000029bc1e693a4: 584c 8954 | 2428 4c8b | 5424 504c | 8954 2440 | 4c8b 5424 | 684c 8954 | 2450 6690 

  0x0000029bc1e693c0: ;   {runtime_call UncommonTrapBlob}
  0x0000029bc1e693c0: c5f8 77e8 

  0x0000029bc1e693c4: ; ImmutableOopMap {rbp=Oop [32]=Oop [40]=Oop [80]=Oop [124]=NarrowOop [128]=Oop [136]=Oop }
                      ;*invokevirtual getManifest {reexecute=0 rethrow=0 return_oop=0}
                      ; - jdk.internal.loader.URLClassPath$JarLoader$2::getManifest@22
                      ; - java.net.URLClassLoader::defineClass@34
                      ; - java.net.URLClassLoader$1::run@43
                      ; - java.net.URLClassLoader$1::run@1
                      ; - java.security.AccessController::executePrivileged@29
                      ; - java.security.AccessController::doPrivileged@13
                      ; - java.net.URLClassLoader::findClass@13
  0x0000029bc1e693c4: 38a6 76fe 

  0x0000029bc1e693c8: ;   {other}
  0x0000029bc1e693c8: 0f1f 8400 | 3889 00c9 | baf6 ffff | ff48 8b6c | 2460 4c8b | 5424 284c | 8954 2420 

  0x0000029bc1e693e4: ;   {runtime_call UncommonTrapBlob}
  0x0000029bc1e693e4: c5f8 77e8 

  0x0000029bc1e693e8: ; ImmutableOopMap {rbp=Oop [32]=Oop [104]=Oop }
                      ;*arraylength {reexecute=0 rethrow=0 return_oop=0}
                      ; - java.lang.String::length@4
                      ; - java.lang.StringConcatHelper::prepend@2
                      ; - java.lang.StringConcatHelper::simpleConcat@81
                      ; - java.lang.String::concat@11
                      ; - java.net.URLClassLoader$1::run@13
                      ; - java.net.URLClassLoader$1::run@1
                      ; - java.security.AccessController::executePrivileged@29
                      ; - java.security.AccessController::doPrivileged@13
                      ; - java.net.URLClassLoader::findClass@13
  0x0000029bc1e693e8: 14a6 76fe 

  0x0000029bc1e693ec: ;   {other}
  0x0000029bc1e693ec: 0f1f 8400 | 5c89 00ca | baf6 ffff | ff48 8b6c | 2420 4c8b | 5424 284c | 8954 2420 | 4c8b 5424 
  0x0000029bc1e6940c: 584c 8954 | 2428 4c8b | 5424 504c | 8954 2440 | 4c8b 5424 | 684c 8954 | 2450 6690 

  0x0000029bc1e69428: ;   {runtime_call UncommonTrapBlob}
  0x0000029bc1e69428: c5f8 77e8 

  0x0000029bc1e6942c: ; ImmutableOopMap {rbp=Oop [32]=Oop [40]=Oop [80]=Oop [112]=Oop [120]=NarrowOop [128]=Oop [136]=Oop }
                      ;*invokevirtual isNamed {reexecute=0 rethrow=0 return_oop=0}
                      ; - java.lang.Package::isSealed@4
                      ; - java.net.URLClassLoader::getAndVerifyPackage@14
                      ; - java.net.URLClassLoader::defineClass@46
                      ; - java.net.URLClassLoader$1::run@43
                      ; - java.net.URLClassLoader$1::run@1
                      ; - java.security.AccessController::executePrivileged@29
                      ; - java.security.AccessController::doPrivileged@13
                      ; - java.net.URLClassLoader::findClass@13
  0x0000029bc1e6942c: d0a5 76fe 

  0x0000029bc1e69430: ;   {other}
  0x0000029bc1e69430: 0f1f 8400 | a089 00cb | baf6 ffff | ff48 8b6c | 2420 4c8b | 5424 284c | 8954 2420 | 4c8b 5424 
  0x0000029bc1e69450: 584c 8954 | 2428 4c8b | 5424 504c | 8954 2440 | 4c8b 5424 | 684c 8954 | 2450 6690 

  0x0000029bc1e6946c: ;   {runtime_call UncommonTrapBlob}
  0x0000029bc1e6946c: c5f8 77e8 

  0x0000029bc1e69470: ; ImmutableOopMap {rbp=Oop [32]=Oop [40]=Oop [80]=Oop [112]=Oop [120]=NarrowOop [128]=Oop [136]=Oop }
                      ;*getfield sealBase {reexecute=1 rethrow=0 return_oop=0}
                      ; - (reexecute) java.lang.Package::isSealed@14
                      ; - java.net.URLClassLoader::getAndVerifyPackage@14
                      ; - java.net.URLClassLoader::defineClass@46
                      ; - java.net.URLClassLoader$1::run@43
                      ; - java.net.URLClassLoader$1::run@1
                      ; - java.security.AccessController::executePrivileged@29
                      ; - java.security.AccessController::doPrivileged@13
                      ; - java.net.URLClassLoader::findClass@13
  0x0000029bc1e69470: 8ca5 76fe 

  0x0000029bc1e69474: ;   {other}
  0x0000029bc1e69474: 0f1f 8400 | e489 00cc | baf6 ffff | ff48 8b6c | 2460 4c8b | 5424 284c | 8954 2420 | 4c8b 5424 
  0x0000029bc1e69494: 584c 8954 | 2428 4c8b | 5424 504c | 8954 2440 | 4c8b 5424 | 684c 8954 | 2450 6690 

  0x0000029bc1e694b0: ;   {runtime_call UncommonTrapBlob}
  0x0000029bc1e694b0: c5f8 77e8 

  0x0000029bc1e694b4: ; ImmutableOopMap {rbp=Oop [32]=Oop [40]=Oop [80]=Oop [112]=Oop [124]=NarrowOop [128]=Oop [136]=Oop }
                      ;*arraylength {reexecute=0 rethrow=0 return_oop=0}
                      ; - java.lang.StringLatin1::replace@8
                      ; - java.lang.String::replace@18
                      ; - java.net.URLClassLoader::isSealed@9
                      ; - java.net.URLClassLoader::getAndVerifyPackage@68
                      ; - java.net.URLClassLoader::defineClass@46
                      ; - java.net.URLClassLoader$1::run@43
                      ; - java.net.URLClassLoader$1::run@1
                      ; - java.security.AccessController::executePrivileged@29
                      ; - java.security.AccessController::doPrivileged@13
                      ; - java.net.URLClassLoader::findClass@13
  0x0000029bc1e694b4: 48a5 76fe 

  0x0000029bc1e694b8: ;   {other}
  0x0000029bc1e694b8: 0f1f 8400 | 288a 00cd | baf6 ffff | ff48 8b6c | 2460 4c8b | 5424 284c | 8954 2420 | 4c8b 5424 
  0x0000029bc1e694d8: 584c 8954 | 2428 4c8b | 5424 504c | 8954 2440 | 4c8b 5424 | 684c 8954 | 2450 448b | 5424 7c44 
  0x0000029bc1e694f8: 8954 2460 | 4889 4424 | 7866 6690 

  0x0000029bc1e69504: ;   {runtime_call UncommonTrapBlob}
  0x0000029bc1e69504: c5f8 77e8 

  0x0000029bc1e69508: ; ImmutableOopMap {rbp=Oop [32]=Oop [40]=Oop [80]=Oop [96]=NarrowOop [112]=Oop [120]=Oop [128]=Oop [136]=Oop }
                      ;*invokeinterface get {reexecute=0 rethrow=0 return_oop=0}
                      ; - java.util.jar.Manifest::getAttributes@5
                      ; - java.util.jar.Manifest::getTrustedAttributes@2
                      ; - java.util.jar.JavaUtilJarAccessImpl::getTrustedAttributes@2
                      ; - java.net.URLClassLoader::isSealed@18
                      ; - java.net.URLClassLoader::getAndVerifyPackage@68
                      ; - java.net.URLClassLoader::defineClass@46
                      ; - java.net.URLClassLoader$1::run@43
                      ; - java.net.URLClassLoader$1::run@1
                      ; - java.security.AccessController::executePrivileged@29
                      ; - java.security.AccessController::doPrivileged@13
                      ; - java.net.URLClassLoader::findClass@13
  0x0000029bc1e69508: f4a4 76fe 

  0x0000029bc1e6950c: ;   {other}
  0x0000029bc1e6950c: 0f1f 8400 | 7c8a 00ce | ba45 ffff | ff48 8b6c | 2460 4c8b | 5c24 284c | 895c 2420 | 4c8b 5c24 
  0x0000029bc1e6952c: 584c 895c | 2428 4c8b | 5c24 504c | 895c 2440 | 4c8b 5c24 | 684c 895c | 2450 4c8b | 9c24 8000 
  0x0000029bc1e6954c: 0000 4c89 | 5c24 5844 | 8954 2478 

  0x0000029bc1e69558: ;   {runtime_call UncommonTrapBlob}
  0x0000029bc1e69558: c5f8 77e8 

  0x0000029bc1e6955c: ; ImmutableOopMap {rbp=Oop [32]=Oop [40]=Oop [80]=Oop [88]=Oop [120]=NarrowOop [124]=NarrowOop [136]=Oop }
                      ;*ifnonnull {reexecute=1 rethrow=0 return_oop=0}
                      ; - (reexecute) jdk.internal.access.SharedSecrets::javaUtilJarAccess@5
                      ; - jdk.internal.loader.URLClassPath$JarLoader$2::getManifest@0
                      ; - java.net.URLClassLoader::defineClass@34
                      ; - java.net.URLClassLoader$1::run@43
                      ; - java.net.URLClassLoader$1::run@1
                      ; - java.security.AccessController::executePrivileged@29
                      ; - java.security.AccessController::doPrivileged@13
                      ; - java.net.URLClassLoader::findClass@13
  0x0000029bc1e6955c: a0a4 76fe 

  0x0000029bc1e69560: ;   {other}
  0x0000029bc1e69560: 0f1f 8400 | d08a 00cf | ba45 ffff | ff48 8b6c | 2420 4c8b | 5424 284c | 8954 2420 | 4c8b 5424 
  0x0000029bc1e69580: 584c 8954 | 2428 4c8b | 5424 504c | 8954 2440 | 4c8b 5424 | 684c 8954 | 2450 4c8b | 9424 8000 
  0x0000029bc1e695a0: 0000 4c89 | 5424 5890 

  0x0000029bc1e695a8: ;   {runtime_call UncommonTrapBlob}
  0x0000029bc1e695a8: c5f8 77e8 

  0x0000029bc1e695ac: ; ImmutableOopMap {rbp=Oop [32]=Oop [40]=Oop [80]=Oop [88]=Oop [112]=Oop [120]=NarrowOop [124]=NarrowOop [136]=Oop [144]=Oop }
                      ;*ifnonnull {reexecute=1 rethrow=0 return_oop=0}
                      ; - (reexecute) jdk.internal.access.SharedSecrets::javaUtilJarAccess@5
                      ; - java.net.URLClassLoader::isSealed@0
                      ; - java.net.URLClassLoader::getAndVerifyPackage@68
                      ; - java.net.URLClassLoader::defineClass@46
                      ; - java.net.URLClassLoader$1::run@43
                      ; - java.net.URLClassLoader$1::run@1
                      ; - java.security.AccessController::executePrivileged@29
                      ; - java.security.AccessController::doPrivileged@13
                      ; - java.net.URLClassLoader::findClass@13
  0x0000029bc1e695ac: 50a4 76fe 

  0x0000029bc1e695b0: ;   {other}
  0x0000029bc1e695b0: 0f1f 8400 | 208b 00d0 | baf4 ffff | ff48 8b6c | 2460 4c8b | 5424 284c | 8954 2420 | 4c8b 5424 
  0x0000029bc1e695d0: 584c 8954 | 2428 4c8b | 5424 504c | 8954 2440 | 4c89 5c24 | 5866 6690 

  0x0000029bc1e695e8: ;   {runtime_call UncommonTrapBlob}
  0x0000029bc1e695e8: c5f8 77e8 

  0x0000029bc1e695ec: ; ImmutableOopMap {rbp=Oop [32]=Oop [40]=Oop [88]=Oop [104]=Oop [124]=NarrowOop }
                      ;*instanceof {reexecute=0 rethrow=0 return_oop=0}
                      ; - jdk.internal.loader.Resource::getByteBuffer@6
                      ; - java.net.URLClassLoader::defineClass@132
                      ; - java.net.URLClassLoader$1::run@43
                      ; - java.net.URLClassLoader$1::run@1
                      ; - java.security.AccessController::executePrivileged@29
                      ; - java.security.AccessController::doPrivileged@13
                      ; - java.net.URLClassLoader::findClass@13
  0x0000029bc1e695ec: 10a4 76fe 

  0x0000029bc1e695f0: ;   {other}
  0x0000029bc1e695f0: 0f1f 8400 | 608b 00d1 | baf6 ffff | ff48 8b6c | 2460 4c8b | 5424 284c | 8954 2420 | 4c8b 5424 
  0x0000029bc1e69610: 584c 8954 | 2428 4c8b | 5424 504c | 8954 2440 | 4c8b 5424 | 684c 8954 | 2450 897c | 2464 4489 
  0x0000029bc1e69630: 4c24 7890 

  0x0000029bc1e69634: ;   {runtime_call UncommonTrapBlob}
  0x0000029bc1e69634: c5f8 77e8 

  0x0000029bc1e69638: ; ImmutableOopMap {rbp=Oop [32]=Oop [40]=Oop [80]=Oop [100]=NarrowOop [112]=Oop [124]=NarrowOop }
                      ;*invokevirtual getSize {reexecute=0 rethrow=0 return_oop=0}
                      ; - jdk.internal.loader.URLClassPath$JarLoader$2::getContentLength@4
                      ; - jdk.internal.loader.Resource::getBytes@10
                      ; - jdk.internal.loader.URLClassPath$JarLoader$2::getBytes@1
                      ; - java.net.URLClassLoader::defineClass@179
                      ; - java.net.URLClassLoader$1::run@43
                      ; - java.net.URLClassLoader$1::run@1
                      ; - java.security.AccessController::executePrivileged@29
                      ; - java.security.AccessController::doPrivileged@13
                      ; - java.net.URLClassLoader::findClass@13
  0x0000029bc1e69638: c4a3 76fe 

  0x0000029bc1e6963c: ;   {other}
  0x0000029bc1e6963c: 0f1f 8400 | ac8b 00d2 | baf6 ffff | ff48 8b6c | 2460 4c8b | 5424 284c | 8954 2420 | 4c8b 5424 
  0x0000029bc1e6965c: 584c 8954 | 2428 4c8b | 5424 504c | 8954 2440 

  0x0000029bc1e6966c: ;   {runtime_call UncommonTrapBlob}
  0x0000029bc1e6966c: c5f8 77e8 

  0x0000029bc1e69670: ; ImmutableOopMap {rbp=Oop [32]=Oop [40]=Oop [104]=Oop [112]=Oop [124]=NarrowOop }
                      ;*invokevirtual getCrc {reexecute=0 rethrow=0 return_oop=0}
                      ; - jdk.internal.loader.URLClassPath$JarLoader$2::getBytes@26
                      ; - java.net.URLClassLoader::defineClass@179
                      ; - java.net.URLClassLoader$1::run@43
                      ; - java.net.URLClassLoader$1::run@1
                      ; - java.security.AccessController::executePrivileged@29
                      ; - java.security.AccessController::doPrivileged@13
                      ; - java.net.URLClassLoader::findClass@13
  0x0000029bc1e69670: 8ca3 76fe 

  0x0000029bc1e69674: ;   {other}
  0x0000029bc1e69674: 0f1f 8400 | e48b 00d3 | baf6 ffff | ff48 8b6c | 2460 4c8b | 5424 284c | 8954 2420 | 4c8b 5424 
  0x0000029bc1e69694: 584c 8954 | 2428 4889 | 7c24 5890 

  0x0000029bc1e696a0: ;   {runtime_call UncommonTrapBlob}
  0x0000029bc1e696a0: c5f8 77e8 

  0x0000029bc1e696a4: ; ImmutableOopMap {rbp=Oop [32]=Oop [40]=Oop [88]=Oop [104]=Oop [112]=Oop }
                      ;*invokevirtual get {reexecute=0 rethrow=0 return_oop=0}
                      ; - jdk.internal.perf.PerfCounter::get@5
                      ; - jdk.internal.perf.PerfCounter::add@1
                      ; - jdk.internal.perf.PerfCounter::addElapsedTimeFrom@6
                      ; - java.net.URLClassLoader::defineClass@207
                      ; - java.net.URLClassLoader$1::run@43
                      ; - java.net.URLClassLoader$1::run@1
                      ; - java.security.AccessController::executePrivileged@29
                      ; - java.security.AccessController::doPrivileged@13
                      ; - java.net.URLClassLoader::findClass@13
  0x0000029bc1e696a4: 58a3 76fe 

  0x0000029bc1e696a8: ;   {other}
  0x0000029bc1e696a8: 0f1f 8400 | 188c 00d4 | baf6 ffff | ff48 8b6c | 2460 4c8b | 5424 284c | 8954 2420 | 4c89 4424 
  0x0000029bc1e696c8: 404c 894c | 2448 6690 

  0x0000029bc1e696d0: ;   {runtime_call UncommonTrapBlob}
  0x0000029bc1e696d0: c5f8 77e8 

  0x0000029bc1e696d4: ; ImmutableOopMap {rbp=Oop [32]=Oop [64]=Oop [72]=Oop [88]=Oop [104]=Oop }
                      ;*invokeinterface computeIfAbsent {reexecute=0 rethrow=0 return_oop=0}
                      ; - java.security.SecureClassLoader::getProtectionDomain@28
                      ; - java.security.SecureClassLoader::defineClass@9
                      ; - java.net.URLClassLoader::defineClass@220
                      ; - java.net.URLClassLoader$1::run@43
                      ; - java.net.URLClassLoader$1::run@1
                      ; - java.security.AccessController::executePrivileged@29
                      ; - java.security.AccessController::doPrivileged@13
                      ; - java.net.URLClassLoader::findClass@13
  0x0000029bc1e696d4: 28a3 76fe 

  0x0000029bc1e696d8: ;   {other}
  0x0000029bc1e696d8: 0f1f 8400 | 488c 00d5 | baf4 ffff | ff4c 8b54 | 2428 4c89 | 5424 204c | 8b54 2458 | 4c89 5424 
  0x0000029bc1e696f8: 2866 6690 

  0x0000029bc1e696fc: ;   {runtime_call UncommonTrapBlob}
  0x0000029bc1e696fc: c5f8 77e8 

  0x0000029bc1e69700: ; ImmutableOopMap {rbp=Oop [32]=Oop [40]=Oop [104]=Oop [112]=Oop }
                      ;*checkcast {reexecute=0 rethrow=0 return_oop=0}
                      ; - java.security.SecureClassLoader::getProtectionDomain@33
                      ; - java.security.SecureClassLoader::defineClass@9
                      ; - java.net.URLClassLoader::defineClass@220
                      ; - java.net.URLClassLoader$1::run@43
                      ; - java.net.URLClassLoader$1::run@1
                      ; - java.security.AccessController::executePrivileged@29
                      ; - java.security.AccessController::doPrivileged@13
                      ; - java.net.URLClassLoader::findClass@13
  0x0000029bc1e69700: fca2 76fe 

  0x0000029bc1e69704: ;   {other}
  0x0000029bc1e69704: 0f1f 8400 | 748c 00d6 | baf6 ffff | ff48 8b6c | 2430 4c8b | 5424 284c | 8954 2420 | 4c8b 5424 
  0x0000029bc1e69724: 584c 8954 | 2428 4c8b | 5424 504c | 8954 2440 | 4c8b 5424 | 684c 8954 | 2450 4c89 | 4424 6890 
  0x0000029bc1e69744: ;   {runtime_call UncommonTrapBlob}
  0x0000029bc1e69744: c5f8 77e8 

  0x0000029bc1e69748: ; ImmutableOopMap {rbp=Oop [32]=Oop [40]=Oop [80]=Oop [104]=Oop [124]=NarrowOop [144]=Oop }
                      ;*getfield jv {reexecute=1 rethrow=0 return_oop=0}
                      ; - (reexecute) java.util.jar.JarFile$JarFileEntry::getCodeSigners@31
                      ; - jdk.internal.loader.URLClassPath$JarLoader$2::getCodeSigners@4
                      ; - java.net.URLClassLoader::defineClass@185
                      ; - java.net.URLClassLoader$1::run@43
                      ; - java.net.URLClassLoader$1::run@1
                      ; - java.security.AccessController::executePrivileged@29
                      ; - java.security.AccessController::doPrivileged@13
                      ; - java.net.URLClassLoader::findClass@13
  0x0000029bc1e69748: b4a2 76fe 

  0x0000029bc1e6974c: ;   {other}
  0x0000029bc1e6974c: 0f1f 8400 | bc8c 00d7 | baf6 ffff | ff48 8b6c | 2460 4c8b | 5424 284c | 8954 2420 | 4c8b 5424 
  0x0000029bc1e6976c: 584c 8954 | 2428 4c8b | 5424 504c | 8954 2440 | 4c8b 5424 | 684c 8954 | 2450 6690 

  0x0000029bc1e69788: ;   {runtime_call UncommonTrapBlob}
  0x0000029bc1e69788: c5f8 77e8 

  0x0000029bc1e6978c: ; ImmutableOopMap {rbp=Oop [32]=Oop [40]=Oop [80]=Oop [112]=Oop [124]=NarrowOop [128]=Oop [136]=Oop }
                      ;*arraylength {reexecute=0 rethrow=0 return_oop=0}
                      ; - java.lang.StringLatin1::hashCode@1
                      ; - java.lang.String::hashCode@27
                      ; - java.util.HashMap::hash@9
                      ; - java.util.HashMap::getNode@23
                      ; - java.util.HashMap::get@2
                      ; - java.util.jar.Manifest::getAttributes@5
                      ; - java.util.jar.Manifest::getTrustedAttributes@2
                      ; - java.util.jar.JavaUtilJarAccessImpl::getTrustedAttributes@2
                      ; - java.net.URLClassLoader::isSealed@18
                      ; - java.net.URLClassLoader::getAndVerifyPackage@68
                      ; - java.net.URLClassLoader::defineClass@46
                      ; - java.net.URLClassLoader$1::run@43
                      ; - java.net.URLClassLoader$1::run@1
                      ; - java.security.AccessController::executePrivileged@29
                      ; - java.security.AccessController::doPrivileged@13
                      ; - java.net.URLClassLoader::findClass@13
  0x0000029bc1e6978c: 70a2 76fe 

  0x0000029bc1e69790: ;   {other}
  0x0000029bc1e69790: 0f1f 8400 | 008d 00d8 | ba76 ffff | ff48 8b6c | 2460 4c8b | 4424 284c | 8944 2420 | 4c8b 4424 
  0x0000029bc1e697b0: 584c 8944 | 2428 4c8b | 4424 504c | 8944 2440 | 4c8b 4424 | 684c 8944 | 2450 448b | 4424 7c44 
  0x0000029bc1e697d0: 8944 2460 | 4c8b 4424 | 704c 8944 | 2468 4c89 | 5c24 7089 | 7c24 6444 | 894c 2478 | 4489 9424 
  0x0000029bc1e697f0: 8000 0000 

  0x0000029bc1e697f4: ;   {runtime_call UncommonTrapBlob}
  0x0000029bc1e697f4: c5f8 77e8 

  0x0000029bc1e697f8: ; ImmutableOopMap {rbp=Oop [32]=Oop [40]=Oop [80]=Oop [96]=NarrowOop [100]=NarrowOop [104]=Oop [112]=Oop }
                      ;*if_icmpge {reexecute=1 rethrow=0 return_oop=0}
                      ; - (reexecute) jdk.internal.loader.Resource::getBytes@50
                      ; - jdk.internal.loader.URLClassPath$JarLoader$2::getBytes@1
                      ; - java.net.URLClassLoader::defineClass@179
                      ; - java.net.URLClassLoader$1::run@43
                      ; - java.net.URLClassLoader$1::run@1
                      ; - java.security.AccessController::executePrivileged@29
                      ; - java.security.AccessController::doPrivileged@13
                      ; - java.net.URLClassLoader::findClass@13
  0x0000029bc1e697f8: 04a2 76fe 

  0x0000029bc1e697fc: ;   {other}
  0x0000029bc1e697fc: 0f1f 8400 | 6c8d 00d9 | baf6 ffff | ff48 8b6c | 2460 4c8b | 5424 284c | 8954 2420 | 4c8b 5424 
  0x0000029bc1e6981c: 584c 8954 | 2428 4c8b | 5424 504c | 8954 2440 | 4c8b 5424 | 684c 8954 | 2450 4c89 | 4c24 7090 
  0x0000029bc1e6983c: ;   {runtime_call UncommonTrapBlob}
  0x0000029bc1e6983c: c5f8 77e8 

  0x0000029bc1e69840: ; ImmutableOopMap {rbp=Oop [32]=Oop [40]=Oop [80]=Oop [112]=Oop [124]=NarrowOop [128]=Oop [136]=Oop }
                      ;*invokeinterface get {reexecute=0 rethrow=0 return_oop=0}
                      ; - java.util.jar.Attributes::get@5
                      ; - java.util.jar.Attributes::getValue@2
                      ; - java.net.URLClassLoader::isSealed@58
                      ; - java.net.URLClassLoader::getAndVerifyPackage@68
                      ; - java.net.URLClassLoader::defineClass@46
                      ; - java.net.URLClassLoader$1::run@43
                      ; - java.net.URLClassLoader$1::run@1
                      ; - java.security.AccessController::executePrivileged@29
                      ; - java.security.AccessController::doPrivileged@13
                      ; - java.net.URLClassLoader::findClass@13
  0x0000029bc1e69840: bca1 76fe 

  0x0000029bc1e69844: ;   {other}
  0x0000029bc1e69844: 0f1f 8400 | b48d 00da | baf6 ffff | ff48 8b6c | 2460 4c8b | 5424 284c | 8954 2420 | 4c8b 5424 
  0x0000029bc1e69864: 584c 8954 | 2428 4c8b | 5424 504c | 8954 2440 | 4c8b 5424 | 684c 8954 | 2450 4c89 | 5c24 6890 
  0x0000029bc1e69884: ;   {runtime_call UncommonTrapBlob}
  0x0000029bc1e69884: c5f8 77e8 

  0x0000029bc1e69888: ; ImmutableOopMap {rbp=Oop [32]=Oop [40]=Oop [80]=Oop [104]=Oop [124]=NarrowOop }
                      ;*getfield jar {reexecute=1 rethrow=0 return_oop=0}
                      ; - (reexecute) jdk.internal.loader.URLClassPath$JarLoader$2::getInputStream@4
                      ; - jdk.internal.loader.Resource::cachedInputStream@9
                      ; - jdk.internal.loader.Resource::getByteBuffer@1
                      ; - java.net.URLClassLoader::defineClass@132
                      ; - java.net.URLClassLoader$1::run@43
                      ; - java.net.URLClassLoader$1::run@1
                      ; - java.security.AccessController::executePrivileged@29
                      ; - java.security.AccessController::doPrivileged@13
                      ; - java.net.URLClassLoader::findClass@13
  0x0000029bc1e69888: 74a1 76fe 

  0x0000029bc1e6988c: ;   {other}
  0x0000029bc1e6988c: 0f1f 8400 | fc8d 00db | baf6 ffff | ff48 8b6c | 2460 4c8b | 5424 284c | 8954 2420 | 4c8b 5424 
  0x0000029bc1e698ac: 584c 8954 | 2428 4c8b | 5424 504c | 8954 2440 | 4c8b 5424 | 684c 8954 | 2450 448b | 5424 7c44 
  0x0000029bc1e698cc: 8954 2460 

  0x0000029bc1e698d0: ;   {runtime_call UncommonTrapBlob}
  0x0000029bc1e698d0: c5f8 77e8 

  0x0000029bc1e698d4: ; ImmutableOopMap {rbp=Oop [32]=Oop [40]=Oop [80]=Oop [96]=NarrowOop [112]=Oop }
                      ;*getfield jar {reexecute=1 rethrow=0 return_oop=0}
                      ; - (reexecute) jdk.internal.loader.URLClassPath$JarLoader$2::getInputStream@4
                      ; - jdk.internal.loader.Resource::cachedInputStream@9
                      ; - jdk.internal.loader.Resource::getBytes@1
                      ; - jdk.internal.loader.URLClassPath$JarLoader$2::getBytes@1
                      ; - java.net.URLClassLoader::defineClass@179
                      ; - java.net.URLClassLoader$1::run@43
                      ; - java.net.URLClassLoader$1::run@1
                      ; - java.security.AccessController::executePrivileged@29
                      ; - java.security.AccessController::doPrivileged@13
                      ; - java.net.URLClassLoader::findClass@13
  0x0000029bc1e698d4: 28a1 76fe 

  0x0000029bc1e698d8: ;   {other}
  0x0000029bc1e698d8: 0f1f 8400 | 488e 00dc | baf6 ffff | ff48 8b6c | 2460 4c8b | 5424 284c | 8954 2420 | 4c8b 5424 
  0x0000029bc1e698f8: 584c 8954 | 2428 4c8b | 5424 504c | 8954 2440 | 4c8b 5424 | 684c 8954 | 2450 4c89 | 4c24 7090 
  0x0000029bc1e69918: ;   {runtime_call UncommonTrapBlob}
  0x0000029bc1e69918: c5f8 77e8 

  0x0000029bc1e6991c: ; ImmutableOopMap {rbp=Oop [32]=Oop [40]=Oop [80]=Oop [112]=Oop [124]=NarrowOop [128]=Oop [136]=Oop }
                      ;*arraylength {reexecute=0 rethrow=0 return_oop=0}
                      ; - java.lang.String::length@4
                      ; - java.lang.String::equalsIgnoreCase@14
                      ; - java.net.URLClassLoader::isSealed@68
                      ; - java.net.URLClassLoader::getAndVerifyPackage@68
                      ; - java.net.URLClassLoader::defineClass@46
                      ; - java.net.URLClassLoader$1::run@43
                      ; - java.net.URLClassLoader$1::run@1
                      ; - java.security.AccessController::executePrivileged@29
                      ; - java.security.AccessController::doPrivileged@13
                      ; - java.net.URLClassLoader::findClass@13
  0x0000029bc1e6991c: e0a0 76fe 

  0x0000029bc1e69920: ;   {other}
  0x0000029bc1e69920: 0f1f 8400 | 908e 00dd | ba45 ffff | ff48 8b6c | 2460 4c8b | 5424 284c | 8954 2420 | 4c8b 5424 
  0x0000029bc1e69940: 584c 8954 | 2428 4c8b | 5424 504c | 8954 2440 | 4c8b 5424 | 684c 8954 | 2450 4c8b | 9424 8000 
  0x0000029bc1e69960: 0000 4c89 | 5424 5844 | 8b54 247c | 4489 5424 | 604c 8b94 | 2488 0000 | 004c 894c | 2470 4c89 
  0x0000029bc1e69980: 5424 7844 | 899c 2488 | 0000 0090 

  0x0000029bc1e6998c: ;   {runtime_call UncommonTrapBlob}
  0x0000029bc1e6998c: c5f8 77e8 

  0x0000029bc1e69990: ; ImmutableOopMap {rbp=Oop [32]=Oop [40]=Oop [80]=Oop [88]=Oop [96]=NarrowOop [112]=Oop [120]=Oop [136]=NarrowOop [144]=Oop }
                      ;*ifnull {reexecute=1 rethrow=0 return_oop=0}
                      ; - (reexecute) java.net.URLClassLoader::isSealed@51
                      ; - java.net.URLClassLoader::getAndVerifyPackage@68
                      ; - java.net.URLClassLoader::defineClass@46
                      ; - java.net.URLClassLoader$1::run@43
                      ; - java.net.URLClassLoader$1::run@1
                      ; - java.security.AccessController::executePrivileged@29
                      ; - java.security.AccessController::doPrivileged@13
                      ; - java.net.URLClassLoader::findClass@13
  0x0000029bc1e69990: 6ca0 76fe 

  0x0000029bc1e69994: ;   {other}
  0x0000029bc1e69994: 0f1f 8400 | 048f 00de | baf6 ffff | ff4c 8b54 | 2428 4c89 | 5424 204c | 8b54 2458 | 4c89 5424 
  0x0000029bc1e699b4: 284c 8b54 | 2450 4c89 | 5424 404c | 8b54 2468 | 4c89 5424 | 5044 8b54 | 247c 4489 | 5424 604c 
  0x0000029bc1e699d4: 8b54 2470 | 4c89 5424 | 684d 8bd3 | 4c89 5424 | 7844 8b9c | 2480 0000 | 0044 895c | 2464 448b 
  0x0000029bc1e699f4: 9424 8400 | 0000 4489 | 9424 8000 | 0000 6690 

  0x0000029bc1e69a04: ;   {runtime_call UncommonTrapBlob}
  0x0000029bc1e69a04: c5f8 77e8 

  0x0000029bc1e69a08: ; ImmutableOopMap {rbp=Oop [32]=Oop [40]=Oop [80]=Oop [96]=NarrowOop [104]=Oop [120]=Oop [144]=Oop [160]=NarrowOop }
                      ;*invokevirtual update {reexecute=0 rethrow=0 return_oop=0}
                      ; - java.util.jar.JarVerifier$VerifierStream::read@63
                      ; - jdk.internal.loader.Resource::getBytes@117
                      ; - jdk.internal.loader.URLClassPath$JarLoader$2::getBytes@1
                      ; - java.net.URLClassLoader::defineClass@179
                      ; - java.net.URLClassLoader$1::run@43
                      ; - java.net.URLClassLoader$1::run@1
                      ; - java.security.AccessController::executePrivileged@29
                      ; - java.security.AccessController::doPrivileged@13
                      ; - java.net.URLClassLoader::findClass@13
  0x0000029bc1e69a08: f49f 76fe 

  0x0000029bc1e69a0c: ;   {other}
  0x0000029bc1e69a0c: 0f1f 8400 | 7c8f 00df | baf6 ffff | ff4c 8b54 | 2428 4c89 | 5424 204c | 8b54 2458 | 4c89 5424 
  0x0000029bc1e69a2c: 284c 8b54 | 2450 4c89 | 5424 404c | 8b54 2468 | 4c89 5424 | 5044 8b54 | 247c 4489 | 5424 604c 
  0x0000029bc1e69a4c: 8b54 2470 | 4c89 5424 | 6844 8b9c | 2480 0000 | 0044 895c | 2464 448b | 9424 8400 | 0000 4489 
  0x0000029bc1e69a6c: 9424 8000 | 0000 6690 

  0x0000029bc1e69a74: ;   {runtime_call UncommonTrapBlob}
  0x0000029bc1e69a74: c5f8 77e8 

  0x0000029bc1e69a78: ; ImmutableOopMap {rbp=Oop [32]=Oop [40]=Oop [80]=Oop [96]=NarrowOop [104]=Oop [144]=Oop [152]=Oop }
                      ;*invokevirtual update {reexecute=0 rethrow=0 return_oop=0}
                      ; - java.util.jar.JarVerifier::update@30
                      ; - java.util.jar.JarVerifier$VerifierStream::read@63
                      ; - jdk.internal.loader.Resource::getBytes@117
                      ; - jdk.internal.loader.URLClassPath$JarLoader$2::getBytes@1
                      ; - java.net.URLClassLoader::defineClass@179
                      ; - java.net.URLClassLoader$1::run@43
                      ; - java.net.URLClassLoader$1::run@1
                      ; - java.security.AccessController::executePrivileged@29
                      ; - java.security.AccessController::doPrivileged@13
                      ; - java.net.URLClassLoader::findClass@13
  0x0000029bc1e69a78: 849f 76fe 

  0x0000029bc1e69a7c: ;   {other}
  0x0000029bc1e69a7c: 0f1f 8400 | ec8f 00e0 | baf6 ffff | ff48 8b6c | 2460 4c8b | 5424 284c | 8954 2420 | 4c8b 5424 
  0x0000029bc1e69a9c: 584c 8954 | 2428 4c8b | 5424 504c | 8954 2440 | 4c8b 5424 | 684c 8954 | 2450 4c8b | 5424 7044 
  0x0000029bc1e69abc: 8b5c 247c | 4489 5c24 | 604c 8954 | 2468 448b | 9424 8000 | 0000 4489 | 5424 6444 | 8b9c 2484 
  0x0000029bc1e69adc: 0000 0044 | 899c 2480 | 0000 0090 

  0x0000029bc1e69ae8: ;   {runtime_call UncommonTrapBlob}
  0x0000029bc1e69ae8: c5f8 77e8 

  0x0000029bc1e69aec: ; ImmutableOopMap {rbp=Oop [32]=Oop [40]=Oop [80]=Oop [96]=NarrowOop [104]=Oop [144]=Oop [152]=Oop }
                      ;*invokevirtual size {reexecute=0 rethrow=0 return_oop=0}
                      ; - sun.security.util.ManifestEntryVerifier::update@17
                      ; - java.util.jar.JarVerifier::update@30
                      ; - java.util.jar.JarVerifier$VerifierStream::read@63
                      ; - jdk.internal.loader.Resource::getBytes@117
                      ; - jdk.internal.loader.URLClassPath$JarLoader$2::getBytes@1
                      ; - java.net.URLClassLoader::defineClass@179
                      ; - java.net.URLClassLoader$1::run@43
                      ; - java.net.URLClassLoader$1::run@1
                      ; - java.security.AccessController::executePrivileged@29
                      ; - java.security.AccessController::doPrivileged@13
                      ; - java.net.URLClassLoader::findClass@13
  0x0000029bc1e69aec: 109f 76fe 

  0x0000029bc1e69af0: ;   {other}
  0x0000029bc1e69af0: 0f1f 8400 | 6090 00e1 | baf6 ffff | ff48 8b6c | 2460 4c8b | 5424 284c | 8954 2420 | 4c8b 5424 
  0x0000029bc1e69b10: 584c 8954 | 2428 4c8b | 5424 504c | 8954 2440 | 4c8b 5424 | 684c 8954 | 2450 448b | 5424 7c44 
  0x0000029bc1e69b30: 8954 2460 | 4c8b 5424 | 704c 8954 | 2468 448b | 9c24 8000 | 0000 4489 | 5c24 6444 | 8b94 2484 
  0x0000029bc1e69b50: 0000 0044 | 8994 2480 | 0000 0044 | 8b9c 2488 | 0000 0044 | 899c 2484 | 0000 0089 | 9c24 8800 
  0x0000029bc1e69b70: 0000 6690 

  0x0000029bc1e69b74: ;   {runtime_call UncommonTrapBlob}
  0x0000029bc1e69b74: c5f8 77e8 

  0x0000029bc1e69b78: ; ImmutableOopMap {rbp=Oop [32]=Oop [40]=Oop [80]=Oop [96]=NarrowOop [104]=Oop [144]=Oop [152]=Oop }
                      ;*invokevirtual get {reexecute=0 rethrow=0 return_oop=0}
                      ; - sun.security.util.ManifestEntryVerifier::update@29
                      ; - java.util.jar.JarVerifier::update@30
                      ; - java.util.jar.JarVerifier$VerifierStream::read@63
                      ; - jdk.internal.loader.Resource::getBytes@117
                      ; - jdk.internal.loader.URLClassPath$JarLoader$2::getBytes@1
                      ; - java.net.URLClassLoader::defineClass@179
                      ; - java.net.URLClassLoader$1::run@43
                      ; - java.net.URLClassLoader$1::run@1
                      ; - java.security.AccessController::executePrivileged@29
                      ; - java.security.AccessController::doPrivileged@13
                      ; - java.net.URLClassLoader::findClass@13
  0x0000029bc1e69b78: 849e 76fe 

  0x0000029bc1e69b7c: ;   {other}
  0x0000029bc1e69b7c: 0f1f 8400 | ec90 00e2 | baf6 ffff | ff48 8b6c | 2460 4c8b | 5424 284c | 8954 2420 | 4c8b 5424 
  0x0000029bc1e69b9c: 584c 8954 | 2428 4c8b | 5424 504c | 8954 2440 | 4c8b 5424 | 684c 8954 | 2450 448b | 5424 7c44 
  0x0000029bc1e69bbc: 8954 2460 | 4c8b 5424 | 704c 8954 | 2468 448b | 9c24 8000 | 0000 4489 | 5c24 6444 | 8b94 2484 
  0x0000029bc1e69bdc: 0000 0044 | 8994 2480 | 0000 0044 | 8b9c 2488 | 0000 0044 | 899c 2484 | 0000 0090 

  0x0000029bc1e69bf8: ;   {runtime_call UncommonTrapBlob}
  0x0000029bc1e69bf8: c5f8 77e8 

  0x0000029bc1e69bfc: ; ImmutableOopMap {rbp=Oop [32]=Oop [40]=Oop [80]=Oop [96]=NarrowOop [104]=Oop [144]=Oop [152]=Oop }
                      ;*aaload {reexecute=0 rethrow=0 return_oop=0}
                      ; - java.util.ArrayList::elementData@5
                      ; - java.util.ArrayList::get@11
                      ; - sun.security.util.ManifestEntryVerifier::update@29
                      ; - java.util.jar.JarVerifier::update@30
                      ; - java.util.jar.JarVerifier$VerifierStream::read@63
                      ; - jdk.internal.loader.Resource::getBytes@117
                      ; - jdk.internal.loader.URLClassPath$JarLoader$2::getBytes@1
                      ; - java.net.URLClassLoader::defineClass@179
                      ; - java.net.URLClassLoader$1::run@43
                      ; - java.net.URLClassLoader$1::run@1
                      ; - java.security.AccessController::executePrivileged@29
                      ; - java.security.AccessController::doPrivileged@13
                      ; - java.net.URLClassLoader::findClass@13
  0x0000029bc1e69bfc: 009e 76fe 

  0x0000029bc1e69c00: ;   {other}
  0x0000029bc1e69c00: 0f1f 8400 | 7091 00e3 | baf4 ffff | ff48 8b6c | 2460 4c8b | 5424 284c | 8954 2420 | 4c8b 5424 
  0x0000029bc1e69c20: 584c 8954 | 2428 4c8b | 5424 504c | 8954 2440 | 4c8b 5424 | 684c 8954 | 2450 448b | 5424 7c44 
  0x0000029bc1e69c40: 8954 2460 | 4c8b 5424 | 704c 8954 | 2468 4c8b | 9424 9000 | 0000 4c89 | 5424 7044 | 8b9c 2480 
  0x0000029bc1e69c60: 0000 0044 | 895c 2464 | 448b 9424 | 8400 0000 | 4489 9424 | 8000 0000 

  0x0000029bc1e69c78: ;   {runtime_call UncommonTrapBlob}
  0x0000029bc1e69c78: c5f8 77e8 

  0x0000029bc1e69c7c: ; ImmutableOopMap {rbp=Oop [32]=Oop [40]=Oop [80]=Oop [96]=NarrowOop [104]=Oop [112]=Oop [152]=Oop [160]=NarrowOop }
                      ;*checkcast {reexecute=0 rethrow=0 return_oop=0}
                      ; - sun.security.util.ManifestEntryVerifier::update@32
                      ; - java.util.jar.JarVerifier::update@30
                      ; - java.util.jar.JarVerifier$VerifierStream::read@63
                      ; - jdk.internal.loader.Resource::getBytes@117
                      ; - jdk.internal.loader.URLClassPath$JarLoader$2::getBytes@1
                      ; - java.net.URLClassLoader::defineClass@179
                      ; - java.net.URLClassLoader$1::run@43
                      ; - java.net.URLClassLoader$1::run@1
                      ; - java.security.AccessController::executePrivileged@29
                      ; - java.security.AccessController::doPrivileged@13
                      ; - java.net.URLClassLoader::findClass@13
  0x0000029bc1e69c7c: 809d 76fe 

  0x0000029bc1e69c80: ;   {other}
  0x0000029bc1e69c80: 0f1f 8400 | f091 00e4 | baf6 ffff | ff48 8b6c | 2440 4c8b | 5424 284c | 8954 2420 | 4c8b 5424 
  0x0000029bc1e69ca0: 584c 8954 | 2428 4c8b | 5424 504c | 8954 2440 | 4c8b 5424 | 684c 8954 | 2450 4c8b | 5424 7044 
  0x0000029bc1e69cc0: 8b5c 247c | 4489 5c24 | 604c 8954 | 2468 448b | 9424 8000 | 0000 4489 | 5424 6444 | 8b9c 2484 
  0x0000029bc1e69ce0: 0000 0044 | 899c 2480 | 0000 0090 

  0x0000029bc1e69cec: ;   {runtime_call UncommonTrapBlob}
  0x0000029bc1e69cec: c5f8 77e8 

  0x0000029bc1e69cf0: ; ImmutableOopMap {rbp=Oop [32]=Oop [40]=Oop [80]=Oop [96]=NarrowOop [104]=Oop [144]=Oop [152]=Oop }
                      ;*invokevirtual size {reexecute=0 rethrow=0 return_oop=0}
                      ; - sun.security.util.ManifestEntryVerifier::update@17
                      ; - java.util.jar.JarVerifier::update@30
                      ; - java.util.jar.JarVerifier$VerifierStream::read@63
                      ; - jdk.internal.loader.Resource::getBytes@117
                      ; - jdk.internal.loader.URLClassPath$JarLoader$2::getBytes@1
                      ; - java.net.URLClassLoader::defineClass@179
                      ; - java.net.URLClassLoader$1::run@43
                      ; - java.net.URLClassLoader$1::run@1
                      ; - java.security.AccessController::executePrivileged@29
                      ; - java.security.AccessController::doPrivileged@13
                      ; - java.net.URLClassLoader::findClass@13
  0x0000029bc1e69cf0: 0c9d 76fe 

  0x0000029bc1e69cf4: ;   {other}
  0x0000029bc1e69cf4: 0f1f 8400 | 6492 00e5 | baf6 ffff | ff48 8b6c | 2460 4c8b | 5424 284c | 8954 2420 | 4c8b 5424 
  0x0000029bc1e69d14: 584c 8954 | 2428 4c8b | 5424 504c | 8954 2440 | 4c8b 5424 | 684c 8954 | 2450 4c8b | 5424 704c 
  0x0000029bc1e69d34: 8954 2468 | 4489 5c24 | 6466 6690 

  0x0000029bc1e69d40: ;   {runtime_call UncommonTrapBlob}
  0x0000029bc1e69d40: c5f8 77e8 

  0x0000029bc1e69d44: ; ImmutableOopMap {rbp=Oop [32]=Oop [40]=Oop [80]=Oop [100]=NarrowOop [104]=Oop [112]=Oop [124]=NarrowOop }
                      ;*getfield manifestName {reexecute=1 rethrow=0 return_oop=0}
                      ; - (reexecute) java.util.jar.JarVerifier$VerifierStream::<init>@29
                      ; - java.util.jar.JarFile::getInputStream@84
                      ; - jdk.internal.loader.URLClassPath$JarLoader$2::getInputStream@11
                      ; - jdk.internal.loader.Resource::cachedInputStream@9
                      ; - jdk.internal.loader.Resource::getByteBuffer@1
                      ; - java.net.URLClassLoader::defineClass@132
                      ; - java.net.URLClassLoader$1::run@43
                      ; - java.net.URLClassLoader$1::run@1
                      ; - java.security.AccessController::executePrivileged@29
                      ; - java.security.AccessController::doPrivileged@13
                      ; - java.net.URLClassLoader::findClass@13
  0x0000029bc1e69d44: b89c 76fe 

  0x0000029bc1e69d48: ;   {other}
  0x0000029bc1e69d48: 0f1f 8400 | b892 00e6 | baf6 ffff | ff48 8b6c | 2460 4c8b | 5424 284c | 8954 2420 | 4c8b 5424 
  0x0000029bc1e69d68: 584c 8954 | 2428 4c8b | 5424 504c | 8954 2440 | 4c8b 5424 | 684c 8954 | 2450 448b | 4424 7c44 
  0x0000029bc1e69d88: 8944 2460 | 4489 5c24 | 6466 6690 

  0x0000029bc1e69d94: ;   {runtime_call UncommonTrapBlob}
  0x0000029bc1e69d94: c5f8 77e8 

  0x0000029bc1e69d98: ; ImmutableOopMap {rbp=Oop [32]=Oop [40]=Oop [80]=Oop [96]=NarrowOop [100]=NarrowOop [112]=Oop }
                      ;*getfield manifestName {reexecute=1 rethrow=0 return_oop=0}
                      ; - (reexecute) java.util.jar.JarVerifier$VerifierStream::<init>@29
                      ; - java.util.jar.JarFile::getInputStream@84
                      ; - jdk.internal.loader.URLClassPath$JarLoader$2::getInputStream@11
                      ; - jdk.internal.loader.Resource::cachedInputStream@9
                      ; - jdk.internal.loader.Resource::getBytes@1
                      ; - jdk.internal.loader.URLClassPath$JarLoader$2::getBytes@1
                      ; - java.net.URLClassLoader::defineClass@179
                      ; - java.net.URLClassLoader$1::run@43
                      ; - java.net.URLClassLoader$1::run@1
                      ; - java.security.AccessController::executePrivileged@29
                      ; - java.security.AccessController::doPrivileged@13
                      ; - java.net.URLClassLoader::findClass@13
  0x0000029bc1e69d98: 649c 76fe 

  0x0000029bc1e69d9c: ;   {other}
  0x0000029bc1e69d9c: 0f1f 8400 | 0c93 00e7 | ba45 ffff | ff4c 8b54 | 2460 4c89 | 5424 204c | 8b54 2458 | 4c89 5424 
  0x0000029bc1e69dbc: 304c 8b54 | 2450 4c89 | 5424 484c | 8b54 2468 | 4c89 5424 | 5844 8b54 | 247c 4489 | 5424 6844 
  0x0000029bc1e69ddc: 8b9c 2480 | 0000 0044 | 895c 246c | 448b 9424 | 8400 0000 | 4489 9424 | 8000 0000 

  0x0000029bc1e69df8: ;   {runtime_call UncommonTrapBlob}
  0x0000029bc1e69df8: c5f8 77e8 

  0x0000029bc1e69dfc: ; ImmutableOopMap {rbp=NarrowOop [32]=Oop [40]=Oop [48]=Oop [88]=Oop [104]=NarrowOop [112]=Oop [144]=Oop [152]=Oop }
                      ;*ifnonnull {reexecute=1 rethrow=0 return_oop=0}
                      ; - (reexecute) java.util.jar.JarVerifier$VerifierStream::ensureOpen@4
                      ; - java.util.jar.JarVerifier$VerifierStream::read@1
                      ; - jdk.internal.loader.Resource::getBytes@117
                      ; - jdk.internal.loader.URLClassPath$JarLoader$2::getBytes@1
                      ; - java.net.URLClassLoader::defineClass@179
                      ; - java.net.URLClassLoader$1::run@43
                      ; - java.net.URLClassLoader$1::run@1
                      ; - java.security.AccessController::executePrivileged@29
                      ; - java.security.AccessController::doPrivileged@13
                      ; - java.net.URLClassLoader::findClass@13
  0x0000029bc1e69dfc: 009c 76fe 

  0x0000029bc1e69e00: ;   {other}
  0x0000029bc1e69e00: 0f1f 8400 | 7093 00e8 | ba97 ffff | ff48 8b6c | 2460 4c8b | 5424 284c | 8954 2420 | 4c8b 5424 
  0x0000029bc1e69e20: 584c 8954 | 2428 4c8b | 5424 504c | 8954 2440 | 448b 5424 | 7044 8954 | 2448 4c8b | 5424 684c 
  0x0000029bc1e69e40: 8954 2458 | 4c8b 9424 | 8800 0000 | 4c89 5424 | 7066 6690 

  0x0000029bc1e69e54: ;   {runtime_call UncommonTrapBlob}
  0x0000029bc1e69e54: c5f8 77e8 

  0x0000029bc1e69e58: ; ImmutableOopMap {rbp=Oop [32]=Oop [40]=Oop [72]=NarrowOop [88]=Oop [112]=Oop [124]=NarrowOop [128]=Oop [136]=Oop }
                      ;*invokevirtual clone {reexecute=1 rethrow=0 return_oop=0}
                      ; - (reexecute) java.util.Arrays::copyOfRange@18
                      ; - java.lang.StringLatin1::newString@16
                      ; - java.lang.String::substring@41
                      ; - java.net.URLClassLoader::defineClass@28
                      ; - java.net.URLClassLoader$1::run@43
                      ; - java.net.URLClassLoader$1::run@1
                      ; - java.security.AccessController::executePrivileged@29
                      ; - java.security.AccessController::doPrivileged@13
                      ; - java.net.URLClassLoader::findClass@13
  0x0000029bc1e69e58: a49b 76fe 

  0x0000029bc1e69e5c: ;   {other}
  0x0000029bc1e69e5c: 0f1f 8400 | cc93 00e9 | baf6 ffff | ff48 8b6c | 2460 4c8b | 5424 284c | 8954 2420 | 4c8b 5424 
  0x0000029bc1e69e7c: 584c 8954 | 2428 4c8b | 5424 504c | 8954 2440 | 4c8b 5424 | 684c 8954 | 2450 4c8b | 5424 7044 
  0x0000029bc1e69e9c: 8b5c 247c | 4489 5c24 | 604c 8954 | 2468 448b | 9424 8000 | 0000 4489 | 5424 6444 | 8b9c 2484 
  0x0000029bc1e69ebc: 0000 0044 | 899c 2480 | 0000 0090 

  0x0000029bc1e69ec8: ;   {runtime_call UncommonTrapBlob}
  0x0000029bc1e69ec8: c5f8 77e8 

  0x0000029bc1e69ecc: ; ImmutableOopMap {rbp=Oop [32]=Oop [40]=Oop [80]=Oop [96]=NarrowOop [104]=Oop [144]=Oop [152]=Oop }
                      ;*invokevirtual write {reexecute=0 rethrow=0 return_oop=0}
                      ; - java.util.jar.JarVerifier::update@19
                      ; - java.util.jar.JarVerifier$VerifierStream::read@63
                      ; - jdk.internal.loader.Resource::getBytes@117
                      ; - jdk.internal.loader.URLClassPath$JarLoader$2::getBytes@1
                      ; - java.net.URLClassLoader::defineClass@179
                      ; - java.net.URLClassLoader$1::run@43
                      ; - java.net.URLClassLoader$1::run@1
                      ; - java.security.AccessController::executePrivileged@29
                      ; - java.security.AccessController::doPrivileged@13
                      ; - java.net.URLClassLoader::findClass@13
  0x0000029bc1e69ecc: 309b 76fe 

  0x0000029bc1e69ed0: ;   {other}
  0x0000029bc1e69ed0: 0f1f 8400 | 4094 00ea | ba97 ffff | ff4c 8b54 | 2428 4c89 | 5424 204c | 8b54 2458 | 4c89 5424 
  0x0000029bc1e69ef0: 284c 8b54 | 2450 4c89 | 5424 404c | 8b54 2468 | 4c89 5424 | 504c 8b54 | 2470 448b | 5c24 7c44 
  0x0000029bc1e69f10: 895c 2460 | 4c89 5424 | 6844 8b54 | 2478 4489 | 5424 6444 | 8b9c 2480 | 0000 0044 | 895c 2470 
  0x0000029bc1e69f30: 448b 9424 | 8400 0000 | 4489 5424 | 7466 6690 

  0x0000029bc1e69f40: ;   {runtime_call UncommonTrapBlob}
  0x0000029bc1e69f40: c5f8 77e8 

  0x0000029bc1e69f44: ; ImmutableOopMap {rbp=Oop [32]=Oop [40]=Oop [80]=Oop [96]=NarrowOop [100]=NarrowOop [104]=Oop [144]=Oop }
                      ;*invokevirtual clone {reexecute=1 rethrow=0 return_oop=0}
                      ; - (reexecute) java.util.Arrays::copyOf@7
                      ; - jdk.internal.loader.Resource::getBytes@94
                      ; - jdk.internal.loader.URLClassPath$JarLoader$2::getBytes@1
                      ; - java.net.URLClassLoader::defineClass@179
                      ; - java.net.URLClassLoader$1::run@43
                      ; - java.net.URLClassLoader$1::run@1
                      ; - java.security.AccessController::executePrivileged@29
                      ; - java.security.AccessController::doPrivileged@13
                      ; - java.net.URLClassLoader::findClass@13
  0x0000029bc1e69f44: b89a 76fe 

  0x0000029bc1e69f48: ;   {other}
  0x0000029bc1e69f48: 0f1f 8400 | b894 00eb | ba97 ffff | ff48 8b6c | 2420 4c8b | 5424 284c | 8954 2420 | 4c8b 5424 
  0x0000029bc1e69f68: 584c 8954 | 2428 4c8b | 5424 504c | 8954 2440 | 4c8b 5424 | 684c 8954 | 2450 4c8b | 5424 704c 
  0x0000029bc1e69f88: 8954 2458 | 4c8b 9424 | 8800 0000 | 4c89 5424 | 6866 6690 

  0x0000029bc1e69f9c: ;   {runtime_call UncommonTrapBlob}
  0x0000029bc1e69f9c: c5f8 77e8 

  0x0000029bc1e69fa0: ; ImmutableOopMap {rbp=Oop [32]=Oop [40]=Oop [80]=Oop [88]=Oop [104]=Oop [128]=Oop [136]=Oop }
                      ;*invokevirtual clone {reexecute=1 rethrow=0 return_oop=0}
                      ; - (reexecute) java.security.CodeSource::<init>@42
                      ; - java.net.URLClassLoader::defineClass@198
                      ; - java.net.URLClassLoader$1::run@43
                      ; - java.net.URLClassLoader$1::run@1
                      ; - java.security.AccessController::executePrivileged@29
                      ; - java.security.AccessController::doPrivileged@13
                      ; - java.net.URLClassLoader::findClass@13
  0x0000029bc1e69fa0: 5c9a 76fe 

  0x0000029bc1e69fa4: ;   {other}
  0x0000029bc1e69fa4: 0f1f 8400 | 1495 00ec | baf4 ffff | ff66 6690 

  0x0000029bc1e69fb4: ;   {runtime_call UncommonTrapBlob}
  0x0000029bc1e69fb4: c5f8 77e8 

  0x0000029bc1e69fb8: ; ImmutableOopMap {}
                      ;*checkcast {reexecute=0 rethrow=0 return_oop=0}
                      ; - java.net.URLClassLoader::findClass@28
  0x0000029bc1e69fb8: 449a 76fe 

  0x0000029bc1e69fbc: ;   {other}
  0x0000029bc1e69fbc: 0f1f 8400 | 2c95 00ed | ba97 ffff | ff48 8b6c | 2430 4c8b | 5424 284c | 8954 2420 | 4c8b 5424 
  0x0000029bc1e69fdc: 584c 8954 | 2428 4c8b | 5424 504c | 8954 2440 

  0x0000029bc1e69fec: ;   {runtime_call UncommonTrapBlob}
  0x0000029bc1e69fec: c5f8 77e8 

  0x0000029bc1e69ff0: ; ImmutableOopMap {rbp=Oop [32]=Oop [40]=Oop [104]=Oop [124]=NarrowOop [128]=NarrowOop [144]=Oop }
                      ;*invokevirtual clone {reexecute=1 rethrow=0 return_oop=0}
                      ; - (reexecute) java.util.jar.JarFile$JarFileEntry::getCodeSigners@70
                      ; - jdk.internal.loader.URLClassPath$JarLoader$2::getCodeSigners@4
                      ; - java.net.URLClassLoader::defineClass@185
                      ; - java.net.URLClassLoader$1::run@43
                      ; - java.net.URLClassLoader$1::run@1
                      ; - java.security.AccessController::executePrivileged@29
                      ; - java.security.AccessController::doPrivileged@13
                      ; - java.net.URLClassLoader::findClass@13
  0x0000029bc1e69ff0: 0c9a 76fe 

  0x0000029bc1e69ff4: ;   {other}
  0x0000029bc1e69ff4: 0f1f 8400 | 6495 00ee | 4c8b d090 | e963 0100 | 0048 8bd8 | e91b 0500 | 004c 8bd0 | e9d0 0900 
  0x0000029bc1e6a014: 004c 8bd0 | e91c 0300 | 004c 8bd0 | e9c0 0900 | 004c 8bd0 | e9b8 0900 | 004c 8bd0 | e9b0 0900 
  0x0000029bc1e6a034: 0048 8bd8 | e9eb 0400 | 004c 8bd0 | e9f4 0200 | 004c 8bd0 | e9ec 0200 | 004c 8bd0 | e9e4 0200 
  0x0000029bc1e6a054: 0048 8b4c | 2470 488d | 9424 2001 | 0000 4d8b | c7c5 f877 | 49ba b0cf | 05de fa7f | 0000 41ff 
  0x0000029bc1e6a074: ;   {other}
  0x0000029bc1e6a074: d20f 1f84 | 0000 0000 | 0066 6690 | e912 0900 | 0048 8bd8 | 448b 5008 | 49bb 0000 | 00cd 9b02 
  0x0000029bc1e6a094: 0000 4d03 | da4d 8b53 

  0x0000029bc1e6a09c: ;   {metadata('java/io/InterruptedIOException')}
  0x0000029bc1e6a09c: 5049 b898 | c41c ce9b | 0200 004d | 3bd0 0f84 | b908 0000 | 4d8b 5348 

  0x0000029bc1e6a0b4: ;   {metadata('java/io/IOException')}
  0x0000029bc1e6a0b4: 49bb c050 | 04ce 9b02 | 0000 6690 | 4d3b d30f | 85ce 0800 | 0044 8b9c | 2480 0000 | 0045 85db 
  0x0000029bc1e6a0d4: 0f85 8f08 | 0000 e9b5 | 0800 0048 | 8bd8 e9b0 | 0800 0048 | 8bd8 448b | 5808 49b8 | 0000 00cd 
  0x0000029bc1e6a0f4: 9b02 0000 | 4d03 c30f | 1f44 0000 | e9f4 0800 | 0048 8bd8 | e9d8 0600 | 0048 8bd8 | e9d0 0600 
  0x0000029bc1e6a114: 0048 8bd8 | e9c8 0600 | 0048 8bd8 | e9c0 0600 | 0048 8bd8 | e953 0500 | 0048 8bd8 | e94b 0500 
  0x0000029bc1e6a134: 0048 8bd8 | e943 0500 | 0048 8bd8 | e93b 0500 | 0048 8bd8 | e998 0600 | 0048 8bd8 | e92b 0500 
  0x0000029bc1e6a154: 0048 8bd8 | e988 0600 | 0048 8bd8 | e91b 0500 | 004c 8bd0 | 498b da45 | 8b5a 0849 | ba00 0000 
  0x0000029bc1e6a174: cd9b 0200 | 004d 03d3 | 0f1f 4000 | e985 0b00 | 0048 8bd8 | e998 0b00 | 004c 8bd0 | e950 0800 
  0x0000029bc1e6a194: 0048 8be8 | e991 0700 | 004c 8bd0 | e994 0100 | 0048 8bd8 | e97b 0300 | 0048 8bd8 

  0x0000029bc1e6a1b0: ;   {no_reloc}
  0x0000029bc1e6a1b0: e970 0b00 | 004c 8bd0 | e928 0800 | 0048 8bd8 | e920 0600 | 0048 8bd8 | e9b3 0400 | 0048 8bd8 
  0x0000029bc1e6a1d0: e9c6 0800 | 0048 8bd8 | e9be 0800 | 004c 8bd0 | e9d0 0700 | 004c 8bd0 | 4c8b 5c24 | 204c 895c 
  0x0000029bc1e6a1f0: 2468 e9be | 0700 0048 | 8bd8 448b | 5008 49b8 | 0000 00cd | 9b02 0000 | 4d03 c2e9 | e907 0000 
  0x0000029bc1e6a210: 488b e8e9 | 1607 0000 | 488b d80f | 1f44 0000 | e976 0800 | 0048 8be8 | e901 0700 | 004c 8bd0 
  0x0000029bc1e6a230: e9b0 0700 | 004c 8bd0 | e9a8 0700 | 004c 8bd0 | e9a0 0700 | 004c 8bd0 | e998 0700 | 00e9 6c02 
  0x0000029bc1e6a250: 0000 4c8b | d0e9 8b07 | 0000 4c8b | d066 6690 | e9d4 0000 | 004c 8bd0 | e9cc 0000 | 0048 8bd8 
  0x0000029bc1e6a270: e922 0700 | 004c 8bd0 | e9bc 0000 | 004c 8bd0 | eb03 4c8b | d049 8bda | 458b 5208 | 49b8 0000 
  0x0000029bc1e6a290: 00cd 9b02 | 0000 4d03 | c2e9 5b07 | 0000 4c8b | d0eb 034c | 8bd0 498b | dae9 ed07 | 0000 4c8b 
  0x0000029bc1e6a2b0: ;   {no_reloc}
  0x0000029bc1e6a2b0: d0e9 2f07 | 0000 4c8b | d0e9 2707 | 0000 4c8b | d0e9 1f07 | 0000 488b | d844 8b58 | 0849 b800 
  0x0000029bc1e6a2d0: 0000 cd9b | 0200 004d | 03c3 4d8b | 5050 6690 | 4c3b d50f | 8510 0700 | 0045 33c9 | e912 0100 
  0x0000029bc1e6a2f0: 0048 8944 | 2430 488b | 6c24 5048 | 8b54 2470 | 4c8b 5424 | 604c 8954 | 2438 6690 

  0x0000029bc1e6a30c: ;   {static_call}
  0x0000029bc1e6a30c: c5f8 77e8 

  0x0000029bc1e6a310: ; ImmutableOopMap {[32]=Oop [40]=Oop [48]=Oop [56]=Oop [88]=Oop [96]=Oop [104]=Oop [124]=NarrowOop [128]=Oop [136]=Oop }
                      ;*invokestatic endInit {reexecute=0 rethrow=0 return_oop=0}
                      ; - java.util.jar.JarFile::ensureInitialization@53
                      ; - java.util.jar.JavaUtilJarAccessImpl::ensureInitialization@1
                      ; - jdk.internal.loader.URLClassPath$JarLoader$2::getManifest@10
                      ; - java.net.URLClassLoader::defineClass@34
                      ; - java.net.URLClassLoader$1::run@43
                      ; - java.net.URLClassLoader$1::run@1
                      ; - java.security.AccessController::executePrivileged@29
                      ; - java.security.AccessController::doPrivileged@13
                      ; - java.net.URLClassLoader::findClass@13
  0x0000029bc1e6a310: 6c4a 76fe 

  0x0000029bc1e6a314: ;   {other}
  0x0000029bc1e6a314: 0f1f 8400 | 8498 00ef | 4c8b 5424 | 3049 8bda | e9ff 0100 | 0048 8bd8 | e9f7 0100 | 004c 8bd0 
  0x0000029bc1e6a334: eb03 4c8b | d049 8bda | 0f1f 4000 | e956 0700 | 0048 8bd8 | e998 0400 | 0048 8bd8 | e92b 0300 
  0x0000029bc1e6a354: 004c 8bd0 | e988 0600 | 004c 8bd0 | e980 0600 | 00e9 5401 | 0000 4c8b | d0e9 7306 | 0000 488b 
  0x0000029bc1e6a374: d844 8b50 | 0849 bb00 | 0000 cd9b | 0200 004d | 03da e9e5 | 0000 00e9 | 2e01 0000 | 488b d8e9 
  0x0000029bc1e6a394: 4d04 0000 | 488b d80f | 1f44 0000 | e940 0400 | 0048 8bd8 | e9d3 0200 | 0048 8bd8 | e930 0400 
  0x0000029bc1e6a3b4: 0048 8bd8 | e9c3 0200 | 0048 8bd8 | e920 0400 | 0048 8bd8 | e9b3 0200 | 0048 8bd8 | e9ab 0200 
  0x0000029bc1e6a3d4: 004c 8bd0 | e908 0600 | 0048 8bd8 | 448b 5008 | 49b8 0000 | 00cd 9b02 | 0000 4d03 | c24d 8b50 
  0x0000029bc1e6a3f4: 504c 3bd5 | 0f85 fb05 | 0000 4c8b | 4c24 2048 | 8b54 2468 | 4c8b 8424 | 8800 0000 

  0x0000029bc1e6a410: ;   {no_reloc}
  0x0000029bc1e6a410: 488b 7c24 | 3048 8b6c | 2460 6690 

  0x0000029bc1e6a41c: ;   {optimized virtual_call}
  0x0000029bc1e6a41c: c5f8 77e8 

  0x0000029bc1e6a420: ; ImmutableOopMap {rbp=Oop [40]=Oop [72]=Oop [88]=Oop [96]=Oop [104]=Oop [120]=NarrowOop [124]=NarrowOop [128]=Oop [136]=Oop }
                      ;*invokevirtual getAndVerifyPackage {reexecute=0 rethrow=0 return_oop=1}
                      ; - java.net.URLClassLoader::defineClass@97
                      ; - java.net.URLClassLoader$1::run@43
                      ; - java.net.URLClassLoader$1::run@1
                      ; - java.security.AccessController::executePrivileged@29
                      ; - java.security.AccessController::doPrivileged@13
                      ; - java.net.URLClassLoader::findClass@13
  0x0000029bc1e6a420: 5c43 76fe 

  0x0000029bc1e6a424: ;   {other}
  0x0000029bc1e6a424: 0f1f 8400 | 9499 00f0 | 4885 c00f | 85b3 8aff | ffba fd00 | 0000 4c8b | 5424 284c | 8954 2420 
  0x0000029bc1e6a444: ;   {runtime_call UncommonTrapBlob}
  0x0000029bc1e6a444: c5f8 77e8 

  0x0000029bc1e6a448: ; ImmutableOopMap {rbp=Oop [32]=Oop [88]=Oop [104]=Oop [136]=Oop }
                      ;*new {reexecute=0 rethrow=0 return_oop=0}
                      ; - java.net.URLClassLoader::defineClass@103
                      ; - java.net.URLClassLoader$1::run@43
                      ; - java.net.URLClassLoader$1::run@1
                      ; - java.security.AccessController::executePrivileged@29
                      ; - java.security.AccessController::doPrivileged@13
                      ; - java.net.URLClassLoader::findClass@13
  0x0000029bc1e6a448: b495 76fe 

  0x0000029bc1e6a44c: ;   {other}
  0x0000029bc1e6a44c: 0f1f 8400 | bc99 00f1 | 4c8b d0e9 | 8905 0000 | 488b d844 | 8b50 0849 | bb00 0000 | cd9b 0200 
  0x0000029bc1e6a46c: 004d 03da | 4d8b 5350 

  0x0000029bc1e6a474: ;   {metadata('java/io/InterruptedIOException')}
  0x0000029bc1e6a474: 49b8 98c4 | 1cce 9b02 | 0000 6690 | 4d3b d00f | 842f dcff | ff4d 8b53 

  0x0000029bc1e6a48c: ;   {metadata('java/io/IOException')}
  0x0000029bc1e6a48c: 4849 bbc0 | 5004 ce9b | 0200 0066 | 0f1f 8400 | 0000 0000 | 4d3b d30f | 85ee 0400 | 0044 8b4c 
  0x0000029bc1e6a4ac: 2420 4585 | c90f 8483 | 93ff ffe9 | 02dc ffff | eb00 448b | 4008 49bb | 0000 00cd | 9b02 0000 
  0x0000029bc1e6a4cc: 4d03 d8eb | 1144 8b50 | 0849 bb00 | 0000 cd9b | 0200 004d | 03da 4d8b 

  0x0000029bc1e6a4e4: ;   {metadata('java/io/InterruptedIOException')}
  0x0000029bc1e6a4e4: 5350 49bb | 98c4 1cce | 9b02 0000 | 4d3b d30f | 8532 0400 | 0048 8b6c | 2460 6690 

  0x0000029bc1e6a500: ;   {static_call}
  0x0000029bc1e6a500: c5f8 77e8 

  0x0000029bc1e6a504: ; ImmutableOopMap {rbp=Oop [40]=Oop [56]=Oop [72]=Oop [88]=Oop [96]=Oop [104]=Oop [112]=Oop [120]=NarrowOop [124]=NarrowOop [144]=Oop }
                      ;*invokestatic interrupted {reexecute=0 rethrow=0 return_oop=0}
                      ; - jdk.internal.loader.Resource::getBytes@127
                      ; - jdk.internal.loader.URLClassPath$JarLoader$2::getBytes@1
                      ; - java.net.URLClassLoader::defineClass@179
                      ; - java.net.URLClassLoader$1::run@43
                      ; - java.net.URLClassLoader$1::run@1
                      ; - java.security.AccessController::executePrivileged@29
                      ; - java.security.AccessController::doPrivileged@13
                      ; - java.net.URLClassLoader::findClass@13
  0x0000029bc1e6a504: 7848 76fe 

  0x0000029bc1e6a508: ;   {other}
  0x0000029bc1e6a508: 0f1f 8400 | 789a 00f2 | 8b8c 2488 | 0000 0041 | b901 0000 | 0066 6690 | e9b4 92ff | ff48 8bd8 
  0x0000029bc1e6a528: 4c8b 5c24 | 2048 8d84 | 2420 0100 | 0048 8338 | 000f 8479 | 0000 004d | 8b13 41f6 | c202 0f84 
  0x0000029bc1e6a548: 6200 0000 | 4983 ba86 | 0000 0000 | 7409 49ff | 8a86 0000 | 00eb 4b49 | 8b82 9600 | 0000 490b 
  0x0000029bc1e6a568: 828e 0000 | 0075 0a49 | c742 3e00 | 0000 00eb | 3d49 83ba | 9e00 0000 | 0074 2248 | 33c0 49c7 
  0x0000029bc1e6a588: 423e 0000 | 0000 f083 | 0424 0049 | 83ba 9e00 | 0000 0075 | 0df0 4d0f | b17a 3e75 | 0583 c801 
  0x0000029bc1e6a5a8: eb0c a800 | eb08 4c8b | 10f0 4d0f | b113 750a | 49ff 8f50 | 0500 0045 | 33d2 0f84 | 0604 0000 
  0x0000029bc1e6a5c8: 498b cb48 | 8d94 2420 | 0100 004d | 8bc7 c5f8 | 7749 bab0 | cf05 defa | 7f00 0041 

  0x0000029bc1e6a5e4: ;   {other}
  0x0000029bc1e6a5e4: ffd2 0f1f | 8400 0000 | 0000 e9db | 0300 0048 | 8bd8 448b | 5008 49b8 | 0000 00cd | 9b02 0000 
  0x0000029bc1e6a604: 4d03 c2e9 | ed03 0000 | 488b d844 | 8b50 0849 | b800 0000 | cd9b 0200 | 004d 03c2 | 4d8b 5048 
  0x0000029bc1e6a624: ;   {metadata('java/io/IOException')}
  0x0000029bc1e6a624: 49bb c050 | 04ce 9b02 | 0000 4d3b | d30f 85c2 | 0300 0048 | 8be8 ba2a | 0000 004c | 8b54 2430 
  0x0000029bc1e6a644: 4c89 5424 | 204c 8b54 | 2458 4c89 | 5424 304c | 8b54 2450 | 4c89 5424 | 484c 8b54 | 2468 4c89 
  0x0000029bc1e6a664: 5424 5890 

  0x0000029bc1e6a668: ;   {runtime_call UncommonTrapBlob}
  0x0000029bc1e6a668: c5f8 77e8 

  0x0000029bc1e6a66c: ; ImmutableOopMap {rbp=Oop [32]=Oop [40]=Oop [48]=Oop [88]=Oop [124]=NarrowOop [144]=Oop }
                      ;*new {reexecute=0 rethrow=0 return_oop=0}
                      ; - java.util.jar.JarFile$JarFileEntry::getCodeSigners@11
                      ; - jdk.internal.loader.URLClassPath$JarLoader$2::getCodeSigners@4
                      ; - java.net.URLClassLoader::defineClass@185
                      ; - java.net.URLClassLoader$1::run@43
                      ; - java.net.URLClassLoader$1::run@1
                      ; - java.security.AccessController::executePrivileged@29
                      ; - java.security.AccessController::doPrivileged@13
                      ; - java.net.URLClassLoader::findClass@13
  0x0000029bc1e6a66c: 9093 76fe 

  0x0000029bc1e6a670: ;   {other}
  0x0000029bc1e6a670: 0f1f 8400 | e09b 00f3 | 488b d8eb | 0348 8bd8 | 4c8b 5c24 | 3048 8d84 | 2428 0100 | 0048 8338 
  0x0000029bc1e6a690: 000f 8479 | 0000 004d | 8b13 41f6 | c202 0f84 | 6200 0000 | 4983 ba86 | 0000 0000 | 7409 49ff 
  0x0000029bc1e6a6b0: 8a86 0000 | 00eb 4b49 | 8b82 9600 | 0000 490b | 828e 0000 | 0075 0a49 | c742 3e00 | 0000 00eb 
  0x0000029bc1e6a6d0: 3d49 83ba | 9e00 0000 | 0074 2248 | 33c0 49c7 | 423e 0000 | 0000 f083 | 0424 0049 | 83ba 9e00 
  0x0000029bc1e6a6f0: 0000 0075 | 0df0 4d0f | b17a 3e75 | 0583 c801 | eb0c a800 | eb08 4c8b | 10f0 4d0f | b113 750a 
  0x0000029bc1e6a710: 49ff 8f50 | 0500 0045 | 33d2 660f | 1f44 0000 | 0f85 e906 | 0000 4c8b | 5c24 7048 | 8d84 2420 
  0x0000029bc1e6a730: 0100 0048 | 8338 000f | 8479 0000 | 004d 8b13 | 41f6 c202 | 0f84 6200 | 0000 4983 | ba86 0000 
  0x0000029bc1e6a750: 0000 7409 | 49ff 8a86 | 0000 00eb | 4b49 8b82 | 9600 0000 | 490b 828e | 0000 0075 

  0x0000029bc1e6a76c: ;   {no_reloc}
  0x0000029bc1e6a76c: 0a49 c742 | 3e00 0000 | 00eb 3d49 | 83ba 9e00 | 0000 0074 | 2248 33c0 | 49c7 423e | 0000 0000 
  0x0000029bc1e6a78c: f083 0424 | 0049 83ba | 9e00 0000 | 0075 0df0 | 4d0f b17a | 3e75 0583 | c801 eb0c | a800 eb08 
  0x0000029bc1e6a7ac: 4c8b 10f0 | 4d0f b113 | 750a 49ff | 8f50 0500 | 0045 33d2 | 0f85 1e06 | 0000 448b | 5b08 49b8 
  0x0000029bc1e6a7cc: 0000 00cd | 9b02 0000 | 4d03 c3e9 | 1d02 0000 | 488b d890 | eb03 488b | d84c 8b5c | 2430 488d 
  0x0000029bc1e6a7ec: 8424 2801 | 0000 4883 | 3800 0f84 | 7900 0000 | 4d8b 1341 | f6c2 020f | 8462 0000 | 0049 83ba 
  0x0000029bc1e6a80c: 8600 0000 | 0074 0949 | ff8a 8600 | 0000 eb4b | 498b 8296 | 0000 0049 | 0b82 8e00 | 0000 750a 
  0x0000029bc1e6a82c: 49c7 423e | 0000 0000 | eb3d 4983 | ba9e 0000 | 0000 7422 | 4833 c049 | c742 3e00 | 0000 00f0 
  0x0000029bc1e6a84c: 8304 2400 | 4983 ba9e | 0000 0000 | 750d f04d | 0fb1 7a3e | 7505 83c8 | 01eb 0ca8 | 00eb 084c 
  0x0000029bc1e6a86c: ;   {no_reloc}
  0x0000029bc1e6a86c: 8b10 f04d | 0fb1 1375 | 0a49 ff8f | 5005 0000 | 4533 d290 | 0f85 b405 | 0000 4c8b | 5c24 7048 
  0x0000029bc1e6a88c: 8d84 2420 | 0100 0048 | 8338 000f | 8479 0000 | 004d 8b13 | 41f6 c202 | 0f84 6200 | 0000 4983 
  0x0000029bc1e6a8ac: ba86 0000 | 0000 7409 | 49ff 8a86 | 0000 00eb | 4b49 8b82 | 9600 0000 | 490b 828e | 0000 0075 
  0x0000029bc1e6a8cc: 0a49 c742 | 3e00 0000 | 00eb 3d49 | 83ba 9e00 | 0000 0074 | 2248 33c0 | 49c7 423e | 0000 0000 
  0x0000029bc1e6a8ec: f083 0424 | 0049 83ba | 9e00 0000 | 0075 0df0 | 4d0f b17a | 3e75 0583 | c801 eb0c | a800 eb08 
  0x0000029bc1e6a90c: 4c8b 10f0 | 4d0f b113 | 750a 49ff | 8f50 0500 | 0045 33d2 | 0f85 2ff7 | ffff e96c | 0000 0048 
  0x0000029bc1e6a92c: 8be8 448b | 5c24 7849 | 8bd3 4c8b | 5424 604c | 8954 2420 | 6690 c5f8 | 7748 b8ff | ffff ffff 
  0x0000029bc1e6a94c: ;   {virtual_call}
  0x0000029bc1e6a94c: ffff ffe8 

  0x0000029bc1e6a950: ; ImmutableOopMap {rbp=Oop [32]=Oop [40]=Oop [72]=Oop [88]=Oop [96]=Oop [104]=Oop [112]=Oop [124]=NarrowOop }
                      ;*invokevirtual close {reexecute=0 rethrow=0 return_oop=0}
                      ; - jdk.internal.loader.Resource::getBytes@214
                      ; - jdk.internal.loader.URLClassPath$JarLoader$2::getBytes@1
                      ; - java.net.URLClassLoader::defineClass@179
                      ; - java.net.URLClassLoader$1::run@43
                      ; - java.net.URLClassLoader$1::run@1
                      ; - java.security.AccessController::executePrivileged@29
                      ; - java.security.AccessController::doPrivileged@13
                      ; - java.net.URLClassLoader::findClass@13
  0x0000029bc1e6a950: 2c41 76fe 

  0x0000029bc1e6a954: ;   {other}
  0x0000029bc1e6a954: 0f1f 8400 | c49e 00f4 | 448b 9424 | 8000 0000 | 4585 d274 | 2b4c 8b54 | 2450 4c89 | 5424 2048 
  0x0000029bc1e6a974: 8b54 2448 | 4c8b 5424 | 604c 8954 | 2430 6690 

  0x0000029bc1e6a984: ;   {optimized virtual_call}
  0x0000029bc1e6a984: c5f8 77e8 

  0x0000029bc1e6a988: ; ImmutableOopMap {rbp=Oop [40]=Oop [48]=Oop [88]=Oop [96]=Oop [104]=Oop [112]=Oop [124]=NarrowOop }
                      ;*invokevirtual interrupt {reexecute=0 rethrow=0 return_oop=0}
                      ; - jdk.internal.loader.Resource::getBytes@236
                      ; - jdk.internal.loader.URLClassPath$JarLoader$2::getBytes@1
                      ; - java.net.URLClassLoader::defineClass@179
                      ; - java.net.URLClassLoader$1::run@43
                      ; - java.net.URLClassLoader$1::run@1
                      ; - java.security.AccessController::executePrivileged@29
                      ; - java.security.AccessController::doPrivileged@13
                      ; - java.net.URLClassLoader::findClass@13
  0x0000029bc1e6a988: f43d 76fe 

  0x0000029bc1e6a98c: ;   {other}
  0x0000029bc1e6a98c: 0f1f 8400 | fc9e 00f5 | 488b dd44 | 8b5b 0849 | b800 0000 | cd9b 0200 | 004d 03c3 | e94c 0000 
  0x0000029bc1e6a9ac: 004c 8bd0 | eb03 4c8b | d049 8bda | 458b 5208 | 49b8 0000 | 00cd 9b02 | 0000 4d03 | c2eb 2e48 
  0x0000029bc1e6a9cc: 8bd8 448b | 5308 49b8 | 0000 00cd | 9b02 0000 | 4d03 c290 | eb17 4c8b | d049 8bda | 458b 5a08 
  0x0000029bc1e6a9ec: 49b8 0000 | 00cd 9b02 | 0000 4d03 | c34d 8b50 

  0x0000029bc1e6a9fc: ;   {metadata('java/io/IOException')}
  0x0000029bc1e6a9fc: 4849 bbc0 | 5004 ce9b | 0200 004d | 3bd3 0f84 | 6d03 0000 | 4d8b 5050 

  0x0000029bc1e6aa14: ;   {metadata('java/lang/ClassFormatError')}
  0x0000029bc1e6aa14: 49bb 789c | 03ce 9b02 | 0000 6690 | 4d3b d30f | 8572 0000 | 0048 8beb | 488b 5424 | 5890 c5f8 
  0x0000029bc1e6aa34: 7748 b8ff | ffff ffff 

  0x0000029bc1e6aa3c: ;   {virtual_call}
  0x0000029bc1e6aa3c: ffff ffe8 

  0x0000029bc1e6aa40: ; ImmutableOopMap {rbp=Oop [40]=Oop [88]=Oop [96]=Oop }
                      ;*invokevirtual getDataError {reexecute=0 rethrow=0 return_oop=1}
                      ; - java.net.URLClassLoader$1::run@63
                      ; - java.net.URLClassLoader$1::run@1
                      ; - java.security.AccessController::executePrivileged@29
                      ; - java.security.AccessController::doPrivileged@13
                      ; - java.net.URLClassLoader::findClass@13
  0x0000029bc1e6aa40: 3c40 76fe 

  0x0000029bc1e6aa44: ;   {other}
  0x0000029bc1e6aa44: 0f1f 8400 | b49f 00f6 | 4885 c074 | 3f48 8b54 | 2458 c5f8 | 7748 b8ff | ffff ffff 

  0x0000029bc1e6aa60: ;   {virtual_call}
  0x0000029bc1e6aa60: ffff ffe8 

  0x0000029bc1e6aa64: ; ImmutableOopMap {rbp=Oop [40]=Oop [96]=Oop }
                      ;*invokevirtual getDataError {reexecute=0 rethrow=0 return_oop=1}
                      ; - java.net.URLClassLoader$1::run@71
                      ; - java.net.URLClassLoader$1::run@1
                      ; - java.security.AccessController::executePrivileged@29
                      ; - java.security.AccessController::doPrivileged@13
                      ; - java.net.URLClassLoader::findClass@13
  0x0000029bc1e6aa64: 1840 76fe 

  0x0000029bc1e6aa68: ;   {other}
  0x0000029bc1e6aa68: 0f1f 8400 | d89f 00f7 | 4c8b 5c24 | 284c 895c | 2420 488b | d54c 8bc0 

  0x0000029bc1e6aa80: ;   {optimized virtual_call}
  0x0000029bc1e6aa80: c5f8 77e8 

  0x0000029bc1e6aa84: ; ImmutableOopMap {rbp=Oop [32]=Oop [96]=Oop }
                      ;*invokevirtual addSuppressed {reexecute=0 rethrow=0 return_oop=0}
                      ; - java.net.URLClassLoader$1::run@74
                      ; - java.net.URLClassLoader$1::run@1
                      ; - java.security.AccessController::executePrivileged@29
                      ; - java.security.AccessController::doPrivileged@13
                      ; - java.net.URLClassLoader::findClass@13
  0x0000029bc1e6aa84: f83c 76fe 

  0x0000029bc1e6aa88: ;   {other}
  0x0000029bc1e6aa88: 0f1f 8400 | f89f 00f8 | 488b d5e9 | c395 ffff | 488b d844 | 8b43 0849 | bb00 0000 | cd9b 0200 
  0x0000029bc1e6aaa8: 004d 03d8 | eb14 488b | d844 8b50 | 0849 bb00 | 0000 cd9b | 0200 004d | 03da 4d8b 

  0x0000029bc1e6aac4: ;   {metadata('java/lang/RuntimeException')}
  0x0000029bc1e6aac4: 5348 49b8 | a8b7 05cd | 9b02 0000 | 4d3b d00f | 856c 0100 | 00e9 5a01 | 0000 488b | d844 8b58 
  0x0000029bc1e6aae4: 0849 ba00 | 0000 cd9b | 0200 004d | 03d3 4d8b 

  0x0000029bc1e6aaf4: ;   {metadata('java/io/IOException')}
  0x0000029bc1e6aaf4: 5248 49bb | c050 04ce | 9b02 0000 | 4d3b d30f | 851f faff | ff4c 8bd8 | 498b 87b8 | 0100 004c 
  0x0000029bc1e6ab14: 8bd0 4983 | c228 660f | 1f44 0000 | 4d3b 97c8 | 0100 000f | 8300 0200 | 004d 8997 | b801 0000 
  0x0000029bc1e6ab34: 410f 0d8a | c000 0000 | 48c7 0001 

  0x0000029bc1e6ab40: ;   {metadata('java/lang/RuntimeException')}
  0x0000029bc1e6ab40: 0000 00c7 | 4008 a8b7 | 0500 4489 | 600c 4c89 | 6010 4c89 | 6018 4c89 | 6020 4c89 | 5c24 304c 
  0x0000029bc1e6ab60: 8bd0 4c89 | 5424 3848 | 8b6c 2450 | 498b d24c | 8b44 2430 | 4c8b 5424 | 604c 8954 | 2430 6690 
  0x0000029bc1e6ab80: ;   {optimized virtual_call}
  0x0000029bc1e6ab80: c5f8 77e8 

  0x0000029bc1e6ab84: ; ImmutableOopMap {[32]=Oop [40]=Oop [48]=Oop [56]=Oop [88]=Oop [96]=Oop [104]=Oop [124]=NarrowOop [128]=Oop [136]=Oop }
                      ;*invokespecial <init> {reexecute=0 rethrow=0 return_oop=0}
                      ; - java.util.jar.JarFile::ensureInitialization@13
                      ; - java.util.jar.JavaUtilJarAccessImpl::ensureInitialization@1
                      ; - jdk.internal.loader.URLClassPath$JarLoader$2::getManifest@10
                      ; - java.net.URLClassLoader::defineClass@34
                      ; - java.net.URLClassLoader$1::run@43
                      ; - java.net.URLClassLoader$1::run@1
                      ; - java.security.AccessController::executePrivileged@29
                      ; - java.security.AccessController::doPrivileged@13
                      ; - java.net.URLClassLoader::findClass@13
  0x0000029bc1e6ab84: f83b 76fe 

  0x0000029bc1e6ab88: ;   {other}
  0x0000029bc1e6ab88: 0f1f 8400 | f8a0 00f9 | 4c8b 5c24 | 2048 8d84 | 2420 0100 | 0048 8338 | 000f 8479 | 0000 004d 
  0x0000029bc1e6aba8: 8b13 41f6 | c202 0f84 | 6200 0000 | 4983 ba86 | 0000 0000 | 7409 49ff | 8a86 0000 | 00eb 4b49 
  0x0000029bc1e6abc8: 8b82 9600 | 0000 490b | 828e 0000 | 0075 0a49 | c742 3e00 | 0000 00eb | 3d49 83ba | 9e00 0000 
  0x0000029bc1e6abe8: 0074 2248 | 33c0 49c7 | 423e 0000 | 0000 f083 | 0424 0049 | 83ba 9e00 | 0000 0075 | 0df0 4d0f 
  0x0000029bc1e6ac08: b17a 3e75 | 0583 c801 | eb0c a800 | eb08 4c8b | 10f0 4d0f | b113 750a | 49ff 8f50 | 0500 0045 
  0x0000029bc1e6ac28: 33d2 0f85 | 7001 0000 | 4c8b 5424 | 3849 8bda | 488b d30f | 1f44 0000 | e916 94ff | ff4d 8b53 
  0x0000029bc1e6ac48: ;   {metadata('java/lang/Exception')}
  0x0000029bc1e6ac48: 4049 bb20 | c000 cd9b | 0200 004d | 3bd3 0f85 | 9d00 0000 | 4c8b d34c | 8954 2428 | 498b 87b8 
  0x0000029bc1e6ac68: 0100 004c | 8bd0 4983 | c228 4d3b | 97c8 0100 | 000f 83da | 0000 004d | 8997 b801 | 0000 410f 
  0x0000029bc1e6ac88: 0d8a c000 | 0000 48c7 | 0001 0000 

  0x0000029bc1e6ac94: ;   {metadata('java/security/PrivilegedActionException')}
  0x0000029bc1e6ac94: 00c7 4008 | 00be 0201 | 4489 600c | 4c89 6010 | 4c89 6018 | 4c89 6020 | 488b e848 | 8bd5 4c8b 
  0x0000029bc1e6acb4: 4424 2890 

  0x0000029bc1e6acb8: ;   {optimized virtual_call}
  0x0000029bc1e6acb8: c5f8 77e8 

  0x0000029bc1e6acbc: ; ImmutableOopMap {rbp=Oop [96]=Oop }
                      ;*invokespecial <init> {reexecute=0 rethrow=0 return_oop=0}
                      ; - java.security.AccessController::wrapException@5
                      ; - java.security.AccessController::doPrivileged@22
                      ; - java.net.URLClassLoader::findClass@13
  0x0000029bc1e6acbc: c03a 76fe 

  0x0000029bc1e6acc0: ;   {other}
  0x0000029bc1e6acc0: 0f1f 8400 | 30a2 00fa | 488b d590 

  0x0000029bc1e6accc: ;   {optimized virtual_call}
  0x0000029bc1e6accc: c5f8 77e8 

  0x0000029bc1e6acd0: ; ImmutableOopMap {}
                      ;*invokevirtual getException {reexecute=0 rethrow=0 return_oop=1}
                      ; - java.net.URLClassLoader::findClass@25
  0x0000029bc1e6acd0: ac3a 76fe 

  0x0000029bc1e6acd4: ;   {other}
  0x0000029bc1e6acd4: 0f1f 8400 | 44a2 00fb | 0f1f 4000 

  0x0000029bc1e6ace0: ; implicit exception: dispatches to 0x0000029bc1e69fac
  0x0000029bc1e6ace0: 448b 5008 

  0x0000029bc1e6ace4: ;   {metadata('java/lang/ClassNotFoundException')}
  0x0000029bc1e6ace4: 4181 fa88 | 9306 000f | 85da 0000 | 0048 8bd0 | e962 93ff | ff44 8b43 | 0849 ba00 | 0000 cd9b 
  0x0000029bc1e6ad04: 0200 004d | 03d0 4d8b 

  0x0000029bc1e6ad0c: ;   {metadata('java/security/PrivilegedActionException')}
  0x0000029bc1e6ad0c: 5248 49bb | 00be 02ce | 9b02 0000 | 4d3b d375 | 0848 8bd3 | eba9 488b | d848 8bd3 | e92e 93ff 
  0x0000029bc1e6ad2c: ff4c 895c 

  0x0000029bc1e6ad30: ;   {metadata('java/lang/RuntimeException')}
  0x0000029bc1e6ad30: 2430 48ba | a8b7 05cd | 9b02 0000 | 488b 6c24 | 6066 6690 

  0x0000029bc1e6ad44: ;   {runtime_call _new_instance_Java}
  0x0000029bc1e6ad44: c5f8 77e8 

  0x0000029bc1e6ad48: ; ImmutableOopMap {rbp=Oop [32]=Oop [40]=Oop [48]=Oop [88]=Oop [96]=Oop [104]=Oop [124]=NarrowOop [128]=Oop [136]=Oop }
                      ;*new {reexecute=0 rethrow=0 return_oop=1}
                      ; - java.util.jar.JarFile::ensureInitialization@8
                      ; - java.util.jar.JavaUtilJarAccessImpl::ensureInitialization@1
                      ; - jdk.internal.loader.URLClassPath$JarLoader$2::getManifest@10
                      ; - java.net.URLClassLoader::defineClass@34
                      ; - java.net.URLClassLoader$1::run@43
                      ; - java.net.URLClassLoader$1::run@1
                      ; - java.security.AccessController::executePrivileged@29
                      ; - java.security.AccessController::doPrivileged@13
                      ; - java.net.URLClassLoader::findClass@13
  0x0000029bc1e6ad48: 3482 81fe 

  0x0000029bc1e6ad4c: ;   {other}
  0x0000029bc1e6ad4c: 0f1f 8400 | bca2 00fc | e906 feff 

  0x0000029bc1e6ad58: ;   {metadata('java/security/PrivilegedActionException')}
  0x0000029bc1e6ad58: ff48 ba00 | be02 ce9b | 0200 0048 | 8b6c 2460 

  0x0000029bc1e6ad68: ;   {runtime_call _new_instance_Java}
  0x0000029bc1e6ad68: c5f8 77e8 

  0x0000029bc1e6ad6c: ; ImmutableOopMap {rbp=Oop [40]=Oop [96]=Oop }
                      ;*new {reexecute=0 rethrow=0 return_oop=1}
                      ; - java.security.AccessController::wrapException@0
                      ; - java.security.AccessController::doPrivileged@22
                      ; - java.net.URLClassLoader::findClass@13
  0x0000029bc1e6ad6c: 1082 81fe 

  0x0000029bc1e6ad70: ;   {other}
  0x0000029bc1e6ad70: 0f1f 8400 | e0a2 00fd | e92f ffff | ff48 8beb | ba2f 0000 | 004c 8b54 | 2460 4c89 | 5424 2090 
  0x0000029bc1e6ad90: ;   {runtime_call UncommonTrapBlob}
  0x0000029bc1e6ad90: c5f8 77e8 

  0x0000029bc1e6ad94: ; ImmutableOopMap {rbp=Oop [32]=Oop [40]=Oop [104]=Oop }
                      ;*new {reexecute=0 rethrow=0 return_oop=0}
                      ; - java.net.URLClassLoader$1::run@48
                      ; - java.net.URLClassLoader$1::run@1
                      ; - java.security.AccessController::executePrivileged@29
                      ; - java.security.AccessController::doPrivileged@13
                      ; - java.net.URLClassLoader::findClass@13
  0x0000029bc1e6ad94: 688c 76fe 

  0x0000029bc1e6ad98: ;   {other}
  0x0000029bc1e6ad98: 0f1f 8400 | 08a3 00fe | 498b cb48 | 8d94 2420 | 0100 004d | 8bc7 c5f8 | 7749 bab0 | cf05 defa 
  0x0000029bc1e6adb8: 7f00 0041 

  0x0000029bc1e6adbc: ;   {other}
  0x0000029bc1e6adbc: ffd2 0f1f | 8400 0000 | 0000 e965 | feff ffba | deff ffff | 488b e890 

  0x0000029bc1e6add4: ;   {runtime_call UncommonTrapBlob}
  0x0000029bc1e6add4: c5f8 77e8 

  0x0000029bc1e6add8: ; ImmutableOopMap {rbp=Oop }
                      ;*checkcast {reexecute=0 rethrow=0 return_oop=0}
                      ; - java.net.URLClassLoader::findClass@28
  0x0000029bc1e6add8: 248c 76fe 

  0x0000029bc1e6addc: ;   {other}
  0x0000029bc1e6addc: 0f1f 8400 | 4ca3 00ff | 498b cb48 | 8d94 2420 | 0100 004d | 8bc7 c5f8 | 7749 bab0 | cf05 defa 
  0x0000029bc1e6adfc: 7f00 0041 

  0x0000029bc1e6ae00: ;   {other}
  0x0000029bc1e6ae00: ffd2 0f1f | 8400 0000 | 0000 e9b7 | f9ff ff49 | 8bcb 488d | 9424 2801 | 0000 4d8b | c7c5 f877 
  0x0000029bc1e6ae20: 49ba b0cf | 05de fa7f | 0000 41ff 

  0x0000029bc1e6ae2c: ;   {other}
  0x0000029bc1e6ae2c: d20f 1f84 | 0000 0000 | 00e9 ecf8 | ffff 498b | cb48 8d94 | 2428 0100 | 004d 8bc7 | c5f8 7749 
  0x0000029bc1e6ae4c: bab0 cf05 | defa 7f00 | 0041 ffd2 

  0x0000029bc1e6ae58: ;   {other}
  0x0000029bc1e6ae58: 0f1f 8400 | 0000 0000 | e921 faff 

  0x0000029bc1e6ae64: ;   {internal_word}
  0x0000029bc1e6ae64: ff49 ba68 | 3ce6 c19b | 0200 004d | 8997 6804 

  0x0000029bc1e6ae74: ;   {runtime_call SafepointBlob}
  0x0000029bc1e6ae74: 0000 e985 

  0x0000029bc1e6ae78: ;   {runtime_call StubRoutines (final stubs)}
  0x0000029bc1e6ae78: 9c76 fee8 | 60db 74fe | e9f9 66ff | fff4 f4f4 
[Stub Code]
  0x0000029bc1e6ae88: ;   {no_reloc}
  0x0000029bc1e6ae88: 48bb 0000 | 0000 0000 

  0x0000029bc1e6ae90: ;   {runtime_call nmethod}
  0x0000029bc1e6ae90: 0000 e9fb 

  0x0000029bc1e6ae94: ;   {static_stub}
  0x0000029bc1e6ae94: ffff ff48 | bb00 0000 | 0000 0000 

  0x0000029bc1e6aea0: ;   {runtime_call nmethod}
  0x0000029bc1e6aea0: 00e9 fbff 

  0x0000029bc1e6aea4: ;   {static_stub}
  0x0000029bc1e6aea4: ffff 48bb | 0000 0000 | 0000 0000 

  0x0000029bc1e6aeb0: ;   {runtime_call nmethod}
  0x0000029bc1e6aeb0: e9fb ffff 

  0x0000029bc1e6aeb4: ;   {static_stub}
  0x0000029bc1e6aeb4: ff48 bb00 | 0000 0000 

  0x0000029bc1e6aebc: ;   {runtime_call nmethod}
  0x0000029bc1e6aebc: 0000 00e9 | fbff ffff 

  0x0000029bc1e6aec4: ;   {static_stub}
  0x0000029bc1e6aec4: 48bb 0000 | 0000 0000 

  0x0000029bc1e6aecc: ;   {runtime_call nmethod}
  0x0000029bc1e6aecc: 0000 e9fb 

  0x0000029bc1e6aed0: ;   {static_stub}
  0x0000029bc1e6aed0: ffff ff48 | bb00 0000 | 0000 0000 

  0x0000029bc1e6aedc: ;   {runtime_call nmethod}
  0x0000029bc1e6aedc: 00e9 fbff 

  0x0000029bc1e6aee0: ;   {static_stub}
  0x0000029bc1e6aee0: ffff 48bb | 0000 0000 | 0000 0000 

  0x0000029bc1e6aeec: ;   {runtime_call nmethod}
  0x0000029bc1e6aeec: e9fb ffff 

  0x0000029bc1e6aef0: ;   {static_stub}
  0x0000029bc1e6aef0: ff48 bb00 | 0000 0000 

  0x0000029bc1e6aef8: ;   {runtime_call nmethod}
  0x0000029bc1e6aef8: 0000 00e9 | fbff ffff 

  0x0000029bc1e6af00: ;   {static_stub}
  0x0000029bc1e6af00: 48bb 0000 | 0000 0000 

  0x0000029bc1e6af08: ;   {runtime_call nmethod}
  0x0000029bc1e6af08: 0000 e9fb 

  0x0000029bc1e6af0c: ;   {static_stub}
  0x0000029bc1e6af0c: ffff ff48 | bb00 0000 | 0000 0000 

  0x0000029bc1e6af18: ;   {runtime_call nmethod}
  0x0000029bc1e6af18: 00e9 fbff 

  0x0000029bc1e6af1c: ;   {static_stub}
  0x0000029bc1e6af1c: ffff 48bb | 0000 0000 | 0000 0000 

  0x0000029bc1e6af28: ;   {runtime_call nmethod}
  0x0000029bc1e6af28: e9fb ffff 

  0x0000029bc1e6af2c: ;   {static_stub}
  0x0000029bc1e6af2c: ff48 bb00 | 0000 0000 

  0x0000029bc1e6af34: ;   {runtime_call nmethod}
  0x0000029bc1e6af34: 0000 00e9 | fbff ffff 

  0x0000029bc1e6af3c: ;   {static_stub}
  0x0000029bc1e6af3c: 48bb 0000 | 0000 0000 

  0x0000029bc1e6af44: ;   {runtime_call nmethod}
  0x0000029bc1e6af44: 0000 e9fb 

  0x0000029bc1e6af48: ;   {static_stub}
  0x0000029bc1e6af48: ffff ff48 | bb00 0000 | 0000 0000 

  0x0000029bc1e6af54: ;   {runtime_call nmethod}
  0x0000029bc1e6af54: 00e9 fbff 

  0x0000029bc1e6af58: ;   {static_stub}
  0x0000029bc1e6af58: ffff 48bb | 0000 0000 | 0000 0000 

  0x0000029bc1e6af64: ;   {runtime_call nmethod}
  0x0000029bc1e6af64: e9fb ffff 

  0x0000029bc1e6af68: ;   {static_stub}
  0x0000029bc1e6af68: ff48 bb00 | 0000 0000 

  0x0000029bc1e6af70: ;   {runtime_call nmethod}
  0x0000029bc1e6af70: 0000 00e9 | fbff ffff 

  0x0000029bc1e6af78: ;   {static_stub}
  0x0000029bc1e6af78: 48bb 0000 | 0000 0000 

  0x0000029bc1e6af80: ;   {runtime_call nmethod}
  0x0000029bc1e6af80: 0000 e9fb 

  0x0000029bc1e6af84: ;   {static_stub}
  0x0000029bc1e6af84: ffff ff48 | bb00 0000 | 0000 0000 

  0x0000029bc1e6af90: ;   {runtime_call nmethod}
  0x0000029bc1e6af90: 00e9 fbff 

  0x0000029bc1e6af94: ;   {static_stub}
  0x0000029bc1e6af94: ffff 48bb | 0000 0000 | 0000 0000 

  0x0000029bc1e6afa0: ;   {runtime_call nmethod}
  0x0000029bc1e6afa0: e9fb ffff 

  0x0000029bc1e6afa4: ;   {static_stub}
  0x0000029bc1e6afa4: ff48 bb00 | 0000 0000 

  0x0000029bc1e6afac: ;   {runtime_call nmethod}
  0x0000029bc1e6afac: 0000 00e9 | fbff ffff 

  0x0000029bc1e6afb4: ;   {static_stub}
  0x0000029bc1e6afb4: 48bb 0000 | 0000 0000 

  0x0000029bc1e6afbc: ;   {runtime_call nmethod}
  0x0000029bc1e6afbc: 0000 e9fb 

  0x0000029bc1e6afc0: ;   {static_stub}
  0x0000029bc1e6afc0: ffff ff48 | bb00 0000 | 0000 0000 

  0x0000029bc1e6afcc: ;   {runtime_call nmethod}
  0x0000029bc1e6afcc: 00e9 fbff 

  0x0000029bc1e6afd0: ;   {static_stub}
  0x0000029bc1e6afd0: ffff 48bb | 0000 0000 | 0000 0000 

  0x0000029bc1e6afdc: ;   {runtime_call nmethod}
  0x0000029bc1e6afdc: e9fb ffff 

  0x0000029bc1e6afe0: ;   {static_stub}
  0x0000029bc1e6afe0: ff48 bb00 | 0000 0000 

  0x0000029bc1e6afe8: ;   {runtime_call nmethod}
  0x0000029bc1e6afe8: 0000 00e9 | fbff ffff 

  0x0000029bc1e6aff0: ;   {static_stub}
  0x0000029bc1e6aff0: 48bb 0000 | 0000 0000 

  0x0000029bc1e6aff8: ;   {runtime_call nmethod}
  0x0000029bc1e6aff8: 0000 e9fb 

  0x0000029bc1e6affc: ;   {static_stub}
  0x0000029bc1e6affc: ffff ff48 | bb00 0000 | 0000 0000 

  0x0000029bc1e6b008: ;   {runtime_call nmethod}
  0x0000029bc1e6b008: 00e9 fbff 

  0x0000029bc1e6b00c: ;   {static_stub}
  0x0000029bc1e6b00c: ffff 48bb | 0000 0000 | 0000 0000 

  0x0000029bc1e6b018: ;   {runtime_call nmethod}
  0x0000029bc1e6b018: e9fb ffff 

  0x0000029bc1e6b01c: ;   {static_stub}
  0x0000029bc1e6b01c: ff48 bb00 | 0000 0000 

  0x0000029bc1e6b024: ;   {runtime_call nmethod}
  0x0000029bc1e6b024: 0000 00e9 | fbff ffff 

  0x0000029bc1e6b02c: ;   {static_stub}
  0x0000029bc1e6b02c: 48bb 0000 | 0000 0000 

  0x0000029bc1e6b034: ;   {runtime_call nmethod}
  0x0000029bc1e6b034: 0000 e9fb 

  0x0000029bc1e6b038: ;   {static_stub}
  0x0000029bc1e6b038: ffff ff48 | bb00 0000 | 0000 0000 

  0x0000029bc1e6b044: ;   {runtime_call nmethod}
  0x0000029bc1e6b044: 00e9 fbff 

  0x0000029bc1e6b048: ;   {static_stub}
  0x0000029bc1e6b048: ffff 48bb | 0000 0000 | 0000 0000 

  0x0000029bc1e6b054: ;   {runtime_call nmethod}
  0x0000029bc1e6b054: e9fb ffff 

  0x0000029bc1e6b058: ;   {static_stub}
  0x0000029bc1e6b058: ff48 bb00 | 0000 0000 

  0x0000029bc1e6b060: ;   {runtime_call nmethod}
  0x0000029bc1e6b060: 0000 00e9 | fbff ffff 

  0x0000029bc1e6b068: ;   {static_stub}
  0x0000029bc1e6b068: 48bb 0000 | 0000 0000 

  0x0000029bc1e6b070: ;   {runtime_call nmethod}
  0x0000029bc1e6b070: 0000 e9fb 

  0x0000029bc1e6b074: ;   {static_stub}
  0x0000029bc1e6b074: ffff ff48 | bb00 0000 | 0000 0000 

  0x0000029bc1e6b080: ;   {runtime_call nmethod}
  0x0000029bc1e6b080: 00e9 fbff 

  0x0000029bc1e6b084: ;   {static_stub}
  0x0000029bc1e6b084: ffff 48bb | 0000 0000 | 0000 0000 

  0x0000029bc1e6b090: ;   {runtime_call nmethod}
  0x0000029bc1e6b090: e9fb ffff 

  0x0000029bc1e6b094: ;   {static_stub}
  0x0000029bc1e6b094: ff48 bb00 | 0000 0000 

  0x0000029bc1e6b09c: ;   {runtime_call nmethod}
  0x0000029bc1e6b09c: 0000 00e9 | fbff ffff 

  0x0000029bc1e6b0a4: ;   {static_stub}
  0x0000029bc1e6b0a4: 48bb 0000 | 0000 0000 

  0x0000029bc1e6b0ac: ;   {runtime_call nmethod}
  0x0000029bc1e6b0ac: 0000 e9fb 

  0x0000029bc1e6b0b0: ;   {static_stub}
  0x0000029bc1e6b0b0: ffff ff48 | bb00 0000 | 0000 0000 

  0x0000029bc1e6b0bc: ;   {runtime_call nmethod}
  0x0000029bc1e6b0bc: 00e9 fbff 

  0x0000029bc1e6b0c0: ;   {static_stub}
  0x0000029bc1e6b0c0: ffff 48bb | 0000 0000 | 0000 0000 

  0x0000029bc1e6b0cc: ;   {runtime_call nmethod}
  0x0000029bc1e6b0cc: e9fb ffff 

  0x0000029bc1e6b0d0: ;   {static_stub}
  0x0000029bc1e6b0d0: ff48 bb00 | 0000 0000 

  0x0000029bc1e6b0d8: ;   {runtime_call nmethod}
  0x0000029bc1e6b0d8: 0000 00e9 | fbff ffff 

  0x0000029bc1e6b0e0: ;   {static_stub}
  0x0000029bc1e6b0e0: 48bb 0000 | 0000 0000 

  0x0000029bc1e6b0e8: ;   {runtime_call nmethod}
  0x0000029bc1e6b0e8: 0000 e9fb 

  0x0000029bc1e6b0ec: ;   {static_stub}
  0x0000029bc1e6b0ec: ffff ff48 | bb00 0000 | 0000 0000 

  0x0000029bc1e6b0f8: ;   {runtime_call nmethod}
  0x0000029bc1e6b0f8: 00e9 fbff 

  0x0000029bc1e6b0fc: ;   {static_stub}
  0x0000029bc1e6b0fc: ffff 48bb | 0000 0000 | 0000 0000 

  0x0000029bc1e6b108: ;   {runtime_call nmethod}
  0x0000029bc1e6b108: e9fb ffff 

  0x0000029bc1e6b10c: ;   {static_stub}
  0x0000029bc1e6b10c: ff48 bb00 | 0000 0000 

  0x0000029bc1e6b114: ;   {runtime_call nmethod}
  0x0000029bc1e6b114: 0000 00e9 | fbff ffff 

  0x0000029bc1e6b11c: ;   {static_stub}
  0x0000029bc1e6b11c: 48bb 0000 | 0000 0000 

  0x0000029bc1e6b124: ;   {runtime_call nmethod}
  0x0000029bc1e6b124: 0000 e9fb 

  0x0000029bc1e6b128: ;   {static_stub}
  0x0000029bc1e6b128: ffff ff48 | bb00 0000 | 0000 0000 

  0x0000029bc1e6b134: ;   {runtime_call nmethod}
  0x0000029bc1e6b134: 00e9 fbff 

  0x0000029bc1e6b138: ;   {runtime_call ExceptionBlob}
  0x0000029bc1e6b138: ffff e941 | 8181 fee8 | 0000 0000 | 4883 2c24 

  0x0000029bc1e6b148: ;   {runtime_call DeoptimizationBlob}
  0x0000029bc1e6b148: 05e9 528c | 76fe f4f4 
[/MachCode]


---------------  P R O C E S S  ---------------

Threads class SMR info:
_java_thread_list=0x0000029c1b252600, length=71, elements={
0x0000029bb5e4cc40, 0x0000029c0f7954c0, 0x0000029bb5dfe8e0, 0x0000029c0f7965c0,
0x0000029c0f799130, 0x0000029c0f799b90, 0x0000029c0f79c600, 0x0000029c0f79e200,
0x0000029c0f7c4dc0, 0x0000029c0fa00e70, 0x0000029c0fae0c80, 0x0000029c14946d50,
0x0000029c14a08120, 0x0000029c14276200, 0x0000029c14276c40, 0x0000029c14f2a500,
0x0000029c150661d0, 0x0000029c15121a90, 0x0000029c14fc7a70, 0x0000029c14fc6030,
0x0000029c14fc45f0, 0x0000029c14fc4c80, 0x0000029c14fc5310, 0x0000029c15267d70,
0x0000029c15268400, 0x0000029c1526a4d0, 0x0000029c1526ab60, 0x0000029c1526b880,
0x0000029c15269120, 0x0000029c152697b0, 0x0000029c15269e40, 0x0000029c1526bf10,
0x0000029c1526b1f0, 0x0000029c15268a90, 0x0000029c1526e670, 0x0000029c1526f390,
0x0000029c1526c5a0, 0x0000029c166eef00, 0x0000029c166ef590, 0x0000029c166ec7a0,
0x0000029c166ee1e0, 0x0000029c1526d950, 0x0000029c166ee870, 0x0000029c191f6ff0,
0x0000029c140b8920, 0x0000029c140b6850, 0x0000029c140b9640, 0x0000029c140b7c00,
0x0000029c140bc430, 0x0000029c140ba360, 0x0000029c140bbda0, 0x0000029c140bcac0,
0x0000029c19e57440, 0x0000029c19e56090, 0x0000029c19e54ce0, 0x0000029c19e56db0,
0x0000029c19e587f0, 0x0000029c19e55370, 0x0000029c19e55a00, 0x0000029c19e5af50,
0x0000029c19e59ba0, 0x0000029c19e57ad0, 0x0000029c191f83a0, 0x0000029c191f4f20,
0x0000029c191fab00, 0x0000029c191fa470, 0x0000029c191fb190, 0x0000029c191fb820,
0x0000029c191f90c0, 0x0000029c140b9cd0, 0x0000029c140bde70
}

Java Threads: ( => current thread )
  0x0000029bb5e4cc40 JavaThread "main"                              [_thread_blocked, id=10300, stack(0x000000dcf8600000,0x000000dcf8700000) (1024K)]
  0x0000029c0f7954c0 JavaThread "Reference Handler"          daemon [_thread_blocked, id=12776, stack(0x000000dcf8a00000,0x000000dcf8b00000) (1024K)]
  0x0000029bb5dfe8e0 JavaThread "Finalizer"                  daemon [_thread_blocked, id=4144, stack(0x000000dcf8b00000,0x000000dcf8c00000) (1024K)]
  0x0000029c0f7965c0 JavaThread "Signal Dispatcher"          daemon [_thread_blocked, id=4236, stack(0x000000dcf8c00000,0x000000dcf8d00000) (1024K)]
  0x0000029c0f799130 JavaThread "Attach Listener"            daemon [_thread_blocked, id=1956, stack(0x000000dcf8d00000,0x000000dcf8e00000) (1024K)]
  0x0000029c0f799b90 JavaThread "Service Thread"             daemon [_thread_blocked, id=5896, stack(0x000000dcf8e00000,0x000000dcf8f00000) (1024K)]
  0x0000029c0f79c600 JavaThread "Monitor Deflation Thread"   daemon [_thread_blocked, id=13292, stack(0x000000dcf8f00000,0x000000dcf9000000) (1024K)]
  0x0000029c0f79e200 JavaThread "C2 CompilerThread0"         daemon [_thread_blocked, id=15432, stack(0x000000dcf9000000,0x000000dcf9100000) (1024K)]
  0x0000029c0f7c4dc0 JavaThread "C1 CompilerThread0"         daemon [_thread_blocked, id=15468, stack(0x000000dcf9100000,0x000000dcf9200000) (1024K)]
  0x0000029c0fa00e70 JavaThread "Common-Cleaner"             daemon [_thread_blocked, id=12656, stack(0x000000dcf9200000,0x000000dcf9300000) (1024K)]
  0x0000029c0fae0c80 JavaThread "Notification Thread"        daemon [_thread_blocked, id=15072, stack(0x000000dcf9400000,0x000000dcf9500000) (1024K)]
  0x0000029c14946d50 JavaThread "Active Thread: Equinox Container: 626adecd-a4c8-47ee-a461-2cc27cc1dd03"        [_thread_blocked, id=5472, stack(0x000000dcf9c00000,0x000000dcf9d00000) (1024K)]
  0x0000029c14a08120 JavaThread "Refresh Thread: Equinox Container: 626adecd-a4c8-47ee-a461-2cc27cc1dd03" daemon [_thread_blocked, id=11908, stack(0x000000dcf9e00000,0x000000dcf9f00000) (1024K)]
  0x0000029c14276200 JavaThread "Framework Event Dispatcher: Equinox Container: 626adecd-a4c8-47ee-a461-2cc27cc1dd03" daemon [_thread_blocked, id=15384, stack(0x000000dcf9f00000,0x000000dcfa000000) (1024K)]
  0x0000029c14276c40 JavaThread "Start Level: Equinox Container: 626adecd-a4c8-47ee-a461-2cc27cc1dd03" daemon [_thread_blocked, id=18680, stack(0x000000dcfa000000,0x000000dcfa100000) (1024K)]
  0x0000029c14f2a500 JavaThread "Bundle File Closer"         daemon [_thread_blocked, id=16164, stack(0x000000dcfa300000,0x000000dcfa400000) (1024K)]
  0x0000029c150661d0 JavaThread "SCR Component Actor"        daemon [_thread_blocked, id=17824, stack(0x000000dcfa400000,0x000000dcfa500000) (1024K)]
  0x0000029c15121a90 JavaThread "Worker-JM"                         [_thread_blocked, id=16636, stack(0x000000dcfa500000,0x000000dcfa600000) (1024K)]
  0x0000029c14fc7a70 JavaThread "Java indexing"              daemon [_thread_blocked, id=14776, stack(0x000000dcfa800000,0x000000dcfa900000) (1024K)]
  0x0000029c14fc6030 JavaThread "JNA Cleaner"                daemon [_thread_blocked, id=4392, stack(0x000000dcfa900000,0x000000dcfaa00000) (1024K)]
  0x0000029c14fc45f0 JavaThread "Thread-1"                   daemon [_thread_in_native, id=6800, stack(0x000000dcfae00000,0x000000dcfaf00000) (1024K)]
  0x0000029c14fc4c80 JavaThread "Thread-2"                   daemon [_thread_in_native, id=18152, stack(0x000000dcfaf00000,0x000000dcfb000000) (1024K)]
  0x0000029c14fc5310 JavaThread "Thread-3"                   daemon [_thread_in_native, id=16340, stack(0x000000dcfb000000,0x000000dcfb100000) (1024K)]
  0x0000029c15267d70 JavaThread "Thread-4"                   daemon [_thread_in_native, id=17964, stack(0x000000dcfb100000,0x000000dcfb200000) (1024K)]
  0x0000029c15268400 JavaThread "Thread-5"                   daemon [_thread_in_native, id=256, stack(0x000000dcfb200000,0x000000dcfb300000) (1024K)]
  0x0000029c1526a4d0 JavaThread "Thread-6"                   daemon [_thread_in_native, id=1868, stack(0x000000dcfb300000,0x000000dcfb400000) (1024K)]
  0x0000029c1526ab60 JavaThread "Thread-7"                   daemon [_thread_in_native, id=1332, stack(0x000000dcfb400000,0x000000dcfb500000) (1024K)]
  0x0000029c1526b880 JavaThread "Thread-8"                   daemon [_thread_in_native, id=10032, stack(0x000000dcfb500000,0x000000dcfb600000) (1024K)]
  0x0000029c15269120 JavaThread "Thread-9"                   daemon [_thread_in_native, id=12216, stack(0x000000dcfb600000,0x000000dcfb700000) (1024K)]
  0x0000029c152697b0 JavaThread "Thread-10"                  daemon [_thread_in_native, id=14400, stack(0x000000dcfb700000,0x000000dcfb800000) (1024K)]
  0x0000029c15269e40 JavaThread "Thread-11"                  daemon [_thread_in_native, id=7176, stack(0x000000dcfb800000,0x000000dcfb900000) (1024K)]
  0x0000029c1526bf10 JavaThread "Thread-12"                  daemon [_thread_in_native, id=9568, stack(0x000000dcfb900000,0x000000dcfba00000) (1024K)]
  0x0000029c1526b1f0 JavaThread "Thread-13"                  daemon [_thread_in_native, id=12380, stack(0x000000dcfba00000,0x000000dcfbb00000) (1024K)]
  0x0000029c15268a90 JavaThread "pool-2-thread-1"                   [_thread_blocked, id=18492, stack(0x000000dcfbb00000,0x000000dcfbc00000) (1024K)]
  0x0000029c1526e670 JavaThread "WorkspaceEventsHandler"            [_thread_blocked, id=9156, stack(0x000000dcfbf00000,0x000000dcfc000000) (1024K)]
  0x0000029c1526f390 JavaThread "pool-1-thread-1"                   [_thread_blocked, id=13648, stack(0x000000dcfc000000,0x000000dcfc100000) (1024K)]
  0x0000029c1526c5a0 JavaThread "Timer-0"                           [_thread_blocked, id=5480, stack(0x000000dcfc200000,0x000000dcfc300000) (1024K)]
  0x0000029c166eef00 JavaThread "Timer-1"                           [_thread_blocked, id=6544, stack(0x000000dcfc300000,0x000000dcfc400000) (1024K)]
  0x0000029c166ef590 JavaThread "Timer-2"                           [_thread_blocked, id=8660, stack(0x000000dcfc400000,0x000000dcfc500000) (1024K)]
  0x0000029c166ec7a0 JavaThread "Timer-3"                           [_thread_blocked, id=10876, stack(0x000000dcfc500000,0x000000dcfc600000) (1024K)]
  0x0000029c166ee1e0 JavaThread "Timer-4"                           [_thread_blocked, id=2856, stack(0x000000dcfc600000,0x000000dcfc700000) (1024K)]
  0x0000029c1526d950 JavaThread "Timer-5"                           [_thread_blocked, id=17720, stack(0x000000dcf9500000,0x000000dcf9600000) (1024K)]
  0x0000029c166ee870 JavaThread "Timer-6"                           [_thread_blocked, id=5136, stack(0x000000dcfc100000,0x000000dcfc200000) (1024K)]
  0x0000029c191f6ff0 JavaThread "Timer-7"                           [_thread_blocked, id=15668, stack(0x000000dcfc700000,0x000000dcfc800000) (1024K)]
  0x0000029c140b8920 JavaThread "Worker-20: Synchronize Gradle projects with workspace"        [_thread_blocked, id=11784, stack(0x000000dcf8300000,0x000000dcf8400000) (1024K)]
  0x0000029c140b6850 JavaThread "Worker-21"                         [_thread_blocked, id=4548, stack(0x000000dcf8400000,0x000000dcf8500000) (1024K)]
  0x0000029c140b9640 JavaThread "Worker-22"                         [_thread_blocked, id=17380, stack(0x000000dcf8500000,0x000000dcf8600000) (1024K)]
  0x0000029c140b7c00 JavaThread "Timer-8"                           [_thread_blocked, id=9236, stack(0x000000dcf9300000,0x000000dcf9400000) (1024K)]
  0x0000029c140bc430 JavaThread "Timer-9"                           [_thread_blocked, id=8540, stack(0x000000dcfa700000,0x000000dcfa800000) (1024K)]
  0x0000029c140ba360 JavaThread "Timer-10"                          [_thread_blocked, id=16560, stack(0x000000dcfa600000,0x000000dcfa700000) (1024K)]
  0x0000029c140bbda0 JavaThread "Timer-11"                          [_thread_blocked, id=14972, stack(0x000000dcfab00000,0x000000dcfac00000) (1024K)]
  0x0000029c140bcac0 JavaThread "Timer-12"                          [_thread_blocked, id=1388, stack(0x000000dcfca00000,0x000000dcfcb00000) (1024K)]
  0x0000029c19e57440 JavaThread "Timer-13"                          [_thread_blocked, id=19280, stack(0x000000dcfcc00000,0x000000dcfcd00000) (1024K)]
  0x0000029c19e56090 JavaThread "Timer-14"                          [_thread_blocked, id=3028, stack(0x000000dcfaa00000,0x000000dcfab00000) (1024K)]
  0x0000029c19e54ce0 JavaThread "Timer-15"                          [_thread_blocked, id=10148, stack(0x000000dcfac00000,0x000000dcfad00000) (1024K)]
  0x0000029c19e56db0 JavaThread "Timer-16"                          [_thread_blocked, id=17128, stack(0x000000dcfcb00000,0x000000dcfcc00000) (1024K)]
  0x0000029c19e587f0 JavaThread "Exec process"                      [_thread_blocked, id=14944, stack(0x000000dcfad00000,0x000000dcfae00000) (1024K)]
  0x0000029c19e55370 JavaThread "Exec process Thread 2"             [_thread_blocked, id=16328, stack(0x000000dcfbc00000,0x000000dcfbd00000) (1024K)]
  0x0000029c19e55a00 JavaThread "Exec process Thread 3"             [_thread_blocked, id=1600, stack(0x000000dcfbd00000,0x000000dcfbe00000) (1024K)]
  0x0000029c19e5af50 JavaThread "Timer-17"                          [_thread_blocked, id=11648, stack(0x000000dcfc800000,0x000000dcfc900000) (1024K)]
  0x0000029c19e59ba0 JavaThread "Timer-18"                          [_thread_blocked, id=9068, stack(0x000000dcfc900000,0x000000dcfca00000) (1024K)]
  0x0000029c19e57ad0 JavaThread "Timer-19"                          [_thread_blocked, id=15924, stack(0x000000dcfce00000,0x000000dcfcf00000) (1024K)]
  0x0000029c191f83a0 JavaThread "Timer-20"                          [_thread_blocked, id=18296, stack(0x000000dcfcd00000,0x000000dcfce00000) (1024K)]
  0x0000029c191f4f20 JavaThread "Timer-21"                          [_thread_blocked, id=15984, stack(0x000000dcfd100000,0x000000dcfd200000) (1024K)]
  0x0000029c191fab00 JavaThread "Timer-22"                          [_thread_blocked, id=2632, stack(0x000000dcfd200000,0x000000dcfd300000) (1024K)]
  0x0000029c191fa470 JavaThread "Timer-23"                          [_thread_blocked, id=14276, stack(0x000000dcfd300000,0x000000dcfd400000) (1024K)]
  0x0000029c191fb190 JavaThread "Timer-24"                          [_thread_blocked, id=9884, stack(0x000000dcfd400000,0x000000dcfd500000) (1024K)]
  0x0000029c191fb820 JavaThread "Timer-25"                          [_thread_blocked, id=16572, stack(0x000000dcfcf00000,0x000000dcfd000000) (1024K)]
=>0x0000029c191f90c0 JavaThread "Connection worker"                 [_thread_in_vm, id=16236, stack(0x000000dcfd000000,0x000000dcfd100000) (1024K)]
  0x0000029c140b9cd0 JavaThread "pool-8-thread-1"                   [_thread_blocked, id=6936, stack(0x000000dcfd500000,0x000000dcfd600000) (1024K)]
  0x0000029c140bde70 JavaThread "Timer-26"                          [_thread_blocked, id=3736, stack(0x000000dcfd600000,0x000000dcfd700000) (1024K)]
Total: 71

Other Threads:
  0x0000029bb5f0eb20 VMThread "VM Thread"                           [id=9436, stack(0x000000dcf8900000,0x000000dcf8a00000) (1024K)] _threads_hazard_ptr=0x0000029c1b252600
  0x0000029bb5cdca00 WatcherThread "VM Periodic Task Thread"        [id=8032, stack(0x000000dcf8800000,0x000000dcf8900000) (1024K)]
  0x0000029bb5e6b0f0 WorkerThread "GC Thread#0"                     [id=11576, stack(0x000000dcf8700000,0x000000dcf8800000) (1024K)]
  0x0000029c142a17d0 WorkerThread "GC Thread#1"                     [id=6592, stack(0x000000dcf9600000,0x000000dcf9700000) (1024K)]
  0x0000029c142a1b80 WorkerThread "GC Thread#2"                     [id=16524, stack(0x000000dcf9700000,0x000000dcf9800000) (1024K)]
  0x0000029c145ebe30 WorkerThread "GC Thread#3"                     [id=9012, stack(0x000000dcf9800000,0x000000dcf9900000) (1024K)]
  0x0000029c145ec1e0 WorkerThread "GC Thread#4"                     [id=9148, stack(0x000000dcf9900000,0x000000dcf9a00000) (1024K)]
  0x0000029c145ec590 WorkerThread "GC Thread#5"                     [id=11080, stack(0x000000dcf9a00000,0x000000dcf9b00000) (1024K)]
  0x0000029c145ec940 WorkerThread "GC Thread#6"                     [id=2180, stack(0x000000dcf9b00000,0x000000dcf9c00000) (1024K)]
  0x0000029c14783190 WorkerThread "GC Thread#7"                     [id=4988, stack(0x000000dcf9d00000,0x000000dcf9e00000) (1024K)]
  0x0000029c14783540 WorkerThread "GC Thread#8"                     [id=11700, stack(0x000000dcfa100000,0x000000dcfa200000) (1024K)]
  0x0000029c147822d0 WorkerThread "GC Thread#9"                     [id=17892, stack(0x000000dcfa200000,0x000000dcfa300000) (1024K)]
Total: 12

Threads with active compile tasks:
Total: 0

VM state: synchronizing (normal execution)

VM Mutex/Monitor currently owned by a thread:  ([mutex/lock_event])
[0x00007ffade5de560] Threads_lock - owner thread: 0x0000029bb5f0eb20

OutOfMemory and StackOverflow Exception counts:
StackOverflowErrors=1
LinkageErrors=259

Heap address: 0x0000000080000000, size: 2048 MB, Compressed Oops mode: 32-bit

CDS archive(s) mapped at: [0x0000029bcd000000-0x0000029bcdba0000-0x0000029bcdba0000), size 12189696, SharedBaseAddress: 0x0000029bcd000000, ArchiveRelocationMode: 1.
Compressed class space mapped at: 0x0000029bce000000-0x0000029c0e000000, reserved size: 1073741824
Narrow klass base: 0x0000029bcd000000, Narrow klass shift: 0, Narrow klass range: 0x100000000

GC Precious Log:
 CardTable entry size: 512
 CPUs: 12 total, 12 available
 Memory: 16303M
 Large Page Support: Disabled
 NUMA Support: Disabled
 Compressed Oops: Enabled (32-bit)
 Alignments: Space 512K, Generation 512K, Heap 2M
 Heap Min Capacity: 100M
 Heap Initial Capacity: 100M
 Heap Max Capacity: 2G
 Pre-touch: Disabled
 Parallel Workers: 10

Heap:
 PSYoungGen      total 2048K, used 998K [0x00000000d5580000, 0x00000000d5900000, 0x0000000100000000)
  eden space 1536K, 44% used [0x00000000d5580000,0x00000000d5629ab0,0x00000000d5700000)
  from space 512K, 62% used [0x00000000d5800000,0x00000000d5850000,0x00000000d5880000)
  to   space 512K, 0% used [0x00000000d5880000,0x00000000d5880000,0x00000000d5900000)
 ParOldGen       total 929792K, used 929389K [0x0000000080000000, 0x00000000b8c00000, 0x00000000d5580000)
  object space 929792K, 99% used [0x0000000080000000,0x00000000b8b9b560,0x00000000b8c00000)
 Metaspace       used 94920K, committed 96960K, reserved 1179648K
  class space    used 12057K, committed 12928K, reserved 1048576K

Card table byte_map: [0x0000029bb57f0000,0x0000029bb5c00000] _byte_map_base: 0x0000029bb53f0000

Marking Bits: (ParMarkBitMap*) 0x00007ffade5e3450
 Begin Bits: [0x0000029bc8300000, 0x0000029bca300000)
 End Bits:   [0x0000029bca300000, 0x0000029bcc300000)

Polling page: 0x0000029bb3cc0000

Metaspace:

Usage:
  Non-class:     80.92 MB used.
      Class:     11.77 MB used.
       Both:     92.70 MB used.

Virtual space:
  Non-class space:      128.00 MB reserved,      82.06 MB ( 64%) committed,  2 nodes.
      Class space:        1.00 GB reserved,      12.62 MB (  1%) committed,  1 nodes.
             Both:        1.12 GB reserved,      94.69 MB (  8%) committed. 

Chunk freelists:
   Non-Class:  13.60 MB
       Class:  3.34 MB
        Both:  16.94 MB

MaxMetaspaceSize: unlimited
CompressedClassSpaceSize: 1.00 GB
Initial GC threshold: 21.00 MB
Current GC threshold: 127.62 MB
CDS: on
 - commit_granule_bytes: 65536.
 - commit_granule_words: 8192.
 - virtual_space_node_default_size: 8388608.
 - enlarge_chunks_in_place: 1.
 - use_allocation_guard: 0.


Internal statistics:

num_allocs_failed_limit: 9.
num_arena_births: 1994.
num_arena_deaths: 14.
num_vsnodes_births: 3.
num_vsnodes_deaths: 0.
num_space_committed: 1515.
num_space_uncommitted: 0.
num_chunks_returned_to_freelist: 23.
num_chunks_taken_from_freelist: 6177.
num_chunk_merges: 11.
num_chunk_splits: 3962.
num_chunks_enlarged: 2474.
num_inconsistent_stats: 0.

CodeHeap 'non-profiled nmethods': size=120000Kb used=19840Kb max_used=19840Kb free=100159Kb
 bounds [0x0000029bc0b20000, 0x0000029bc1e90000, 0x0000029bc8050000]
CodeHeap 'profiled nmethods': size=120000Kb used=33237Kb max_used=33237Kb free=86762Kb
 bounds [0x0000029bb9050000, 0x0000029bbb0d0000, 0x0000029bc0580000]
CodeHeap 'non-nmethods': size=5760Kb used=1483Kb max_used=1628Kb free=4276Kb
 bounds [0x0000029bc0580000, 0x0000029bc07f0000, 0x0000029bc0b20000]
CodeCache: size=245760Kb, used=54560Kb, max_used=54705Kb, free=191197Kb
 total_blobs=15528, nmethods=14734, adapters=699, full_count=0
Compilation: enabled, stopped_count=0, restarted_count=0

Compilation events (20 events):
Event: 8233.305 Thread 0x0000029c0f7c4dc0 nmethod 16253 0x0000029bbb0bdb10 code [0x0000029bbb0bdca0, 0x0000029bbb0bddd8]
Event: 8233.311 Thread 0x0000029c0f7c4dc0 16254       3       org.gradle.internal.event.AbstractBroadcastDispatch::dispatch (65 bytes)
Event: 8233.311 Thread 0x0000029c0f7c4dc0 nmethod 16254 0x0000029bbb0bde90 code [0x0000029bbb0be0a0, 0x0000029bbb0be6f8]
Event: 8233.312 Thread 0x0000029c0f79e200 nmethod 16252 0x0000029bc1e7d290 code [0x0000029bc1e7d500, 0x0000029bc1e7e3a0]
Event: 8233.329 Thread 0x0000029c0f7c4dc0 16255       3       java.util.Formatter$Conversion::isFloat (74 bytes)
Event: 8233.329 Thread 0x0000029c0f7c4dc0 nmethod 16255 0x0000029bbb0be890 code [0x0000029bbb0bea20, 0x0000029bbb0bec08]
Event: 8233.329 Thread 0x0000029c0f7c4dc0 16256       3       java.util.Formatter$FormatSpecifier::checkFloat (68 bytes)
Event: 8233.329 Thread 0x0000029c0f7c4dc0 nmethod 16256 0x0000029bbb0bec90 code [0x0000029bbb0beea0, 0x0000029bbb0bf3c0]
Event: 8233.365 Thread 0x0000029c0f79e200 16257       4       org.gradle.internal.serialize.kryo.KryoBackedDecoder::maybeReadBytes (11 bytes)
Event: 8233.371 Thread 0x0000029c0f79e200 nmethod 16257 0x0000029bc1e7ec90 code [0x0000029bc1e7ee40, 0x0000029bc1e7f1d8]
Event: 8233.371 Thread 0x0000029c0f79e200 16258       4       org.gradle.internal.serialize.AbstractDecoder$DecoderStream::read (11 bytes)
Event: 8233.377 Thread 0x0000029c0f79e200 nmethod 16258 0x0000029bc1e7f490 code [0x0000029bc1e7f660, 0x0000029bc1e7fa58]
Event: 8233.544 Thread 0x0000029c0f7c4dc0 16259       1       org.gradle.internal.logging.events.ProgressEvent::getProgressOperationId (5 bytes)
Event: 8233.545 Thread 0x0000029c0f7c4dc0 nmethod 16259 0x0000029bc1e7fd90 code [0x0000029bc1e7ff20, 0x0000029bc1e7ffe8]
Event: 8233.842 Thread 0x0000029c0f7c4dc0 16260       3       java.lang.invoke.LambdaForm$MH/0x0000029bceb9c000::invoke (64 bytes)
Event: 8233.843 Thread 0x0000029c0f7c4dc0 nmethod 16260 0x0000029bbb0bf510 code [0x0000029bbb0bf7c0, 0x0000029bbb0c0638]
Event: 8234.207 Thread 0x0000029c0f7c4dc0 16261   !   3       org.gradle.internal.remote.internal.inet.SocketConnection::receive (142 bytes)
Event: 8234.211 Thread 0x0000029c0f7c4dc0 nmethod 16261 0x0000029bbb0c0a90 code [0x0000029bbb0c1020, 0x0000029bbb0c3e60]
Event: 8234.211 Thread 0x0000029c0f7c4dc0 16262       3       org.gradle.internal.serialize.Serializers$StatefulSerializerAdapter$1::read (17 bytes)
Event: 8234.211 Thread 0x0000029c0f7c4dc0 nmethod 16262 0x0000029bbb0c5010 code [0x0000029bbb0c51c0, 0x0000029bbb0c53b8]

GC Heap History (20 events):
Event: 8231.933 GC heap before
{Heap before GC invocations=4375 (full 4):
 PSYoungGen      total 2048K, used 1824K [0x00000000d5580000, 0x00000000d5900000, 0x0000000100000000)
  eden space 1536K, 100% used [0x00000000d5580000,0x00000000d5700000,0x00000000d5700000)
  from space 512K, 56% used [0x00000000d5800000,0x00000000d5848000,0x00000000d5880000)
  to   space 512K, 0% used [0x00000000d5880000,0x00000000d5880000,0x00000000d5900000)
 ParOldGen       total 928768K, used 928622K [0x0000000080000000, 0x00000000b8b00000, 0x00000000d5580000)
  object space 928768K, 99% used [0x0000000080000000,0x00000000b8adb850,0x00000000b8b00000)
 Metaspace       used 93552K, committed 95552K, reserved 1179648K
  class space    used 11819K, committed 12672K, reserved 1048576K
}
Event: 8231.935 GC heap after
{Heap after GC invocations=4375 (full 4):
 PSYoungGen      total 2048K, used 320K [0x00000000d5580000, 0x00000000d5900000, 0x0000000100000000)
  eden space 1536K, 0% used [0x00000000d5580000,0x00000000d5580000,0x00000000d5700000)
  from space 512K, 62% used [0x00000000d5880000,0x00000000d58d0000,0x00000000d5900000)
  to   space 512K, 0% used [0x00000000d5800000,0x00000000d5800000,0x00000000d5880000)
 ParOldGen       total 928768K, used 928710K [0x0000000080000000, 0x00000000b8b00000, 0x00000000d5580000)
  object space 928768K, 99% used [0x0000000080000000,0x00000000b8af1850,0x00000000b8b00000)
 Metaspace       used 93552K, committed 95552K, reserved 1179648K
  class space    used 11819K, committed 12672K, reserved 1048576K
}
Event: 8231.974 GC heap before
{Heap before GC invocations=4376 (full 4):
 PSYoungGen      total 2048K, used 1856K [0x00000000d5580000, 0x00000000d5900000, 0x0000000100000000)
  eden space 1536K, 100% used [0x00000000d5580000,0x00000000d5700000,0x00000000d5700000)
  from space 512K, 62% used [0x00000000d5880000,0x00000000d58d0000,0x00000000d5900000)
  to   space 512K, 0% used [0x00000000d5800000,0x00000000d5800000,0x00000000d5880000)
 ParOldGen       total 928768K, used 928710K [0x0000000080000000, 0x00000000b8b00000, 0x00000000d5580000)
  object space 928768K, 99% used [0x0000000080000000,0x00000000b8af1850,0x00000000b8b00000)
 Metaspace       used 93794K, committed 95808K, reserved 1179648K
  class space    used 11854K, committed 12736K, reserved 1048576K
}
Event: 8231.976 GC heap after
{Heap after GC invocations=4376 (full 4):
 PSYoungGen      total 2048K, used 256K [0x00000000d5580000, 0x00000000d5900000, 0x0000000100000000)
  eden space 1536K, 0% used [0x00000000d5580000,0x00000000d5580000,0x00000000d5700000)
  from space 512K, 50% used [0x00000000d5800000,0x00000000d5840000,0x00000000d5880000)
  to   space 512K, 0% used [0x00000000d5880000,0x00000000d5880000,0x00000000d5900000)
 ParOldGen       total 929280K, used 928774K [0x0000000080000000, 0x00000000b8b80000, 0x00000000d5580000)
  object space 929280K, 99% used [0x0000000080000000,0x00000000b8b01850,0x00000000b8b80000)
 Metaspace       used 93794K, committed 95808K, reserved 1179648K
  class space    used 11854K, committed 12736K, reserved 1048576K
}
Event: 8232.009 GC heap before
{Heap before GC invocations=4377 (full 4):
 PSYoungGen      total 2048K, used 1791K [0x00000000d5580000, 0x00000000d5900000, 0x0000000100000000)
  eden space 1536K, 99% used [0x00000000d5580000,0x00000000d56fffc0,0x00000000d5700000)
  from space 512K, 50% used [0x00000000d5800000,0x00000000d5840000,0x00000000d5880000)
  to   space 512K, 0% used [0x00000000d5880000,0x00000000d5880000,0x00000000d5900000)
 ParOldGen       total 929280K, used 928774K [0x0000000080000000, 0x00000000b8b80000, 0x00000000d5580000)
  object space 929280K, 99% used [0x0000000080000000,0x00000000b8b01850,0x00000000b8b80000)
 Metaspace       used 93941K, committed 95936K, reserved 1179648K
  class space    used 11883K, committed 12736K, reserved 1048576K
}
Event: 8232.010 GC heap after
{Heap after GC invocations=4377 (full 4):
 PSYoungGen      total 2048K, used 288K [0x00000000d5580000, 0x00000000d5900000, 0x0000000100000000)
  eden space 1536K, 0% used [0x00000000d5580000,0x00000000d5580000,0x00000000d5700000)
  from space 512K, 56% used [0x00000000d5880000,0x00000000d58c8000,0x00000000d5900000)
  to   space 512K, 0% used [0x00000000d5800000,0x00000000d5800000,0x00000000d5880000)
 ParOldGen       total 929280K, used 928838K [0x0000000080000000, 0x00000000b8b80000, 0x00000000d5580000)
  object space 929280K, 99% used [0x0000000080000000,0x00000000b8b11850,0x00000000b8b80000)
 Metaspace       used 93941K, committed 95936K, reserved 1179648K
  class space    used 11883K, committed 12736K, reserved 1048576K
}
Event: 8232.053 GC heap before
{Heap before GC invocations=4378 (full 4):
 PSYoungGen      total 2048K, used 1824K [0x00000000d5580000, 0x00000000d5900000, 0x0000000100000000)
  eden space 1536K, 100% used [0x00000000d5580000,0x00000000d5700000,0x00000000d5700000)
  from space 512K, 56% used [0x00000000d5880000,0x00000000d58c8000,0x00000000d5900000)
  to   space 512K, 0% used [0x00000000d5800000,0x00000000d5800000,0x00000000d5880000)
 ParOldGen       total 929280K, used 928838K [0x0000000080000000, 0x00000000b8b80000, 0x00000000d5580000)
  object space 929280K, 99% used [0x0000000080000000,0x00000000b8b11850,0x00000000b8b80000)
 Metaspace       used 94096K, committed 96128K, reserved 1179648K
  class space    used 11913K, committed 12800K, reserved 1048576K
}
Event: 8232.055 GC heap after
{Heap after GC invocations=4378 (full 4):
 PSYoungGen      total 2048K, used 320K [0x00000000d5580000, 0x00000000d5900000, 0x0000000100000000)
  eden space 1536K, 0% used [0x00000000d5580000,0x00000000d5580000,0x00000000d5700000)
  from space 512K, 62% used [0x00000000d5800000,0x00000000d5850000,0x00000000d5880000)
  to   space 512K, 0% used [0x00000000d5880000,0x00000000d5880000,0x00000000d5900000)
 ParOldGen       total 929280K, used 928902K [0x0000000080000000, 0x00000000b8b80000, 0x00000000d5580000)
  object space 929280K, 99% used [0x0000000080000000,0x00000000b8b21850,0x00000000b8b80000)
 Metaspace       used 94096K, committed 96128K, reserved 1179648K
  class space    used 11913K, committed 12800K, reserved 1048576K
}
Event: 8232.099 GC heap before
{Heap before GC invocations=4379 (full 4):
 PSYoungGen      total 2048K, used 1856K [0x00000000d5580000, 0x00000000d5900000, 0x0000000100000000)
  eden space 1536K, 100% used [0x00000000d5580000,0x00000000d5700000,0x00000000d5700000)
  from space 512K, 62% used [0x00000000d5800000,0x00000000d5850000,0x00000000d5880000)
  to   space 512K, 0% used [0x00000000d5880000,0x00000000d5880000,0x00000000d5900000)
 ParOldGen       total 929280K, used 928902K [0x0000000080000000, 0x00000000b8b80000, 0x00000000d5580000)
  object space 929280K, 99% used [0x0000000080000000,0x00000000b8b21850,0x00000000b8b80000)
 Metaspace       used 94272K, committed 96320K, reserved 1179648K
  class space    used 11938K, committed 12800K, reserved 1048576K
}
Event: 8232.101 GC heap after
{Heap after GC invocations=4379 (full 4):
 PSYoungGen      total 2048K, used 320K [0x00000000d5580000, 0x00000000d5900000, 0x0000000100000000)
  eden space 1536K, 0% used [0x00000000d5580000,0x00000000d5580000,0x00000000d5700000)
  from space 512K, 62% used [0x00000000d5880000,0x00000000d58d0000,0x00000000d5900000)
  to   space 512K, 0% used [0x00000000d5800000,0x00000000d5800000,0x00000000d5880000)
 ParOldGen       total 929280K, used 928982K [0x0000000080000000, 0x00000000b8b80000, 0x00000000d5580000)
  object space 929280K, 99% used [0x0000000080000000,0x00000000b8b35850,0x00000000b8b80000)
 Metaspace       used 94272K, committed 96320K, reserved 1179648K
  class space    used 11938K, committed 12800K, reserved 1048576K
}
Event: 8232.117 GC heap before
{Heap before GC invocations=4380 (full 4):
 PSYoungGen      total 2048K, used 1856K [0x00000000d5580000, 0x00000000d5900000, 0x0000000100000000)
  eden space 1536K, 100% used [0x00000000d5580000,0x00000000d5700000,0x00000000d5700000)
  from space 512K, 62% used [0x00000000d5880000,0x00000000d58d0000,0x00000000d5900000)
  to   space 512K, 0% used [0x00000000d5800000,0x00000000d5800000,0x00000000d5880000)
 ParOldGen       total 929280K, used 928982K [0x0000000080000000, 0x00000000b8b80000, 0x00000000d5580000)
  object space 929280K, 99% used [0x0000000080000000,0x00000000b8b35850,0x00000000b8b80000)
 Metaspace       used 94366K, committed 96384K, reserved 1179648K
  class space    used 11950K, committed 12800K, reserved 1048576K
}
Event: 8232.119 GC heap after
{Heap after GC invocations=4380 (full 4):
 PSYoungGen      total 2048K, used 288K [0x00000000d5580000, 0x00000000d5900000, 0x0000000100000000)
  eden space 1536K, 0% used [0x00000000d5580000,0x00000000d5580000,0x00000000d5700000)
  from space 512K, 56% used [0x00000000d5800000,0x00000000d5848000,0x00000000d5880000)
  to   space 512K, 0% used [0x00000000d5880000,0x00000000d5880000,0x00000000d5900000)
 ParOldGen       total 929280K, used 929046K [0x0000000080000000, 0x00000000b8b80000, 0x00000000d5580000)
  object space 929280K, 99% used [0x0000000080000000,0x00000000b8b45850,0x00000000b8b80000)
 Metaspace       used 94366K, committed 96384K, reserved 1179648K
  class space    used 11950K, committed 12800K, reserved 1048576K
}
Event: 8232.150 GC heap before
{Heap before GC invocations=4381 (full 4):
 PSYoungGen      total 2048K, used 1824K [0x00000000d5580000, 0x00000000d5900000, 0x0000000100000000)
  eden space 1536K, 100% used [0x00000000d5580000,0x00000000d5700000,0x00000000d5700000)
  from space 512K, 56% used [0x00000000d5800000,0x00000000d5848000,0x00000000d5880000)
  to   space 512K, 0% used [0x00000000d5880000,0x00000000d5880000,0x00000000d5900000)
 ParOldGen       total 929280K, used 929046K [0x0000000080000000, 0x00000000b8b80000, 0x00000000d5580000)
  object space 929280K, 99% used [0x0000000080000000,0x00000000b8b45850,0x00000000b8b80000)
 Metaspace       used 94498K, committed 96576K, reserved 1179648K
  class space    used 11970K, committed 12864K, reserved 1048576K
}
Event: 8232.155 GC heap after
{Heap after GC invocations=4381 (full 4):
 PSYoungGen      total 2048K, used 352K [0x00000000d5580000, 0x00000000d5900000, 0x0000000100000000)
  eden space 1536K, 0% used [0x00000000d5580000,0x00000000d5580000,0x00000000d5700000)
  from space 512K, 68% used [0x00000000d5880000,0x00000000d58d8000,0x00000000d5900000)
  to   space 512K, 0% used [0x00000000d5800000,0x00000000d5800000,0x00000000d5880000)
 ParOldGen       total 929280K, used 929118K [0x0000000080000000, 0x00000000b8b80000, 0x00000000d5580000)
  object space 929280K, 99% used [0x0000000080000000,0x00000000b8b57850,0x00000000b8b80000)
 Metaspace       used 94498K, committed 96576K, reserved 1179648K
  class space    used 11970K, committed 12864K, reserved 1048576K
}
Event: 8232.196 GC heap before
{Heap before GC invocations=4382 (full 4):
 PSYoungGen      total 2048K, used 1888K [0x00000000d5580000, 0x00000000d5900000, 0x0000000100000000)
  eden space 1536K, 100% used [0x00000000d5580000,0x00000000d5700000,0x00000000d5700000)
  from space 512K, 68% used [0x00000000d5880000,0x00000000d58d8000,0x00000000d5900000)
  to   space 512K, 0% used [0x00000000d5800000,0x00000000d5800000,0x00000000d5880000)
 ParOldGen       total 929280K, used 929118K [0x0000000080000000, 0x00000000b8b80000, 0x00000000d5580000)
  object space 929280K, 99% used [0x0000000080000000,0x00000000b8b57850,0x00000000b8b80000)
 Metaspace       used 94631K, committed 96640K, reserved 1179648K
  class space    used 12002K, committed 12864K, reserved 1048576K
}
Event: 8232.200 GC heap after
{Heap after GC invocations=4382 (full 4):
 PSYoungGen      total 2048K, used 288K [0x00000000d5580000, 0x00000000d5900000, 0x0000000100000000)
  eden space 1536K, 0% used [0x00000000d5580000,0x00000000d5580000,0x00000000d5700000)
  from space 512K, 56% used [0x00000000d5800000,0x00000000d5848000,0x00000000d5880000)
  to   space 512K, 0% used [0x00000000d5880000,0x00000000d5880000,0x00000000d5900000)
 ParOldGen       total 929280K, used 929237K [0x0000000080000000, 0x00000000b8b80000, 0x00000000d5580000)
  object space 929280K, 99% used [0x0000000080000000,0x00000000b8b75560,0x00000000b8b80000)
 Metaspace       used 94631K, committed 96640K, reserved 1179648K
  class space    used 12002K, committed 12864K, reserved 1048576K
}
Event: 8232.264 GC heap before
{Heap before GC invocations=4383 (full 4):
 PSYoungGen      total 2048K, used 1824K [0x00000000d5580000, 0x00000000d5900000, 0x0000000100000000)
  eden space 1536K, 100% used [0x00000000d5580000,0x00000000d5700000,0x00000000d5700000)
  from space 512K, 56% used [0x00000000d5800000,0x00000000d5848000,0x00000000d5880000)
  to   space 512K, 0% used [0x00000000d5880000,0x00000000d5880000,0x00000000d5900000)
 ParOldGen       total 929280K, used 929237K [0x0000000080000000, 0x00000000b8b80000, 0x00000000d5580000)
  object space 929280K, 99% used [0x0000000080000000,0x00000000b8b75560,0x00000000b8b80000)
 Metaspace       used 94760K, committed 96768K, reserved 1179648K
  class space    used 12032K, committed 12864K, reserved 1048576K
}
Event: 8232.270 GC heap after
{Heap after GC invocations=4383 (full 4):
 PSYoungGen      total 2048K, used 320K [0x00000000d5580000, 0x00000000d5900000, 0x0000000100000000)
  eden space 1536K, 0% used [0x00000000d5580000,0x00000000d5580000,0x00000000d5700000)
  from space 512K, 62% used [0x00000000d5880000,0x00000000d58d0000,0x00000000d5900000)
  to   space 512K, 0% used [0x00000000d5800000,0x00000000d5800000,0x00000000d5880000)
 ParOldGen       total 929792K, used 929317K [0x0000000080000000, 0x00000000b8c00000, 0x00000000d5580000)
  object space 929792K, 99% used [0x0000000080000000,0x00000000b8b89560,0x00000000b8c00000)
 Metaspace       used 94760K, committed 96768K, reserved 1179648K
  class space    used 12032K, committed 12864K, reserved 1048576K
}
Event: 8232.314 GC heap before
{Heap before GC invocations=4384 (full 4):
 PSYoungGen      total 2048K, used 1855K [0x00000000d5580000, 0x00000000d5900000, 0x0000000100000000)
  eden space 1536K, 99% used [0x00000000d5580000,0x00000000d56fffd8,0x00000000d5700000)
  from space 512K, 62% used [0x00000000d5880000,0x00000000d58d0000,0x00000000d5900000)
  to   space 512K, 0% used [0x00000000d5800000,0x00000000d5800000,0x00000000d5880000)
 ParOldGen       total 929792K, used 929317K [0x0000000080000000, 0x00000000b8c00000, 0x00000000d5580000)
  object space 929792K, 99% used [0x0000000080000000,0x00000000b8b89560,0x00000000b8c00000)
 Metaspace       used 94895K, committed 96960K, reserved 1179648K
  class space    used 12056K, committed 12928K, reserved 1048576K
}
Event: 8232.316 GC heap after
{Heap after GC invocations=4384 (full 4):
 PSYoungGen      total 2048K, used 320K [0x00000000d5580000, 0x00000000d5900000, 0x0000000100000000)
  eden space 1536K, 0% used [0x00000000d5580000,0x00000000d5580000,0x00000000d5700000)
  from space 512K, 62% used [0x00000000d5800000,0x00000000d5850000,0x00000000d5880000)
  to   space 512K, 0% used [0x00000000d5880000,0x00000000d5880000,0x00000000d5900000)
 ParOldGen       total 929792K, used 929389K [0x0000000080000000, 0x00000000b8c00000, 0x00000000d5580000)
  object space 929792K, 99% used [0x0000000080000000,0x00000000b8b9b560,0x00000000b8c00000)
 Metaspace       used 94895K, committed 96960K, reserved 1179648K
  class space    used 12056K, committed 12928K, reserved 1048576K
}

Dll operation events (17 events):
Event: 0.061 Loaded shared library c:\Users\shres\.antigravity\extensions\redhat.java-1.53.0-win32-x64\jre\21.0.10-win32-x86_64\bin\java.dll
Event: 0.246 Loaded shared library c:\Users\shres\.antigravity\extensions\redhat.java-1.53.0-win32-x64\jre\21.0.10-win32-x86_64\bin\zip.dll
Event: 0.282 Loaded shared library C:\Users\shres\.antigravity\extensions\redhat.java-1.53.0-win32-x64\jre\21.0.10-win32-x86_64\bin\instrument.dll
Event: 0.289 Loaded shared library C:\Users\shres\.antigravity\extensions\redhat.java-1.53.0-win32-x64\jre\21.0.10-win32-x86_64\bin\net.dll
Event: 0.292 Loaded shared library C:\Users\shres\.antigravity\extensions\redhat.java-1.53.0-win32-x64\jre\21.0.10-win32-x86_64\bin\nio.dll
Event: 0.297 Loaded shared library C:\Users\shres\.antigravity\extensions\redhat.java-1.53.0-win32-x64\jre\21.0.10-win32-x86_64\bin\zip.dll
Event: 0.324 Loaded shared library C:\Users\shres\.antigravity\extensions\redhat.java-1.53.0-win32-x64\jre\21.0.10-win32-x86_64\bin\jimage.dll
Event: 0.452 Loaded shared library c:\Users\shres\.antigravity\extensions\redhat.java-1.53.0-win32-x64\jre\21.0.10-win32-x86_64\bin\verify.dll
Event: 1.881 Loaded shared library C:\Users\shres\AppData\Roaming\Antigravity\User\globalStorage\redhat.java\1.53.0\config_win\org.eclipse.equinox.launcher\org.eclipse.equinox.launcher.win32.win32.x86_64_1.3.0.v20260203-2149\eclipse_11919.dll
Event: 2.976 Loaded shared library C:\Users\shres\.antigravity\extensions\redhat.java-1.53.0-win32-x64\jre\21.0.10-win32-x86_64\bin\management.dll
Event: 2.979 Loaded shared library C:\Users\shres\.antigravity\extensions\redhat.java-1.53.0-win32-x64\jre\21.0.10-win32-x86_64\bin\management_ext.dll
Event: 4.071 Loaded shared library C:\Users\shres\AppData\Local\Temp\jna-109415979\jna6682033163773719528.dll
Event: 4.522 Loaded shared library C:\Users\shres\.antigravity\extensions\redhat.java-1.53.0-win32-x64\jre\21.0.10-win32-x86_64\bin\sunmscapi.dll
Event: 4.598 Loaded shared library C:\Users\shres\.antigravity\extensions\redhat.java-1.53.0-win32-x64\jre\21.0.10-win32-x86_64\bin\extnet.dll
Event: 8.029 Loaded shared library C:\Users\shres\.gradle\native\1def1411415f61bf3af743bc5b6707747c0891f09f0c88961ee8f79bc544acac\windows-amd64\native-platform.dll
Event: 8190.124 Loaded shared library C:\Users\shres\.gradle\native\c067742578af261105cb4f569cf0c3c89f3d7b1fecec35dd04571415982c5e48\windows-amd64\native-platform.dll
Event: 8222.827 Loaded shared library C:\Users\shres\.gradle\native\1def1411415f61bf3af743bc5b6707747c0891f09f0c88961ee8f79bc544acac\windows-amd64-min\native-platform.dll

Deoptimization events (20 events):
Event: 8215.018 Thread 0x0000029c191f8a30 DEOPT PACKING pc=0x0000029bbafa8439 sp=0x000000dcfd6fdff0
Event: 8215.018 Thread 0x0000029c191f8a30 DEOPT UNPACKING pc=0x0000029bc05d4242 sp=0x000000dcfd6fd4f0 mode 0
Event: 8217.119 Thread 0x0000029c191f8a30 DEOPT PACKING pc=0x0000029bbafa8439 sp=0x000000dcfd6fe080
Event: 8217.119 Thread 0x0000029c191f8a30 DEOPT UNPACKING pc=0x0000029bc05d4242 sp=0x000000dcfd6fd580 mode 0
Event: 8218.520 Thread 0x0000029c191f8a30 DEOPT PACKING pc=0x0000029bbafa8439 sp=0x000000dcfd6fdff0
Event: 8218.520 Thread 0x0000029c191f8a30 DEOPT UNPACKING pc=0x0000029bc05d4242 sp=0x000000dcfd6fd4f0 mode 0
Event: 8218.801 Thread 0x0000029c191f8a30 Uncommon trap: trap_request=0x00000091 fr.pc=0x0000029bc0e6b5c4 relative=0x00000000000001e4
Event: 8218.801 Thread 0x0000029c191f8a30 Uncommon trap: reason=unloaded action=reinterpret pc=0x0000029bc0e6b5c4 method=java.security.AccessController.wrapException(Ljava/lang/Exception;)Ljava/security/PrivilegedActionException; @ 0 c2
Event: 8218.801 Thread 0x0000029c191f8a30 DEOPT PACKING pc=0x0000029bc0e6b5c4 sp=0x000000dcfd6fe340
Event: 8218.801 Thread 0x0000029c191f8a30 DEOPT UNPACKING pc=0x0000029bc05d3aa2 sp=0x000000dcfd6fe200 mode 2
Event: 8232.105 Thread 0x0000029c191f90c0 DEOPT PACKING pc=0x0000029bb9c44748 sp=0x000000dcfd0feba0
Event: 8232.105 Thread 0x0000029c191f90c0 DEOPT UNPACKING pc=0x0000029bc05d4242 sp=0x000000dcfd0fe048 mode 0
Event: 8232.125 Thread 0x0000029c191f90c0 Uncommon trap: trap_request=0xffffff45 fr.pc=0x0000029bc1e2e094 relative=0x00000000000001b4
Event: 8232.125 Thread 0x0000029c191f90c0 Uncommon trap: reason=unstable_if action=reinterpret pc=0x0000029bc1e2e094 method=org.gradle.internal.io.StreamByteBuffer.prepareRead()I @ 4 c2
Event: 8232.125 Thread 0x0000029c191f90c0 DEOPT PACKING pc=0x0000029bc1e2e094 sp=0x000000dcfd0fee60
Event: 8232.125 Thread 0x0000029c191f90c0 DEOPT UNPACKING pc=0x0000029bc05d3aa2 sp=0x000000dcfd0fedf8 mode 2
Event: 8232.125 Thread 0x0000029c191f8a30 Uncommon trap: trap_request=0xffffffde fr.pc=0x0000029bc180d69c relative=0x000000000000033c
Event: 8232.125 Thread 0x0000029c191f8a30 Uncommon trap: reason=class_check action=maybe_recompile pc=0x0000029bc180d69c method=java.util.regex.Pattern$Branch.study(Ljava/util/regex/Pattern$TreeInfo;)Z @ 57 c2
Event: 8232.125 Thread 0x0000029c191f8a30 DEOPT PACKING pc=0x0000029bc180d69c sp=0x000000dcfd6fe5a0
Event: 8232.125 Thread 0x0000029c191f8a30 DEOPT UNPACKING pc=0x0000029bc05d3aa2 sp=0x000000dcfd6fe518 mode 2

Classes loaded (20 events):
Event: 8132.037 Loading class java/util/EnumMap$EnumMapIterator done
Event: 8132.037 Loading class java/util/EnumMap$EntryIterator done
Event: 8132.037 Loading class java/util/EnumMap$EntryIterator$Entry
Event: 8132.037 Loading class java/util/EnumMap$EntryIterator$Entry done
Event: 8132.124 Loading class java/lang/ProcessBuilder$NullInputStream
Event: 8132.125 Loading class java/lang/ProcessBuilder$NullInputStream done
Event: 8132.126 Loading class java/util/Scanner
Event: 8132.128 Loading class java/util/Scanner done
Event: 8132.130 Loading class java/util/Scanner$PatternLRUCache
Event: 8132.131 Loading class java/util/Scanner$PatternLRUCache done
Event: 8134.194 Loading class java/util/regex/Matcher$ImmutableMatchResult
Event: 8134.194 Loading class java/util/regex/Matcher$ImmutableMatchResult done
Event: 8199.038 Loading class java/nio/file/AtomicMoveNotSupportedException
Event: 8199.038 Loading class java/nio/file/AtomicMoveNotSupportedException done
Event: 8214.200 Loading class java/lang/Throwable$PrintStreamOrWriter
Event: 8214.200 Loading class java/lang/Throwable$PrintStreamOrWriter done
Event: 8214.301 Loading class sun/misc/SharedSecrets
Event: 8214.301 Loading class sun/misc/SharedSecrets done
Event: 8214.301 Loading class java/lang/Throwable$WrappedPrintWriter
Event: 8214.301 Loading class java/lang/Throwable$WrappedPrintWriter done

Classes unloaded (7 events):
Event: 3.489 Thread 0x0000029bb5f0eb20 Unloading class 0x0000029bce1a5000 'java/lang/invoke/LambdaForm$MH+0x0000029bce1a5000'
Event: 3.489 Thread 0x0000029bb5f0eb20 Unloading class 0x0000029bce1a4c00 'java/lang/invoke/LambdaForm$MH+0x0000029bce1a4c00'
Event: 3.489 Thread 0x0000029bb5f0eb20 Unloading class 0x0000029bce1a4800 'java/lang/invoke/LambdaForm$MH+0x0000029bce1a4800'
Event: 3.489 Thread 0x0000029bb5f0eb20 Unloading class 0x0000029bce1a4400 'java/lang/invoke/LambdaForm$MH+0x0000029bce1a4400'
Event: 3.489 Thread 0x0000029bb5f0eb20 Unloading class 0x0000029bce1a4000 'java/lang/invoke/LambdaForm$BMH+0x0000029bce1a4000'
Event: 3.489 Thread 0x0000029bb5f0eb20 Unloading class 0x0000029bce1a3c00 'java/lang/invoke/LambdaForm$DMH+0x0000029bce1a3c00'
Event: 3.489 Thread 0x0000029bb5f0eb20 Unloading class 0x0000029bce1a2800 'java/lang/invoke/LambdaForm$DMH+0x0000029bce1a2800'

Classes redefined (0 events):
No events

Internal exceptions (20 events):
Event: 8214.269 Thread 0x0000029c140b6850 Exception <a 'sun/nio/fs/WindowsException'{0x00000000d5714148}> (0x00000000d5714148) 
thrown [s\src\hotspot\share\prims\jni.cpp, line 520]
Event: 8214.269 Thread 0x0000029c140b6850 Exception <a 'sun/nio/fs/WindowsException'{0x00000000d5714b40}> (0x00000000d5714b40) 
thrown [s\src\hotspot\share\prims\jni.cpp, line 520]
Event: 8214.270 Thread 0x0000029c140b6850 Exception <a 'sun/nio/fs/WindowsException'{0x00000000d573efe8}> (0x00000000d573efe8) 
thrown [s\src\hotspot\share\prims\jni.cpp, line 520]
Event: 8214.270 Thread 0x0000029c140b6850 Exception <a 'sun/nio/fs/WindowsException'{0x00000000d573f778}> (0x00000000d573f778) 
thrown [s\src\hotspot\share\prims\jni.cpp, line 520]
Event: 8214.270 Thread 0x0000029c140b6850 Exception <a 'sun/nio/fs/WindowsException'{0x00000000d5740b80}> (0x00000000d5740b80) 
thrown [s\src\hotspot\share\prims\jni.cpp, line 520]
Event: 8214.270 Thread 0x0000029c140b6850 Exception <a 'sun/nio/fs/WindowsException'{0x00000000d5741310}> (0x00000000d5741310) 
thrown [s\src\hotspot\share\prims\jni.cpp, line 520]
Event: 8214.270 Thread 0x0000029c140b6850 Exception <a 'sun/nio/fs/WindowsException'{0x00000000d57428f0}> (0x00000000d57428f0) 
thrown [s\src\hotspot\share\prims\jni.cpp, line 520]
Event: 8214.270 Thread 0x0000029c140b6850 Exception <a 'sun/nio/fs/WindowsException'{0x00000000d5743080}> (0x00000000d5743080) 
thrown [s\src\hotspot\share\prims\jni.cpp, line 520]
Event: 8214.271 Thread 0x0000029c140b6850 Exception <a 'sun/nio/fs/WindowsException'{0x00000000d5745f70}> (0x00000000d5745f70) 
thrown [s\src\hotspot\share\prims\jni.cpp, line 520]
Event: 8214.271 Thread 0x0000029c140b6850 Exception <a 'sun/nio/fs/WindowsException'{0x00000000d5746700}> (0x00000000d5746700) 
thrown [s\src\hotspot\share\prims\jni.cpp, line 520]
Event: 8214.271 Thread 0x0000029c140b6850 Exception <a 'sun/nio/fs/WindowsException'{0x00000000d5747d88}> (0x00000000d5747d88) 
thrown [s\src\hotspot\share\prims\jni.cpp, line 520]
Event: 8214.271 Thread 0x0000029c140b6850 Exception <a 'sun/nio/fs/WindowsException'{0x00000000d5748780}> (0x00000000d5748780) 
thrown [s\src\hotspot\share\prims\jni.cpp, line 520]
Event: 8214.301 Thread 0x0000029c1526f390 Exception <a 'java/lang/ClassNotFoundException'{0x00000000d55ba580}: sun/misc/SharedSecrets> (0x00000000d55ba580) 
thrown [s\src\hotspot\share\classfile\systemDictionary.cpp, line 312]
Event: 8214.304 Thread 0x0000029c1526f390 Exception <a 'java/lang/NoSuchMethodError'{0x00000000d55ff6a0}: 'void java.lang.invoke.DirectMethodHandle$Holder.invokeStatic(java.lang.Object, int, java.lang.Object)'> (0x00000000d55ff6a0) 
thrown [s\src\hotspot\share\interpreter\linkResolver.cpp, line 773]
Event: 8214.306 Thread 0x0000029c1526f390 Exception <a 'java/lang/NoSuchMethodError'{0x00000000d5628018}: 'void java.lang.invoke.DirectMethodHandle$Holder.invokeSpecialIFC(java.lang.Object, java.lang.Object, java.lang.Object, java.lang.Object)'> (0x00000000d5628018) 
thrown [s\src\hotspot\share\interpreter\linkResolver.cpp, line 773]
Event: 8232.026 Thread 0x0000029c191f8a30 Exception <a 'java/lang/NoSuchMethodError'{0x00000000d56234c0}: 'java.lang.Object java.lang.invoke.DirectMethodHandle$Holder.invokeVirtual(java.lang.Object, java.lang.Object, java.lang.Object, java.lang.Object, java.lang.Object, java.lang.Object, java.lang.Object, java.lang.Object, java.lang.Object, java.lang.Object, java.lang.Object, java.lang.Object)'> (0x00000000d56234c0) 
thrown [s\src\hotspot\share\interpreter\linkResolver.cpp, line 773]
Event: 8232.026 Thread 0x0000029c191f8a30 Exception <a 'java/lang/NoSuchMethodError'{0x00000000d5628790}: 'java.lang.Object java.lang.invoke.DirectMethodHandle$Holder.invokeSpecial(java.lang.Object, java.lang.Object, java.lang.Object, java.lang.Object, java.lang.Object, java.lang.Object, java.lang.Object, java.lang.Object, java.lang.Object, java.lang.Object, java.lang.Object, java.lang.Object, java.lang.Object)'> (0x00000000d5628790) 
thrown [s\src\hotspot\share\interpreter\linkResolver.cpp, line 773]
Event: 8232.125 Thread 0x0000029c191f90c0 Implicit null exception at 0x0000029bc1e2df21 to 0x0000029bc1e2e084
Event: 8234.223 Thread 0x0000029c191f90c0 StackOverflowError at 0x0000029bc0d92960
Event: 8234.233 Thread 0x0000029c191f90c0 Exception <a 'java/lang/StackOverflowError'{0x00000000d560f8a0}> (0x00000000d560f8a0) 
thrown [s\src\hotspot\share\runtime\sharedRuntime.cpp, line 625]

ZGC Phase Switch (0 events):
No events

VM Operations (20 events):
Event: 8231.970 Executing safepoint VM operation: ParallelGCFailedAllocation (Allocation Failure)
Event: 8231.976 Executing safepoint VM operation: ParallelGCFailedAllocation (Allocation Failure) done
Event: 8232.006 Executing safepoint VM operation: ParallelGCFailedAllocation (Allocation Failure)
Event: 8232.010 Executing safepoint VM operation: ParallelGCFailedAllocation (Allocation Failure) done
Event: 8232.042 Executing safepoint VM operation: ParallelGCFailedAllocation (Allocation Failure)
Event: 8232.055 Executing safepoint VM operation: ParallelGCFailedAllocation (Allocation Failure) done
Event: 8232.096 Executing safepoint VM operation: ParallelGCFailedAllocation (Allocation Failure)
Event: 8232.101 Executing safepoint VM operation: ParallelGCFailedAllocation (Allocation Failure) done
Event: 8232.115 Executing safepoint VM operation: ParallelGCFailedAllocation (Allocation Failure)
Event: 8232.119 Executing safepoint VM operation: ParallelGCFailedAllocation (Allocation Failure) done
Event: 8232.143 Executing safepoint VM operation: ParallelGCFailedAllocation (Allocation Failure)
Event: 8232.155 Executing safepoint VM operation: ParallelGCFailedAllocation (Allocation Failure) done
Event: 8232.181 Executing safepoint VM operation: ParallelGCFailedAllocation (Allocation Failure)
Event: 8232.200 Executing safepoint VM operation: ParallelGCFailedAllocation (Allocation Failure) done
Event: 8232.234 Executing safepoint VM operation: ParallelGCFailedAllocation (Allocation Failure)
Event: 8232.270 Executing safepoint VM operation: ParallelGCFailedAllocation (Allocation Failure) done
Event: 8232.311 Executing safepoint VM operation: ParallelGCFailedAllocation (Allocation Failure)
Event: 8232.316 Executing safepoint VM operation: ParallelGCFailedAllocation (Allocation Failure) done
Event: 8233.316 Executing safepoint VM operation: Cleanup
Event: 8233.316 Executing safepoint VM operation: Cleanup done

Memory protections (0 events):
No events

Nmethod flushes (20 events):
Event: 52.205 Thread 0x0000029bb5f0eb20 flushing  nmethod 0x0000029bb9d21710
Event: 52.205 Thread 0x0000029bb5f0eb20 flushing  nmethod 0x0000029bb9d2ab10
Event: 52.205 Thread 0x0000029bb5f0eb20 flushing  nmethod 0x0000029bb9d33e90
Event: 52.205 Thread 0x0000029bb5f0eb20 flushing  nmethod 0x0000029bb9d3ff10
Event: 52.205 Thread 0x0000029bb5f0eb20 flushing  nmethod 0x0000029bb9d44f10
Event: 52.205 Thread 0x0000029bb5f0eb20 flushing  nmethod 0x0000029bb9d4ba90
Event: 52.205 Thread 0x0000029bb5f0eb20 flushing  nmethod 0x0000029bb9d53210
Event: 52.205 Thread 0x0000029bb5f0eb20 flushing  nmethod 0x0000029bb9d53b90
Event: 52.205 Thread 0x0000029bb5f0eb20 flushing  nmethod 0x0000029bb9d5b410
Event: 52.205 Thread 0x0000029bb5f0eb20 flushing  nmethod 0x0000029bb9d65b10
Event: 52.205 Thread 0x0000029bb5f0eb20 flushing  nmethod 0x0000029bb9d67710
Event: 52.205 Thread 0x0000029bb5f0eb20 flushing  nmethod 0x0000029bb9d6f410
Event: 52.205 Thread 0x0000029bb5f0eb20 flushing  nmethod 0x0000029bb9d84710
Event: 52.205 Thread 0x0000029bb5f0eb20 flushing  nmethod 0x0000029bb9d88790
Event: 52.205 Thread 0x0000029bb5f0eb20 flushing  nmethod 0x0000029bb9d8a990
Event: 52.205 Thread 0x0000029bb5f0eb20 flushing  nmethod 0x0000029bb9d94b10
Event: 52.205 Thread 0x0000029bb5f0eb20 flushing  nmethod 0x0000029bb9daa190
Event: 52.205 Thread 0x0000029bb5f0eb20 flushing  nmethod 0x0000029bb9daa590
Event: 52.205 Thread 0x0000029bb5f0eb20 flushing  nmethod 0x0000029bb9daa910
Event: 52.205 Thread 0x0000029bb5f0eb20 flushing  nmethod 0x0000029bb9daad10

Events (20 events):
Event: 8214.274 Thread 0x0000029c191f90c0 Thread exited: 0x0000029c191f90c0
Event: 8214.274 Thread 0x0000029c191fb820 Thread exited: 0x0000029c191fb820
Event: 8214.274 Thread 0x0000029c191f8a30 Thread exited: 0x0000029c191f8a30
Event: 8214.329 Thread 0x0000029c140b8920 Thread added: 0x0000029c191f83a0
Event: 8214.332 Thread 0x0000029c140b8920 Thread added: 0x0000029c191f4f20
Event: 8214.332 Thread 0x0000029c140b8920 Thread added: 0x0000029c191f8a30
Event: 8214.350 Thread 0x0000029c191f8a30 Thread exited: 0x0000029c191f8a30
Event: 8214.351 Thread 0x0000029c140b8920 Thread added: 0x0000029c191fab00
Event: 8214.353 Thread 0x0000029c1526f390 Thread added: 0x0000029c191fa470
Event: 8214.572 Thread 0x0000029c140b8920 Thread added: 0x0000029c191fb190
Event: 8214.573 Thread 0x0000029c140b8920 Thread added: 0x0000029c191fb820
Event: 8214.573 Thread 0x0000029c1526f390 Thread added: 0x0000029c191f8a30
Event: 8214.573 Thread 0x0000029c1451bd00 Thread exited: 0x0000029c1451bd00
Event: 8214.573 Thread 0x0000029c1451b630 Thread exited: 0x0000029c1451b630
Event: 8214.580 Thread 0x0000029c191fb820 Thread exited: 0x0000029c191fb820
Event: 8214.580 Thread 0x0000029c140b8920 Thread added: 0x0000029c191fb820
Event: 8214.581 Thread 0x0000029c140b8920 Thread added: 0x0000029c191f90c0
Event: 8232.160 Thread 0x0000029c191f90c0 Thread added: 0x0000029c140b9cd0
Event: 8232.310 Thread 0x0000029c191f8a30 Thread exited: 0x0000029c191f8a30
Event: 8232.318 Thread 0x0000029c1526f390 Thread added: 0x0000029c140bde70


Dynamic libraries:
0x00007ff65fd90000 - 0x00007ff65fd9e000 	c:\Users\shres\.antigravity\extensions\redhat.java-1.53.0-win32-x64\jre\21.0.10-win32-x86_64\bin\java.exe
0x00007ffb7d880000 - 0x00007ffb7dae7000 	C:\WINDOWS\SYSTEM32\ntdll.dll
0x00007ffb7c690000 - 0x00007ffb7c759000 	C:\WINDOWS\System32\KERNEL32.DLL
0x00007ffb7a590000 - 0x00007ffb7a981000 	C:\WINDOWS\System32\KERNELBASE.dll
0x00007ffb7b4d0000 - 0x00007ffb7b61b000 	C:\WINDOWS\System32\ucrtbase.dll
0x00007ffb5e340000 - 0x00007ffb5e358000 	c:\Users\shres\.antigravity\extensions\redhat.java-1.53.0-win32-x64\jre\21.0.10-win32-x86_64\bin\jli.dll
0x00007ffb7bd10000 - 0x00007ffb7bed5000 	C:\WINDOWS\System32\USER32.dll
0x00007ffb7ab70000 - 0x00007ffb7ab97000 	C:\WINDOWS\System32\win32u.dll
0x00007ffb7cdb0000 - 0x00007ffb7cddb000 	C:\WINDOWS\System32\GDI32.dll
0x00007ffb7a990000 - 0x00007ffb7aabb000 	C:\WINDOWS\System32\gdi32full.dll
0x00007ffb7a160000 - 0x00007ffb7a203000 	C:\WINDOWS\System32\msvcp_win.dll
0x00007ffb5ce90000 - 0x00007ffb5ceae000 	c:\Users\shres\.antigravity\extensions\redhat.java-1.53.0-win32-x64\jre\21.0.10-win32-x86_64\bin\VCRUNTIME140.dll
0x00007ffb5fc50000 - 0x00007ffb5fee3000 	C:\WINDOWS\WinSxS\amd64_microsoft.windows.common-controls_6595b64144ccf1df_6.0.26100.8037_none_3e092faae333b53b\COMCTL32.dll
0x00007ffb7d010000 - 0x00007ffb7d0b9000 	C:\WINDOWS\System32\msvcrt.dll
0x00007ffb7b620000 - 0x00007ffb7b651000 	C:\WINDOWS\System32\IMM32.DLL
0x00007ffb5e220000 - 0x00007ffb5e22c000 	c:\Users\shres\.antigravity\extensions\redhat.java-1.53.0-win32-x64\jre\21.0.10-win32-x86_64\bin\vcruntime140_1.dll
0x00007ffb11040000 - 0x00007ffb110cd000 	c:\Users\shres\.antigravity\extensions\redhat.java-1.53.0-win32-x64\jre\21.0.10-win32-x86_64\bin\msvcp140.dll
0x00007ffadd920000 - 0x00007ffade6c1000 	c:\Users\shres\.antigravity\extensions\redhat.java-1.53.0-win32-x64\jre\21.0.10-win32-x86_64\bin\server\jvm.dll
0x00007ffb7bb00000 - 0x00007ffb7bbbb000 	C:\WINDOWS\System32\ADVAPI32.dll
0x00007ffb7b660000 - 0x00007ffb7b707000 	C:\WINDOWS\System32\sechost.dll
0x00007ffb7bbc0000 - 0x00007ffb7bcd8000 	C:\WINDOWS\System32\RPCRT4.dll
0x00007ffb7bfe0000 - 0x00007ffb7c054000 	C:\WINDOWS\System32\WS2_32.dll
0x00007ffb6be30000 - 0x00007ffb6be65000 	C:\WINDOWS\SYSTEM32\WINMM.dll
0x00007ffb717a0000 - 0x00007ffb717ab000 	C:\WINDOWS\SYSTEM32\VERSION.dll
0x00007ffb79fc0000 - 0x00007ffb7a01e000 	C:\WINDOWS\SYSTEM32\POWRPROF.dll
0x00007ffb79fa0000 - 0x00007ffb79fb4000 	C:\WINDOWS\SYSTEM32\UMPDC.dll
0x00007ffb78ec0000 - 0x00007ffb78edb000 	C:\WINDOWS\SYSTEM32\kernel.appcore.dll
0x00007ffb5e0c0000 - 0x00007ffb5e0ca000 	c:\Users\shres\.antigravity\extensions\redhat.java-1.53.0-win32-x64\jre\21.0.10-win32-x86_64\bin\jimage.dll
0x00007ffb78020000 - 0x00007ffb78262000 	C:\WINDOWS\SYSTEM32\DBGHELP.DLL
0x00007ffb7b770000 - 0x00007ffb7baf2000 	C:\WINDOWS\System32\combase.dll
0x00007ffb7c120000 - 0x00007ffb7c1f7000 	C:\WINDOWS\System32\OLEAUT32.dll
0x00007ffb56630000 - 0x00007ffb5666b000 	C:\WINDOWS\SYSTEM32\dbgcore.DLL
0x00007ffb7aac0000 - 0x00007ffb7ab65000 	C:\WINDOWS\System32\bcryptPrimitives.dll
0x00007ffb5de10000 - 0x00007ffb5de1f000 	c:\Users\shres\.antigravity\extensions\redhat.java-1.53.0-win32-x64\jre\21.0.10-win32-x86_64\bin\instrument.dll
0x00007ffb5c530000 - 0x00007ffb5c550000 	c:\Users\shres\.antigravity\extensions\redhat.java-1.53.0-win32-x64\jre\21.0.10-win32-x86_64\bin\java.dll
0x00007ffb7d0c0000 - 0x00007ffb7d81f000 	C:\WINDOWS\System32\SHELL32.dll
0x00007ffb7a2a0000 - 0x00007ffb7a40a000 	C:\WINDOWS\System32\wintypes.dll
0x00007ffb7aba0000 - 0x00007ffb7b404000 	C:\WINDOWS\System32\windows.storage.dll
0x00007ffb7c8e0000 - 0x00007ffb7c9d7000 	C:\WINDOWS\System32\SHCORE.dll
0x00007ffb7bf70000 - 0x00007ffb7bfd7000 	C:\WINDOWS\System32\shlwapi.dll
0x00007ffb7a080000 - 0x00007ffb7a0a9000 	C:\WINDOWS\SYSTEM32\profapi.dll
0x00007ffb5c440000 - 0x00007ffb5c458000 	c:\Users\shres\.antigravity\extensions\redhat.java-1.53.0-win32-x64\jre\21.0.10-win32-x86_64\bin\zip.dll
0x00007ffb5de50000 - 0x00007ffb5de60000 	C:\Users\shres\.antigravity\extensions\redhat.java-1.53.0-win32-x64\jre\21.0.10-win32-x86_64\bin\net.dll
0x00007ffb71880000 - 0x00007ffb719a7000 	C:\WINDOWS\SYSTEM32\WINHTTP.dll
0x00007ffb79440000 - 0x00007ffb794ab000 	C:\WINDOWS\system32\mswsock.dll
0x00007ffb5c3d0000 - 0x00007ffb5c3e6000 	C:\Users\shres\.antigravity\extensions\redhat.java-1.53.0-win32-x64\jre\21.0.10-win32-x86_64\bin\nio.dll
0x00007ffb5c490000 - 0x00007ffb5c4a0000 	c:\Users\shres\.antigravity\extensions\redhat.java-1.53.0-win32-x64\jre\21.0.10-win32-x86_64\bin\verify.dll
0x00007ffb5acb0000 - 0x00007ffb5acf5000 	C:\Users\shres\AppData\Roaming\Antigravity\User\globalStorage\redhat.java\1.53.0\config_win\org.eclipse.equinox.launcher\org.eclipse.equinox.launcher.win32.win32.x86_64_1.3.0.v20260203-2149\eclipse_11919.dll
0x00007ffb7c9e0000 - 0x00007ffb7cb75000 	C:\WINDOWS\System32\ole32.dll
0x00007ffb5dbf0000 - 0x00007ffb5dbfa000 	C:\Users\shres\.antigravity\extensions\redhat.java-1.53.0-win32-x64\jre\21.0.10-win32-x86_64\bin\management.dll
0x00007ffb5ce80000 - 0x00007ffb5ce8c000 	C:\Users\shres\.antigravity\extensions\redhat.java-1.53.0-win32-x64\jre\21.0.10-win32-x86_64\bin\management_ext.dll
0x00007ffb7c110000 - 0x00007ffb7c118000 	C:\WINDOWS\System32\PSAPI.DLL
0x00007ffb79740000 - 0x00007ffb7975b000 	C:\WINDOWS\SYSTEM32\CRYPTSP.dll
0x00007ffb78e20000 - 0x00007ffb78e59000 	C:\WINDOWS\system32\rsaenh.dll
0x00007ffb79510000 - 0x00007ffb79542000 	C:\WINDOWS\SYSTEM32\USERENV.dll
0x00007ffb7a050000 - 0x00007ffb7a07a000 	C:\WINDOWS\SYSTEM32\bcrypt.dll
0x00007ffb79760000 - 0x00007ffb7976c000 	C:\WINDOWS\SYSTEM32\CRYPTBASE.dll
0x00007ffb788a0000 - 0x00007ffb788d3000 	C:\WINDOWS\SYSTEM32\IPHLPAPI.DLL
0x00007ffb7d830000 - 0x00007ffb7d83a000 	C:\WINDOWS\System32\NSI.dll
0x00007ffb3fa70000 - 0x00007ffb3fab9000 	C:\Users\shres\AppData\Local\Temp\jna-109415979\jna6682033163773719528.dll
0x00007ffb71780000 - 0x00007ffb7179d000 	C:\WINDOWS\SYSTEM32\dhcpcsvc6.DLL
0x00007ffb71750000 - 0x00007ffb71773000 	C:\WINDOWS\SYSTEM32\dhcpcsvc.DLL
0x00007ffb5b220000 - 0x00007ffb5b22e000 	C:\Users\shres\.antigravity\extensions\redhat.java-1.53.0-win32-x64\jre\21.0.10-win32-x86_64\bin\sunmscapi.dll
0x00007ffb7a410000 - 0x00007ffb7a587000 	C:\WINDOWS\System32\CRYPT32.dll
0x00007ffb79960000 - 0x00007ffb79990000 	C:\WINDOWS\SYSTEM32\ncrypt.dll
0x00007ffb79910000 - 0x00007ffb7994f000 	C:\WINDOWS\SYSTEM32\NTASN1.dll
0x00007ffb78930000 - 0x00007ffb78a5a000 	C:\WINDOWS\SYSTEM32\DNSAPI.dll
0x00007ffb73000000 - 0x00007ffb7300b000 	C:\Windows\System32\rasadhlp.dll
0x00007ffb70600000 - 0x00007ffb70686000 	C:\WINDOWS\System32\fwpuclnt.dll
0x00007ffb5af50000 - 0x00007ffb5af59000 	C:\Users\shres\.antigravity\extensions\redhat.java-1.53.0-win32-x64\jre\21.0.10-win32-x86_64\bin\extnet.dll
0x00007ffb70740000 - 0x00007ffb70767000 	C:\Users\shres\.gradle\native\1def1411415f61bf3af743bc5b6707747c0891f09f0c88961ee8f79bc544acac\windows-amd64\native-platform.dll
0x00007ffb55910000 - 0x00007ffb55918000 	C:\WINDOWS\system32\wshunix.dll
0x00007ffb5e2d0000 - 0x00007ffb5e2f7000 	C:\Users\shres\.gradle\native\c067742578af261105cb4f569cf0c3c89f3d7b1fecec35dd04571415982c5e48\windows-amd64\native-platform.dll
0x00007ffb5e170000 - 0x00007ffb5e197000 	C:\Users\shres\.gradle\native\1def1411415f61bf3af743bc5b6707747c0891f09f0c88961ee8f79bc544acac\windows-amd64-min\native-platform.dll

JVMTI agents:
c:\Users\shres\.antigravity\extensions\redhat.java-1.53.0-win32-x64\lombok\lombok-1.18.39-4050.jar path:c:\Users\shres\.antigravity\extensions\redhat.java-1.53.0-win32-x64\jre\21.0.10-win32-x86_64\bin\instrument.dll, loaded, initialized, instrumentlib options:none

dbghelp: loaded successfully - version: 4.0.5 - missing functions: none
symbol engine: initialized successfully - sym options: 0x614 - pdb path: .;c:\Users\shres\.antigravity\extensions\redhat.java-1.53.0-win32-x64\jre\21.0.10-win32-x86_64\bin;C:\WINDOWS\SYSTEM32;C:\WINDOWS\WinSxS\amd64_microsoft.windows.common-controls_6595b64144ccf1df_6.0.26100.8037_none_3e092faae333b53b;c:\Users\shres\.antigravity\extensions\redhat.java-1.53.0-win32-x64\jre\21.0.10-win32-x86_64\bin\server;C:\Users\shres\AppData\Roaming\Antigravity\User\globalStorage\redhat.java\1.53.0\config_win\org.eclipse.equinox.launcher\org.eclipse.equinox.launcher.win32.win32.x86_64_1.3.0.v20260203-2149;C:\Users\shres\AppData\Local\Temp\jna-109415979;C:\Users\shres\.gradle\native\1def1411415f61bf3af743bc5b6707747c0891f09f0c88961ee8f79bc544acac\windows-amd64;C:\Users\shres\.gradle\native\c067742578af261105cb4f569cf0c3c89f3d7b1fecec35dd04571415982c5e48\windows-amd64;C:\Users\shres\.gradle\native\1def1411415f61bf3af743bc5b6707747c0891f09f0c88961ee8f79bc544acac\windows-amd64-min

VM Arguments:
jvm_args: --add-modules=ALL-SYSTEM --add-opens=java.base/java.util=ALL-UNNAMED --add-opens=java.base/java.lang=ALL-UNNAMED --add-opens=java.base/sun.nio.fs=ALL-UNNAMED -Declipse.application=org.eclipse.jdt.ls.core.id1 -Dosgi.bundles.defaultStartLevel=4 -Declipse.product=org.eclipse.jdt.ls.core.product -Djava.import.generatesMetadataFilesAtProjectRoot=false -DDetectVMInstallationsJob.disabled=true -Dfile.encoding=utf8 -XX:+UseParallelGC -XX:GCTimeRatio=4 -XX:AdaptiveSizePolicyWeight=90 -Dsun.zip.disableMemoryMapping=true -Xmx2G -Xms100m -Xlog:disable -javaagent:c:\Users\shres\.antigravity\extensions\redhat.java-1.53.0-win32-x64\lombok\lombok-1.18.39-4050.jar -XX:+HeapDumpOnOutOfMemoryError -XX:HeapDumpPath=c:\Users\shres\AppData\Roaming\Antigravity\User\workspaceStorage\9ce8ab12b056dcae08e03aaf6f132075\redhat.java -Daether.dependencyCollector.impl=bf 
java_command: c:\Users\shres\.antigravity\extensions\redhat.java-1.53.0-win32-x64\server\plugins\org.eclipse.equinox.launcher_1.7.100.v20251111-0406.jar -configuration c:\Users\shres\AppData\Roaming\Antigravity\User\globalStorage\redhat.java\1.53.0\config_win -data c:\Users\shres\AppData\Roaming\Antigravity\User\workspaceStorage\9ce8ab12b056dcae08e03aaf6f132075\redhat.java\jdt_ws --pipe=\\.\pipe\lsp-82fc031f67509e60315fae0249a6e00e-sock
java_class_path (initial): c:\Users\shres\.antigravity\extensions\redhat.java-1.53.0-win32-x64\server\plugins\org.eclipse.equinox.launcher_1.7.100.v20251111-0406.jar
Launcher Type: SUN_STANDARD

[Global flags]
    uintx AdaptiveSizePolicyWeight                 = 90                                        {product} {command line}
     intx CICompilerCount                          = 4                                         {product} {ergonomic}
    uintx GCTimeRatio                              = 4                                         {product} {command line}
     bool HeapDumpOnOutOfMemoryError               = true                                   {manageable} {command line}
    ccstr HeapDumpPath                             = c:\Users\shres\AppData\Roaming\Antigravity\User\workspaceStorage\9ce8ab12b056dcae08e03aaf6f132075\redhat.java         {manageable} {command line}
   size_t InitialHeapSize                          = 104857600                                 {product} {command line}
   size_t MaxHeapSize                              = 2147483648                                {product} {command line}
   size_t MaxNewSize                               = 715653120                                 {product} {ergonomic}
   size_t MinHeapDeltaBytes                        = 524288                                    {product} {ergonomic}
   size_t MinHeapSize                              = 104857600                                 {product} {command line}
   size_t NewSize                                  = 34603008                                  {product} {ergonomic}
    uintx NonNMethodCodeHeapSize                   = 5839372                                {pd product} {ergonomic}
    uintx NonProfiledCodeHeapSize                  = 122909434                              {pd product} {ergonomic}
   size_t OldSize                                  = 70254592                                  {product} {ergonomic}
    uintx ProfiledCodeHeapSize                     = 122909434                              {pd product} {ergonomic}
    uintx ReservedCodeCacheSize                    = 251658240                              {pd product} {ergonomic}
     bool SegmentedCodeCache                       = true                                      {product} {ergonomic}
   size_t SoftMaxHeapSize                          = 2147483648                             {manageable} {ergonomic}
     bool UseCompressedOops                        = true                           {product lp64_product} {ergonomic}
     bool UseLargePagesIndividualAllocation        = false                                  {pd product} {ergonomic}
     bool UseParallelGC                            = true                                      {product} {command line}

Logging:
Log output configuration:
 #0: stdout all=off uptime,level,tags foldmultilines=false
 #1: stderr all=off uptime,level,tags foldmultilines=false

Release file:
JAVA_VERSION="21.0.10" 
MODULES="java.base java.compiler java.datatransfer java.xml java.prefs java.desktop java.instrument java.logging java.management java.security.sasl java.naming java.rmi java.management.rmi java.net.http java.scripting java.security.jgss java.transaction.xa java.sql java.sql.rowset java.xml.crypto java.se java.smartcardio jdk.accessibility jdk.internal.jvmstat jdk.attach jdk.charsets jdk.internal.opt jdk.zipfs jdk.compiler jdk.crypto.ec jdk.crypto.cryptoki jdk.crypto.mscapi jdk.dynalink jdk.internal.ed jdk.editpad jdk.hotspot.agent jdk.httpserver jdk.internal.le jdk.internal.vm.ci jdk.internal.vm.compiler jdk.internal.vm.compiler.management jdk.jartool jdk.javadoc jdk.jcmd jdk.management jdk.management.agent jdk.jconsole jdk.jdeps jdk.jdwp.agent jdk.jdi jdk.jfr jdk.jshell jdk.jsobject jdk.jstatd jdk.localedata jdk.management.jfr jdk.naming.dns jdk.naming.rmi jdk.net jdk.nio.mapmode jdk.random jdk.sctp jdk.security.auth jdk.security.jgss jdk.unsupported jdk.unsupported.desktop jdk.xml.dom" 

Environment Variables:
JAVA_HOME=C:\Program Files\Microsoft\jdk-17.0.18.8-hotspot\
PATH=C:\Program Files\Microsoft\jdk-17.0.18.8-hotspot\bin;c:\Users\shres\AppData\Local\Programs\cursor\resources\app\bin;C:\Program Files\Common Files\Oracle\Java\javapath;C:\Program Files (x86)\Common Files\Oracle\Java\javapath;C:\WINDOWS\system32;C:\WINDOWS;C:\WINDOWS\System32\Wbem;C:\WINDOWS\System32\WindowsPowerShell\v1.0\;C:\WINDOWS\System32\OpenSSH\;C:\Program Files (x86)\NVIDIA Corporation\PhysX\Common;C:\Users\shres\AppData\Local\Programs\Python\Python312\Scripts\;C:\Users\shres\AppData\Local\Programs\Python\Python312\;C:\Users\shres\AppData\Local\Programs\Python\Launcher\;C:\Users\shres\AppData\Local\Microsoft\WindowsApps;C:\adb;C:\Program Files\dotnet\;C:\WINDOWS\system32;C:\WINDOWS;C:\WINDOWS\System32\Wbem;C:\WINDOWS\System32\WindowsPowerShell\v1.0\;C:\WINDOWS\System32\OpenSSH\;C:\Program Files\NVIDIA Corporation\NVIDIA app\NvDLISR;C:\MinGW\bin;C:\Program Files\Git\cmd;C:\Program Files\Cloudflare\Cloudflare WARP\;C:\Program Files\nodejs\;C:\hadoop\bin;C:\Users\shres\AppData\Local\Programs\Python\Python312\Scripts\;C:\Users\shres\AppData\Local\Programs\Pyt;C:\Users\shres\AppData\Local\Programs\Python\Python312\Scripts\;C:\Users\shres\AppData\Local\Programs\Python\Python312\;C:\Users\shres\AppData\Local\Programs\Python\Launcher\;C:\Users\shres\AppData\Local\Microsoft\WindowsApps;C:\Users\shres\AppData\Local\Programs\Microsoft VS Code\bin;C:\Users\shres\.dotnet\tools;C:\Users\shres\AppData\Local\GitHubDesktop\bin;C:\Users\shres\AppData\Roaming\npm;C:\Users\shres\AppData\Local\Programs\cursor\resources\app\bin;C:\Users\shres\AppData\Local\Programs\Antigravity\bin
USERNAME=shres
OS=Windows_NT
PROCESSOR_IDENTIFIER=Intel64 Family 6 Model 158 Stepping 10, GenuineIntel
TMP=C:\Users\shres\AppData\Local\Temp
TEMP=C:\Users\shres\AppData\Local\Temp




Periodic native trim disabled

---------------  S Y S T E M  ---------------

OS:
 Windows 11 , 64 bit Build 26100 (10.0.26100.7920)
OS uptime: 0 days 11:55 hours
Hyper-V role detected

CPU: total 12 (initial active 12) (6 cores per cpu, 2 threads per core) family 6 model 158 stepping 10 microcode 0xde, cx8, cmov, fxsr, ht, mmx, 3dnowpref, sse, sse2, sse3, ssse3, sse4.1, sse4.2, popcnt, lzcnt, tsc, tscinvbit, avx, avx2, aes, erms, clmul, bmi1, bmi2, adx, fma, vzeroupper, clflush, clflushopt, hv, rdtscp, f16c
Processor Information for the first 12 processors :
  Max Mhz: 2208, Current Mhz: 2208, Mhz Limit: 2208

Memory: 4k page, system-wide physical 16303M (2053M free)
TotalPageFile size 21994M (AvailPageFile size 1644M)
current process WorkingSet (physical memory assigned to process): 437M, peak: 1812M
current process commit charge ("private bytes"): 1336M, peak: 1751M

vm_info: OpenJDK 64-Bit Server VM (21.0.10+7-LTS) for windows-amd64 JRE (21.0.10+7-LTS), built on 2026-01-20T00:00:00Z by "admin" with MS VC++ 17.12 (VS2022)

END.
