JvmtiExport can_access_local_variables 0
JvmtiExport can_hotswap_or_post_breakpoint 0
JvmtiExport can_post_on_exceptions 0
# 329 ciObject found
instanceKlass sun/nio/ch/IOUtil
ciInstanceKlass java/lang/Cloneable 1 0 7 100 1 100 1 1 1
instanceKlass org/apache/commons/compress/archivers/zip/ZipArchiveOutputStream$1
instanceKlass jdk/internal/misc/ScopedMemoryAccess$Scope$Handle
instanceKlass jdk/internal/math/FormattedFloatingDecimal$2
instanceKlass jdk/internal/math/FormattedFloatingDecimal
instanceKlass org/gradle/launcher/daemon/toolchain/DaemonJvmCriteria$Spec
instanceKlass org/gradle/internal/remote/internal/inet/SocketConnection$1
instanceKlass java/util/concurrent/ForkJoinTask$Aux
instanceKlass java/net/Proxy
instanceKlass java/net/UrlDeserializedState
instanceKlass java/util/Locale$1
instanceKlass java/util/IdentityHashMap$IdentityHashMapIterator
instanceKlass org/gradle/internal/work/DefaultWorkerLeaseService$1
instanceKlass org/gradle/cache/internal/VersionSpecificCacheCleanupAction$CleanupCondition
instanceKlass com/google/common/collect/AbstractMapBasedMultimap$KeySet$1
instanceKlass org/gradle/cache/internal/VersionSpecificCacheDirectory
instanceKlass org/apache/commons/io/filefilter/ConditionalFileFilter
instanceKlass org/apache/commons/io/filefilter/FileFilterUtils
instanceKlass org/gradle/cache/internal/DefaultCleanupProgressMonitor
instanceKlass org/gradle/cache/CleanupProgressMonitor
instanceKlass org/gradle/initialization/layout/ProjectCacheDir$1
instanceKlass org/gradle/cache/internal/VersionSpecificCacheCleanupAction
instanceKlass java/time/Instant$1
instanceKlass org/gradle/launcher/exec/BuildActionResult
instanceKlass org/gradle/internal/serialize/NestedExceptionPlaceholder
instanceKlass org/gradle/internal/serialize/ExceptionPlaceholder$2
instanceKlass org/gradle/internal/serialize/ExceptionPlaceholder$Java14NullPointerExceptionUsefulMessageSupport
instanceKlass org/gradle/internal/serialize/StackTraceElementPlaceholder
instanceKlass org/gradle/internal/serialize/ExceptionReplacingObjectOutputStream$2
instanceKlass org/gradle/internal/serialize/PlaceholderExceptionSupport
instanceKlass org/gradle/internal/serialize/ExceptionReplacingObjectOutputStream$1
instanceKlass org/gradle/tooling/internal/provider/serialization/WellKnownClassLoaderRegistry$1
instanceKlass org/gradle/tooling/internal/provider/serialization/DefaultPayloadClassLoaderRegistry$1
instanceKlass org/gradle/api/internal/cache/DefaultCacheConfigurations$MustBeConfiguredCleanupFrequency
instanceKlass org/gradle/api/internal/provider/ValueSupplier$UnknownProducer
instanceKlass org/gradle/api/internal/provider/ValueSupplier$NoProducer
instanceKlass org/gradle/api/internal/provider/ValueSupplier$ValueProducer
instanceKlass org/gradle/execution/DefaultCancellableOperationManager
instanceKlass org/gradle/util/internal/DisconnectableInputStream$1
instanceKlass org/gradle/util/internal/DisconnectableInputStream$ThreadExecuter
instanceKlass org/gradle/internal/resources/DefaultResourceLockCoordinationService$ReleaseLocks
instanceKlass java/util/concurrent/ConcurrentLinkedQueue$Itr
instanceKlass com/google/common/cache/LocalCache$HashIterator
instanceKlass org/gradle/internal/work/DefaultWorkerLeaseService$ConfiguredRegistries$1
instanceKlass org/gradle/internal/watch/vfs/impl/WatchingVirtualFileSystem$2$1
instanceKlass org/gradle/internal/watch/vfs/BuildFinishedFileSystemWatchingBuildOperationType$Result
instanceKlass org/gradle/internal/watch/vfs/impl/DefaultFileSystemWatchingStatistics$VirtualFileSystemStatistics
instanceKlass org/gradle/internal/watch/vfs/impl/DefaultFileSystemWatchingStatistics
instanceKlass org/gradle/internal/snapshot/SnapshotHierarchy$NodeDiffListener$1
instanceKlass org/gradle/internal/watch/registry/impl/WatchableHierarchies$InvalidatorVisitor
instanceKlass org/gradle/internal/watch/registry/impl/DefaultFileWatcherRegistry$2
instanceKlass org/gradle/internal/watch/vfs/BuildFinishedFileSystemWatchingBuildOperationType$Details$1
instanceKlass org/gradle/internal/watch/vfs/BuildFinishedFileSystemWatchingBuildOperationType$Details
instanceKlass org/gradle/internal/watch/vfs/impl/WatchingVirtualFileSystem$2
instanceKlass org/gradle/api/internal/tasks/execution/statistics/TaskExecutionStatistics
instanceKlass org/gradle/internal/buildevents/TaskExecutionStatisticsReporter
instanceKlass org/gradle/internal/logging/events/StyledTextOutputEvent$Span
instanceKlass org/gradle/internal/logging/events/operations/StyledTextBuildOperationProgressDetails$Span
instanceKlass org/gradle/internal/operations/logging/StyledTextBuildOperationProgressDetails$Span
instanceKlass org/gradle/internal/logging/text/AbstractStyledTextOutput$StyleOverrideTextOutput
instanceKlass org/gradle/internal/logging/text/BufferingStyledTextOutput$ChangeStyleAction
instanceKlass org/gradle/internal/exceptions/NonGradleCause
instanceKlass java/util/stream/DistinctOps
instanceKlass org/gradle/internal/buildevents/BuildExceptionReporter$ContextImpl
instanceKlass org/gradle/internal/logging/text/BufferingStyledTextOutput$1
instanceKlass org/gradle/internal/buildevents/BuildExceptionReporter$FailureDetails
instanceKlass org/gradle/tooling/internal/protocol/events/InternalProblemDescriptor
instanceKlass org/gradle/tooling/internal/protocol/problem/InternalProblemDetailsVersion2
instanceKlass org/gradle/tooling/internal/provider/runner/AggregatingProblemConsumer
instanceKlass org/gradle/problems/buildtree/ProblemReporter$ProblemConsumer
instanceKlass org/gradle/cache/internal/CompositeCleanupAction$ScopedCleanupAction
instanceKlass java/time/Clock
instanceKlass java/time/InstantSource
instanceKlass java/util/logging/LogRecord
instanceKlass org/codehaus/groovy/runtime/StackTraceUtils
instanceKlass org/gradle/internal/problems/DefaultProblemDiagnosticsFactory$DefaultProblemDiagnostics
instanceKlass org/gradle/internal/problems/failure/DefaultFailure
instanceKlass org/gradle/internal/problems/failure/DefaultFailureFactory$Job$1
instanceKlass org/gradle/internal/problems/failure/Failure
instanceKlass org/gradle/internal/problems/failure/DefaultFailureFactory$Job
instanceKlass org/gradle/internal/exceptions/Contextual
instanceKlass org/gradle/composite/internal/OperationFiringBuildTreeFinishExecutor$1
instanceKlass java/lang/StackTraceElement$HashedModules
instanceKlass java/lang/Throwable$PrintStreamOrWriter
instanceKlass org/gradle/internal/build/event/types/DefaultFailure
instanceKlass org/gradle/tooling/internal/protocol/InternalFailure
instanceKlass com/google/common/collect/TransformedIterator
instanceKlass org/gradle/launcher/daemon/server/DaemonRegistryUnavailableExpirationStrategy$1
instanceKlass org/gradle/launcher/daemon/registry/PersistentDaemonRegistry$1
instanceKlass org/gradle/launcher/daemon/server/CompatibleDaemonExpirationStrategy$1
instanceKlass org/gradle/launcher/daemon/server/health/gc/GarbageCollectionStats
instanceKlass java/util/concurrent/LinkedBlockingDeque$AbstractItr
instanceKlass jdk/internal/access/foreign/MemorySegmentProxy
instanceKlass org/objectweb/asm/TypePath
instanceKlass org/objectweb/asm/TypeReference
instanceKlass org/gradle/api/internal/runtimeshaded/ImplementationDependencyRelocator$ClassLiteralRemapping
instanceKlass org/apache/commons/compress/archivers/zip/ZipArchiveOutputStream$EntryMetaData
instanceKlass org/apache/commons/compress/archivers/zip/ZipArchiveOutputStream$CurrentEntry
instanceKlass org/apache/commons/compress/archivers/zip/ResourceAlignmentExtraField
instanceKlass org/apache/commons/compress/archivers/zip/PKWareExtraHeader
instanceKlass org/apache/commons/compress/archivers/zip/Zip64ExtendedInformationExtraField
instanceKlass org/apache/commons/compress/archivers/zip/JarMarker
instanceKlass org/apache/commons/compress/archivers/zip/X7875_NewUnix
instanceKlass org/apache/commons/compress/archivers/zip/AsiExtraField
instanceKlass org/apache/commons/compress/archivers/zip/UnixStat
instanceKlass org/apache/commons/compress/archivers/zip/ExtraFieldUtils
instanceKlass org/apache/commons/compress/archivers/zip/X000A_NTFS
instanceKlass org/apache/commons/compress/archivers/zip/ZipShort
instanceKlass org/apache/commons/compress/archivers/zip/X5455_ExtendedTimestamp
instanceKlass org/apache/commons/compress/archivers/zip/AbstractUnicodeExtraField
instanceKlass org/apache/commons/compress/archivers/zip/ZipUtil
instanceKlass org/gradle/api/internal/file/CopyActionProcessingStreamAction
instanceKlass org/gradle/api/internal/file/archive/ZipCopyAction
instanceKlass org/apache/commons/compress/archivers/zip/GeneralPurposeBit
instanceKlass org/apache/commons/compress/archivers/zip/ExtraFieldParsingBehavior
instanceKlass org/apache/commons/compress/archivers/zip/UnparseableExtraFieldBehavior
instanceKlass org/apache/commons/compress/archivers/EntryStreamOffsets
instanceKlass org/objectweb/asm/signature/SignatureReader
instanceKlass org/objectweb/asm/ConstantDynamic
instanceKlass org/gradle/api/internal/file/archive/impl/AbstractZipEntry$1
instanceKlass org/gradle/internal/classpath/ClasspathWalker$ZipClasspathEntry
instanceKlass com/google/common/collect/NullnessCasts
instanceKlass org/gradle/api/internal/file/archive/ZipEntry$IoFunction
instanceKlass org/gradle/api/internal/file/archive/impl/AbstractZipEntry
instanceKlass org/gradle/api/internal/file/archive/impl/FileZipInput
instanceKlass org/gradle/internal/progress/PercentageProgressFormatter
instanceKlass org/gradle/internal/progress/ProgressFormatter
instanceKlass org/gradle/internal/classpath/InPlaceClasspathBuilder$ZipEntryBuilder
instanceKlass org/apache/commons/compress/archivers/zip/StreamCompressor
instanceKlass java/util/zip/Deflater$DeflaterZStreamRef
instanceKlass java/util/zip/Deflater
instanceKlass org/apache/commons/compress/archivers/zip/ZipArchiveOutputStream$UnicodeExtraFieldPolicy
instanceKlass org/apache/commons/io/Charsets
instanceKlass org/apache/commons/compress/archivers/zip/NioZipEncoding
instanceKlass org/apache/commons/compress/archivers/zip/CharsetAccessor
instanceKlass org/apache/commons/compress/archivers/zip/ZipEncoding
instanceKlass org/apache/commons/compress/archivers/zip/ZipEncodingHelper
instanceKlass org/apache/commons/compress/utils/ByteUtils
instanceKlass org/apache/commons/compress/archivers/zip/ZipLong
instanceKlass org/apache/commons/compress/archivers/ArchiveEntry
instanceKlass org/apache/commons/compress/archivers/zip/ZipExtraField
instanceKlass org/gradle/internal/ErroringAction
instanceKlass org/objectweb/asm/signature/SignatureVisitor
instanceKlass org/objectweb/asm/commons/Remapper
instanceKlass org/gradle/api/internal/runtimeshaded/RuntimeShadedJarCreator
instanceKlass org/gradle/api/internal/runtimeshaded/RuntimeShadedJarFactory$1
instanceKlass org/gradle/cache/internal/DefaultGeneratedGradleJarCache$1
instanceKlass org/gradle/api/specs/NotSpec
instanceKlass org/gradle/api/internal/artifacts/CachingDependencyResolveContext
instanceKlass org/gradle/internal/component/local/model/OpaqueComponentIdentifier
instanceKlass org/gradle/api/artifacts/FileCollectionDependency
instanceKlass org/gradle/api/internal/artifacts/dependencies/SelfResolvingDependencyInternal
instanceKlass org/gradle/api/internal/notations/DependencyClassPathNotationConverter$GeneratedFileCollection
instanceKlass org/gradle/kotlin/dsl/provider/KotlinScriptClassPathProvider$compilationClassPathOf$1
instanceKlass org/gradle/kotlin/dsl/execution/Interpreter$WhenMappings
instanceKlass kotlin/UnsafeLazyImpl
instanceKlass kotlin/LazyKt__LazyJVMKt$WhenMappings
instanceKlass kotlin/collections/AbstractList$Companion
instanceKlass kotlin/collections/AbstractCollection
instanceKlass kotlin/enums/EnumEntries
instanceKlass kotlin/enums/EnumEntriesKt
instanceKlass org/gradle/kotlin/dsl/support/UnsafeLazyKt
instanceKlass org/gradle/kotlin/dsl/support/GradleExtensionsKt
instanceKlass org/gradle/kotlin/dsl/support/SettingsExtensionsKt
instanceKlass org/gradle/kotlin/dsl/execution/Interpreter$Host$WhenMappings
instanceKlass org/gradle/kotlin/dsl/execution/Interpreter$Host$DefaultImpls
instanceKlass org/gradle/kotlin/dsl/support/KotlinScriptHost
instanceKlass org/gradle/kotlin/dsl/execution/ProgramId
instanceKlass org/gradle/kotlin/dsl/execution/InterpreterKt
instanceKlass org/gradle/kotlin/dsl/execution/Interpreter$ProgramHost
instanceKlass org/gradle/kotlin/dsl/execution/ExecutableProgram$Host
instanceKlass org/gradle/kotlin/dsl/support/KotlinCompilerOptions
instanceKlass org/gradle/kotlin/dsl/support/KotlinCompilerOptionsKt
instanceKlass org/gradle/kotlin/dsl/provider/StandardKotlinScriptEvaluator$InterpreterHost
instanceKlass org/gradle/kotlin/dsl/execution/Interpreter$Host
instanceKlass org/gradle/kotlin/dsl/execution/Interpreter
instanceKlass org/gradle/kotlin/dsl/execution/EvalOptionKt
instanceKlass org/gradle/kotlin/dsl/provider/KotlinDslProviderModeKt
instanceKlass org/gradle/kotlin/dsl/provider/KotlinScriptPluginKt
instanceKlass kotlin/jvm/functions/Function1
instanceKlass org/gradle/kotlin/dsl/provider/KotlinScriptPlugin
instanceKlass org/gradle/kotlin/dsl/provider/StandardKotlinScriptEvaluator
instanceKlass org/gradle/kotlin/dsl/cache/KotlinDslWorkspaceProvider$subWorkspace$1
instanceKlass org/gradle/kotlin/dsl/normalization/CompileAvoidanceExceptionReporter
instanceKlass org/gradle/kotlin/dsl/normalization/KotlinApiClassExtractor$1
instanceKlass kotlin/collections/EmptySet
instanceKlass kotlin/jvm/internal/markers/KMappedMarker
instanceKlass org/gradle/groovy/scripts/internal/DefaultScriptSourceHasher
instanceKlass org/gradle/kotlin/dsl/provider/ClassLoaderClassPathCache
instanceKlass kotlin/UNINITIALIZED_VALUE
instanceKlass kotlin/SynchronizedLazyImpl
instanceKlass kotlin/Lazy
instanceKlass kotlin/LazyKt__LazyJVMKt
instanceKlass kotlin/jvm/internal/Lambda
instanceKlass kotlin/jvm/internal/FunctionBase
instanceKlass org/gradle/kotlin/dsl/provider/KotlinScriptClassPathProviderKt
instanceKlass org/gradle/api/artifacts/ClientModule
instanceKlass org/gradle/api/internal/notations/ClientModuleNotationParserFactory
instanceKlass org/gradle/internal/typeconversion/TypeFilteringNotationConverter
instanceKlass org/gradle/api/internal/file/collections/MinimalFileSet
instanceKlass org/gradle/api/internal/notations/DependencyClassPathNotationConverter
instanceKlass org/gradle/api/internal/notations/DependencyProjectNotationConverter
instanceKlass org/gradle/api/internal/notations/DependencyFilesNotationConverter
instanceKlass org/gradle/api/internal/artifacts/dependencies/MinimalExternalModuleDependencyInternal
instanceKlass org/gradle/api/artifacts/MinimalExternalModuleDependency
instanceKlass org/gradle/api/internal/notations/DependencyNotationParser$MinimalExternalDependencyNotationConverter
instanceKlass org/gradle/api/internal/artifacts/dependencies/AbstractDependency
instanceKlass org/gradle/api/internal/artifacts/ResolvableDependency
instanceKlass org/gradle/api/internal/notations/DependencyNotationParser
instanceKlass org/gradle/api/internal/artifacts/DefaultDependencyFactory
instanceKlass org/gradle/api/internal/notations/ProjectDependencyFactory
instanceKlass org/gradle/api/internal/DependencyClassPathProvider
instanceKlass org/gradle/kotlin/dsl/provider/KotlinScriptPluginFactory
instanceKlass org/gradle/api/internal/DefaultCollectionCallbackActionDecorator$BuildOperationEmittingAction
instanceKlass org/gradle/composite/internal/DefaultIncludedBuild$IncludedBuildImpl
instanceKlass java/util/stream/ReduceOps$2ReducingSink
instanceKlass org/gradle/plugin/use/resolve/internal/PluginResolutionResult$NotFound
instanceKlass org/gradle/plugin/use/resolve/internal/PluginResolutionResult
instanceKlass org/gradle/api/internal/plugins/DefaultPluginRegistry$PluginIdLookupCacheKey
instanceKlass org/gradle/api/internal/artifacts/dsl/ModuleVersionSelectorParsers$StringConverter
instanceKlass org/gradle/api/internal/artifacts/dsl/ModuleVersionSelectorParsers
instanceKlass org/gradle/plugin/management/internal/DefaultPluginResolveDetails
instanceKlass org/gradle/plugin/management/PluginResolveDetails
instanceKlass org/gradle/plugin/use/resolve/internal/AlreadyOnClasspathPluginResolver
instanceKlass org/gradle/plugin/use/resolve/internal/ArtifactRepositoriesPluginResolver
instanceKlass org/gradle/plugin/use/resolve/internal/CorePluginResolver
instanceKlass org/gradle/plugin/use/resolve/internal/PluginResolution
instanceKlass org/gradle/plugin/use/resolve/internal/NoopPluginResolver
instanceKlass org/gradle/plugin/use/resolve/internal/CompositePluginResolver
instanceKlass org/gradle/api/internal/plugins/ClassloaderBackedPluginDescriptorLocator
instanceKlass org/gradle/plugin/use/internal/DefaultPluginRequestApplicator$CollectingPluginRequestResolutionVisitor
instanceKlass org/gradle/api/internal/DefaultNamedDomainObjectCollection$ObjectBackedElementInfo
instanceKlass org/gradle/api/internal/DefaultNamedDomainObjectCollection$ElementInfo
instanceKlass org/gradle/api/internal/provider/Collectors$SingleElement
instanceKlass org/gradle/api/internal/provider/Collectors$TypedCollector
instanceKlass org/gradle/api/internal/provider/Collectors$ProvidedCollector
instanceKlass org/gradle/api/internal/artifacts/repositories/DefaultRepositoryContentDescriptor
instanceKlass org/gradle/api/artifacts/repositories/MavenRepositoryContentDescriptor
instanceKlass org/gradle/api/internal/artifacts/repositories/ArtifactResolutionDetails
instanceKlass org/gradle/internal/resolve/caching/ImplicitInputsCapturingInstantiator
instanceKlass org/gradle/api/internal/artifacts/repositories/AuthenticationSupporter
instanceKlass org/gradle/api/artifacts/repositories/PasswordCredentials
instanceKlass org/gradle/api/credentials/PasswordCredentials
instanceKlass org/gradle/api/credentials/Credentials
instanceKlass org/gradle/api/internal/artifacts/repositories/DefaultMavenArtifactRepository$MavenMetadataSources
instanceKlass org/gradle/api/internal/artifacts/repositories/DefaultUrlArtifactRepository
instanceKlass org/gradle/api/internal/artifacts/repositories/metadata/AbstractRepositoryMetadataSource
instanceKlass org/gradle/api/internal/artifacts/repositories/metadata/DefaultMavenPomMetadataSource$MavenMetadataValidator
instanceKlass org/gradle/api/internal/artifacts/repositories/maven/MavenMetadataLoader
instanceKlass org/gradle/api/internal/artifacts/repositories/resolver/ExternalResourceResolver
instanceKlass org/gradle/api/internal/artifacts/repositories/resolver/ExternalResourceArtifactResolver
instanceKlass org/gradle/api/internal/artifacts/repositories/metadata/ImmutableMetadataSources
instanceKlass org/gradle/api/internal/artifacts/repositories/metadata/MetadataSource
instanceKlass org/gradle/api/internal/artifacts/repositories/metadata/MetadataArtifactProvider
instanceKlass org/gradle/api/internal/artifacts/ivyservice/ivyresolve/ConfiguredModuleComponentRepository
instanceKlass org/gradle/api/artifacts/repositories/MavenArtifactRepository$MetadataSources
instanceKlass org/gradle/api/internal/artifacts/repositories/descriptor/RepositoryDescriptor
instanceKlass org/gradle/api/internal/artifacts/repositories/RepositoryContentDescriptorInternal
instanceKlass org/gradle/api/artifacts/repositories/RepositoryResourceAccessor
instanceKlass org/gradle/api/internal/DefaultPolymorphicDomainObjectContainer$2
instanceKlass org/gradle/api/internal/DefaultPolymorphicNamedEntityInstantiator
instanceKlass org/gradle/api/internal/PolymorphicNamedEntityInstantiator
instanceKlass org/gradle/model/internal/core/NamedEntityInstantiator
instanceKlass org/gradle/api/internal/artifacts/repositories/AbstractArtifactRepository
instanceKlass org/gradle/api/internal/artifacts/repositories/ContentFilteringRepository
instanceKlass org/gradle/api/internal/artifacts/repositories/ArtifactRepositoryInternal
instanceKlass org/gradle/internal/artifacts/repositories/AuthenticationSupportedInternal
instanceKlass org/gradle/api/internal/artifacts/repositories/ResolutionAwareRepository
instanceKlass org/gradle/api/internal/artifacts/repositories/DefaultBaseRepositoryFactory$NamedMavenRepositoryDescriber
instanceKlass org/gradle/api/internal/DefaultDomainObjectCollection$IteratorImpl
instanceKlass org/gradle/plugin/use/internal/DefaultPluginArtifactRepositories
instanceKlass org/gradle/api/internal/plugins/SoftwareTypeRegistrationPluginTarget
instanceKlass org/gradle/plugin/management/internal/SingletonPluginRequests
instanceKlass org/gradle/plugin/management/internal/DefaultPluginRequest
instanceKlass org/gradle/plugin/use/internal/DefaultPluginId
instanceKlass com/google/common/base/Platform$JdkPatternCompiler
instanceKlass com/google/common/base/PatternCompiler
instanceKlass com/google/common/base/Platform
instanceKlass com/google/common/base/Strings
instanceKlass org/gradle/plugin/use/internal/PluginRequestCollector$PluginDependencySpecImpl
instanceKlass org/gradle/plugin/use/PluginDependency
instanceKlass org/gradle/plugin/use/internal/PluginRequestCollector$PluginDependenciesSpecImpl
instanceKlass org/gradle/api/tasks/TaskReference
instanceKlass org/gradle/internal/composite/DefaultConfigurableIncludedPluginBuild
instanceKlass org/gradle/api/initialization/ConfigurableIncludedPluginBuild
instanceKlass org/gradle/plugin/use/PluginDependencySpec
instanceKlass org/gradle/plugin/management/internal/DefaultPluginManagementSpec$PluginDependenciesSpecImpl
instanceKlass org/gradle/plugin/use/PluginDependenciesSpec
instanceKlass org/gradle/plugin/management/internal/DefaultPluginManagementSpec
instanceKlass org/gradle/plugin/management/internal/PluginManagementSpecInternal
instanceKlass org/gradle/api/initialization/ConfigurableIncludedBuild
instanceKlass org/gradle/plugin/use/internal/PluginRequestCollector
instanceKlass org/gradle/api/internal/cache/CacheDirUtil
instanceKlass org/gradle/cache/CleanupFrequency$3
instanceKlass org/gradle/cache/CleanupFrequency$2
instanceKlass org/gradle/cache/CleanupFrequency$1
instanceKlass org/gradle/api/internal/cache/DefaultCleanup
instanceKlass org/gradle/api/internal/cache/CleanupInternal
instanceKlass it/unimi/dsi/fastutil/objects/ObjectListIterator
instanceKlass it/unimi/dsi/fastutil/objects/ObjectBidirectionalIterator
instanceKlass it/unimi/dsi/fastutil/BidirectionalIterator
instanceKlass it/unimi/dsi/fastutil/Stack
instanceKlass it/unimi/dsi/fastutil/objects/ReferenceList
instanceKlass it/unimi/dsi/fastutil/objects/ObjectSpliterator
instanceKlass it/unimi/dsi/fastutil/objects/ObjectIterator
instanceKlass it/unimi/dsi/fastutil/objects/ReferenceSet
instanceKlass it/unimi/dsi/fastutil/objects/ReferenceCollection
instanceKlass org/gradle/api/internal/provider/EvaluationContext$PerThreadContext
instanceKlass org/gradle/api/internal/provider/EvaluationContext$ScopeContext
instanceKlass org/gradle/api/internal/provider/EvaluationContext
instanceKlass org/gradle/internal/event/BroadcastDispatch$ActionInvocationHandler
instanceKlass java/util/BitSet$1BitSetSpliterator
instanceKlass org/gradle/vcs/VcsMappings
instanceKlass org/gradle/vcs/internal/services/VersionControlServices$VersionControlSettingsServices
instanceKlass org/gradle/plugin/internal/PluginUseServices$SettingsScopeServices
instanceKlass org/gradle/initialization/IncludedBuildSpec
instanceKlass org/gradle/plugin/management/PluginManagementSpec
instanceKlass org/gradle/initialization/ProjectDescriptorRegistry
instanceKlass org/gradle/vcs/SourceControl
instanceKlass org/gradle/api/file/BuildLayout
instanceKlass org/gradle/initialization/DefaultProjectDescriptor
instanceKlass org/gradle/api/initialization/ProjectDescriptor
instanceKlass org/gradle/initialization/SettingsFactory$SettingsServiceRegistryFactory
instanceKlass org/gradle/initialization/BuildOperationSettingsProcessor$2$1
instanceKlass org/gradle/initialization/EvaluateSettingsBuildOperationType$Details
instanceKlass org/gradle/initialization/BuildOperationSettingsProcessor$2
instanceKlass org/gradle/internal/logging/sink/ProgressLogEventGenerator$1
instanceKlass it/unimi/dsi/fastutil/ints/IntBinaryOperator
instanceKlass it/unimi/dsi/fastutil/objects/Object2IntMap$FastEntrySet
instanceKlass it/unimi/dsi/fastutil/ints/IntCollection
instanceKlass it/unimi/dsi/fastutil/ints/IntIterable
instanceKlass java/util/function/IntBinaryOperator
instanceKlass it/unimi/dsi/fastutil/objects/AbstractObject2IntFunction
instanceKlass it/unimi/dsi/fastutil/objects/Object2IntMap
instanceKlass it/unimi/dsi/fastutil/objects/Object2IntFunction
instanceKlass org/gradle/internal/classpath/DefaultInstrumentedClosuresTracker
instanceKlass org/gradle/internal/classpath/PerThreadInstrumentedClosuresTracker
instanceKlass org/gradle/internal/classpath/InstrumentedClosuresTracker
instanceKlass org/gradle/util/internal/ClosureBackedAction
instanceKlass groovyjarjarantlr4/v4/runtime/ProxyErrorListener
instanceKlass groovyjarjarantlr4/v4/runtime/misc/Args
instanceKlass org/apache/groovy/parser/antlr4/AstBuilder$1
instanceKlass org/gradle/configuration/internal/DefaultListenerBuildOperationDecorator$1
instanceKlass org/gradle/listener/ClosureBackedMethodInvocationDispatch
instanceKlass org/codehaus/groovy/reflection/android/AndroidSupport
instanceKlass org/codehaus/groovy/runtime/callsite/CallSiteGenerator
instanceKlass org/codehaus/groovy/runtime/metaclass/MetaMethodIndex$CacheEntry
instanceKlass org/gradle/internal/metaobject/InstrumentedMetaClass
instanceKlass ProtobufPatchPlugin
instanceKlass java/util/LinkedList$DescendingIterator
instanceKlass jdk/internal/ValueBased
instanceKlass org/codehaus/groovy/classgen/asm/CompileStack$LabelRange
instanceKlass org/codehaus/groovy/classgen/asm/CompileStack$BlockRecorder
instanceKlass org/codehaus/groovy/classgen/asm/ClosureWriter$UseExistingReference
instanceKlass org/codehaus/groovy/classgen/FinalVariableAnalyzer$1
instanceKlass java/lang/Override
instanceKlass org/gradle/plugins/ide/eclipse/model/EclipseModel
instanceKlass org/gradle/plugins/ide/internal/generator/AbstractPersistableConfigurationObject
instanceKlass org/gradle/plugins/ide/internal/generator/generator/PersistableConfigurationObject
instanceKlass org/codehaus/groovy/syntax/Numbers
instanceKlass org/apache/groovy/parser/antlr4/ModifierManager
instanceKlass java/util/stream/Nodes$IntArrayNode
instanceKlass java/util/stream/Node$Builder$OfInt
instanceKlass java/util/stream/SortedOps
instanceKlass org/apache/groovy/parser/antlr4/SemanticPredicates
instanceKlass org/gradle/configuration/internal/DefaultListenerBuildOperationDecorator$BuildOperationEmittingAction
instanceKlass org/gradle/internal/code/DefaultUserCodeApplicationContext$CurrentApplication$1
instanceKlass org/codehaus/groovy/reflection/AccessPermissionChecker
instanceKlass org/gradle/api/component/SoftwareComponentContainer
instanceKlass org/gradle/api/project/IsolatedProject
instanceKlass org/gradle/api/NamedDomainObjectFactory
instanceKlass org/gradle/model/internal/registry/ModelRegistry
instanceKlass org/gradle/configuration/project/ProjectConfigurationActionContainer
instanceKlass org/gradle/internal/model/RuleBasedPluginListener
instanceKlass org/gradle/api/internal/project/ProjectInternal$DetachedResolver
instanceKlass org/gradle/normalization/internal/InputNormalizationHandlerInternal
instanceKlass org/gradle/api/internal/tasks/TaskContainerInternal
instanceKlass org/gradle/api/internal/PolymorphicDomainObjectContainerInternal
instanceKlass org/gradle/api/internal/tasks/TaskResolver
instanceKlass org/gradle/api/internal/project/ProjectStateInternal
instanceKlass org/gradle/normalization/InputNormalizationHandler
instanceKlass org/gradle/api/ProjectState
instanceKlass org/gradle/internal/metaobject/DynamicInvokeResult
instanceKlass org/gradle/internal/classpath/intercept/CallInterceptorResolver$ClosureCallInterceptorResolver
instanceKlass groovy/lang/AdaptingMetaClass
instanceKlass org/codehaus/groovy/runtime/ArrayUtil
instanceKlass org/codehaus/groovy/runtime/metaclass/ClosureMetaClass$StandardClosureChooser
instanceKlass org/codehaus/groovy/runtime/metaclass/ClosureMetaClass$MethodChooser
instanceKlass com/sun/beans/finder/FinderUtils
instanceKlass com/sun/beans/finder/AbstractFinder
instanceKlass org/gradle/api/internal/file/copy/CopySpecInternal
instanceKlass org/gradle/api/file/SyncSpec
instanceKlass org/gradle/api/internal/file/copy/CopyAction
instanceKlass org/gradle/api/internal/file/copy/FileCopier
instanceKlass org/gradle/api/internal/resources/DefaultResourceHandler
instanceKlass org/gradle/api/internal/resources/DefaultTextResourceFactory
instanceKlass org/gradle/api/internal/resources/DefaultResourceResolver
instanceKlass org/gradle/api/internal/resources/ResourceResolver
instanceKlass org/gradle/api/resources/TextResourceFactory
instanceKlass org/gradle/api/internal/resources/DefaultResourceHandler$Factory$FactoryImpl
instanceKlass org/gradle/api/internal/file/archive/DefaultDecompressionCoordinator
instanceKlass org/gradle/internal/extensibility/ExtensionsStorage$ExtensionHolder
instanceKlass org/gradle/api/plugins/ExtensionsSchema$ExtensionSchema
instanceKlass org/gradle/api/NamedDomainObjectCollectionSchema$NamedDomainObjectSchema
instanceKlass org/gradle/internal/extensibility/ExtensionsStorage
instanceKlass org/gradle/api/plugins/ExtraPropertiesExtension
instanceKlass org/gradle/internal/extensibility/DefaultConvention
instanceKlass org/gradle/api/internal/plugins/ExtensionContainerInternal
instanceKlass org/gradle/internal/metaobject/DynamicObjectUtil
instanceKlass org/gradle/api/internal/project/DefaultDynamicLookupRoutine
instanceKlass org/gradle/api/internal/coerce/StringToEnumTransformer
instanceKlass org/gradle/internal/metaobject/BeanDynamicObject$MetaClassAdapter
instanceKlass org/gradle/api/internal/coerce/PropertySetTransformer
instanceKlass org/gradle/api/internal/coerce/MethodArgumentsTransformer
instanceKlass org/gradle/internal/classpath/intercept/PropertyAwareCallInterceptor
instanceKlass org/gradle/internal/classpath/intercept/SignatureAwareCallInterceptor
instanceKlass org/gradle/internal/classpath/intercept/InterceptScope
instanceKlass org/gradle/internal/classpath/intercept/Invocation
instanceKlass org/gradle/internal/classpath/intercept/AbstractCallInterceptor
instanceKlass org/gradle/internal/classpath/intercept/FilterableCallInterceptor
instanceKlass org/gradle/internal/classpath/intercept/CallInterceptor
instanceKlass org/gradle/internal/classpath/intercept/DefaultCallSiteDecorator
instanceKlass org/gradle/internal/classpath/intercept/CallInterceptorResolver
instanceKlass org/gradle/internal/classpath/MethodHandleUtils
instanceKlass kotlin/io/FilesKt__FilePathComponentsKt
instanceKlass org/gradle/internal/configuration/inputs/AccessTrackingProperties$Listener
instanceKlass org/codehaus/groovy/runtime/callsite/AbstractCallSite
instanceKlass org/gradle/internal/instantiation/generator/AsmBackedClassGenerator$NoOpBuilder
instanceKlass org/gradle/process/ExecResult
instanceKlass org/gradle/api/resources/ResourceHandler
instanceKlass com/google/common/collect/Count
instanceKlass org/gradle/api/internal/initialization/loadercache/DefaultClassLoaderCache$CachedClassLoader
instanceKlass org/gradle/initialization/ClassLoaderScopeOrigin$Script
instanceKlass org/gradle/internal/fingerprint/impl/DefaultFileSystemLocationFingerprint$1
instanceKlass org/gradle/internal/fingerprint/impl/DefaultFileSystemLocationFingerprint
instanceKlass org/gradle/internal/io/IoSupplier
instanceKlass org/gradle/api/internal/changedetection/state/DefaultRegularFileSnapshotContext
instanceKlass org/gradle/internal/classpath/InstrumentedGroovyMetaClassHelper
instanceKlass org/gradle/internal/classpath/InstrumentedClosuresHelper
instanceKlass org/gradle/internal/classpath/generated/InterceptorDeclaration_ConfigCacheJvmBytecode
instanceKlass org/gradle/internal/classpath/InstrumentableClosure
instanceKlass org/gradle/internal/classpath/CallInterceptionClosureInstrumentingClassVisitor$MethodInstrumentationStrategy$MethodData
instanceKlass org/gradle/internal/classpath/CallInterceptionClosureInstrumentingClassVisitor$MethodInstrumentationStrategy$ClassData
instanceKlass org/gradle/internal/Pair
instanceKlass org/gradle/api/file/RelativePath
instanceKlass org/gradle/internal/lazy/UnsafeLazy
instanceKlass org/gradle/internal/classpath/ClassData
instanceKlass java/nio/channels/Channels
instanceKlass org/gradle/internal/classpath/ClasspathWalker$FileEntry
instanceKlass org/apache/groovy/plugin/GroovyRunnerRegistry
instanceKlass org/codehaus/groovy/runtime/GroovyCategorySupport
instanceKlass org/codehaus/groovy/util/ComplexKeyHashMap$1
instanceKlass java/beans/SimpleBeanInfo
instanceKlass java/beans/BeanProperty
instanceKlass com/sun/beans/WildcardTypeImpl
instanceKlass com/sun/beans/introspect/PropertyInfo
instanceKlass com/sun/beans/introspect/EventSetInfo
instanceKlass com/sun/beans/WeakCache
instanceKlass com/sun/beans/TypeResolver
instanceKlass java/beans/MethodRef
instanceKlass com/sun/beans/introspect/MethodInfo$MethodOrder
instanceKlass com/sun/beans/introspect/MethodInfo
instanceKlass com/sun/beans/util/Cache$Ref
instanceKlass com/sun/beans/util/Cache$CacheEntry
instanceKlass com/sun/beans/util/Cache
instanceKlass com/sun/beans/introspect/ClassInfo
instanceKlass javax/swing/SwingContainer
instanceKlass java/beans/JavaBean
instanceKlass com/sun/beans/finder/ClassFinder
instanceKlass com/sun/beans/finder/InstanceFinder
instanceKlass java/beans/WeakIdentityMap
instanceKlass java/beans/ThreadGroupContext
instanceKlass java/beans/BeanInfo
instanceKlass org/codehaus/groovy/reflection/CachedClass$CachedMethodComparatorWithString
instanceKlass groovy/lang/ExpandoMetaClass$Callable
instanceKlass org/codehaus/groovy/runtime/MethodKey
instanceKlass groovy/lang/ClosureInvokingMethod
instanceKlass org/codehaus/groovy/runtime/metaclass/MetaMethodIndex$Header
instanceKlass org/codehaus/groovy/runtime/metaclass/MetaMethodIndex$Entry
instanceKlass org/codehaus/groovy/runtime/metaclass/MetaMethodIndex$EntryIterator
instanceKlass org/codehaus/groovy/runtime/metaclass/MetaMethodIndex
instanceKlass org/codehaus/groovy/util/SingleKeyHashMap$Copier
instanceKlass groovy/lang/MetaClassImpl$MethodIndexAction
instanceKlass groovy/lang/MetaClassImpl
instanceKlass groovy/lang/MutableMetaClass
instanceKlass org/gradle/api/internal/provider/MapPropertyExtensions
instanceKlass org/w3c/dom/Document
instanceKlass org/w3c/dom/NamedNodeMap
instanceKlass org/w3c/dom/UserDataHandler
instanceKlass org/w3c/dom/TypeInfo
instanceKlass org/w3c/dom/Attr
instanceKlass org/w3c/dom/Element
instanceKlass org/w3c/dom/Node
instanceKlass org/w3c/dom/NodeList
instanceKlass org/apache/groovy/xml/extensions/XmlExtensions
instanceKlass java/sql/RowId
instanceKlass java/sql/NClob
instanceKlass java/sql/SQLXML
instanceKlass java/sql/SQLType
instanceKlass java/sql/Clob
instanceKlass java/sql/Statement
instanceKlass java/sql/Blob
instanceKlass java/sql/Array
instanceKlass java/sql/Ref
instanceKlass groovy/sql/GroovyResultSet
instanceKlass java/sql/ResultSet
instanceKlass java/sql/ResultSetMetaData
instanceKlass java/sql/Wrapper
instanceKlass org/apache/groovy/sql/extensions/SqlExtensions
instanceKlass java/nio/file/WatchEvent$Modifier
instanceKlass java/nio/file/WatchKey
instanceKlass java/nio/file/WatchEvent$Kind
instanceKlass java/nio/file/WatchService
instanceKlass org/apache/groovy/dateutil/extensions/DateUtilStaticExtensions
instanceKlass org/apache/groovy/dateutil/extensions/DateUtilExtensions
instanceKlass java/time/chrono/Chronology
instanceKlass java/time/chrono/Era
instanceKlass java/time/format/DateTimeFormatter
instanceKlass java/time/temporal/TemporalQuery
instanceKlass java/time/MonthDay
instanceKlass java/time/Year
instanceKlass java/time/OffsetDateTime
instanceKlass java/time/Period
instanceKlass java/time/OffsetTime
instanceKlass java/time/YearMonth
instanceKlass java/time/chrono/ChronoPeriod
instanceKlass org/apache/groovy/datetime/extensions/DateTimeStaticExtensions
instanceKlass org/apache/groovy/datetime/extensions/DateTimeExtensions
instanceKlass org/gradle/api/artifacts/ProjectDependency
instanceKlass org/gradle/api/artifacts/SelfResolvingDependency
instanceKlass org/gradle/api/artifacts/DependencyArtifact
instanceKlass org/gradle/api/artifacts/dsl/DependencyModifier
instanceKlass org/gradle/api/artifacts/DependencyConstraint
instanceKlass org/gradle/api/provider/ProviderConvertible
instanceKlass org/gradle/api/artifacts/ExternalModuleDependency
instanceKlass org/gradle/api/artifacts/ExternalDependency
instanceKlass org/gradle/api/artifacts/ModuleVersionSelector
instanceKlass org/gradle/api/artifacts/ModuleDependency
instanceKlass org/gradle/api/artifacts/dsl/Dependencies
instanceKlass org/gradle/api/internal/artifacts/dsl/dependencies/DependenciesExtensionModule
instanceKlass org/codehaus/groovy/runtime/metaclass/MethodHelper
instanceKlass java/awt/LayoutManager
instanceKlass javax/swing/AbstractButton$Handler
instanceKlass javax/swing/event/ChangeListener
instanceKlass javax/swing/Icon
instanceKlass javax/swing/ButtonModel
instanceKlass javax/swing/event/TableModelListener
instanceKlass javax/swing/MenuSelectionManager
instanceKlass javax/swing/event/TableColumnModelListener
instanceKlass javax/swing/ListSelectionModel
instanceKlass javax/swing/TransferHandler$DropLocation
instanceKlass javax/swing/InputVerifier
instanceKlass javax/swing/AncestorNotifier
instanceKlass java/beans/VetoableChangeListener
instanceKlass javax/swing/ArrayTable
instanceKlass javax/swing/ActionMap
instanceKlass javax/swing/InputMap
instanceKlass javax/swing/border/Border
instanceKlass java/awt/AWTKeyStroke
instanceKlass javax/swing/plaf/ComponentUI
instanceKlass javax/swing/event/AncestorListener
instanceKlass javax/swing/TransferHandler
instanceKlass java/awt/event/ItemListener
instanceKlass java/awt/FontMetrics
instanceKlass java/awt/Color
instanceKlass java/awt/Paint
instanceKlass javax/accessibility/AccessibleContext
instanceKlass javax/accessibility/AccessibleStateSet
instanceKlass sun/awt/RequestFocusController
instanceKlass java/awt/im/InputMethodRequests
instanceKlass java/awt/image/BufferStrategy
instanceKlass java/awt/Insets
instanceKlass java/awt/dnd/DropTarget
instanceKlass java/awt/dnd/DropTargetListener
instanceKlass java/awt/peer/ComponentPeer
instanceKlass java/awt/event/MouseWheelListener
instanceKlass java/awt/event/HierarchyBoundsListener
instanceKlass java/awt/event/HierarchyListener
instanceKlass java/awt/event/InputMethodListener
instanceKlass java/awt/event/MouseMotionListener
instanceKlass java/awt/event/MouseListener
instanceKlass java/awt/event/KeyListener
instanceKlass java/awt/event/FocusListener
instanceKlass java/awt/event/ComponentListener
instanceKlass sun/awt/ComponentFactory
instanceKlass java/awt/BufferCapabilities
instanceKlass java/awt/ImageCapabilities
instanceKlass java/awt/image/ImageProducer
instanceKlass java/awt/Cursor
instanceKlass java/awt/image/ColorModel
instanceKlass java/awt/Transparency
instanceKlass java/awt/im/InputContext
instanceKlass java/awt/Toolkit
instanceKlass java/awt/GraphicsConfiguration
instanceKlass sun/java2d/pipe/Region
instanceKlass java/awt/ComponentOrientation
instanceKlass java/awt/PointerInfo
instanceKlass java/awt/geom/RectangularShape
instanceKlass java/awt/Shape
instanceKlass java/awt/geom/Point2D
instanceKlass java/awt/geom/Dimension2D
instanceKlass java/awt/Graphics
instanceKlass java/util/EventObject
instanceKlass java/beans/PropertyChangeListener
instanceKlass java/awt/Font
instanceKlass java/awt/Event
instanceKlass java/awt/MenuComponent
instanceKlass java/awt/Image
instanceKlass javax/swing/table/TableColumn
instanceKlass javax/swing/Action
instanceKlass javax/swing/table/AbstractTableModel
instanceKlass javax/swing/ButtonGroup
instanceKlass javax/swing/table/TableModel
instanceKlass javax/swing/MenuElement
instanceKlass javax/swing/tree/TreePath
instanceKlass javax/swing/table/TableColumnModel
instanceKlass javax/swing/tree/DefaultMutableTreeNode
instanceKlass javax/swing/MutableComboBoxModel
instanceKlass javax/swing/ComboBoxModel
instanceKlass javax/swing/AbstractListModel
instanceKlass javax/swing/SwingConstants
instanceKlass java/awt/Component
instanceKlass java/awt/MenuContainer
instanceKlass java/awt/image/ImageObserver
instanceKlass javax/swing/TransferHandler$HasGetTransferHandler
instanceKlass javax/accessibility/Accessible
instanceKlass java/awt/event/ActionListener
instanceKlass javax/swing/event/ListDataListener
instanceKlass java/awt/ItemSelectable
instanceKlass javax/swing/tree/MutableTreeNode
instanceKlass javax/swing/tree/TreeNode
instanceKlass javax/swing/ListModel
instanceKlass org/apache/groovy/swing/extensions/SwingExtensions
instanceKlass org/codehaus/groovy/runtime/m12n/ExtensionModule
instanceKlass org/codehaus/groovy/runtime/m12n/PropertiesModuleFactory
instanceKlass org/codehaus/groovy/runtime/metaclass/MetaClassRegistryImpl$DefaultModuleListener
instanceKlass org/codehaus/groovy/runtime/m12n/ExtensionModuleScanner
instanceKlass java/util/ResourceBundle$CacheKey
instanceKlass org/codehaus/groovy/runtime/DefaultGroovyStaticMethods
instanceKlass org/codehaus/groovy/runtime/RangeInfo
instanceKlass java/util/function/ToDoubleFunction
instanceKlass java/util/function/ToLongFunction
instanceKlass java/util/function/ToIntFunction
instanceKlass java/util/function/DoubleFunction
instanceKlass java/util/function/DoublePredicate
instanceKlass java/util/function/LongPredicate
instanceKlass java/util/stream/DoubleStream
instanceKlass java/util/stream/LongStream
instanceKlass java/util/OptionalLong
instanceKlass java/util/OptionalDouble
instanceKlass java/lang/ProcessHandle$Info
instanceKlass java/lang/ProcessHandle
instanceKlass org/codehaus/groovy/runtime/MetaClassHelper
instanceKlass org/codehaus/groovy/reflection/CachedMethod$MyComparator
instanceKlass org/codehaus/groovy/reflection/ReflectionUtils
instanceKlass java/lang/invoke/MethodHandleImpl$BindCaller
instanceKlass org/codehaus/groovy/util/ReferenceType$HardRef
instanceKlass org/codehaus/groovy/reflection/ClassInfo$GlobalClassSet
instanceKlass org/codehaus/groovy/reflection/GroovyClassValue
instanceKlass org/codehaus/groovy/reflection/GroovyClassValueFactory
instanceKlass org/codehaus/groovy/reflection/ClassInfo$1
instanceKlass org/codehaus/groovy/reflection/CachedClass
instanceKlass org/codehaus/groovy/reflection/GroovyClassValue$ComputeValue
instanceKlass org/codehaus/groovy/util/ComplexKeyHashMap$Entry
instanceKlass org/codehaus/groovy/util/ComplexKeyHashMap$EntryIterator
instanceKlass org/codehaus/groovy/util/ComplexKeyHashMap
instanceKlass org/codehaus/groovy/reflection/ReflectionCache
instanceKlass java/util/Timer
instanceKlass groovy/lang/groovydoc/Groovydoc
instanceKlass groovy/lang/ListWithDefault
instanceKlass org/codehaus/groovy/reflection/GeneratedMetaMethod$DgmMethodRecord
instanceKlass groovy/lang/MetaClassRegistry$MetaClassCreationHandle
instanceKlass org/codehaus/groovy/runtime/m12n/ExtensionModuleRegistry
instanceKlass org/codehaus/groovy/util/ManagedConcurrentLinkedQueue
instanceKlass org/codehaus/groovy/util/FastArray
instanceKlass groovy/lang/MetaClassRegistryChangeEventListener
instanceKlass java/util/EventListener
instanceKlass org/codehaus/groovy/runtime/m12n/ExtensionModuleScanner$ExtensionModuleListener
instanceKlass org/codehaus/groovy/runtime/metaclass/MetaClassRegistryImpl
instanceKlass org/gradle/groovy/scripts/internal/BuildScriptData
instanceKlass org/codehaus/groovy/syntax/TokenUtil
instanceKlass org/codehaus/groovy/runtime/wrappers/Wrapper
instanceKlass org/codehaus/groovy/classgen/asm/OptimizingStatementWriter$FastPathData
instanceKlass org/apache/groovy/ast/tools/AnnotatedNodeUtils
instanceKlass org/codehaus/groovy/runtime/callsite/BooleanClosureWrapper
instanceKlass org/gradle/model/dsl/internal/transform/ClosureBackedRuleFactory
instanceKlass org/gradle/model/dsl/internal/transform/SourceLocation
instanceKlass org/gradle/model/dsl/internal/transform/InputReferences
instanceKlass org/gradle/model/dsl/internal/transform/TransformedClosure
instanceKlass org/gradle/model/dsl/internal/inputs/PotentialInputs
instanceKlass org/gradle/model/dsl/internal/transform/RulesBlock
instanceKlass java/security/PermissionsEnumerator
instanceKlass groovy/lang/GroovyClassLoader$2
instanceKlass groovyjarjarasm/asm/Handler
instanceKlass org/codehaus/groovy/classgen/asm/MopWriter$MopKey
instanceKlass groovyjarjarasm/asm/Edge
instanceKlass org/codehaus/groovy/classgen/asm/BytecodeHelper$PrimitiveTypeHandler
instanceKlass org/codehaus/groovy/classgen/asm/BytecodeVariable
instanceKlass org/codehaus/groovy/classgen/asm/CompileStack$StateStackElement
instanceKlass groovyjarjarasm/asm/Frame
instanceKlass java/util/stream/Nodes$ArrayNode
instanceKlass org/codehaus/groovy/classgen/asm/OptimizingStatementWriter$StatementMeta
instanceKlass org/codehaus/groovy/classgen/asm/OptimizingStatementWriter$OptimizeFlagsCollector$OptimizeFlagsEntry
instanceKlass org/codehaus/groovy/classgen/asm/OptimizingStatementWriter$OptimizeFlagsCollector
instanceKlass org/codehaus/groovy/classgen/asm/StatementMetaTypeChooser
instanceKlass org/codehaus/groovy/classgen/asm/CompileStack
instanceKlass org/codehaus/groovy/classgen/asm/MethodPointerExpressionWriter
instanceKlass org/codehaus/groovy/classgen/asm/ClosureWriter
instanceKlass org/codehaus/groovy/classgen/asm/AssertionWriter
instanceKlass org/codehaus/groovy/classgen/asm/OperandStack
instanceKlass org/codehaus/groovy/runtime/BytecodeInterface8
instanceKlass org/codehaus/groovy/classgen/asm/BinaryExpressionWriter
instanceKlass org/codehaus/groovy/classgen/asm/UnaryExpressionHelper
instanceKlass org/codehaus/groovy/runtime/typehandling/ShortTypeHandling
instanceKlass sun/reflect/generics/tree/BooleanSignature
instanceKlass sun/reflect/generics/reflectiveObjects/GenericArrayTypeImpl
instanceKlass org/codehaus/groovy/runtime/callsite/CallSite
instanceKlass org/codehaus/groovy/classgen/asm/TypeChooser
instanceKlass org/codehaus/groovy/classgen/asm/StatementWriter
instanceKlass org/codehaus/groovy/classgen/asm/BinaryExpressionHelper
instanceKlass org/codehaus/groovy/classgen/asm/CallSiteWriter
instanceKlass org/codehaus/groovy/classgen/asm/InvocationWriter
instanceKlass org/codehaus/groovy/classgen/asm/WriterControllerFactory
instanceKlass org/codehaus/groovy/classgen/asm/MethodCaller
instanceKlass org/codehaus/groovy/classgen/asm/MethodCallerMultiAdapter
instanceKlass org/codehaus/groovy/runtime/ScriptBytecodeAdapter
instanceKlass groovyjarjarasm/asm/ByteVector
instanceKlass groovyjarjarasm/asm/Symbol
instanceKlass groovyjarjarasm/asm/SymbolTable
instanceKlass groovyjarjarasm/asm/ModuleVisitor
instanceKlass groovyjarjarasm/asm/RecordComponentVisitor
instanceKlass org/codehaus/groovy/classgen/AnnotationVisitor
instanceKlass org/codehaus/groovy/transform/stc/AbstractExtensionMethodCache
instanceKlass org/codehaus/groovy/transform/stc/StaticTypeCheckingSupport$1
instanceKlass jdk/internal/vm/annotation/ForceInline
instanceKlass jdk/internal/vm/annotation/Stable
instanceKlass org/codehaus/groovy/ast/tools/WideningCategories
instanceKlass org/codehaus/groovy/transform/stc/StaticTypeCheckingSupport
instanceKlass org/codehaus/groovy/classgen/Verifier$1
instanceKlass org/codehaus/groovy/classgen/ReturnAdder$ReturnStatementListener
instanceKlass org/codehaus/groovy/classgen/ReturnAdder
instanceKlass org/codehaus/groovy/classgen/asm/WriterController
instanceKlass org/codehaus/groovy/classgen/asm/MopWriter$Factory
instanceKlass org/codehaus/groovy/classgen/asm/MopWriter
instanceKlass org/apache/groovy/ast/tools/ConstructorNodeUtils
instanceKlass org/codehaus/groovy/classgen/asm/OptimizingStatementWriter$ClassNodeSkip
instanceKlass org/codehaus/groovy/reflection/ClassInfo
instanceKlass org/codehaus/groovy/classgen/Verifier$DefaultArgsAction
instanceKlass groovy/transform/Generated
instanceKlass org/codehaus/groovy/classgen/FinalVariableAnalyzer$VariableNotFinalCallback
instanceKlass org/codehaus/groovy/classgen/Verifier
instanceKlass org/codehaus/groovy/runtime/typehandling/DefaultTypeTransformation
instanceKlass org/codehaus/groovy/classgen/asm/BytecodeHelper
instanceKlass org/codehaus/groovy/classgen/BytecodeInstruction
instanceKlass groovy/transform/CompileStatic
instanceKlass org/codehaus/groovy/transform/trait/TraitComposer
instanceKlass org/codehaus/groovy/ast/tools/ParameterUtils
instanceKlass groovy/transform/CompilationUnitAware
instanceKlass groovy/transform/SelfType
instanceKlass groovy/lang/GeneratedGroovyProxy
instanceKlass groovy/transform/Trait
instanceKlass org/codehaus/groovy/transform/trait/Traits$TraitBridge
instanceKlass org/codehaus/groovy/transform/trait/Traits$Implemented
instanceKlass org/codehaus/groovy/transform/trait/Traits
instanceKlass org/codehaus/groovy/transform/GroovyASTTransformation
instanceKlass org/codehaus/groovy/vmplugin/v8/Java8$1
instanceKlass groovy/transform/AnnotationCollector
instanceKlass org/codehaus/groovy/transform/AnnotationCollectorTransform$ClassChanger
instanceKlass org/apache/groovy/ast/tools/ExpressionUtils
instanceKlass org/codehaus/groovy/ast/tools/ClosureUtils
instanceKlass org/apache/groovy/ast/tools/ClassNodeUtils
instanceKlass groovyjarjarasm/asm/Handle
instanceKlass groovyjarjarasm/asm/TypePath
instanceKlass groovyjarjarasm/asm/signature/SignatureReader
instanceKlass org/apache/groovy/util/concurrent/concurrentlinkedhashmap/Linked
instanceKlass org/apache/groovy/util/concurrent/concurrentlinkedhashmap/Weigher
instanceKlass org/apache/groovy/util/concurrent/concurrentlinkedhashmap/Weighers
instanceKlass org/apache/groovy/util/concurrent/concurrentlinkedhashmap/EntryWeigher
instanceKlass org/apache/groovy/util/concurrent/concurrentlinkedhashmap/EvictionListener
instanceKlass org/apache/groovy/util/concurrent/concurrentlinkedhashmap/ConcurrentLinkedHashMap$Builder
instanceKlass org/codehaus/groovy/runtime/memoize/ConcurrentCommonCache
instanceKlass org/codehaus/groovy/ast/tools/GenericsUtils
instanceKlass org/codehaus/groovy/ast/decompiled/MemberSignatureParser
instanceKlass org/codehaus/groovy/transform/GroovyASTTransformationClass
instanceKlass groovy/transform/Internal
instanceKlass org/codehaus/groovy/ast/decompiled/EnumConstantWrapper
instanceKlass org/codehaus/groovy/ast/decompiled/Annotations
instanceKlass java/beans/Transient
instanceKlass org/codehaus/groovy/ast/decompiled/TypeWrapper
instanceKlass org/codehaus/groovy/ast/decompiled/AnnotationStub
instanceKlass groovyjarjarasm/asm/signature/SignatureVisitor
instanceKlass org/codehaus/groovy/ast/decompiled/ClassSignatureParser
instanceKlass org/codehaus/groovy/control/ClassNodeResolver$LookupResult
instanceKlass org/codehaus/groovy/ast/decompiled/AsmReferenceResolver
instanceKlass groovyjarjarasm/asm/Label
instanceKlass groovyjarjarasm/asm/Context
instanceKlass groovyjarjarasm/asm/Attribute
instanceKlass groovyjarjarasm/asm/ClassReader
instanceKlass org/codehaus/groovy/util/URLStreams
instanceKlass groovyjarjarasm/asm/MethodVisitor
instanceKlass groovyjarjarasm/asm/FieldVisitor
instanceKlass org/codehaus/groovy/ast/decompiled/AsmDecompiler$StubCache
instanceKlass groovyjarjarasm/asm/AnnotationVisitor
instanceKlass org/codehaus/groovy/ast/decompiled/AsmDecompiler
instanceKlass org/apache/groovy/util/concurrent/LazyInitializable
instanceKlass org/codehaus/groovy/ast/decompiled/MemberStub
instanceKlass org/codehaus/groovy/ast/DynamicVariable
instanceKlass org/apache/groovy/ast/tools/MethodNodeUtils
instanceKlass org/codehaus/groovy/classgen/VariableScopeVisitor$StateStackElement
instanceKlass org/gradle/api/internal/initialization/ClassLoaderScopeIdentifier$Id
instanceKlass org/gradle/model/dsl/internal/transform/ClosureCreationInterceptingVerifier
instanceKlass org/gradle/groovy/scripts/internal/FactoryBackedCompileOperation
instanceKlass org/gradle/groovy/scripts/internal/BuildScriptTransformer$1
instanceKlass org/gradle/groovy/scripts/internal/BuildScriptTransformer
instanceKlass org/gradle/api/internal/plugins/DefaultPluginManager$3
instanceKlass org/gradle/api/plugins/AppliedPlugin
instanceKlass org/gradle/api/internal/plugins/ApplyPluginBuildOperationType$Result
instanceKlass org/gradle/api/internal/plugins/DefaultPluginManager
instanceKlass org/gradle/api/internal/plugins/ImperativeOnlyPluginTarget
instanceKlass org/gradle/api/internal/plugins/PluginTarget
instanceKlass org/gradle/groovy/scripts/internal/DefaultScriptRunnerFactory$ScriptRunnerImpl
instanceKlass org/gradle/groovy/scripts/internal/CrossBuildInMemoryCachingScriptClassCache$CachedCompiledScript
instanceKlass org/gradle/internal/classloader/ImplementationHashAware
instanceKlass org/gradle/groovy/scripts/internal/DefaultScriptCompilationHandler$ClassesDirCompiledScript
instanceKlass org/gradle/cache/internal/filelock/Version1LockStateSerializer$DirtyFlagLockState
instanceKlass org/gradle/cache/internal/filelock/Version1LockStateSerializer
instanceKlass org/gradle/internal/fingerprint/classpath/impl/ClasspathFingerprintingStrategy$ClasspathFingerprintingVisitor$1
instanceKlass org/gradle/internal/fingerprint/hashing/RegularFileSnapshotContext
instanceKlass org/gradle/internal/fingerprint/classpath/impl/ClasspathFingerprintingStrategy$ClasspathFingerprintingVisitor
instanceKlass org/gradle/internal/snapshot/DirectorySnapshot$2
instanceKlass org/gradle/internal/fingerprint/impl/DefaultCurrentFileCollectionFingerprint
instanceKlass org/gradle/internal/classpath/ClasspathFileHasher
instanceKlass org/gradle/internal/classpath/InstrumentingClasspathFileTransformer
instanceKlass org/gradle/groovy/scripts/internal/GroovyScriptClassCompiler$1
instanceKlass org/gradle/groovy/scripts/internal/GroovyScriptClassCompiler$GroovyScriptCompilationAndInstrumentation$GroovyScriptCompilationOutput
instanceKlass sun/nio/fs/WindowsFileCopy
instanceKlass org/gradle/internal/io/IoRunnable
instanceKlass org/gradle/internal/execution/steps/AssignImmutableWorkspaceStep$WorkspaceMoveHandler
instanceKlass org/gradle/internal/execution/history/ImmutableWorkspaceMetadata
instanceKlass java/util/stream/Streams$RangeIntSpliterator
instanceKlass com/google/common/collect/CollectSpliterators$1WithCharacteristics
instanceKlass com/google/common/collect/CollectSpliterators
instanceKlass org/gradle/internal/execution/steps/CaptureOutputsAfterExecutionStep$Operation$Result$1
instanceKlass org/gradle/internal/execution/steps/CaptureOutputsAfterExecutionStep$Operation$Result
instanceKlass org/gradle/caching/internal/origin/OriginMetadata
instanceKlass org/gradle/internal/fingerprint/impl/DefaultFileCollectionSnapshotter$1
instanceKlass org/gradle/internal/snapshot/CompositeFileSystemSnapshot
instanceKlass org/gradle/internal/snapshot/MerkleDirectorySnapshotBuilder$Directory
instanceKlass org/gradle/internal/snapshot/MerkleDirectorySnapshotBuilder
instanceKlass org/gradle/internal/snapshot/impl/FilteredTrackingMerkleDirectorySnapshotBuilder
instanceKlass org/gradle/internal/snapshot/DirectorySnapshotBuilder
instanceKlass org/gradle/internal/snapshot/RelativePathTracker
instanceKlass org/gradle/internal/snapshot/impl/DirectorySnapshotterStatistics$CollectingFileVisitor
instanceKlass org/gradle/internal/fingerprint/impl/DefaultFileCollectionSnapshotter$SnapshottingVisitor
instanceKlass org/gradle/internal/execution/impl/DefaultOutputSnapshotter$1
instanceKlass org/gradle/internal/execution/steps/CaptureOutputsAfterExecutionStep$Operation$Details$1
instanceKlass org/gradle/internal/execution/steps/CaptureOutputsAfterExecutionStep$Operation$Details
instanceKlass org/gradle/internal/execution/history/impl/DefaultExecutionOutputState
instanceKlass org/gradle/internal/execution/steps/ExecuteStep$Operation$Result$1
instanceKlass org/gradle/internal/execution/steps/ExecuteStep$Operation$Result
instanceKlass org/gradle/internal/Try
instanceKlass org/gradle/internal/execution/steps/ExecuteStep$ExecutionResultImpl
instanceKlass org/gradle/internal/execution/history/changes/InputChangesInternal
instanceKlass org/gradle/work/InputChanges
instanceKlass org/gradle/internal/execution/steps/ExecuteStep$3
instanceKlass org/gradle/internal/scripts/BuildScriptCompilationAndInstrumentation$1
instanceKlass org/apache/commons/io/IOUtils
instanceKlass org/apache/commons/io/function/IOBiFunction
instanceKlass org/apache/commons/io/filefilter/TrueFileFilter
instanceKlass org/apache/commons/io/filefilter/AbstractFileFilter
instanceKlass org/apache/commons/io/file/PathVisitor
instanceKlass org/gradle/internal/classpath/ClasspathEntryVisitor
instanceKlass org/gradle/internal/classpath/InPlaceClasspathBuilder$DirectoryEntryBuilder
instanceKlass org/gradle/internal/classpath/ClasspathBuilder$Action
instanceKlass org/gradle/internal/classpath/transforms/BaseClasspathElementTransform
instanceKlass org/gradle/internal/instrumentation/api/metadata/InstrumentationMetadata
instanceKlass org/gradle/internal/classpath/intercept/DefaultJvmBytecodeInterceptorFactorySet$1
instanceKlass org/gradle/internal/classpath/generated/InterceptorDeclaration_PropertyUpgradesJvmBytecode_TestingJvm$Factory
instanceKlass org/gradle/internal/classpath/generated/InterceptorDeclaration_PropertyUpgradesJvmBytecode_LanguageJvm$Factory
instanceKlass org/gradle/internal/classpath/generated/InterceptorDeclaration_PropertyUpgradesJvmBytecode_CoreApi$Factory
instanceKlass org/gradle/internal/instrumentation/api/jvmbytecode/JvmBytecodeCallInterceptor
instanceKlass org/gradle/internal/classpath/generated/InterceptorDeclaration_ConfigCacheJvmBytecode$Factory
instanceKlass org/gradle/internal/instrumentation/api/jvmbytecode/JvmBytecodeCallInterceptor$Factory
instanceKlass org/gradle/internal/instrumentation/api/types/FilterableBytecodeInterceptorFactory$BytecodeUpgradeInterceptorFactory
instanceKlass org/gradle/internal/instrumentation/api/types/FilterableBytecodeInterceptor$BytecodeUpgradeInterceptor
instanceKlass org/gradle/internal/instrumentation/api/types/FilterableBytecodeInterceptorFactory$InstrumentationInterceptorFactory
instanceKlass org/gradle/internal/instrumentation/api/types/FilterableBytecodeInterceptorFactory
instanceKlass org/gradle/internal/instrumentation/api/types/FilterableBytecodeInterceptor$InstrumentationInterceptor
instanceKlass org/gradle/internal/instrumentation/api/types/FilterableBytecodeInterceptor
instanceKlass org/codehaus/groovy/vmplugin/v7/IndyInterface
instanceKlass org/codehaus/groovy/vmplugin/v8/IndyInterface
instanceKlass java/lang/ProcessBuilder
instanceKlass java/lang/Process
instanceKlass org/codehaus/groovy/runtime/callsite/CallSiteArray
instanceKlass org/gradle/internal/classpath/transforms/CommonTypes
instanceKlass org/gradle/internal/classpath/transforms/InstrumentingClassTransform
instanceKlass org/gradle/internal/time/TimeFormatting
instanceKlass org/gradle/groovy/scripts/internal/ScriptBlock
instanceKlass org/gradle/groovy/scripts/internal/AstUtils$1
instanceKlass org/gradle/groovy/scripts/internal/AstUtils
instanceKlass java/util/LinkedList$LLSpliterator
instanceKlass org/codehaus/groovy/runtime/InvokerHelper
instanceKlass org/codehaus/groovy/ast/tools/GeneralUtils
instanceKlass groovy/transform/BaseScript
instanceKlass org/codehaus/groovy/transform/AbstractASTTransformation
instanceKlass org/codehaus/groovy/transform/ASTTransformation
instanceKlass org/codehaus/groovy/syntax/Types
instanceKlass org/codehaus/groovy/syntax/CSTNode
instanceKlass org/codehaus/groovy/util/ListHashMap
instanceKlass org/apache/groovy/parser/antlr4/util/StringUtils
instanceKlass org/apache/groovy/parser/antlr4/util/PositionConfigureUtils
instanceKlass groovyjarjarasm/asm/Type
instanceKlass org/codehaus/groovy/classgen/asm/util/TypeUtil
instanceKlass groovyjarjarantlr4/v4/runtime/dfa/DFAState$PredPrediction
instanceKlass groovyjarjarantlr4/v4/runtime/atn/ConflictInfo
instanceKlass groovyjarjarantlr4/v4/runtime/tree/TerminalNodeImpl
instanceKlass org/apache/groovy/parser/antlr4/GroovyLexer$Paren
instanceKlass groovyjarjarantlr4/v4/runtime/atn/LexerIndexedCustomAction
instanceKlass groovyjarjarantlr4/v4/runtime/atn/SimulatorState
instanceKlass groovyjarjarantlr4/v4/runtime/atn/PredictionContextCache$IdentityCommutativePredictionContextOperands
instanceKlass groovyjarjarantlr4/v4/runtime/atn/PredictionContextCache$PredictionContextAndInt
instanceKlass groovyjarjarantlr4/v4/runtime/CommonToken
instanceKlass groovyjarjarantlr4/v4/runtime/WritableToken
instanceKlass java/util/concurrent/atomic/AtomicIntegerArray
instanceKlass groovyjarjarantlr4/v4/runtime/misc/Utils
instanceKlass groovyjarjarantlr4/v4/runtime/dfa/AcceptStateInfo
instanceKlass groovyjarjarantlr4/v4/runtime/atn/LexerActionExecutor
instanceKlass groovyjarjarantlr4/v4/runtime/atn/ATNConfigSet$ATNConfigSetIterator
instanceKlass groovyjarjarantlr4/v4/runtime/misc/FlexibleHashMap$Entry
instanceKlass groovyjarjarantlr4/v4/runtime/misc/AbstractEqualityComparator
instanceKlass groovyjarjarantlr4/v4/runtime/misc/EqualityComparator
instanceKlass groovyjarjarantlr4/v4/runtime/misc/FlexibleHashMap
instanceKlass groovyjarjarantlr4/v4/runtime/atn/PredictionContextCache
instanceKlass groovyjarjarantlr4/v4/runtime/atn/ATNConfig
instanceKlass groovyjarjarantlr4/v4/runtime/misc/MurmurHash
instanceKlass groovyjarjarantlr4/v4/runtime/atn/PredictionContext
instanceKlass org/apache/groovy/parser/antlr4/TryWithResourcesASTTransformation
instanceKlass org/apache/groovy/parser/antlr4/GroovydocManager
instanceKlass groovyjarjarantlr4/v4/runtime/atn/ParserATNSimulator$1
instanceKlass groovyjarjarantlr4/v4/runtime/atn/SemanticContext
instanceKlass groovyjarjarantlr4/v4/runtime/DefaultErrorStrategy
instanceKlass groovyjarjarantlr4/v4/runtime/BufferedTokenStream
instanceKlass groovyjarjarantlr4/v4/runtime/ParserErrorListener
instanceKlass groovyjarjarantlr4/v4/runtime/tree/ErrorNode
instanceKlass groovyjarjarantlr4/v4/runtime/tree/TerminalNode
instanceKlass groovyjarjarantlr4/v4/runtime/tree/ParseTreeListener
instanceKlass org/apache/groovy/parser/antlr4/internal/atnmanager/AtnManager$AtnWrapper
instanceKlass org/apache/groovy/parser/antlr4/internal/atnmanager/AtnManager
instanceKlass groovyjarjarantlr4/v4/runtime/atn/LexerATNSimulator$SimState
instanceKlass groovyjarjarantlr4/v4/runtime/dfa/DFAState
instanceKlass groovyjarjarantlr4/v4/runtime/atn/ATNConfigSet
instanceKlass groovyjarjarantlr4/v4/runtime/misc/IntegerList
instanceKlass groovyjarjarantlr4/v4/runtime/Token
instanceKlass groovyjarjarantlr4/v4/runtime/CommonTokenFactory
instanceKlass groovyjarjarantlr4/v4/runtime/TokenFactory
instanceKlass groovyjarjarantlr4/v4/runtime/ConsoleErrorListener
instanceKlass java/util/BitSet
instanceKlass groovyjarjarantlr4/v4/runtime/atn/LexerSkipAction
instanceKlass groovyjarjarantlr4/v4/runtime/atn/LexerCustomAction
instanceKlass groovyjarjarantlr4/v4/runtime/atn/LexerMoreAction
instanceKlass groovyjarjarantlr4/v4/runtime/atn/LexerPopModeAction
instanceKlass groovyjarjarantlr4/v4/runtime/atn/LexerTypeAction
instanceKlass groovyjarjarantlr4/v4/runtime/atn/LexerPushModeAction
instanceKlass groovyjarjarantlr4/v4/runtime/atn/ATNDeserializer$3
instanceKlass groovyjarjarantlr4/v4/runtime/misc/Tuple3
instanceKlass groovyjarjarantlr4/v4/runtime/atn/ATNDeserializer$2
instanceKlass groovyjarjarantlr4/v4/runtime/misc/Interval
instanceKlass groovyjarjarantlr4/v4/runtime/misc/IntervalSet
instanceKlass groovyjarjarantlr4/v4/runtime/atn/ATNDeserializer$1
instanceKlass groovyjarjarantlr4/v4/runtime/dfa/AbstractEdgeMap
instanceKlass groovyjarjarantlr4/v4/runtime/dfa/EdgeMap
instanceKlass groovyjarjarantlr4/v4/runtime/dfa/DFASerializer
instanceKlass groovyjarjarantlr4/v4/runtime/misc/Tuple2
instanceKlass groovyjarjarantlr4/v4/runtime/misc/Tuple
instanceKlass groovyjarjarantlr4/v4/runtime/dfa/DFA
instanceKlass groovyjarjarantlr4/v4/runtime/atn/ATN
instanceKlass groovyjarjarantlr4/v4/runtime/atn/ATNDeserializationOptions
instanceKlass groovyjarjarantlr4/v4/runtime/atn/ATNDeserializer$UnicodeDeserializer
instanceKlass groovyjarjarantlr4/v4/runtime/misc/IntSet
instanceKlass groovyjarjarantlr4/v4/runtime/atn/LexerAction
instanceKlass groovyjarjarantlr4/v4/runtime/atn/ATNState
instanceKlass groovyjarjarantlr4/v4/runtime/atn/Transition
instanceKlass groovyjarjarantlr4/v4/runtime/atn/ATNDeserializer
instanceKlass java/util/DualPivotQuicksort
instanceKlass groovyjarjarantlr4/v4/runtime/VocabularyImpl
instanceKlass groovyjarjarantlr4/v4/runtime/Vocabulary
instanceKlass groovyjarjarantlr4/v4/runtime/atn/ATNSimulator
instanceKlass groovyjarjarantlr4/v4/runtime/Recognizer
instanceKlass org/apache/groovy/parser/antlr4/SyntaxErrorReportable
instanceKlass groovyjarjarantlr4/v4/runtime/CodePointCharStream$1
instanceKlass groovyjarjarantlr4/v4/runtime/CodePointCharStream
instanceKlass groovyjarjarantlr4/v4/runtime/UnicodeCharStream
instanceKlass groovyjarjarantlr4/v4/runtime/CodePointBuffer$1
instanceKlass groovyjarjarantlr4/v4/runtime/CodePointBuffer$Builder
instanceKlass groovyjarjarantlr4/v4/runtime/CodePointBuffer
instanceKlass org/codehaus/groovy/ast/VariableScope
instanceKlass groovyjarjarantlr4/v4/runtime/ANTLRErrorListener
instanceKlass groovyjarjarantlr4/v4/runtime/CharStream
instanceKlass groovyjarjarantlr4/v4/runtime/RuleContext
instanceKlass groovyjarjarantlr4/v4/runtime/ANTLRErrorStrategy
instanceKlass groovyjarjarantlr4/v4/runtime/TokenStream
instanceKlass groovyjarjarantlr4/v4/runtime/IntStream
instanceKlass groovyjarjarantlr4/v4/runtime/TokenSource
instanceKlass groovyjarjarantlr4/v4/runtime/tree/RuleNode
instanceKlass groovyjarjarantlr4/v4/runtime/tree/ParseTree
instanceKlass groovyjarjarantlr4/v4/runtime/tree/SyntaxTree
instanceKlass groovyjarjarantlr4/v4/runtime/tree/Tree
instanceKlass groovyjarjarantlr4/v4/runtime/tree/AbstractParseTreeVisitor
instanceKlass org/apache/groovy/parser/antlr4/GroovyParserVisitor
instanceKlass groovyjarjarantlr4/v4/runtime/tree/ParseTreeVisitor
instanceKlass org/apache/groovy/parser/antlr4/Antlr4ParserPlugin
instanceKlass org/codehaus/groovy/control/ParserPlugin
instanceKlass org/codehaus/groovy/control/ParserPluginFactory
instanceKlass groovy/lang/GroovyClassLoader$ClassCollector
instanceKlass org/codehaus/groovy/control/io/AbstractReaderSource
instanceKlass org/gradle/groovy/scripts/internal/CustomCompilationUnit$1
instanceKlass org/codehaus/groovy/control/CompilationUnit$ProgressCallback
instanceKlass org/codehaus/groovy/transform/ASTTransformationVisitor$1
instanceKlass org/codehaus/groovy/tools/GroovyClass
instanceKlass org/codehaus/groovy/classgen/GeneratorContext
instanceKlass org/codehaus/groovy/ast/CompileUnit
instanceKlass org/codehaus/groovy/control/ASTTransformationsContext
instanceKlass org/codehaus/groovy/control/CompilationUnit$3
instanceKlass org/codehaus/groovy/runtime/memoize/EvictableCache$Action
instanceKlass java/util/WeakHashMap$HashIterator
instanceKlass java/util/function/BooleanSupplier
instanceKlass jdk/internal/jrtfs/JrtDirectoryStream$1
instanceKlass jdk/internal/jrtfs/JrtDirectoryStream
instanceKlass jdk/internal/jrtfs/JrtFileAttributes
instanceKlass jdk/internal/jimage/ImageReader$SharedImageReader$LocationVisitor
instanceKlass jdk/internal/jimage/ImageReader$Node
instanceKlass jdk/internal/jrtfs/SystemImage$2
instanceKlass java/lang/Class$Holder
instanceKlass jdk/internal/jrtfs/SystemImage
instanceKlass jdk/internal/jrtfs/JrtPath
instanceKlass groovy/grape/GrapeIvy
instanceKlass groovy/grape/GrapeEngine
instanceKlass java/nio/file/Files$3
instanceKlass java/nio/file/FileTreeWalker$Event
instanceKlass jdk/nio/zipfs/ZipDirectoryStream$1
instanceKlass java/nio/file/FileTreeWalker$DirectoryNode
instanceKlass jdk/nio/zipfs/ZipDirectoryStream
instanceKlass jdk/nio/zipfs/ZipUtils
instanceKlass java/nio/file/FileTreeWalker
instanceKlass java/nio/file/SimpleFileVisitor
instanceKlass jdk/nio/zipfs/ZipFileSystem$END
instanceKlass jdk/nio/zipfs/ZipConstants
instanceKlass sun/nio/fs/WindowsChannelFactory$2
instanceKlass sun/nio/fs/WindowsSecurityDescriptor
instanceKlass java/nio/file/attribute/PosixFileAttributeView
instanceKlass jdk/nio/zipfs/ZipFileAttributeView
instanceKlass jdk/nio/zipfs/ZipPath
instanceKlass jdk/nio/zipfs/ZipCoder
instanceKlass sun/nio/fs/WindowsSecurity
instanceKlass sun/nio/fs/AbstractAclFileAttributeView
instanceKlass java/nio/file/attribute/AclFileAttributeView
instanceKlass java/nio/file/attribute/FileOwnerAttributeView
instanceKlass sun/nio/ch/FileChannelImpl$Closer
instanceKlass sun/nio/fs/WindowsChannelFactory$Flags
instanceKlass sun/nio/fs/WindowsChannelFactory$1
instanceKlass sun/nio/fs/WindowsChannelFactory
instanceKlass sun/nio/fs/WindowsFileSystemProvider$1
instanceKlass java/nio/file/attribute/PosixFileAttributes
instanceKlass jdk/nio/zipfs/ZipFileSystem$IndexNode
instanceKlass jdk/nio/zipfs/ZipFileAttributes
instanceKlass sun/nio/fs/WindowsLinkSupport
instanceKlass java/util/AbstractMap$SimpleEntry
instanceKlass jdk/internal/jimage/ImageBufferCache$2
instanceKlass jdk/internal/jimage/ImageBufferCache
instanceKlass java/nio/channels/AsynchronousFileChannel
instanceKlass java/nio/channels/AsynchronousChannel
instanceKlass java/nio/file/FileStore
instanceKlass java/nio/file/spi/FileSystemProvider$1
instanceKlass sun/nio/fs/WindowsUriSupport
instanceKlass org/codehaus/groovy/vmplugin/v9/ClassFinder
instanceKlass org/codehaus/groovy/runtime/NumberAwareComparator
instanceKlass groovy/util/BufferedIterator
instanceKlass java/util/TimerTask
instanceKlass org/codehaus/groovy/runtime/DefaultGroovyMethodsSupport
instanceKlass org/codehaus/groovy/ast/expr/MethodCall
instanceKlass org/codehaus/groovy/ast/stmt/LoopingStatement
instanceKlass groovy/lang/GroovyInterceptable
instanceKlass org/codehaus/groovy/reflection/ParameterTypes
instanceKlass org/codehaus/groovy/ast/Variable
instanceKlass org/codehaus/groovy/vmplugin/v8/Java8
instanceKlass org/codehaus/groovy/vmplugin/VMPlugin
instanceKlass org/codehaus/groovy/vmplugin/VMPluginFactory
instanceKlass org/codehaus/groovy/util/ManagedReference
instanceKlass org/codehaus/groovy/util/Finalizable
instanceKlass org/codehaus/groovy/util/AbstractConcurrentMap$Entry
instanceKlass org/codehaus/groovy/util/AbstractConcurrentMapBase$Entry
instanceKlass org/codehaus/groovy/util/Reference
instanceKlass org/codehaus/groovy/util/ReferenceManager
instanceKlass org/codehaus/groovy/util/ReferenceBundle
instanceKlass org/codehaus/groovy/util/AbstractConcurrentMapBase
instanceKlass org/codehaus/groovy/ast/ClassHelper$ClassHelperCache
instanceKlass org/codehaus/groovy/runtime/GeneratedLambda
instanceKlass org/codehaus/groovy/runtime/GeneratedClosure
instanceKlass groovy/lang/Range
instanceKlass org/codehaus/groovy/ast/ClassHelper
instanceKlass org/codehaus/groovy/ast/ClassNode$MapOfLists
instanceKlass groovyjarjarasm/asm/Opcodes
instanceKlass org/codehaus/groovy/control/ClassNodeResolver
instanceKlass org/codehaus/groovy/control/ErrorCollector
instanceKlass org/codehaus/groovy/ast/CodeVisitorSupport
instanceKlass org/codehaus/groovy/transform/ErrorCollecting
instanceKlass org/codehaus/groovy/ast/expr/ExpressionTransformer
instanceKlass org/codehaus/groovy/control/CompilationUnit$IGroovyClassOperation
instanceKlass org/codehaus/groovy/control/io/ReaderSource
instanceKlass org/codehaus/groovy/control/HasCleanup
instanceKlass groovyjarjarasm/asm/ClassVisitor
instanceKlass org/codehaus/groovy/control/messages/Message
instanceKlass org/codehaus/groovy/ast/GroovyClassVisitor
instanceKlass org/codehaus/groovy/runtime/memoize/MemoizeCache$ValueProvider
instanceKlass org/codehaus/groovy/runtime/EncodingGroovyMethods$2
instanceKlass org/codehaus/groovy/runtime/EncodingGroovyMethods
instanceKlass groovy/lang/GroovyCodeSource
instanceKlass groovy/lang/GroovyClassLoader$1
instanceKlass org/codehaus/groovy/runtime/memoize/CommonCache
instanceKlass java/util/concurrent/locks/StampedLock
instanceKlass org/codehaus/groovy/runtime/memoize/StampedCommonCache
instanceKlass org/codehaus/groovy/runtime/memoize/ValueConvertable
instanceKlass org/codehaus/groovy/runtime/memoize/UnlimitedConcurrentCache
instanceKlass org/codehaus/groovy/control/ProcessingUnit
instanceKlass org/codehaus/groovy/control/CompilationUnit$IPrimaryClassNodeOperation
instanceKlass org/codehaus/groovy/control/CompilationUnit$ClassgenCallback
instanceKlass org/codehaus/groovy/runtime/memoize/EvictableCache
instanceKlass org/codehaus/groovy/runtime/memoize/MemoizeCache
instanceKlass org/apache/groovy/util/SystemUtil
instanceKlass org/apache/groovy/util/Maps
instanceKlass org/codehaus/groovy/GroovyExceptionInterface
instanceKlass org/gradle/groovy/scripts/internal/BuildOperationBackedScriptCompilationHandler$Details
instanceKlass org/gradle/internal/scripts/CompileScriptBuildOperationType$Details
instanceKlass org/gradle/groovy/scripts/internal/BuildOperationBackedScriptCompilationHandler$2
instanceKlass org/gradle/internal/execution/steps/ExecuteStep$2
instanceKlass org/gradle/internal/execution/steps/ExecuteStep$1$1
instanceKlass org/gradle/internal/execution/steps/ExecuteStep$Operation$Details
instanceKlass org/gradle/internal/execution/steps/ExecuteStep$1
instanceKlass org/gradle/internal/execution/steps/PreCreateOutputParentsStep$2
instanceKlass org/gradle/internal/execution/steps/PreCreateOutputParentsStep$1
instanceKlass org/gradle/internal/execution/steps/BroadcastChangingOutputsStep$1
instanceKlass org/gradle/internal/execution/caching/CachingState$Enabled
instanceKlass org/gradle/internal/execution/caching/CachingState$CacheKeyCalculatedState
instanceKlass org/gradle/internal/execution/caching/impl/DefaultBuildCacheKey
instanceKlass org/gradle/caching/internal/BuildCacheKeyInternal
instanceKlass org/gradle/caching/BuildCacheKey
instanceKlass org/gradle/internal/execution/caching/impl/DefaultCachingStateFactory
instanceKlass org/gradle/api/problems/internal/Problem
instanceKlass org/gradle/api/problems/internal/InternalProblemBuilder
instanceKlass org/gradle/api/problems/internal/InternalProblemSpec
instanceKlass org/gradle/internal/reflect/ProblemRecordingTypeValidationContext
instanceKlass org/gradle/api/internal/GeneratedSubclasses
instanceKlass org/gradle/internal/execution/steps/ValidateStep$1
instanceKlass org/gradle/internal/MutableReference
instanceKlass org/gradle/internal/execution/steps/AbstractCaptureStateBeforeExecutionStep$Operation$Result$1
instanceKlass org/gradle/internal/execution/steps/AbstractCaptureStateBeforeExecutionStep$Operation$Result
instanceKlass org/gradle/internal/execution/history/impl/AbstractInputExecutionState
instanceKlass org/gradle/internal/execution/history/PreviousExecutionState
instanceKlass org/gradle/internal/snapshot/impl/SerializedLambdaQueries
instanceKlass org/gradle/internal/snapshot/impl/ImplementationSnapshot
instanceKlass org/gradle/internal/execution/steps/AbstractCaptureStateBeforeExecutionStep$ImplementationsBuilder
instanceKlass org/gradle/internal/snapshot/FileSystemSnapshot$1
instanceKlass org/gradle/internal/execution/UnitOfWork$OutputFileValueSupplier
instanceKlass org/gradle/internal/execution/UnitOfWork$FileValueSupplier
instanceKlass org/gradle/api/tasks/TaskDependency
instanceKlass org/gradle/internal/execution/steps/CaptureNonIncrementalStateBeforeExecutionStep$1
instanceKlass org/gradle/internal/execution/steps/AbstractCaptureStateBeforeExecutionStep$Operation$Details$1
instanceKlass org/gradle/internal/execution/steps/AbstractCaptureStateBeforeExecutionStep$Operation$Details
instanceKlass org/gradle/internal/vfs/impl/VersionHierarchy$2
instanceKlass org/gradle/internal/snapshot/AbstractInvalidateChildHandler
instanceKlass org/gradle/internal/snapshot/AbstractIncompleteFileSystemNode$1
instanceKlass org/gradle/internal/execution/workspace/ImmutableWorkspaceProvider$ImmutableWorkspace$TemporaryWorkspaceAction
instanceKlass org/gradle/internal/execution/steps/AssignImmutableWorkspaceStep$2
instanceKlass org/gradle/internal/snapshot/MetadataSnapshot$1
instanceKlass org/gradle/internal/file/impl/DefaultFileMetadata$1
instanceKlass org/gradle/internal/execution/workspace/impl/CacheBasedImmutableWorkspaceProvider$1
instanceKlass org/gradle/internal/execution/steps/IdentifyStep$1
instanceKlass org/gradle/internal/execution/steps/IdentifyStep$Operation$Result
instanceKlass org/gradle/internal/execution/UnitOfWork$Identity
instanceKlass org/gradle/internal/execution/impl/DefaultInputFingerprinter$InputFingerprints
instanceKlass org/gradle/internal/execution/UnitOfWork$ValueSupplier
instanceKlass org/gradle/internal/execution/InputFingerprinter$Result
instanceKlass org/gradle/internal/execution/impl/DefaultInputFingerprinter$InputCollectingVisitor
instanceKlass org/gradle/internal/execution/steps/BuildOperationStep$1
instanceKlass org/gradle/internal/execution/steps/IdentifyStep$2
instanceKlass org/gradle/internal/execution/steps/IdentifyStep$Operation$Details
instanceKlass org/gradle/internal/execution/impl/DefaultWorkValidationContext
instanceKlass org/gradle/internal/execution/impl/DefaultExecutionEngine$1
instanceKlass org/gradle/internal/execution/UnitOfWork$WorkOutput
instanceKlass org/gradle/internal/scripts/BuildScriptCompilationAndInstrumentation
instanceKlass org/gradle/internal/execution/ImmutableUnitOfWork
instanceKlass org/gradle/groovy/scripts/internal/ScriptCacheKey
instanceKlass org/gradle/groovy/scripts/internal/NoDataCompileOperation
instanceKlass java/util/zip/ZipFile$ZipEntryIterator
instanceKlass org/codehaus/groovy/control/CompilationUnit$SourceUnitOperation
instanceKlass org/codehaus/groovy/control/CompilationUnit$ISourceUnitOperation
instanceKlass org/codehaus/groovy/control/CompilationUnit$PhaseOperation
instanceKlass org/gradle/groovy/scripts/internal/Permits
instanceKlass org/codehaus/groovy/ast/GroovyCodeVisitor
instanceKlass org/gradle/plugin/use/internal/PluginUseScriptBlockMetadataCompiler
instanceKlass org/codehaus/groovy/ast/ASTNode
instanceKlass org/codehaus/groovy/ast/NodeMetaDataHandler
instanceKlass groovy/lang/groovydoc/GroovydocHolder
instanceKlass org/gradle/groovy/scripts/internal/InitialPassStatementTransformer
instanceKlass org/gradle/internal/resource/CachingTextResource
instanceKlass org/gradle/groovy/scripts/DelegatingScriptSource
instanceKlass org/gradle/groovy/scripts/DefaultScriptCompilerFactory$ScriptCompilerImpl
instanceKlass org/gradle/configuration/DefaultScriptTarget
instanceKlass org/gradle/util/internal/TextUtil$1
instanceKlass org/gradle/util/internal/TextUtil
instanceKlass org/gradle/configuration/BuildOperationScriptPlugin$OperationDetails
instanceKlass org/gradle/configuration/BuildOperationScriptPlugin$1
instanceKlass org/gradle/internal/code/DefaultUserCodeApplicationContext$CurrentApplication
instanceKlass org/gradle/internal/code/UserCodeApplicationContext$Application
instanceKlass org/gradle/internal/code/UserCodeApplicationId
instanceKlass org/gradle/internal/code/DefaultUserCodeSource
instanceKlass org/gradle/configuration/BuildOperationScriptPlugin$2
instanceKlass org/gradle/internal/code/UserCodeSource
instanceKlass org/gradle/configuration/ApplyScriptPluginBuildOperationType$Result
instanceKlass org/gradle/configuration/BuildOperationScriptPlugin
instanceKlass org/gradle/internal/scripts/GradleScript
instanceKlass org/gradle/api/Script
instanceKlass org/gradle/configuration/ScriptTarget
instanceKlass org/gradle/configuration/DefaultScriptPluginFactory$ScriptPluginImpl
instanceKlass org/gradle/api/attributes/DocsType
instanceKlass org/gradle/api/internal/artifacts/JavaEcosystemAttributesDescriber
instanceKlass org/gradle/api/internal/artifacts/JavaEcosystemSupport$TargetJvmEnvironmentDisambiguationRules
instanceKlass org/gradle/api/internal/artifacts/JavaEcosystemSupport$TargetJvmEnvironmentCompatibilityRules
instanceKlass org/gradle/api/attributes/java/TargetJvmEnvironment
instanceKlass org/gradle/api/internal/attributes/DefaultOrderedDisambiguationRule
instanceKlass org/gradle/api/internal/attributes/DefaultOrderedCompatibilityRule
instanceKlass org/gradle/api/internal/attributes/AttributeMatchingRules
instanceKlass org/gradle/api/attributes/java/TargetJvmVersion
instanceKlass org/gradle/api/internal/artifacts/JavaEcosystemSupport$BundlingDisambiguationRules
instanceKlass org/gradle/api/internal/artifacts/JavaEcosystemSupport$BundlingCompatibilityRules
instanceKlass org/gradle/api/attributes/Bundling
instanceKlass org/gradle/api/internal/artifacts/JavaEcosystemSupport$LibraryElementsDisambiguationRules
instanceKlass org/gradle/api/internal/artifacts/JavaEcosystemSupport$LibraryElementsCompatibilityRules
instanceKlass org/gradle/api/internal/artifacts/JavaEcosystemSupport$1
instanceKlass org/gradle/api/internal/artifacts/JavaEcosystemSupport$UsageDisambiguationRules
instanceKlass org/gradle/api/internal/artifacts/JavaEcosystemSupport$UsageCompatibilityRules
instanceKlass org/gradle/api/internal/artifacts/JavaEcosystemSupport
instanceKlass org/gradle/internal/locking/DefaultDependencyLockingHandler
instanceKlass org/gradle/api/internal/artifacts/ivyservice/moduleconverter/DefaultRootComponentMetadataBuilder$MetadataHolder
instanceKlass org/gradle/api/internal/artifacts/ivyservice/moduleconverter/RootComponentMetadataBuilder$RootComponentState
instanceKlass org/gradle/api/internal/artifacts/configurations/DefaultConfigurationRole
instanceKlass org/gradle/api/internal/artifacts/configurations/ConfigurationRoles
instanceKlass org/gradle/api/internal/artifacts/configurations/ConfigurationRole
instanceKlass org/gradle/api/artifacts/DependencyScopeConfiguration
instanceKlass org/gradle/api/artifacts/ConsumableConfiguration
instanceKlass org/gradle/api/artifacts/ResolvableConfiguration
instanceKlass org/gradle/api/internal/file/AbstractFileCollection
instanceKlass org/gradle/api/internal/initialization/ResettableConfiguration
instanceKlass org/gradle/api/internal/artifacts/configurations/MutationValidator
instanceKlass org/gradle/api/internal/artifacts/configurations/ConfigurationInternal
instanceKlass org/gradle/internal/deprecation/DeprecatableConfiguration
instanceKlass org/gradle/api/internal/artifacts/ResolveContext
instanceKlass org/gradle/internal/artifacts/configurations/AbstractRoleBasedConfigurationCreationRequest
instanceKlass org/gradle/api/internal/artifacts/configurations/RoleBasedConfigurationCreationRequest
instanceKlass org/gradle/api/internal/AbstractTask
instanceKlass org/gradle/api/internal/TaskInternal
instanceKlass org/gradle/api/internal/file/copy/CopySpecSource
instanceKlass org/gradle/api/file/CopySpec
instanceKlass org/gradle/api/file/CopyProcessingSpec
instanceKlass org/gradle/api/file/ContentFilterable
instanceKlass org/gradle/api/file/CopySourceSpec
instanceKlass org/gradle/api/artifacts/ConfigurablePublishArtifact
instanceKlass org/gradle/api/internal/artifacts/ivyservice/ShortCircuitEmptyConfigurationResolver
instanceKlass org/gradle/api/artifacts/ResolvedConfiguration
instanceKlass org/gradle/api/internal/artifacts/ivyservice/LenientConfigurationInternal
instanceKlass org/gradle/api/internal/artifacts/ResolverResults$LegacyResolverResults$LegacyVisitedArtifactSet
instanceKlass org/gradle/api/artifacts/LenientConfiguration
instanceKlass org/gradle/api/internal/artifacts/ivyservice/resolveengine/oldresult/ResolvedConfigurationBuilder
instanceKlass org/gradle/api/internal/artifacts/ivyservice/resolveengine/artifact/VisitedArtifactSet
instanceKlass org/gradle/api/internal/artifacts/ivyservice/resolveengine/graph/results/VisitedGraphResults
instanceKlass org/gradle/api/internal/artifacts/ivyservice/resolveengine/artifact/DependencyArtifactsVisitor
instanceKlass org/gradle/api/internal/artifacts/ivyservice/resolveengine/graph/DependencyGraphVisitor
instanceKlass org/gradle/api/internal/artifacts/ivyservice/DefaultConfigurationResolver
instanceKlass org/gradle/api/internal/file/DefaultFileSystemLocation
instanceKlass org/gradle/api/resources/TextResource
instanceKlass org/gradle/internal/locking/LockFileReaderWriter
instanceKlass org/gradle/api/internal/provider/AbstractCollectionProperty$NoValueSupplier
instanceKlass org/gradle/api/internal/provider/AbstractCollectionProperty$EmptySupplier
instanceKlass org/gradle/api/internal/provider/ValidatingValueCollector
instanceKlass org/gradle/api/internal/lambdas/SerializableLambdas$SerializableSupplier
instanceKlass org/gradle/api/internal/provider/CollectionSupplier
instanceKlass org/gradle/api/internal/file/FileSystemLocationPropertyInternal
instanceKlass org/gradle/api/internal/artifacts/dsl/dependencies/LockEntryFilter
instanceKlass org/gradle/internal/locking/LockEntryFilterFactory
instanceKlass org/gradle/internal/locking/DependencyLockingNotationConverter
instanceKlass org/gradle/api/internal/artifacts/dsl/dependencies/DependencyLockingState
instanceKlass org/gradle/internal/locking/DefaultDependencyLockingProvider
instanceKlass org/gradle/api/internal/artifacts/ivyservice/ivyresolve/ChangingValueDependencyResolutionListener$1
instanceKlass org/gradle/api/internal/artifacts/configurations/dynamicversion/Expiry
instanceKlass org/gradle/api/artifacts/component/ModuleComponentSelector
instanceKlass org/gradle/api/internal/artifacts/ivyservice/ivyresolve/ChangingValueDependencyResolutionListener
instanceKlass org/gradle/api/internal/artifacts/DependencyManagementBuildScopeServices$2
instanceKlass org/gradle/api/artifacts/ComponentMetadata
instanceKlass org/gradle/api/internal/artifacts/ivyservice/modulecache/ResolvedArtifactCaches
instanceKlass org/gradle/api/internal/artifacts/ivyservice/modulecache/artifacts/InMemoryModuleArtifactCache
instanceKlass org/gradle/api/internal/artifacts/ivyservice/modulecache/artifacts/DefaultModuleArtifactCache$CachedArtifactSerializer
instanceKlass org/gradle/api/internal/artifacts/ivyservice/modulecache/artifacts/DefaultModuleArtifactCache$ArtifactAtRepositoryKeySerializer
instanceKlass org/gradle/api/internal/artifacts/ivyservice/modulecache/artifacts/CachedArtifact
instanceKlass org/gradle/api/internal/artifacts/ivyservice/modulecache/artifacts/CachedArtifacts
instanceKlass org/gradle/api/internal/artifacts/ivyservice/modulecache/ModuleMetadataStore
instanceKlass org/gradle/api/internal/artifacts/ivyservice/modulecache/ModuleMetadataCache$CachedMetadata
instanceKlass org/gradle/api/internal/artifacts/ivyservice/modulecache/dynamicversions/ModuleVersionsCache$CachedModuleVersionList
instanceKlass org/gradle/api/internal/artifacts/DependencyManagementBuildScopeServices$1
instanceKlass it/unimi/dsi/fastutil/longs/Long2ObjectFunctions$SynchronizedFunction
instanceKlass it/unimi/dsi/fastutil/longs/Long2ObjectMaps
instanceKlass it/unimi/dsi/fastutil/HashCommon
instanceKlass it/unimi/dsi/fastutil/longs/Long2ObjectMap$FastEntrySet
instanceKlass it/unimi/dsi/fastutil/objects/ObjectSet
instanceKlass it/unimi/dsi/fastutil/longs/LongSet
instanceKlass it/unimi/dsi/fastutil/longs/LongCollection
instanceKlass it/unimi/dsi/fastutil/longs/LongIterable
instanceKlass it/unimi/dsi/fastutil/objects/ObjectCollection
instanceKlass it/unimi/dsi/fastutil/objects/ObjectIterable
instanceKlass it/unimi/dsi/fastutil/longs/AbstractLong2ObjectFunction
instanceKlass it/unimi/dsi/fastutil/Hash
instanceKlass org/gradle/api/internal/artifacts/DependencyManagementBuildScopeServices$3
instanceKlass org/gradle/api/internal/artifacts/verification/signatures/SignatureVerificationService
instanceKlass org/gradle/security/internal/PublicKeyService
instanceKlass org/gradle/api/internal/artifacts/verification/signatures/DefaultSignatureVerificationServiceFactory
instanceKlass org/gradle/internal/model/CalculatedValueContainerFactory$DefaultCalculatedValueCache
instanceKlass org/gradle/api/internal/attributes/AbstractAttributeContainer
instanceKlass org/gradle/api/internal/artifacts/type/DefaultArtifactTypeRegistry
instanceKlass org/gradle/api/internal/artifacts/transform/TransformedProjectArtifactSet
instanceKlass org/gradle/api/internal/artifacts/ivyservice/resolveengine/artifact/ResolvedArtifactSet$Artifacts
instanceKlass org/gradle/api/internal/artifacts/transform/AbstractTransformedArtifactSet
instanceKlass org/gradle/api/internal/artifacts/transform/TransformedArtifactSet
instanceKlass org/gradle/api/internal/artifacts/transform/TransformUpstreamDependenciesResolverFactory
instanceKlass org/gradle/api/internal/artifacts/transform/DefaultTransformedVariantFactory$Factory
instanceKlass org/gradle/api/internal/artifacts/transform/ConsumerProvidedVariantFinder$TransformCache
instanceKlass org/gradle/api/internal/attributes/DefaultAttributesSchema$DefaultAttributeSelectionSchema
instanceKlass org/gradle/internal/component/model/DefaultAttributeMatcher
instanceKlass org/gradle/api/internal/artifacts/transform/ConsumerProvidedVariantFinder$CachingAttributeMatcher
instanceKlass org/gradle/api/artifacts/transform/TransformParameters$None
instanceKlass org/gradle/api/artifacts/transform/TransformParameters
instanceKlass org/gradle/api/artifacts/transform/TransformAction
instanceKlass org/gradle/api/artifacts/transform/TransformSpec
instanceKlass org/gradle/api/internal/artifacts/transform/DefaultVariantTransformRegistry$RecordingRegistration
instanceKlass org/gradle/api/internal/artifacts/transform/DefaultVariantTransformRegistry
instanceKlass org/gradle/api/internal/artifacts/TransformRegistration
instanceKlass org/gradle/api/internal/artifacts/transform/Transform
instanceKlass org/gradle/internal/properties/PropertyVisitor
instanceKlass org/gradle/api/internal/artifacts/transform/DefaultTransformRegistrationFactory
instanceKlass org/gradle/api/reflect/InjectionPointQualifier
instanceKlass org/gradle/internal/buildoption/StringInternalOption
instanceKlass org/gradle/api/internal/artifacts/transform/DefaultTransformInvocationFactory
instanceKlass org/gradle/api/internal/artifacts/DefaultDependencyManagementServices$TransformGradleUserHomeServices$1
instanceKlass org/gradle/api/internal/artifacts/DependencyManagementGradleUserHomeScopeServices$3
instanceKlass org/gradle/cache/ManualEvictionInMemoryCache
instanceKlass org/gradle/cache/internal/DefaultCrossBuildInMemoryCacheFactory$CrossBuildCacheRetainingDataFromPreviousBuild
instanceKlass org/gradle/api/internal/artifacts/dsl/dependencies/GradlePluginVariantsSupport$TargetGradleVersionDisambiguationRule
instanceKlass org/gradle/api/internal/attributes/DefaultCompatibilityRuleChain$ExceptionHandler
instanceKlass org/gradle/api/internal/artifacts/dsl/dependencies/GradlePluginVariantsSupport$TargetGradleVersionCompatibilityRule
instanceKlass org/gradle/api/attributes/AttributeCompatibilityRule
instanceKlass org/gradle/api/attributes/plugin/GradlePluginApiVersion
instanceKlass org/gradle/api/internal/artifacts/dsl/dependencies/GradlePluginVariantsSupport
instanceKlass org/gradle/api/internal/attributes/DefaultDisambiguationRuleChain$ExceptionHandler
instanceKlass org/gradle/internal/action/DefaultConfigurableRules
instanceKlass org/gradle/internal/action/ConfigurableRules
instanceKlass org/gradle/api/artifacts/CacheableRule
instanceKlass org/gradle/internal/snapshot/impl/AbstractArraySnapshot
instanceKlass org/gradle/internal/snapshot/impl/AbstractScalarValueSnapshot
instanceKlass org/gradle/api/internal/DefaultActionConfiguration
instanceKlass org/gradle/internal/action/DefaultConfigurableRule
instanceKlass org/gradle/internal/action/InstantiatingAction
instanceKlass org/gradle/api/ActionConfiguration
instanceKlass org/gradle/api/internal/artifacts/dsl/dependencies/PlatformSupport$ComponentCategoryDisambiguationRule
instanceKlass org/gradle/api/internal/ReusableAction
instanceKlass org/gradle/api/attributes/AttributeDisambiguationRule
instanceKlass org/gradle/api/internal/attributes/MultipleCandidatesResult
instanceKlass org/gradle/api/attributes/MultipleCandidatesDetails
instanceKlass org/gradle/api/internal/attributes/DefaultDisambiguationRuleChain
instanceKlass org/gradle/api/internal/attributes/CompatibilityCheckResult
instanceKlass org/gradle/api/attributes/CompatibilityCheckDetails
instanceKlass org/gradle/internal/action/InstantiatingAction$ExceptionHandler
instanceKlass org/gradle/api/internal/attributes/DefaultCompatibilityRuleChain
instanceKlass org/gradle/api/attributes/CompatibilityRuleChain
instanceKlass org/gradle/api/attributes/DisambiguationRuleChain
instanceKlass org/gradle/api/internal/attributes/DefaultAttributeMatchingStrategy
instanceKlass org/gradle/api/attributes/AttributeMatchingStrategy
instanceKlass org/gradle/internal/component/model/AttributeMatcher
instanceKlass org/gradle/internal/component/model/AttributeSelectionSchema
instanceKlass org/gradle/api/internal/attributes/DefaultAttributesSchema
instanceKlass org/gradle/api/internal/artifacts/ivyservice/resolveengine/store/StoreSet
instanceKlass org/gradle/api/internal/artifacts/DefaultGlobalDependencyResolutionRules$CompositeDependencySubstitutionRules
instanceKlass org/gradle/api/internal/artifacts/DefaultGlobalDependencyResolutionRules
instanceKlass org/gradle/api/artifacts/ComponentModuleMetadataDetails
instanceKlass org/gradle/api/artifacts/ComponentModuleMetadata
instanceKlass org/gradle/api/internal/artifacts/dsl/ComponentModuleMetadataContainer
instanceKlass org/gradle/api/internal/artifacts/dsl/ModuleReplacementsData
instanceKlass org/gradle/internal/component/external/model/AbstractStatelessDerivationStrategy
instanceKlass org/gradle/api/internal/artifacts/dsl/MetadataRuleWrapper
instanceKlass org/gradle/api/internal/notations/ComponentIdentifierParserFactory
instanceKlass org/gradle/api/artifacts/DependencyConstraintMetadata
instanceKlass org/gradle/api/internal/catalog/parser/StrictVersionParser
instanceKlass org/gradle/api/internal/notations/DependencyStringNotationConverter
instanceKlass org/gradle/api/internal/notations/DependencyMetadataNotationParser
instanceKlass org/gradle/api/internal/artifacts/repositories/resolver/AbstractDependencyImpl
instanceKlass org/gradle/api/artifacts/DirectDependencyMetadata
instanceKlass org/gradle/api/artifacts/DependencyMetadata
instanceKlass org/gradle/internal/rules/DefaultRuleActionAdapter
instanceKlass org/gradle/api/artifacts/maven/PomModuleDescriptor
instanceKlass org/gradle/api/artifacts/ivy/IvyModuleDescriptor
instanceKlass org/gradle/internal/rules/DefaultRuleActionValidator
instanceKlass org/gradle/api/internal/artifacts/dsl/ComponentMetadataRuleContainer
instanceKlass org/gradle/api/internal/artifacts/dsl/SpecConfigurableRule
instanceKlass org/gradle/internal/action/ConfigurableRule
instanceKlass org/gradle/internal/rules/RuleAction
instanceKlass org/gradle/internal/rules/SpecRuleAction
instanceKlass org/gradle/api/internal/artifacts/ComponentMetadataProcessor
instanceKlass org/gradle/internal/rules/RuleActionAdapter
instanceKlass org/gradle/internal/rules/RuleActionValidator
instanceKlass org/gradle/api/attributes/Category$Impl
instanceKlass org/gradle/api/attributes/Category
instanceKlass org/gradle/internal/resolve/caching/CrossBuildCachingRuleExecutor$AnySerializer
instanceKlass org/gradle/internal/resolve/caching/CrossBuildCachingRuleExecutor$CachedEntry
instanceKlass org/gradle/api/internal/artifacts/configurations/dynamicversion/CachePolicy
instanceKlass org/gradle/internal/resolve/caching/CrossBuildCachingRuleExecutor$EntryValidator
instanceKlass org/gradle/api/artifacts/ResolvedModuleVersion
instanceKlass org/gradle/internal/resolve/caching/ImplicitInputRecorder
instanceKlass org/gradle/internal/component/model/ModuleConfigurationMetadata
instanceKlass org/gradle/internal/component/model/VariantResolveMetadata
instanceKlass org/gradle/internal/component/model/VariantGraphResolveMetadata$Subvariant
instanceKlass org/gradle/internal/component/model/ConfigurationMetadata
instanceKlass org/gradle/internal/component/model/VariantArtifactGraphResolveMetadata
instanceKlass org/gradle/internal/component/external/model/AbstractRealisedModuleResolveMetadataSerializationHelper
instanceKlass org/gradle/api/internal/artifacts/ModuleComponentSelectorSerializer
instanceKlass org/gradle/api/internal/artifacts/ivyservice/modulecache/ModuleMetadataSerializer
instanceKlass org/gradle/internal/component/external/model/VirtualComponentIdentifier
instanceKlass org/gradle/internal/component/external/model/ModuleComponentResolveMetadata
instanceKlass org/gradle/internal/component/external/model/ModuleComponentGraphResolveMetadata
instanceKlass org/gradle/internal/component/external/model/ExternalComponentGraphResolveMetadata
instanceKlass org/gradle/internal/component/model/ComponentGraphResolveMetadata
instanceKlass org/gradle/internal/component/external/model/ExternalComponentResolveMetadata
instanceKlass org/gradle/internal/component/model/ModuleSources
instanceKlass org/gradle/api/internal/artifacts/ivyservice/ivyresolve/ModuleDescriptorHashCodec
instanceKlass org/gradle/api/internal/artifacts/repositories/metadata/MetadataFileSource
instanceKlass org/gradle/internal/component/model/PersistentModuleSource
instanceKlass org/gradle/internal/component/model/ModuleSource
instanceKlass org/gradle/api/internal/artifacts/repositories/metadata/DefaultMetadataFileSourceCodec
instanceKlass org/gradle/internal/component/model/PersistentModuleSource$Codec
instanceKlass com/google/common/collect/MapMakerInternalMap$StrongKeyDummyValueEntry$Helper
instanceKlass org/gradle/api/Namer$Comparator
instanceKlass org/gradle/api/internal/collections/SortedSetElementSource
instanceKlass org/gradle/api/Named$Namer
instanceKlass org/gradle/api/reflect/TypeOf
instanceKlass groovy/lang/Buildable
instanceKlass groovy/lang/Writable
instanceKlass org/gradle/internal/management/DefaultDependencyResolutionManagement$ComponentMetadataRulesRegistar
instanceKlass org/gradle/declarative/dsl/model/annotations/Configuring
instanceKlass org/gradle/declarative/dsl/model/annotations/Restricted
instanceKlass org/gradle/api/initialization/dsl/VersionCatalogBuilder
instanceKlass org/gradle/api/reflect/HasPublicType
instanceKlass org/gradle/api/initialization/resolve/MutableVersionCatalogContainer
instanceKlass org/gradle/internal/management/DefaultDependencyResolutionManagement
instanceKlass org/gradle/api/internal/collections/AbstractIterationOrderRetainingElementSource$RealizedElementCollectionIterator
instanceKlass org/gradle/api/internal/DefaultNamedDomainObjectCollection$UnfilteredIndex
instanceKlass org/gradle/api/internal/lambdas/SerializableLambdas
instanceKlass org/gradle/api/internal/lambdas/SerializableLambdas$SerializableAction
instanceKlass org/gradle/api/internal/collections/DefaultCollectionEventRegister
instanceKlass org/gradle/api/internal/collections/AbstractIterationOrderRetainingElementSource$ValuePointer
instanceKlass org/gradle/api/internal/provider/Collector
instanceKlass org/gradle/api/internal/collections/AbstractIterationOrderRetainingElementSource
instanceKlass org/gradle/api/internal/artifacts/DefaultArtifactRepositoryContainer$RepositoryNamer
instanceKlass java/lang/SafeVarargs
instanceKlass org/gradle/declarative/dsl/model/annotations/Adding
instanceKlass com/google/common/reflect/Types$WildcardTypeImpl
instanceKlass sun/reflect/generics/tree/ArrayTypeSignature
instanceKlass sun/reflect/generics/tree/IntSignature
instanceKlass java/lang/Class$EnclosingMethodInfo
instanceKlass com/google/common/reflect/Types$ClassOwnership$1LocalClass
instanceKlass com/google/common/reflect/Types$ParameterizedTypeImpl
instanceKlass com/google/common/reflect/Types
instanceKlass com/google/common/reflect/TypeResolver$TypeVariableKey
instanceKlass com/google/common/reflect/TypeResolver$TypeTable
instanceKlass com/google/common/reflect/TypeResolver
instanceKlass java/lang/reflect/AnnotatedType
instanceKlass com/google/common/reflect/TypeVisitor
instanceKlass com/google/common/reflect/Invokable
instanceKlass java/lang/invoke/SerializedLambda
instanceKlass org/gradle/api/internal/collections/CollectionFilter
instanceKlass org/gradle/api/artifacts/repositories/RepositoryContentDescriptor
instanceKlass org/gradle/api/artifacts/repositories/InclusiveRepositoryContentDescriptor
instanceKlass org/gradle/api/artifacts/repositories/IvyArtifactRepository
instanceKlass org/gradle/api/artifacts/repositories/FlatDirectoryArtifactRepository
instanceKlass org/gradle/api/artifacts/repositories/MavenArtifactRepository
instanceKlass org/gradle/api/artifacts/repositories/MetadataSupplierAware
instanceKlass org/gradle/api/artifacts/repositories/AuthenticationSupported
instanceKlass org/gradle/api/artifacts/repositories/UrlArtifactRepository
instanceKlass org/gradle/api/internal/collections/IndexedElementSource
instanceKlass org/gradle/api/Rule
instanceKlass org/gradle/api/NamedDomainObjectCollectionSchema
instanceKlass org/gradle/api/internal/DefaultNamedDomainObjectCollection$Index
instanceKlass org/gradle/api/internal/collections/ElementSource
instanceKlass org/gradle/api/internal/collections/PendingSource
instanceKlass org/gradle/api/internal/collections/CollectionEventRegister
instanceKlass org/gradle/api/internal/collections/EventSubscriptionVerifier
instanceKlass org/gradle/api/internal/artifacts/dsl/RepositoryHandlerInternal
instanceKlass org/gradle/api/internal/artifacts/ivyservice/ivyresolve/parser/GradleModuleMetadataParser
instanceKlass org/gradle/api/internal/artifacts/ivyservice/ivyresolve/strategy/MavenVersionSelectorScheme
instanceKlass org/gradle/api/internal/artifacts/ivyservice/ivyresolve/parser/PomParent
instanceKlass org/gradle/internal/component/external/model/ModuleDependencyMetadata
instanceKlass org/gradle/api/internal/artifacts/ivyservice/ivyresolve/parser/AbstractModuleDescriptorParser
instanceKlass org/gradle/api/artifacts/repositories/AuthenticationContainer
instanceKlass org/gradle/api/artifacts/repositories/ArtifactRepository
instanceKlass org/gradle/api/internal/artifacts/repositories/DefaultBaseRepositoryFactory
instanceKlass org/gradle/api/internal/provider/CredentialsProviderFactory
instanceKlass org/gradle/api/provider/ValueSourceSpec
instanceKlass org/gradle/api/file/FileContents
instanceKlass org/gradle/process/ExecOutput
instanceKlass org/gradle/api/internal/provider/DefaultProviderFactory
instanceKlass org/gradle/api/internal/provider/sources/process/DelegatingExecSpec
instanceKlass org/gradle/api/internal/provider/sources/process/DelegatingJavaExecSpec
instanceKlass org/gradle/api/internal/provider/sources/process/ProviderCompatibleBaseExecSpec
instanceKlass org/gradle/api/internal/provider/sources/process/DelegatingBaseExecSpec
instanceKlass org/gradle/process/internal/DefaultExecSpecFactory
instanceKlass org/gradle/api/internal/provider/ValueSourceProviderFactory$ComputationListener
instanceKlass org/gradle/api/internal/provider/ValueSourceProviderFactory$ValueListener
instanceKlass org/gradle/api/provider/ValueSourceParameters$None
instanceKlass org/gradle/api/provider/ValueSourceParameters
instanceKlass org/gradle/api/provider/ValueSource
instanceKlass org/gradle/internal/isolated/IsolationScheme
instanceKlass org/gradle/api/internal/provider/DefaultValueSourceProviderFactory
instanceKlass org/gradle/process/internal/ExecHandleListener
instanceKlass org/gradle/process/internal/DefaultExecActionFactory$BuilderImpl
instanceKlass org/gradle/process/internal/ExecFactory$Builder
instanceKlass org/gradle/cache/internal/DefaultFileContentCacheFactory$DefaultFileContentCache
instanceKlass org/gradle/internal/jvm/JavaModuleDetector$ModuleInfoLocator
instanceKlass org/gradle/cache/internal/FileContentCache
instanceKlass org/gradle/cache/internal/DefaultFileContentCacheFactory
instanceKlass org/gradle/internal/component/external/descriptor/Configuration
instanceKlass org/gradle/api/internal/artifacts/repositories/metadata/DefaultMavenImmutableAttributesFactory
instanceKlass org/gradle/internal/component/external/model/PreferJavaRuntimeVariant$PreferJarVariantUsageDisambiguationRule
instanceKlass org/gradle/internal/component/external/model/PreferJavaRuntimeVariant$PreferRuntimeVariantUsageDisambiguationRule
instanceKlass org/gradle/api/attributes/LibraryElements$Impl
instanceKlass org/gradle/api/attributes/Usage$Impl
instanceKlass org/gradle/model/internal/type/ClassTypeWrapper
instanceKlass org/gradle/model/internal/type/TypeWrapper
instanceKlass org/gradle/model/internal/type/ModelType
instanceKlass org/gradle/model/internal/inspect/FormattingValidationProblemCollector
instanceKlass org/gradle/api/attributes/LibraryElements
instanceKlass org/gradle/api/attributes/Usage
instanceKlass org/gradle/api/internal/attributes/EmptySchema$DoNothingDisambiguationRule
instanceKlass org/gradle/api/internal/attributes/EmptySchema$DoNothingCompatibilityRule
instanceKlass org/gradle/api/internal/attributes/DisambiguationRule
instanceKlass org/gradle/api/internal/attributes/CompatibilityRule
instanceKlass org/gradle/internal/resource/local/CompositeLocallyAvailableResourceFinder
instanceKlass org/gradle/util/internal/MavenUtil
instanceKlass org/gradle/api/internal/artifacts/repositories/resolver/AbstractResourcePattern
instanceKlass org/gradle/internal/resource/local/LocallyAvailableResourceCandidates
instanceKlass org/gradle/internal/resource/local/AbstractLocallyAvailableResourceFinder
instanceKlass org/gradle/api/internal/artifacts/repositories/resolver/ResourcePattern
instanceKlass org/gradle/internal/resource/local/ivy/LocallyAvailableResourceFinderFactory
instanceKlass org/gradle/api/internal/artifacts/repositories/transport/RepositoryTransport
instanceKlass org/gradle/api/internal/artifacts/ivyservice/resolutionstrategy/ExternalResourceCachePolicy
instanceKlass org/gradle/internal/resource/connector/ResourceConnectorSpecification
instanceKlass org/gradle/api/internal/filestore/DefaultArtifactIdentifierFileStore$1
instanceKlass org/gradle/internal/resource/cached/CachedExternalResource
instanceKlass org/gradle/internal/resource/metadata/ExternalResourceMetaData
instanceKlass org/gradle/internal/resource/cached/DefaultCachedExternalResourceIndex$CachedExternalResourceSerializer
instanceKlass org/gradle/internal/resource/cached/CachedItem
instanceKlass org/gradle/api/file/FileVisitor
instanceKlass org/gradle/internal/resource/local/LocallyAvailableResource
instanceKlass org/gradle/internal/resource/local/DefaultPathKeyFileStore
instanceKlass org/gradle/api/Namer
instanceKlass org/gradle/internal/resource/cached/DefaultExternalResourceFileStore$1
instanceKlass org/gradle/internal/resource/local/GroupedAndNamedUniqueFileStore$Grouper
instanceKlass org/gradle/internal/resource/local/PathKeyFileStore
instanceKlass org/gradle/internal/hash/ChecksumHasher
instanceKlass org/gradle/internal/hash/DefaultChecksumService
instanceKlass org/gradle/api/internal/artifacts/mvnsettings/DefaultLocalMavenRepositoryLocator$CurrentSystemPropertyAccess
instanceKlass org/gradle/api/internal/artifacts/mvnsettings/DefaultLocalMavenRepositoryLocator$SystemPropertyAccess
instanceKlass org/gradle/api/internal/artifacts/mvnsettings/DefaultLocalMavenRepositoryLocator
instanceKlass org/gradle/api/internal/artifacts/mvnsettings/DefaultMavenFileLocations
instanceKlass org/apache/maven/settings/building/SettingsBuildingRequest
instanceKlass org/apache/maven/settings/io/SettingsReader
instanceKlass org/gradle/api/internal/artifacts/mvnsettings/DefaultMavenSettingsProvider
instanceKlass org/gradle/api/internal/artifacts/ivyservice/resolveengine/graph/builder/EdgeState
instanceKlass org/gradle/api/internal/artifacts/ivyservice/resolveengine/graph/DependencyGraphEdge
instanceKlass org/gradle/api/internal/artifacts/ivyservice/resolveengine/graph/ResolvedGraphDependency
instanceKlass org/gradle/internal/component/resolution/failure/type/AbstractConfigurationSelectionFailure
instanceKlass org/gradle/api/internal/artifacts/transform/TransformedVariant
instanceKlass org/gradle/api/internal/artifacts/ivyservice/resolveengine/artifact/ResolvedVariant
instanceKlass org/gradle/internal/component/resolution/failure/StyledAttributeDescriber
instanceKlass org/gradle/api/internal/attributes/AttributeDescriber
instanceKlass org/gradle/internal/logging/text/TreeFormatter
instanceKlass org/gradle/internal/component/resolution/failure/ResolutionCandidateAssessor$AssessedAttribute
instanceKlass org/gradle/internal/component/resolution/failure/ResolutionCandidateAssessor$AssessedCandidate
instanceKlass org/gradle/internal/component/resolution/failure/describer/AbstractResolutionFailureDescriber
instanceKlass org/gradle/internal/component/resolution/failure/describer/ResolutionFailureDescriber
instanceKlass org/gradle/internal/component/resolution/failure/type/AbstractVariantSelectionFailure
instanceKlass org/gradle/internal/component/resolution/failure/type/ResolutionFailure
instanceKlass org/gradle/internal/component/resolution/failure/ResolutionFailureDescriberRegistry
instanceKlass org/gradle/api/internal/artifacts/ivyservice/resolveengine/excludes/simple/DefaultExcludeNothing
instanceKlass org/gradle/api/internal/artifacts/ivyservice/resolveengine/excludes/specs/ExcludeNothing
instanceKlass org/gradle/api/internal/artifacts/ivyservice/resolveengine/excludes/factories/Unions
instanceKlass org/gradle/api/internal/artifacts/ivyservice/resolveengine/excludes/specs/ModuleExclude
instanceKlass org/gradle/api/internal/artifacts/ivyservice/resolveengine/excludes/specs/ModuleIdSetExclude
instanceKlass org/gradle/api/internal/artifacts/ivyservice/resolveengine/excludes/specs/ModuleIdExclude
instanceKlass org/gradle/api/internal/artifacts/ivyservice/resolveengine/excludes/specs/GroupExclude
instanceKlass org/gradle/api/internal/artifacts/ivyservice/resolveengine/excludes/specs/ExcludeAnyOf
instanceKlass org/gradle/api/internal/artifacts/ivyservice/resolveengine/excludes/specs/CompositeExclude
instanceKlass org/gradle/api/internal/artifacts/ivyservice/resolveengine/excludes/factories/AbstractIntersection
instanceKlass org/gradle/api/internal/artifacts/ivyservice/resolveengine/excludes/factories/Intersection
instanceKlass org/gradle/api/internal/artifacts/ivyservice/resolveengine/excludes/factories/Intersections
instanceKlass org/gradle/api/internal/artifacts/ivyservice/resolveengine/excludes/specs/GroupSetExclude
instanceKlass org/gradle/api/internal/artifacts/ivyservice/resolveengine/excludes/specs/ModuleSetExclude
instanceKlass org/gradle/api/internal/artifacts/ivyservice/resolveengine/excludes/simple/DefaultExcludeFactory
instanceKlass org/gradle/api/internal/artifacts/ivyservice/resolveengine/excludes/factories/DelegatingExcludeFactory
instanceKlass org/gradle/api/internal/artifacts/ivyservice/resolveengine/excludes/factories/CachingExcludeFactory$ConcurrentCache
instanceKlass org/gradle/api/internal/artifacts/ivyservice/resolveengine/excludes/factories/CachingExcludeFactory$MergeCaches
instanceKlass org/gradle/api/internal/artifacts/ivyservice/resolveengine/excludes/specs/ExcludeSpec
instanceKlass org/gradle/api/internal/artifacts/ivyservice/resolveengine/excludes/factories/ExcludeFactory
instanceKlass org/gradle/api/internal/tasks/NodeExecutionContext
instanceKlass org/gradle/util/internal/WrapUtil
instanceKlass org/gradle/api/internal/artifacts/ivyservice/moduleconverter/dependencies/AbstractDependencyMetadataConverter
instanceKlass org/gradle/api/internal/artifacts/ivyservice/moduleconverter/dependencies/DependencyMetadataConverter
instanceKlass org/gradle/internal/component/model/LocalOriginDependencyMetadata
instanceKlass org/gradle/internal/component/model/ForcingDependencyMetadata
instanceKlass org/gradle/internal/component/model/DependencyMetadata
instanceKlass org/gradle/api/internal/artifacts/ivyservice/moduleconverter/dependencies/DefaultDependencyMetadataFactory
instanceKlass org/gradle/api/internal/artifacts/component/DefaultComponentIdentifierFactory
instanceKlass org/gradle/api/internal/DefaultCollectionCallbackActionDecorator
instanceKlass org/gradle/vcs/internal/resolver/OncePerBuildInvocationVcsVersionWorkingDirResolver
instanceKlass org/gradle/vcs/internal/resolver/DefaultVcsVersionWorkingDirResolver
instanceKlass org/gradle/vcs/internal/VersionRef
instanceKlass org/gradle/vcs/internal/resolver/PersistentVcsMetadataCache$VersionRefSerializer
instanceKlass org/gradle/api/internal/artifacts/ivyservice/ivyresolve/strategy/CachingVersionSelectorScheme
instanceKlass org/gradle/api/internal/artifacts/ivyservice/ivyresolve/strategy/VersionSelector
instanceKlass org/gradle/api/internal/artifacts/ivyservice/ivyresolve/strategy/DefaultVersionSelectorScheme
instanceKlass org/gradle/api/internal/artifacts/ivyservice/ivyresolve/strategy/StaticVersionComparator
instanceKlass org/gradle/api/internal/artifacts/ivyservice/ivyresolve/strategy/DefaultVersionComparator
instanceKlass org/gradle/internal/file/nio/ModificationTimeFileAccessTimeJournal
instanceKlass org/gradle/vcs/internal/VersionControlRepositoryConnection
instanceKlass org/gradle/vcs/internal/VersionControlSystem
instanceKlass org/gradle/vcs/internal/services/DefaultVersionControlRepositoryFactory
instanceKlass org/gradle/vcs/internal/DefaultVcsMappingsStore
instanceKlass org/gradle/vcs/internal/DefaultVcsMappingFactory
instanceKlass org/gradle/vcs/internal/services/DefaultVersionControlSpecFactory
instanceKlass org/gradle/internal/typeconversion/CharSequenceNotationConverter
instanceKlass org/gradle/api/internal/notations/ModuleIdentifierNotationConverter
instanceKlass org/gradle/internal/resource/transport/sftp/SftpConnectorFactory
instanceKlass com/jcraft/jsch/HostKeyRepository
instanceKlass com/jcraft/jsch/Logger
instanceKlass org/gradle/internal/resource/transport/sftp/LockableSftpClient
instanceKlass org/gradle/internal/resource/transport/sftp/SftpClientFactory$SftpClientCreator
instanceKlass org/gradle/internal/resource/transport/aws/s3/S3ConnectorFactory
instanceKlass org/gradle/internal/resource/transport/gcp/gcs/GcsConnectorFactory
instanceKlass org/gradle/internal/resource/transport/http/HttpConnectorFactory
instanceKlass org/gradle/internal/resource/transport/http/HttpClientHelper
instanceKlass org/gradle/internal/resource/transport/http/HttpSettings
instanceKlass org/gradle/internal/resource/transport/http/DefaultSslContextFactory
instanceKlass org/gradle/internal/resource/transport/file/FileConnectorFactory
instanceKlass org/gradle/api/internal/initialization/ScriptClassPathResolutionContext
instanceKlass org/gradle/api/artifacts/Dependency
instanceKlass org/gradle/api/internal/initialization/DefaultScriptHandler
instanceKlass org/gradle/api/internal/initialization/ScriptHandlerInternal
instanceKlass org/gradle/api/internal/artifacts/DefaultDependencyManagementServices$DefaultDependencyResolutionServices
instanceKlass org/gradle/api/artifacts/query/ArtifactResolutionQuery
instanceKlass org/gradle/api/internal/artifacts/query/DefaultArtifactResolutionQueryFactory
instanceKlass org/gradle/api/internal/artifacts/DefaultComponentSelectorConverter
instanceKlass org/gradle/api/internal/artifacts/transform/ArtifactVariantSelector
instanceKlass org/gradle/api/internal/artifacts/transform/DefaultVariantSelectorFactory
instanceKlass org/gradle/api/internal/artifacts/transform/VariantDefinition
instanceKlass org/gradle/api/internal/artifacts/transform/ConsumerProvidedVariantFinder
instanceKlass org/gradle/api/internal/artifacts/ivyservice/projectmodule/DefaultLocalComponentRegistry
instanceKlass org/gradle/api/internal/artifacts/ResolveExceptionMapper
instanceKlass org/gradle/api/internal/artifacts/ivyservice/moduleconverter/DefaultRootComponentMetadataBuilder
instanceKlass org/gradle/api/internal/artifacts/ivyservice/moduleconverter/RootComponentMetadataBuilder
instanceKlass org/gradle/api/internal/artifacts/transform/DefaultTransformedVariantFactory$VariantKey
instanceKlass org/gradle/api/internal/artifacts/ivyservice/resolveengine/artifact/ResolvedArtifactSet$TransformSourceVisitor
instanceKlass org/gradle/api/internal/artifacts/transform/DefaultTransformedVariantFactory
instanceKlass org/gradle/api/internal/artifacts/transform/TransformedVariantFactory
instanceKlass org/gradle/api/file/ProjectLayout
instanceKlass org/gradle/api/internal/artifacts/configurations/ResolutionStrategyFactory
instanceKlass org/gradle/api/internal/artifacts/configurations/DefaultConfigurationFactory
instanceKlass org/gradle/api/internal/artifacts/ivyservice/moduleconverter/DefaultRootComponentMetadataBuilder$Factory
instanceKlass org/gradle/api/internal/artifacts/ivyservice/projectmodule/ProjectDependencyResolver
instanceKlass org/gradle/internal/resolve/resolver/DependencyToComponentIdResolver
instanceKlass org/gradle/api/internal/artifacts/ivyservice/projectmodule/LocalComponentRegistry
instanceKlass org/gradle/api/internal/artifacts/ComponentSelectorConverter
instanceKlass org/gradle/api/internal/artifacts/transform/VariantSelectorFactory
instanceKlass org/gradle/api/internal/artifacts/RepositoriesSupplier
instanceKlass org/gradle/api/artifacts/dsl/DependencyLockingHandler
instanceKlass org/gradle/api/internal/artifacts/dsl/DefaultComponentMetadataHandler
instanceKlass org/gradle/api/artifacts/dsl/DependencyHandler
instanceKlass org/gradle/api/internal/artifacts/query/ArtifactResolutionQueryFactory
instanceKlass org/gradle/api/artifacts/dsl/ComponentMetadataHandler
instanceKlass org/gradle/api/artifacts/dsl/DependencyConstraintHandler
instanceKlass org/gradle/api/artifacts/dsl/ArtifactHandler
instanceKlass org/gradle/api/internal/artifacts/dsl/PublishArtifactNotationParserFactory
instanceKlass org/gradle/api/internal/artifacts/configurations/ConfigurationContainerInternal
instanceKlass org/gradle/api/internal/artifacts/configurations/RoleBasedConfigurationContainerInternal
instanceKlass org/gradle/api/internal/artifacts/ComponentMetadataProcessorFactory
instanceKlass org/gradle/api/internal/artifacts/dsl/ComponentMetadataHandlerInternal
instanceKlass org/gradle/api/internal/artifacts/dsl/DefaultComponentModuleMetadataHandler
instanceKlass org/gradle/api/internal/artifacts/ComponentModuleMetadataProcessor
instanceKlass org/gradle/api/artifacts/dsl/ComponentModuleMetadataHandler
instanceKlass org/gradle/api/internal/artifacts/repositories/DefaultUrlArtifactRepository$Factory
instanceKlass org/gradle/api/internal/artifacts/transform/MutableTransformWorkspaceServices
instanceKlass org/gradle/internal/file/ReservedFileSystemLocation
instanceKlass org/gradle/api/internal/artifacts/dsl/dependencies/DependencyLockingProvider
instanceKlass org/gradle/api/internal/artifacts/GlobalDependencyResolutionRules
instanceKlass org/gradle/api/internal/artifacts/type/ArtifactTypeRegistry
instanceKlass org/gradle/api/internal/artifacts/DependencyResolutionServices
instanceKlass org/gradle/api/internal/artifacts/ArtifactPublicationServices
instanceKlass org/gradle/api/internal/artifacts/ConfigurationResolver
instanceKlass org/gradle/internal/component/external/model/VariantDerivationStrategy
instanceKlass org/gradle/api/internal/artifacts/transform/TransformRegistrationFactory
instanceKlass org/gradle/api/internal/artifacts/BaseRepositoryFactory
instanceKlass org/gradle/api/internal/artifacts/ivyservice/ivyresolve/parser/MetaDataParser
instanceKlass org/gradle/api/internal/artifacts/VariantTransformRegistry
instanceKlass org/gradle/api/internal/artifacts/transform/TransformInvocationFactory
instanceKlass org/gradle/api/internal/artifacts/DefaultDependencyManagementServices$DependencyResolutionScopeServices
instanceKlass org/gradle/api/internal/artifacts/DefaultDependencyManagementServices$TransformGradleUserHomeServices
instanceKlass org/gradle/internal/model/CalculatedModelValue
instanceKlass org/gradle/api/internal/initialization/RootScriptDomainObjectContext
instanceKlass org/gradle/internal/resource/UriTextResource$UriResourceLocation
instanceKlass org/gradle/groovy/scripts/TextResourceScriptSource
instanceKlass org/gradle/internal/resource/ResourceLocation
instanceKlass org/gradle/internal/resource/UriTextResource
instanceKlass org/gradle/initialization/InitScriptHandler$1
instanceKlass org/gradle/initialization/DirectoryInitScriptFinder
instanceKlass org/gradle/initialization/CompositeInitScriptFinder
instanceKlass org/gradle/initialization/InitScriptFinder
instanceKlass org/gradle/initialization/DefaultGradlePropertiesController$Loaded
instanceKlass kotlin/text/StringsKt__AppendableKt
instanceKlass org/gradle/internal/extensions/stdlib/MapExtensionsKt
instanceKlass org/gradle/internal/cc/impl/services/DefaultEnvironment$DefaultProperties
instanceKlass org/gradle/initialization/Environment$Properties
instanceKlass org/gradle/initialization/DefaultGradleProperties
instanceKlass org/gradle/internal/extensions/stdlib/CastExtensionsKt
instanceKlass org/gradle/initialization/DefaultSettingsLoader
instanceKlass org/gradle/initialization/SettingsAttachingSettingsLoader
instanceKlass org/gradle/internal/composite/CommandLineIncludedBuildSettingsLoader
instanceKlass org/gradle/internal/composite/ChildBuildRegisteringSettingsLoader
instanceKlass org/gradle/internal/composite/CompositeBuildSettingsLoader
instanceKlass org/gradle/initialization/InitScriptHandlingSettingsLoader
instanceKlass org/gradle/api/internal/initialization/CacheConfigurationsHandlingSettingsLoader
instanceKlass org/gradle/initialization/GradlePropertiesHandlingSettingsLoader
instanceKlass org/gradle/initialization/BuildOperationFiringSettingsPreparer$LoadBuild$1
instanceKlass org/gradle/initialization/LoadBuildBuildOperationType$Details
instanceKlass org/gradle/initialization/BuildOperationFiringSettingsPreparer$LoadBuild
instanceKlass org/gradle/initialization/BuildOperationFiringSettingsPreparer$2
instanceKlass org/gradle/initialization/BuildIdentifiedProgressDetails
instanceKlass org/gradle/tooling/model/cpp/CppProject
instanceKlass org/gradle/tooling/model/ProjectModel
instanceKlass org/gradle/plugins/ide/internal/tooling/idea/IsolatedIdeaModuleInternal
instanceKlass org/gradle/plugins/ide/internal/tooling/model/IsolatedGradleProjectInternal
instanceKlass org/gradle/declarative/dsl/tooling/builders/DeclarativeSchemaModelBuilder
instanceKlass org/gradle/tooling/internal/protocol/cpp/InternalCppTestSuite
instanceKlass org/gradle/tooling/internal/protocol/cpp/InternalCppLibrary
instanceKlass org/gradle/tooling/internal/protocol/cpp/InternalCppApplication
instanceKlass org/gradle/language/cpp/internal/tooling/DefaultCppComponentModel
instanceKlass org/gradle/language/cpp/CppComponent
instanceKlass org/gradle/language/ComponentWithTargetMachines
instanceKlass org/gradle/language/ComponentWithDependencies
instanceKlass org/gradle/language/ComponentWithBinaries
instanceKlass org/gradle/language/cpp/internal/tooling/CppModelBuilder
instanceKlass org/gradle/tooling/provider/model/internal/PluginApplyingBuilder
instanceKlass org/gradle/plugins/ide/idea/model/IdeaModule
instanceKlass org/apache/commons/lang/text/StrTokenizer
instanceKlass org/apache/commons/lang/text/StrBuilder
instanceKlass org/gradle/plugins/ide/internal/tooling/IsolatedIdeaModuleInternalBuilder
instanceKlass org/gradle/plugins/ide/internal/tooling/IsolatedGradleProjectInternalBuilder
instanceKlass org/gradle/plugins/ide/internal/tooling/BuildEnvironmentBuilder
instanceKlass org/gradle/tooling/model/GradleModuleVersion
instanceKlass org/gradle/plugins/ide/internal/tooling/PublicationsBuilder
instanceKlass org/gradle/plugins/ide/internal/tooling/model/TaskNameComparator
instanceKlass org/gradle/plugins/ide/internal/tooling/BuildInvocationsBuilder
instanceKlass org/gradle/plugins/ide/internal/tooling/BasicIdeaModelBuilder
instanceKlass org/gradle/plugins/ide/internal/tooling/model/PartialBasicGradleProject
instanceKlass org/gradle/plugins/ide/internal/tooling/GradleBuildBuilder
instanceKlass org/gradle/tooling/provider/model/internal/BuildScopeModelBuilder
instanceKlass org/gradle/plugins/ide/internal/configurer/HierarchicalElementAdapter
instanceKlass org/gradle/plugins/ide/internal/configurer/EclipseModelAwareUniqueProjectNameProvider
instanceKlass org/gradle/plugins/ide/eclipse/model/AbstractClasspathEntry
instanceKlass org/gradle/plugins/ide/eclipse/model/ClasspathEntry
instanceKlass org/objectweb/asm/Opcodes
instanceKlass org/objectweb/asm/Context
instanceKlass org/objectweb/asm/ClassReader
instanceKlass org/gradle/plugins/ide/internal/tooling/EclipseModelBuilder
instanceKlass org/gradle/plugins/ide/internal/tooling/RunEclipseTasksBuilder
instanceKlass org/gradle/plugins/ide/internal/tooling/RunBuildDependenciesTaskBuilder
instanceKlass org/gradle/tooling/provider/model/ParameterizedToolingModelBuilder
instanceKlass org/gradle/tooling/model/idea/IdeaCompilerOutput
instanceKlass org/gradle/tooling/model/idea/IdeaLanguageLevel
instanceKlass org/gradle/plugins/ide/internal/tooling/IdeaModelBuilder
instanceKlass org/gradle/plugins/ide/internal/tooling/model/LaunchableGradleTask
instanceKlass org/gradle/tooling/internal/protocol/InternalLaunchable
instanceKlass org/gradle/tooling/internal/gradle/GradleProjectIdentity
instanceKlass org/gradle/plugins/ide/internal/tooling/GradleProjectBuilder
instanceKlass org/gradle/tooling/provider/model/internal/DefaultToolingModelBuilderRegistry$RegistrationImpl
instanceKlass org/gradle/tooling/provider/model/internal/DefaultToolingModelBuilderRegistry$VoidToolingModelBuilder
instanceKlass org/gradle/tooling/provider/model/internal/ToolingModelBuilderLookup$Builder
instanceKlass org/gradle/tooling/provider/model/internal/ToolingModelBuilderLookup$Registration
instanceKlass org/gradle/declarative/dsl/tooling/builders/internal/BuildScopeToolingServices$createIdeBuildScopeToolingModelBuilderRegistryAction$1
instanceKlass org/gradle/plugin/software/internal/DefaultSoftwareTypeRegistry
instanceKlass org/gradle/internal/properties/annotations/AbstractTypeMetadataWalker
instanceKlass org/gradle/internal/properties/annotations/TypeMetadataWalker$StaticMetadataWalker
instanceKlass org/gradle/internal/properties/annotations/TypeMetadataWalker$InstanceMetadataWalker
instanceKlass org/gradle/internal/properties/annotations/TypeMetadataWalker
instanceKlass org/gradle/api/internal/tasks/properties/ScriptSourceAwareImplementationResolver
instanceKlass org/gradle/internal/properties/annotations/TypeMetadataWalker$TypeMetadataVisitor
instanceKlass org/gradle/internal/properties/bean/DefaultPropertyWalker
instanceKlass org/gradle/internal/properties/annotations/TypeMetadata
instanceKlass org/gradle/internal/properties/annotations/PropertyMetadata
instanceKlass org/gradle/internal/properties/annotations/DefaultTypeMetadataStore
instanceKlass org/gradle/api/internal/tasks/properties/DefaultPropertyTypeResolver
instanceKlass org/gradle/internal/properties/annotations/TypeMetadataStore
instanceKlass org/gradle/internal/properties/bean/ImplementationResolver
instanceKlass org/gradle/internal/properties/annotations/PropertyTypeResolver
instanceKlass org/gradle/api/internal/tasks/properties/InspectionSchemeFactory$InspectionSchemeImpl
instanceKlass org/gradle/internal/reflect/annotations/PropertyAnnotationMetadata
instanceKlass org/gradle/internal/properties/annotations/MissingPropertyAnnotationHandler
instanceKlass org/gradle/api/internal/tasks/properties/InspectionScheme
instanceKlass org/apache/commons/lang/builder/HashCodeBuilder
instanceKlass com/google/common/base/Equivalence$Wrapper
instanceKlass org/gradle/internal/reflect/Methods
instanceKlass org/gradle/internal/scripts/ScriptOrigin
instanceKlass org/gradle/api/internal/WithEstimatedSize
instanceKlass org/gradle/internal/metaobject/PropertyMixIn
instanceKlass org/gradle/internal/metaobject/MethodMixIn
instanceKlass org/gradle/util/internal/ConfigureUtil$WrappedConfigureAction
instanceKlass org/gradle/internal/reflect/annotations/AnnotationCategory$1
instanceKlass org/gradle/api/internal/plugins/software/RegistersSoftwareTypes
instanceKlass org/gradle/internal/reflect/annotations/impl/DefaultTypeAnnotationMetadataStore$1
instanceKlass org/gradle/internal/reflect/validation/TypeValidationContext
instanceKlass org/gradle/internal/reflect/annotations/TypeAnnotationMetadata
instanceKlass org/gradle/internal/reflect/annotations/impl/DefaultTypeAnnotationMetadataStore
instanceKlass org/gradle/plugins/ide/internal/tooling/IdeaModelBuilderInternal
instanceKlass org/gradle/plugins/ide/internal/tooling/GradleProjectBuilderInternal
instanceKlass org/gradle/plugins/ide/internal/tooling/ToolingModelServices$BuildScopeToolingServices$1
instanceKlass org/gradle/tooling/provider/model/internal/DefaultIntermediateToolingModelProvider
instanceKlass org/gradle/tooling/provider/model/internal/ToolingModelProjectDependencyListener
instanceKlass org/gradle/api/internal/project/DefaultProjectTaskLister
instanceKlass org/gradle/api/artifacts/transform/CacheableTransform
instanceKlass org/gradle/api/tasks/CacheableTask
instanceKlass org/gradle/work/DisableCachingByDefault
instanceKlass org/gradle/api/tasks/UntrackedTask
instanceKlass org/gradle/internal/properties/annotations/AbstractTypeAnnotationHandler
instanceKlass org/gradle/internal/build/DefaultBuildToolingModelController
instanceKlass org/gradle/tooling/provider/model/internal/ToolingModelScope
instanceKlass org/gradle/internal/build/BuildToolingModelController
instanceKlass org/gradle/tooling/internal/consumer/versioning/ModelMapping$DefaultModelIdentifier
instanceKlass org/gradle/tooling/model/eclipse/RunEclipseSynchronizationTasks
instanceKlass org/gradle/tooling/internal/adapter/ProtocolToModelAdapter$2
instanceKlass org/gradle/tooling/internal/adapter/WeakIdentityHashMap
instanceKlass org/gradle/tooling/internal/adapter/WeakIdentityHashMap$AbsentValueProvider
instanceKlass org/gradle/tooling/internal/adapter/ProtocolToModelAdapter$ViewGraphDetails
instanceKlass org/gradle/tooling/model/gradle/ProjectPublications
instanceKlass org/gradle/tooling/model/build/BuildEnvironment
instanceKlass org/gradle/tooling/model/idea/BasicIdeaProject
instanceKlass org/gradle/tooling/model/GradleProject
instanceKlass org/gradle/tooling/model/BuildableElement
instanceKlass org/gradle/tooling/model/idea/IdeaProject
instanceKlass org/gradle/tooling/internal/protocol/ModelIdentifier
instanceKlass org/gradle/tooling/internal/consumer/versioning/ModelMapping
instanceKlass org/gradle/internal/exceptions/NonGradleCauseExceptionsHolder
instanceKlass org/gradle/internal/exceptions/MultiCauseException
instanceKlass org/gradle/internal/exceptions/ResolutionProvider
instanceKlass org/gradle/tooling/internal/consumer/connection/HasCompatibilityMapping
instanceKlass org/gradle/tooling/internal/consumer/converters/BackwardsCompatibleIdeaModuleDependency
instanceKlass org/gradle/tooling/model/idea/IdeaModuleDependency
instanceKlass org/gradle/tooling/model/idea/IdeaSingleEntryLibraryDependency
instanceKlass org/gradle/tooling/model/ExternalDependency
instanceKlass org/gradle/tooling/model/idea/IdeaDependency
instanceKlass org/gradle/tooling/model/Dependency
instanceKlass org/gradle/tooling/internal/consumer/converters/ConsumerTargetTypeProvider
instanceKlass org/gradle/tooling/internal/adapter/CollectionMapper
instanceKlass org/gradle/tooling/internal/adapter/TypeInspector
instanceKlass org/gradle/internal/time/DefaultTimer
instanceKlass org/gradle/internal/time/TimeSource$1
instanceKlass org/gradle/internal/time/TimeSource
instanceKlass org/gradle/internal/time/MonotonicClock
instanceKlass org/gradle/internal/time/CountdownTimer
instanceKlass org/gradle/internal/time/Timer
instanceKlass org/gradle/internal/time/Clock
instanceKlass org/gradle/internal/time/Time
instanceKlass java/util/concurrent/locks/ReentrantReadWriteLock$WriteLock
instanceKlass java/util/concurrent/locks/ReentrantReadWriteLock$ReadLock
instanceKlass java/util/concurrent/locks/ReentrantReadWriteLock
instanceKlass java/util/concurrent/locks/ReadWriteLock
instanceKlass org/gradle/tooling/internal/adapter/ProtocolToModelAdapter$MethodInvocationCache
instanceKlass org/gradle/tooling/internal/adapter/ProtocolToModelAdapter$ReflectionMethodInvoker
instanceKlass org/gradle/tooling/internal/adapter/MethodInvoker
instanceKlass org/gradle/tooling/internal/adapter/ProtocolToModelAdapter$1
instanceKlass org/gradle/tooling/internal/adapter/ProtocolToModelAdapter$NoOpDecoration
instanceKlass org/gradle/tooling/internal/adapter/ViewBuilder
instanceKlass org/gradle/tooling/internal/adapter/ProtocolToModelAdapter$ViewDecoration
instanceKlass org/gradle/tooling/internal/adapter/ProtocolToModelAdapter
instanceKlass org/gradle/tooling/internal/adapter/ObjectGraphAdapter
instanceKlass org/gradle/tooling/internal/protocol/BuildResult
instanceKlass org/gradle/tooling/internal/gradle/GradleBuildIdentity
instanceKlass org/gradle/tooling/internal/provider/runner/DefaultBuildController
instanceKlass org/gradle/tooling/internal/protocol/InternalStreamedValueRelay
instanceKlass org/gradle/tooling/internal/protocol/InternalActionAwareBuildController
instanceKlass org/gradle/internal/buildtree/DefaultBuildTreeModelCreator$DefaultBuildTreeModelController
instanceKlass org/gradle/internal/build/ExecutionResult
instanceKlass org/gradle/tooling/internal/provider/runner/AbstractClientProvidedBuildActionRunner$ActionAdapter
instanceKlass org/gradle/tooling/internal/provider/runner/ClientProvidedPhasedActionRunner$ClientActionImpl
instanceKlass org/gradle/tooling/model/eclipse/RunClosedProjectBuildDependencies
instanceKlass org/eclipse/buildship/core/internal/workspace/TellGradleToRunSynchronizationTasks
instanceKlass org/eclipse/buildship/core/internal/workspace/BuildActionSequence
instanceKlass org/gradle/util/GradleVersion
instanceKlass org/eclipse/buildship/core/internal/workspace/DefaultEclipseWorkspaceProject
instanceKlass org/gradle/tooling/model/eclipse/EclipseWorkspaceProject
instanceKlass org/gradle/internal/serialize/ExceptionPlaceholder
instanceKlass org/eclipse/buildship/core/internal/workspace/DefaultEclipseWorkspace
instanceKlass org/gradle/tooling/model/eclipse/EclipseRuntime
instanceKlass org/gradle/tooling/model/eclipse/EclipseWorkspace
instanceKlass org/eclipse/buildship/core/internal/workspace/EclipseRuntimeConfigurer
instanceKlass org/gradle/tooling/model/eclipse/EclipseProject
instanceKlass org/gradle/tooling/model/eclipse/HierarchicalEclipseProject
instanceKlass org/gradle/tooling/model/HasGradleProject
instanceKlass org/gradle/tooling/model/ProjectModel
instanceKlass org/gradle/tooling/model/HierarchicalElement
instanceKlass org/gradle/tooling/model/Element
instanceKlass org/gradle/tooling/model/gradle/GradleBuild
instanceKlass org/gradle/tooling/model/BuildModel
instanceKlass org/gradle/api/Action
instanceKlass org/gradle/tooling/model/Model
instanceKlass org/eclipse/buildship/core/internal/workspace/CompositeModelQuery
instanceKlass org/gradle/tooling/internal/protocol/InternalBuildController
instanceKlass org/gradle/tooling/internal/protocol/InternalBuildControllerVersion2
instanceKlass org/gradle/tooling/internal/consumer/versioning/VersionDetails
instanceKlass org/gradle/tooling/BuildAction
instanceKlass org/gradle/tooling/BuildController
instanceKlass org/gradle/tooling/internal/adapter/TargetTypeProvider
instanceKlass org/gradle/tooling/internal/consumer/connection/InternalBuildActionAdapter
instanceKlass org/gradle/tooling/internal/protocol/InternalBuildAction
instanceKlass org/gradle/tooling/internal/protocol/InternalBuildActionVersion2
instanceKlass org/gradle/tooling/internal/consumer/connection/InternalPhasedActionAdapter
instanceKlass org/gradle/tooling/internal/protocol/InternalPhasedAction
instanceKlass sun/security/util/ManifestEntryVerifier$SunProviderHolder
instanceKlass java/util/Base64$Encoder
instanceKlass java/util/Base64$Decoder
instanceKlass java/util/Base64
instanceKlass javax/crypto/SecretKey
instanceKlass sun/security/util/Length
instanceKlass sun/security/util/KeyUtil
instanceKlass java/security/interfaces/XECKey
instanceKlass java/security/interfaces/ECKey
instanceKlass sun/security/util/JarConstraintsParameters
instanceKlass sun/security/util/ConstraintsParameters
instanceKlass java/security/Timestamp
instanceKlass sun/security/timestamp/TimestampToken
instanceKlass java/security/cert/CertPath
instanceKlass java/math/MutableBigInteger
instanceKlass sun/security/rsa/RSAPadding
instanceKlass sun/security/rsa/RSACore
instanceKlass java/security/interfaces/RSAPrivateCrtKey
instanceKlass sun/security/pkcs/PKCS8Key
instanceKlass java/security/interfaces/RSAPrivateKey
instanceKlass java/security/PrivateKey
instanceKlass javax/security/auth/Destroyable
instanceKlass sun/security/jca/ServiceId
instanceKlass java/security/Signature$1
instanceKlass jdk/internal/access/JavaSecuritySignatureAccess
instanceKlass java/security/SignatureSpi
instanceKlass jdk/internal/icu/util/CodePointTrie$Data
instanceKlass jdk/internal/icu/util/CodePointTrie$1
instanceKlass jdk/internal/icu/util/CodePointMap
instanceKlass jdk/internal/icu/util/VersionInfo
instanceKlass jdk/internal/icu/impl/ICUBinary$1
instanceKlass jdk/internal/icu/impl/ICUBinary
instanceKlass jdk/internal/icu/impl/NormalizerImpl$IsAcceptable
instanceKlass jdk/internal/icu/impl/ICUBinary$Authenticate
instanceKlass jdk/internal/icu/impl/NormalizerImpl
instanceKlass jdk/internal/icu/impl/Norm2AllModes$Norm2AllModesSingleton
instanceKlass jdk/internal/icu/impl/Norm2AllModes$NFKCSingleton
instanceKlass jdk/internal/icu/impl/Norm2AllModes
instanceKlass jdk/internal/icu/text/Normalizer2
instanceKlass jdk/internal/icu/text/NormalizerBase$ModeImpl
instanceKlass jdk/internal/icu/text/NormalizerBase$NFKDModeImpl
instanceKlass jdk/internal/icu/text/NormalizerBase$1
instanceKlass jdk/internal/icu/text/NormalizerBase$Mode
instanceKlass jdk/internal/icu/text/NormalizerBase
instanceKlass java/text/Normalizer
instanceKlass sun/security/x509/AVAKeyword
instanceKlass sun/security/util/SignatureUtil
instanceKlass sun/security/pkcs/ESSCertId
instanceKlass sun/security/pkcs/SigningCertificateInfo
instanceKlass java/lang/Byte$ByteCache
instanceKlass sun/security/pkcs/PKCS9Attribute
instanceKlass sun/security/pkcs/PKCS9Attributes
instanceKlass java/time/Instant
instanceKlass java/time/ZonedDateTime
instanceKlass java/time/chrono/ChronoZonedDateTime
instanceKlass sun/security/util/DisabledAlgorithmConstraints$Constraints$Holder
instanceKlass sun/security/util/DisabledAlgorithmConstraints$1
instanceKlass sun/security/util/DisabledAlgorithmConstraints$Constraint
instanceKlass sun/security/util/DisabledAlgorithmConstraints$Constraints
instanceKlass sun/security/util/AbstractAlgorithmConstraints$1
instanceKlass sun/security/util/AlgorithmDecomposer
instanceKlass sun/security/util/DisabledAlgorithmConstraints$JarHolder
instanceKlass sun/security/util/AbstractAlgorithmConstraints
instanceKlass java/security/AlgorithmConstraints
instanceKlass sun/security/pkcs/SignerInfo
instanceKlass java/security/cert/PolicyQualifierInfo
instanceKlass sun/security/x509/CertificatePolicyId
instanceKlass sun/security/x509/PolicyInformation
instanceKlass sun/security/x509/DistributionPoint
instanceKlass sun/security/x509/DNSName
instanceKlass sun/security/x509/URIName
instanceKlass sun/security/x509/GeneralName
instanceKlass sun/security/x509/AccessDescription
instanceKlass sun/security/x509/GeneralNames
instanceKlass jdk/internal/event/EventHelper
instanceKlass sun/security/jca/JCAUtil
instanceKlass sun/security/util/MemoryCache$CacheEntry
instanceKlass sun/security/x509/X509AttributeName
instanceKlass sun/security/x509/KeyIdentifier
instanceKlass sun/security/x509/OIDMap$OIDInfo
instanceKlass sun/security/x509/PKIXExtensions
instanceKlass sun/security/x509/OIDMap
instanceKlass sun/security/x509/Extension
instanceKlass java/security/cert/Extension
instanceKlass sun/security/x509/CertificateExtensions
instanceKlass sun/security/rsa/RSAUtil
instanceKlass sun/security/util/IOUtils
instanceKlass java/security/interfaces/RSAPublicKey
instanceKlass java/security/interfaces/RSAKey
instanceKlass java/security/spec/PSSParameterSpec
instanceKlass java/security/spec/RSAPrivateKeySpec
instanceKlass java/security/spec/RSAPublicKeySpec
instanceKlass java/security/KeyFactorySpi
instanceKlass sun/security/jca/ProviderList$ServiceList$1
instanceKlass java/security/KeyFactory
instanceKlass java/security/spec/EncodedKeySpec$1
instanceKlass jdk/internal/access/JavaSecuritySpecAccess
instanceKlass java/security/spec/EncodedKeySpec
instanceKlass java/security/spec/KeySpec
instanceKlass sun/security/util/BitArray
instanceKlass sun/security/x509/X509Key
instanceKlass java/security/PublicKey
instanceKlass java/security/Key
instanceKlass sun/security/x509/CertificateX509Key
instanceKlass sun/security/x509/CertificateValidity
instanceKlass sun/security/x509/AVA
instanceKlass sun/security/x509/RDN
instanceKlass javax/security/auth/x500/X500Principal
instanceKlass sun/security/x509/X500Name$1
instanceKlass sun/security/x509/X500Name
instanceKlass sun/security/x509/GeneralNameInterface
instanceKlass sun/security/x509/CertificateAlgorithmId
instanceKlass sun/security/x509/SerialNumber
instanceKlass sun/security/x509/CertificateSerialNumber
instanceKlass sun/security/x509/CertificateVersion
instanceKlass sun/security/x509/X509CertInfo
instanceKlass sun/security/x509/CertAttrSet
instanceKlass sun/security/util/Cache$EqualByteArray
instanceKlass java/security/cert/X509Extension
instanceKlass sun/security/util/Cache
instanceKlass java/security/cert/CertificateFactorySpi
instanceKlass java/security/cert/CertificateFactory
instanceKlass sun/security/x509/AlgorithmId
instanceKlass sun/security/util/DerValue
instanceKlass sun/security/pkcs/ContentInfo
instanceKlass sun/security/util/DerInputStream
instanceKlass sun/security/pkcs/PKCS7
instanceKlass sun/security/util/ManifestDigester$Section
instanceKlass sun/security/util/ManifestDigester$Entry
instanceKlass sun/security/util/ManifestDigester$Position
instanceKlass sun/security/util/ManifestDigester
instanceKlass org/gradle/cache/internal/btree/BTreePersistentIndexedCache$DataBlockUpdateResult
instanceKlass sun/nio/fs/WindowsPath$1
instanceKlass org/gradle/internal/snapshot/SearchUtil
instanceKlass org/gradle/internal/snapshot/AbstractListChildMap
instanceKlass org/gradle/internal/snapshot/PathUtil$1
instanceKlass org/gradle/internal/snapshot/ChildMapFactory
instanceKlass org/gradle/internal/snapshot/AbstractStorePathRelationshipHandler
instanceKlass org/gradle/internal/snapshot/AbstractIncompleteFileSystemNode$2
instanceKlass org/gradle/internal/snapshot/SnapshotUtil$1
instanceKlass org/gradle/internal/snapshot/impl/FileSystemSnapshotFilter
instanceKlass org/gradle/internal/snapshot/SnapshotUtil$2
instanceKlass org/gradle/internal/snapshot/FileSystemLocationSnapshot$FileSystemLocationSnapshotTransformer
instanceKlass org/gradle/internal/snapshot/SnapshotUtil
instanceKlass org/gradle/internal/snapshot/SnapshotHierarchy$SnapshotDiffListener
instanceKlass org/gradle/internal/snapshot/ChildMap$InvalidationHandler
instanceKlass org/gradle/internal/snapshot/AbstractIncompleteFileSystemNode
instanceKlass org/gradle/internal/snapshot/ChildMap$Entry
instanceKlass org/gradle/internal/snapshot/ChildMap$Entry$PathRelationshipHandler
instanceKlass org/gradle/internal/snapshot/SingletonChildMap
instanceKlass org/gradle/internal/watch/registry/impl/SnapshotCollectingDiffListener
instanceKlass org/gradle/internal/vfs/impl/AbstractVirtualFileSystem$UpdateFunction
instanceKlass org/gradle/internal/RelativePathSupplier
instanceKlass org/gradle/api/internal/changedetection/state/CachingFileHasher$FileInfo
instanceKlass com/google/common/io/ByteArrayDataOutput
instanceKlass com/google/common/io/ByteArrayDataInput
instanceKlass com/google/common/io/ByteStreams
instanceKlass org/gradle/cache/internal/btree/BTreePersistentIndexedCache$Lookup
instanceKlass org/gradle/cache/internal/btree/BTreePersistentIndexedCache$IndexEntry
instanceKlass org/gradle/cache/internal/btree/BTreePersistentIndexedCache$IndexRoot
instanceKlass com/google/common/primitives/Longs
instanceKlass org/gradle/cache/internal/btree/BlockPointer
instanceKlass org/gradle/cache/internal/btree/ByteInput
instanceKlass org/gradle/cache/internal/btree/ByteOutput
instanceKlass org/gradle/cache/internal/btree/FreeListBlockStore$2
instanceKlass org/gradle/cache/internal/btree/FreeListBlockStore$1
instanceKlass org/gradle/cache/internal/btree/BTreePersistentIndexedCache$2
instanceKlass org/gradle/cache/internal/btree/BTreePersistentIndexedCache$1
instanceKlass org/gradle/cache/internal/btree/FreeListBlockStore
instanceKlass org/gradle/cache/internal/btree/StateCheckBlockStore
instanceKlass org/gradle/cache/internal/btree/Block
instanceKlass org/gradle/cache/internal/btree/FileBackedBlockStore
instanceKlass org/gradle/cache/internal/btree/CachingBlockStore
instanceKlass org/gradle/cache/internal/btree/KeyHasher
instanceKlass org/gradle/cache/internal/btree/BlockStore$Factory
instanceKlass org/gradle/cache/internal/btree/BlockPayload
instanceKlass org/gradle/cache/internal/btree/BlockStore
instanceKlass org/gradle/cache/internal/ExclusiveCacheAccessingWorker$1
instanceKlass org/gradle/cache/internal/ExclusiveCacheAccessingWorker$FlushOperationsCommand
instanceKlass org/gradle/cache/internal/ExclusiveCacheAccessingWorker$ShutdownOperationsCommand
instanceKlass org/gradle/internal/vfs/impl/DefaultFileSystemAccess$1
instanceKlass org/gradle/internal/file/impl/DefaultFileMetadata
instanceKlass org/gradle/internal/file/FileMetadata
instanceKlass org/gradle/internal/nativeintegration/filesystem/services/NativePlatformBackedFileMetadataAccessor$1
instanceKlass net/rubygrapefruit/platform/internal/WindowsFileTime
instanceKlass net/rubygrapefruit/platform/internal/jni/WindowsFileFunctions
instanceKlass net/rubygrapefruit/platform/internal/WindowsFileStat
instanceKlass org/gradle/internal/vfs/impl/VersionHierarchy$1
instanceKlass org/gradle/internal/snapshot/PathUtil
instanceKlass org/gradle/internal/snapshot/VfsRelativePath
instanceKlass org/gradle/internal/vfs/VirtualFileSystem$VfsStorer
instanceKlass org/gradle/internal/vfs/VirtualFileSystem$StoringAction
instanceKlass org/gradle/internal/snapshot/SnapshottingFilter$1
instanceKlass org/gradle/internal/snapshot/SnapshottingFilter
instanceKlass org/gradle/internal/classpath/DefaultCachedClasspathTransformer$Convert
instanceKlass org/gradle/internal/classpath/types/InstrumentationTypeRegistry$EmptyInstrumentationTypeRegistry
instanceKlass org/gradle/internal/classpath/DefaultCachedClasspathTransformer$ValueOrTransformProvider
instanceKlass org/gradle/internal/classpath/CopyingClasspathFileTransformer
instanceKlass org/gradle/internal/classpath/DefaultCachedClasspathTransformer$1
instanceKlass java/lang/Short$ShortCache
instanceKlass org/gradle/internal/serialize/ExceptionReplacingObjectInputStream$1
instanceKlass org/gradle/internal/io/StreamByteBuffer$StreamByteBufferChunk
instanceKlass org/gradle/internal/io/StreamByteBuffer
instanceKlass org/gradle/tooling/internal/provider/serialization/WellKnownClassLoaderRegistry$2
instanceKlass org/gradle/tooling/internal/provider/serialization/DefaultPayloadClassLoaderRegistry$2
instanceKlass org/gradle/internal/logging/format/TersePrettyDurationFormatter
instanceKlass org/gradle/internal/buildevents/BuildResultLogger
instanceKlass org/gradle/util/internal/TreeVisitor
instanceKlass org/gradle/internal/exceptions/FailureResolutionAware$Context
instanceKlass org/gradle/internal/buildevents/BuildExceptionReporter
instanceKlass org/gradle/internal/logging/format/DurationFormatter
instanceKlass org/gradle/internal/buildevents/BuildLogger
instanceKlass org/gradle/api/internal/tasks/execution/statistics/TaskExecutionStatisticsEventAdapter
instanceKlass org/gradle/tooling/internal/provider/FileSystemWatchingBuildActionRunner$1
instanceKlass org/gradle/internal/watch/options/FileSystemWatchingSettingsFinalizedProgressDetails
instanceKlass org/gradle/api/internal/tasks/compile/CompileJavaBuildOperationType$Result
instanceKlass org/gradle/internal/operations/notify/BuildOperationNotificationBridge$Finished
instanceKlass org/gradle/internal/operations/OperationFinishEvent
instanceKlass org/gradle/internal/watch/vfs/impl/WatchingVirtualFileSystem$1$1
instanceKlass org/gradle/internal/watch/vfs/BuildStartedFileSystemWatchingBuildOperationType$Result
instanceKlass java/util/ArrayDeque$DeqSpliterator
instanceKlass org/gradle/internal/Combiners
instanceKlass org/gradle/internal/watch/registry/impl/DefaultFileWatcherProbeRegistry$WatchProbe
instanceKlass org/gradle/internal/watch/registry/impl/WatchableHierarchies$Invalidator
instanceKlass org/gradle/internal/watch/registry/impl/DefaultFileWatcherRegistry$MutableFileWatchingStatistics
instanceKlass net/rubygrapefruit/platform/file/FileWatchEvent$Handler
instanceKlass org/gradle/internal/watch/registry/FileWatcherRegistry$FileWatchingStatistics
instanceKlass org/gradle/internal/watch/registry/impl/DefaultFileWatcherRegistry
instanceKlass org/gradle/internal/watch/registry/impl/AbstractFileWatcherUpdater$MovedDirectoryHandler
instanceKlass org/gradle/internal/watch/registry/impl/HierarchicalFileWatcherUpdater$FileSystemLocationToWatchValidator
instanceKlass org/gradle/internal/watch/registry/impl/AbstractFileWatcherUpdater
instanceKlass org/gradle/internal/file/FileHierarchySet$RootVisitor
instanceKlass org/gradle/internal/watch/registry/impl/WatchableHierarchies
instanceKlass net/rubygrapefruit/platform/internal/jni/AbstractFileEventFunctions$AbstractFileWatcher
instanceKlass net/rubygrapefruit/platform/file/FileWatchEvent
instanceKlass net/rubygrapefruit/platform/internal/jni/AbstractFileEventFunctions$NativeFileWatcherCallback
instanceKlass org/gradle/internal/watch/registry/impl/DefaultFileWatcherProbeRegistry
instanceKlass org/gradle/internal/watch/vfs/impl/WatchingVirtualFileSystem$BroadcastingChangeHandler
instanceKlass org/gradle/internal/watch/vfs/impl/WatchingVirtualFileSystem$InvalidateVfsChangeHandler
instanceKlass org/gradle/internal/watch/vfs/impl/WatchingVirtualFileSystem$CompositeChangeHandler
instanceKlass org/gradle/internal/watch/vfs/impl/WatchingVirtualFileSystem$FilterChangesToOutputsChangesHandler
instanceKlass net/rubygrapefruit/platform/internal/FileSystemList$DefaultCaseSensitivity
instanceKlass net/rubygrapefruit/platform/internal/DefaultFileSystemInfo
instanceKlass net/rubygrapefruit/platform/file/FileSystemInfo
instanceKlass net/rubygrapefruit/platform/internal/jni/PosixFileSystemFunctions
instanceKlass net/rubygrapefruit/platform/file/CaseSensitivity
instanceKlass net/rubygrapefruit/platform/internal/FileSystemList
instanceKlass org/gradle/internal/watch/vfs/BuildStartedFileSystemWatchingBuildOperationType$Details$1
instanceKlass org/gradle/internal/watch/vfs/BuildStartedFileSystemWatchingBuildOperationType$Details
instanceKlass org/gradle/internal/watch/vfs/FileSystemWatchingStatistics
instanceKlass org/gradle/internal/watch/vfs/impl/WatchingVirtualFileSystem$1
instanceKlass org/slf4j/helpers/NamedLoggerBase
instanceKlass org/gradle/configuration/internal/DefaultListenerBuildOperationDecorator
instanceKlass com/google/common/util/concurrent/AbstractFuture$Failure
instanceKlass com/google/common/util/concurrent/AbstractFuture$Cancellation
instanceKlass com/google/common/util/concurrent/AbstractFuture$SetFuture
instanceKlass com/google/common/util/concurrent/Uninterruptibles
instanceKlass org/gradle/api/tasks/util/internal/CachingPatternSpecFactory$CachingSpec
instanceKlass org/gradle/api/internal/file/RelativePathSpec
instanceKlass org/gradle/api/internal/file/pattern/AnythingMatcher
instanceKlass org/gradle/api/internal/file/pattern/FixedPatternStep
instanceKlass org/gradle/api/internal/file/pattern/HasSuffixPatternStep
instanceKlass org/gradle/api/internal/file/pattern/HasPrefixPatternStep
instanceKlass org/gradle/api/internal/file/pattern/HasPrefixAndSuffixPatternStep
instanceKlass org/gradle/api/internal/file/pattern/AnyWildcardPatternStep
instanceKlass org/gradle/api/internal/file/pattern/PatternStep
instanceKlass org/gradle/api/internal/file/pattern/PatternStepFactory
instanceKlass org/gradle/api/internal/file/pattern/FixedStepPathMatcher
instanceKlass org/gradle/api/internal/file/pattern/GreedyPathMatcher
instanceKlass org/gradle/api/internal/file/pattern/EndOfPathMatcher
instanceKlass org/gradle/api/internal/file/pattern/PatternMatcher
instanceKlass org/gradle/api/internal/file/pattern/PathMatcher
instanceKlass org/gradle/api/internal/file/pattern/PatternMatcherFactory
instanceKlass com/google/common/base/Stopwatch
instanceKlass com/google/common/util/concurrent/AbstractFuture$Waiter
instanceKlass com/google/common/util/concurrent/AbstractFuture$Listener
instanceKlass com/google/common/util/concurrent/AbstractFuture$UnsafeAtomicHelper$1
instanceKlass com/google/common/util/concurrent/AbstractFuture$AtomicHelper
instanceKlass com/google/common/util/concurrent/internal/InternalFutureFailureAccess
instanceKlass com/google/common/util/concurrent/AbstractFuture$Trusted
instanceKlass com/google/common/util/concurrent/ListenableFuture
instanceKlass org/gradle/api/tasks/util/internal/CachingPatternSpecFactory$1
instanceKlass org/gradle/api/tasks/util/internal/CachingPatternSpecFactory$SpecKey
instanceKlass org/gradle/initialization/buildsrc/BuildSrcDetector
instanceKlass org/gradle/internal/buildtree/DefaultBuildTreeLifecycleController
instanceKlass org/gradle/internal/buildtree/BuildTreeLifecycleController
instanceKlass org/gradle/internal/cc/impl/VintageBuildTreeWorkController
instanceKlass org/gradle/internal/buildtree/BuildTreeWorkController
instanceKlass org/gradle/internal/buildtree/IntermediateBuildActionRunner
instanceKlass org/gradle/internal/buildtree/BuildTreeModelController
instanceKlass org/gradle/internal/buildtree/DefaultBuildTreeModelCreator
instanceKlass org/gradle/internal/buildtree/BuildTreeModelCreator
instanceKlass org/gradle/internal/buildtree/DefaultBuildTreeWorkPreparer
instanceKlass org/gradle/internal/buildtree/BuildTreeWorkPreparer
instanceKlass org/gradle/internal/buildtree/DefaultBuildTreeFinishExecutor
instanceKlass org/gradle/composite/internal/OperationFiringBuildTreeFinishExecutor$3
instanceKlass org/gradle/composite/internal/OperationFiringBuildTreeFinishExecutor$2
instanceKlass org/gradle/operations/lifecycle/FinishRootBuildTreeBuildOperationType$Result
instanceKlass org/gradle/operations/lifecycle/FinishRootBuildTreeBuildOperationType$Details
instanceKlass org/gradle/composite/internal/OperationFiringBuildTreeFinishExecutor
instanceKlass org/gradle/internal/buildtree/DefaultBuildTreeWorkExecutor
instanceKlass org/gradle/internal/buildtree/BuildOperationFiringBuildTreeWorkExecutor$1
instanceKlass org/gradle/operations/lifecycle/RunRequestedWorkBuildOperationType$Details
instanceKlass org/gradle/internal/buildtree/BuildOperationFiringBuildTreeWorkExecutor
instanceKlass org/gradle/internal/operations/BuildOperationQueue
instanceKlass org/gradle/internal/operations/DefaultBuildOperationQueueFactory
instanceKlass org/gradle/internal/operations/BuildOperationQueue$QueueWorker
instanceKlass org/gradle/internal/operations/DefaultBuildOperationExecutor
instanceKlass org/gradle/execution/SelectedTaskExecutionAction
instanceKlass org/gradle/execution/DryRunBuildExecutionAction
instanceKlass org/gradle/execution/BuildOperationFiringBuildWorkerExecutor
instanceKlass org/gradle/internal/build/DefaultBuildWorkPreparer
instanceKlass org/gradle/internal/build/BuildOperationFiringBuildWorkPreparer
instanceKlass org/gradle/execution/plan/ToPlannedNodeConverterRegistry$MissingToPlannedNodeConverter
instanceKlass org/gradle/execution/plan/ExecutionPlan
instanceKlass org/gradle/internal/graph/CachingDirectedGraphWalker$GraphWithEmptyEdges
instanceKlass org/gradle/api/internal/tasks/CachingTaskDependencyResolveContext$TaskGraphImpl
instanceKlass org/gradle/internal/graph/DirectedGraphWithEdgeValues
instanceKlass org/gradle/internal/graph/CachingDirectedGraphWalker
instanceKlass org/gradle/internal/graph/DirectedGraph
instanceKlass org/gradle/api/internal/tasks/AbstractTaskDependencyResolveContext
instanceKlass org/gradle/api/internal/tasks/TaskDependencyResolveContext
instanceKlass org/gradle/api/internal/artifacts/transform/ToPlannedTransformStepConverter
instanceKlass org/gradle/internal/taskgraph/CalculateTaskGraphBuildOperationType$TaskIdentity
instanceKlass org/gradle/internal/taskgraph/NodeIdentity
instanceKlass org/gradle/execution/plan/PlannedNodeInternal
instanceKlass org/gradle/internal/taskgraph/CalculateTaskGraphBuildOperationType$PlannedNode
instanceKlass org/gradle/execution/plan/ToPlannedTaskConverter
instanceKlass org/gradle/execution/plan/TaskNodeFactory$DefaultTypeOriginInspectorFactory
instanceKlass org/gradle/execution/plan/SingleFileTreeElementMatcher
instanceKlass org/gradle/internal/collect/PersistentList
instanceKlass org/gradle/execution/plan/ValuedVfsHierarchy
instanceKlass org/gradle/execution/plan/ExecutionNodeAccessHierarchy$AbstractNodeAccessVisitor
instanceKlass org/gradle/execution/plan/ValuedVfsHierarchy$ValueVisitor
instanceKlass org/gradle/execution/plan/ExecutionNodeAccessHierarchy
instanceKlass org/gradle/internal/build/BuildModelLifecycleListener
instanceKlass org/gradle/BuildResult
instanceKlass org/gradle/execution/plan/BuildWorkPlan
instanceKlass org/gradle/internal/build/DefaultBuildLifecycleController
instanceKlass org/gradle/internal/work/DefaultSynchronizer
instanceKlass org/gradle/internal/model/StateTransitionController$CurrentState
instanceKlass org/gradle/internal/model/StateTransitionController
instanceKlass org/gradle/api/internal/artifacts/DefaultBuildIdentifier
instanceKlass org/gradle/internal/model/StateTransitionController$State
instanceKlass org/gradle/initialization/VintageBuildModelController
instanceKlass org/gradle/initialization/DefaultTaskExecutionPreparer
instanceKlass org/gradle/execution/EntryTaskSelector$Context
instanceKlass org/gradle/execution/TaskNameResolvingBuildTaskScheduler
instanceKlass org/gradle/execution/DefaultTasksBuildTaskScheduler
instanceKlass org/gradle/execution/commandline/CommandLineTaskConfigurer
instanceKlass org/gradle/api/internal/tasks/options/OptionValueNotationParserFactory
instanceKlass org/gradle/initialization/DefaultSettingsPreparer
instanceKlass org/gradle/initialization/BuildOperationFiringSettingsPreparer$1
instanceKlass org/gradle/initialization/LoadBuildBuildOperationType$Result
instanceKlass org/gradle/initialization/BuildOperationFiringSettingsPreparer
instanceKlass org/gradle/api/initialization/dsl/ScriptHandler
instanceKlass org/gradle/configuration/DefaultInitScriptProcessor
instanceKlass org/gradle/initialization/SettingsFactory
instanceKlass org/gradle/initialization/ScriptEvaluatingSettingsProcessor
instanceKlass org/gradle/initialization/SettingsEvaluatedCallbackFiringSettingsProcessor
instanceKlass org/gradle/initialization/RootBuildCacheControllerSettingsProcessor
instanceKlass org/gradle/initialization/BuildOperationSettingsProcessor$1
instanceKlass org/gradle/initialization/EvaluateSettingsBuildOperationType$Result
instanceKlass org/gradle/initialization/BuildOperationSettingsProcessor
instanceKlass org/gradle/internal/resource/TextResource
instanceKlass org/gradle/internal/resource/DefaultTextFileResourceLoader
instanceKlass org/gradle/api/internal/artifacts/dsl/dependencies/UnknownProjectFinder
instanceKlass org/gradle/api/internal/initialization/DefaultBuildLogicBuilder
instanceKlass org/gradle/groovy/scripts/internal/ScriptSourceListener
instanceKlass org/gradle/configuration/ScriptPluginFactorySelector$1
instanceKlass org/gradle/configuration/ScriptPluginFactorySelector$ProviderInstantiator
instanceKlass org/gradle/configuration/ScriptPluginFactorySelector
instanceKlass org/gradle/groovy/scripts/Transformer
instanceKlass org/gradle/groovy/scripts/internal/StatementTransformer
instanceKlass org/gradle/configuration/project/DefaultCompileOperationFactory
instanceKlass org/gradle/plugin/use/PluginId
instanceKlass org/gradle/plugin/management/internal/DefaultPluginResolutionStrategy
instanceKlass org/gradle/plugin/internal/PluginUseServices$BuildScopeServices$1
instanceKlass org/gradle/plugin/use/resolve/internal/PluginArtifactRepositories
instanceKlass org/gradle/api/artifacts/dsl/RepositoryHandler
instanceKlass org/gradle/api/artifacts/ArtifactRepositoryContainer
instanceKlass org/gradle/api/NamedDomainObjectList
instanceKlass org/gradle/api/internal/artifacts/Module
instanceKlass org/gradle/internal/service/scopes/BuildScopeServices$DependencyMetaDataProviderImpl
instanceKlass org/gradle/api/internal/artifacts/DefaultDependencyManagementServices
instanceKlass org/gradle/api/internal/plugins/PluginImplementation
instanceKlass org/gradle/api/internal/plugins/DefaultPluginRegistry
instanceKlass org/gradle/api/internal/plugins/PotentialPlugin
instanceKlass org/gradle/model/internal/inspect/ModelRuleSourceDetector$1
instanceKlass com/google/common/collect/MapMakerInternalMap$AbstractStrongKeyEntry
instanceKlass com/google/common/collect/MapMakerInternalMap$WeakValueEntry
instanceKlass com/google/common/collect/MapMakerInternalMap$StrongKeyWeakValueEntry$Helper
instanceKlass org/gradle/api/internal/initialization/ClassLoaderScopeIdentifier
instanceKlass org/gradle/api/internal/initialization/AbstractClassLoaderScope
instanceKlass org/gradle/initialization/ClassLoaderScopeOrigin
instanceKlass org/gradle/api/internal/initialization/loadercache/ClassLoaderId
instanceKlass org/gradle/initialization/ClassLoaderScopeId
instanceKlass org/gradle/initialization/DefaultClassLoaderScopeRegistry
instanceKlass org/gradle/api/internal/initialization/loadercache/DefaultClassLoaderCache$ClassLoaderSpec
instanceKlass org/gradle/api/internal/initialization/loadercache/DefaultClassLoaderCache
instanceKlass org/gradle/composite/internal/plugins/CompositeBuildPluginResolverContributor$PluginResult
instanceKlass org/gradle/composite/internal/plugins/CompositeBuildPluginResolverContributor$CompositeBuildPluginResolver
instanceKlass org/gradle/plugin/management/internal/autoapply/CompositeAutoAppliedPluginRegistry
instanceKlass org/gradle/plugin/management/internal/autoapply/DefaultAutoAppliedPluginHandler
instanceKlass org/gradle/plugin/management/internal/autoapply/InjectedAutoAppliedPluginRegistry
instanceKlass org/gradle/groovy/scripts/internal/BuildScopeInMemoryCachingScriptClassCompiler
instanceKlass org/gradle/groovy/scripts/ScriptCompiler
instanceKlass org/gradle/groovy/scripts/DefaultScriptCompilerFactory
instanceKlass org/gradle/groovy/scripts/ScriptRunner
instanceKlass org/gradle/groovy/scripts/internal/DefaultScriptRunnerFactory
instanceKlass org/gradle/internal/scripts/ScriptExecutionListener
instanceKlass org/gradle/groovy/scripts/internal/BuildOperationBackedScriptCompilationHandler$1
instanceKlass org/gradle/internal/scripts/CompileScriptBuildOperationType$Result
instanceKlass org/gradle/groovy/scripts/internal/BuildOperationBackedScriptCompilationHandler
instanceKlass org/gradle/internal/execution/UnitOfWork
instanceKlass org/gradle/cache/internal/DefaultCacheCoordinator$TransparentFileAccess
instanceKlass org/gradle/internal/execution/workspace/ImmutableWorkspaceProvider$ImmutableWorkspace
instanceKlass org/gradle/internal/execution/workspace/impl/CacheBasedImmutableWorkspaceProvider
instanceKlass org/gradle/internal/execution/impl/DefaultInputFingerprinter
instanceKlass org/gradle/internal/execution/impl/DefaultFileCollectionFingerprinterRegistry
instanceKlass org/gradle/api/internal/changedetection/state/CachingFileSystemLocationSnapshotHasher
instanceKlass org/gradle/api/internal/changedetection/state/LineEndingNormalizingInputStreamHasher
instanceKlass org/gradle/internal/execution/impl/DefaultFileNormalizationSpec
instanceKlass org/gradle/internal/execution/FileNormalizationSpec
instanceKlass org/gradle/internal/execution/impl/FingerprinterRegistration
instanceKlass org/gradle/internal/fingerprint/FileSystemLocationFingerprint
instanceKlass org/gradle/internal/fingerprint/impl/FileCollectionFingerprinterRegistrations$1
instanceKlass org/gradle/api/internal/changedetection/state/LineEndingNormalizingFileSystemLocationSnapshotHasher$1
instanceKlass org/gradle/api/internal/changedetection/state/LineEndingNormalizingFileSystemLocationSnapshotHasher
instanceKlass org/gradle/internal/fingerprint/hashing/FileSystemLocationSnapshotHasher$1
instanceKlass org/gradle/internal/normalization/java/impl/ApiMemberWriter
instanceKlass org/gradle/internal/normalization/java/ApiMemberWriterFactory
instanceKlass org/gradle/internal/normalization/java/ApiClassExtractor
instanceKlass org/gradle/api/internal/changedetection/state/AbiExtractingClasspathResourceHasher
instanceKlass org/gradle/internal/fingerprint/classpath/CompileClasspathFingerprinter
instanceKlass org/gradle/internal/fingerprint/hashing/FileSystemLocationSnapshotHasher
instanceKlass org/gradle/api/internal/changedetection/state/SplitResourceSnapshotterCacheService
instanceKlass org/gradle/internal/execution/steps/ChoosePipelineStep
instanceKlass org/gradle/internal/execution/steps/IdentityCacheStep
instanceKlass org/gradle/internal/execution/ExecutionEngine$Request
instanceKlass org/gradle/internal/execution/impl/DefaultExecutionEngine
instanceKlass org/gradle/internal/execution/steps/RemovePreviousOutputsStep
instanceKlass org/gradle/internal/execution/steps/OverlappingOutputsFilter
instanceKlass org/gradle/internal/execution/steps/CachingContext
instanceKlass org/gradle/internal/execution/steps/ResolveInputChangesStep
instanceKlass org/gradle/internal/execution/history/AfterExecutionState
instanceKlass org/gradle/internal/execution/steps/StoreExecutionStateStep
instanceKlass org/gradle/internal/execution/steps/SkipUpToDateStep
instanceKlass org/gradle/internal/execution/history/changes/IncrementalInputProperties
instanceKlass org/gradle/internal/execution/steps/ResolveChangesStep
instanceKlass org/gradle/internal/execution/UnitOfWork$InputVisitor
instanceKlass org/gradle/internal/execution/steps/AbstractSkipEmptyWorkStep
instanceKlass org/gradle/internal/execution/steps/LoadPreviousExecutionStateStep
instanceKlass org/gradle/internal/execution/steps/HandleStaleOutputsStep
instanceKlass org/gradle/internal/execution/steps/AssignMutableWorkspaceStep
instanceKlass org/gradle/internal/execution/steps/BroadcastChangingOutputsStep
instanceKlass org/gradle/internal/execution/steps/NoInputChangesStep
instanceKlass org/gradle/caching/internal/CacheableEntity
instanceKlass org/gradle/internal/execution/steps/BuildCacheStep
instanceKlass org/gradle/internal/execution/steps/NeverUpToDateStep
instanceKlass org/gradle/internal/execution/steps/legacy/MarkSnapshottingInputsFinishedStep
instanceKlass org/gradle/internal/Either
instanceKlass org/gradle/internal/execution/caching/CachingState$Disabled
instanceKlass org/gradle/internal/execution/caching/CachingState
instanceKlass org/gradle/internal/execution/caching/CachingDisabledReason
instanceKlass org/gradle/internal/execution/caching/CachingStateFactory
instanceKlass org/gradle/internal/execution/steps/AbstractResolveCachingStateStep
instanceKlass org/gradle/internal/execution/steps/ValidateStep
instanceKlass org/gradle/internal/execution/history/BeforeExecutionState
instanceKlass org/gradle/internal/execution/history/ExecutionInputState
instanceKlass org/gradle/internal/execution/UnitOfWork$ImplementationVisitor
instanceKlass org/gradle/internal/execution/steps/ExecutionRequestContext
instanceKlass org/gradle/internal/execution/steps/BuildOperationStep
instanceKlass org/gradle/internal/execution/steps/legacy/MarkSnapshottingInputsStartedStep
instanceKlass org/gradle/internal/snapshot/FileSystemSnapshotHierarchyVisitor
instanceKlass org/gradle/internal/execution/history/ExecutionOutputState
instanceKlass org/gradle/internal/execution/ExecutionEngine$Result
instanceKlass org/gradle/internal/execution/steps/Result
instanceKlass org/gradle/internal/execution/steps/AssignImmutableWorkspaceStep
instanceKlass org/gradle/internal/execution/ExecutionEngine$Execution
instanceKlass org/gradle/internal/execution/UnitOfWork$ExecutionRequest
instanceKlass org/gradle/internal/execution/steps/ExecuteStep
instanceKlass org/gradle/internal/execution/steps/CancelExecutionStep
instanceKlass org/gradle/internal/execution/steps/TimeoutStep
instanceKlass org/gradle/internal/execution/steps/Context
instanceKlass org/gradle/internal/execution/steps/PreCreateOutputParentsStep
instanceKlass java/lang/invoke/ClassSpecializer$Factory$1Var
instanceKlass org/gradle/internal/execution/timeout/Timeout
instanceKlass org/gradle/internal/execution/timeout/impl/DefaultTimeoutHandler
instanceKlass org/gradle/internal/execution/history/impl/DefaultOverlappingOutputDetector
instanceKlass org/gradle/internal/execution/UnitOfWork$OutputVisitor
instanceKlass org/gradle/internal/execution/impl/DefaultOutputSnapshotter
instanceKlass sun/nio/cs/Surrogate
instanceKlass sun/nio/cs/Surrogate$Parser
instanceKlass org/apache/commons/io/file/Counters$LongCounter
instanceKlass org/apache/commons/io/file/Counters$AbstractPathCounters
instanceKlass org/apache/commons/io/file/Counters$Counter
instanceKlass org/apache/commons/io/file/Counters$PathCounters
instanceKlass org/apache/commons/io/file/Counters
instanceKlass org/apache/commons/io/file/DeleteOption
instanceKlass org/apache/commons/io/file/PathUtils
instanceKlass org/gradle/internal/snapshot/FileSystemLocationSnapshot$FileSystemLocationSnapshotVisitor
instanceKlass org/gradle/internal/execution/history/impl/DefaultOutputFilesRepository
instanceKlass org/gradle/cache/internal/DefaultPersistentDirectoryCache$Initializer
instanceKlass org/gradle/internal/execution/history/impl/DefaultImmutableWorkspaceMetadataStore
instanceKlass org/gradle/api/internal/changedetection/state/SplitFileHasher
instanceKlass org/gradle/internal/execution/history/changes/ChangeVisitor
instanceKlass org/gradle/internal/execution/history/changes/InputFileChanges
instanceKlass org/gradle/internal/execution/history/changes/ChangeContainer
instanceKlass org/gradle/internal/execution/history/changes/DefaultExecutionStateChangeDetector
instanceKlass org/gradle/api/internal/file/AbstractFileResolver$2
instanceKlass org/apache/commons/io/FilenameUtils
instanceKlass org/gradle/internal/typeconversion/NotationConverterToNotationParserAdapter$ResultImpl
instanceKlass kotlin/jvm/functions/Function0
instanceKlass kotlin/Function
instanceKlass org/gradle/util/internal/DeferredUtil
instanceKlass org/gradle/caching/BuildCacheServiceFactory$Describer
instanceKlass org/gradle/caching/internal/services/AbstractBuildCacheControllerFactory
instanceKlass org/gradle/caching/internal/origin/OriginMetadataFactory$PropertiesConfigurator
instanceKlass org/gradle/caching/internal/BuildCacheServices$FilePermissionsAccessAdapter
instanceKlass org/gradle/caching/internal/packaging/impl/TarBuildCacheEntryPacker
instanceKlass org/gradle/caching/internal/packaging/impl/GZipBuildCacheEntryPacker
instanceKlass org/gradle/internal/file/ThreadLocalBufferProvider
instanceKlass org/gradle/caching/internal/packaging/impl/DefaultTarPackerFileSystemSupport
instanceKlass org/gradle/caching/internal/controller/NoOpBuildCacheController
instanceKlass org/gradle/caching/internal/controller/impl/LifecycleAwareBuildCacheControllerFactory$DelegatingBuildCacheController
instanceKlass org/gradle/groovy/scripts/internal/DefaultScriptCompilationHandler$NoOpGroovyResourceLoader
instanceKlass org/codehaus/groovy/control/CompilerConfiguration
instanceKlass org/gradle/groovy/scripts/internal/CompileOperation
instanceKlass org/gradle/groovy/scripts/ScriptSource
instanceKlass groovy/lang/GroovyResourceLoader
instanceKlass org/gradle/groovy/scripts/internal/CompiledScript
instanceKlass com/google/common/base/NullnessCasts
instanceKlass com/google/common/base/AbstractIterator$1
instanceKlass com/google/common/base/AbstractIterator
instanceKlass com/google/common/base/Splitter$1
instanceKlass com/google/common/base/CharMatcher
instanceKlass com/google/common/base/CommonPattern
instanceKlass com/google/common/base/Splitter$Strategy
instanceKlass com/google/common/base/Splitter
instanceKlass org/gradle/configuration/DefaultImportsReader$2
instanceKlass com/google/common/io/Java8Compatibility
instanceKlass com/google/common/io/LineBuffer
instanceKlass com/google/common/io/LineReader
instanceKlass com/google/common/io/CharStreams
instanceKlass org/gradle/configuration/DefaultImportsReader$1
instanceKlass com/google/common/io/Resources
instanceKlass org/gradle/configuration/DefaultImportsReader
instanceKlass org/gradle/configuration/ScriptPlugin
instanceKlass org/gradle/api/Plugin
instanceKlass org/gradle/configuration/DefaultProjectsPreparer
instanceKlass org/gradle/configuration/BuildTreePreparingProjectsPreparer
instanceKlass org/gradle/configuration/BuildOperationFiringProjectsPreparer$1
instanceKlass org/gradle/initialization/ConfigureBuildBuildOperationType$Result
instanceKlass org/gradle/configuration/BuildOperationFiringProjectsPreparer
instanceKlass org/gradle/internal/resource/local/FileResourceListener
instanceKlass org/gradle/initialization/InstantiatingBuildLoader
instanceKlass org/gradle/initialization/ProjectPropertySettingBuildLoader
instanceKlass org/gradle/initialization/NotifyingBuildLoader$1
instanceKlass org/gradle/initialization/NotifyProjectsLoadedBuildOperationType$Result
instanceKlass org/gradle/initialization/NotifyingBuildLoader
instanceKlass org/gradle/initialization/DefaultGradlePropertiesController$SharedGradleProperties
instanceKlass org/gradle/initialization/DefaultGradlePropertiesController$NotLoaded
instanceKlass org/gradle/initialization/DefaultGradlePropertiesController$State
instanceKlass org/gradle/initialization/DefaultGradlePropertiesController
instanceKlass org/gradle/initialization/properties/DefaultProjectPropertiesLoader
instanceKlass org/gradle/initialization/properties/DefaultSystemPropertiesInstaller
instanceKlass org/gradle/initialization/properties/MutableGradleProperties
instanceKlass org/gradle/initialization/DefaultGradlePropertiesLoader
instanceKlass org/gradle/api/internal/artifacts/ivyservice/dependencysubstitution/DependencySubstitutionsInternal
instanceKlass org/gradle/api/artifacts/DependencySubstitutions
instanceKlass org/gradle/composite/internal/IncludedBuildDependencySubstitutionsBuilder
instanceKlass org/gradle/api/internal/artifacts/dsl/CapabilityNotationParserFactory$1
instanceKlass org/gradle/internal/typeconversion/CompositeNotationConverter
instanceKlass org/gradle/api/internal/artifacts/dsl/CapabilityNotationParserFactory
instanceKlass org/gradle/internal/typeconversion/NotationParserBuilder$LazyDisplayName
instanceKlass org/gradle/internal/typeconversion/JustReturningParser
instanceKlass org/gradle/api/artifacts/VersionConstraint
instanceKlass org/gradle/internal/typeconversion/TypedNotationConverter
instanceKlass org/gradle/internal/typeconversion/CrossBuildCachingNotationConverter
instanceKlass org/gradle/composite/internal/DefaultBuildableCompositeBuildContext
instanceKlass org/gradle/api/artifacts/ConfigurationContainer
instanceKlass org/gradle/kotlin/dsl/tooling/builders/BuildSrcClassPathModeConfigurationAction
instanceKlass org/gradle/initialization/buildsrc/GradlePluginApiVersionAttributeConfigurationAction
instanceKlass org/gradle/initialization/buildsrc/GroovyBuildSrcProjectConfigurationAction
instanceKlass org/gradle/configuration/project/PluginsProjectConfigureActions
instanceKlass org/gradle/api/internal/InternalAction
instanceKlass org/gradle/configuration/project/ProjectConfigureAction
instanceKlass org/gradle/initialization/buildsrc/BuildSrcProjectConfigurationAction
instanceKlass org/gradle/initialization/buildsrc/BuildSrcBuildListenerFactory
instanceKlass org/gradle/initialization/buildsrc/BuildSourceBuilder$1
instanceKlass org/gradle/initialization/buildsrc/BuildBuildSrcBuildOperationType$Result
instanceKlass org/gradle/cache/internal/BuildScopeCacheDir
instanceKlass org/gradle/internal/buildtree/DefaultBuildTreeWorkGraphPreparer
instanceKlass javax/annotation/meta/TypeQualifier
instanceKlass org/gradle/api/problems/internal/GeneralDataSpec
instanceKlass org/gradle/api/problems/internal/AdditionalDataSpec
instanceKlass org/gradle/util/internal/NameMatcher
instanceKlass org/gradle/execution/TaskSelection
instanceKlass org/gradle/execution/TaskSelector$SelectionContext
instanceKlass org/gradle/api/tasks/TaskContainer
instanceKlass org/gradle/api/tasks/TaskCollection
instanceKlass org/gradle/execution/TaskSelectionResult
instanceKlass org/gradle/execution/TaskNameResolver
instanceKlass org/gradle/execution/DefaultTaskSelector
instanceKlass org/gradle/api/internal/file/FileCollectionInternal$1
instanceKlass org/gradle/api/internal/file/FileCollectionInternal$Source
instanceKlass org/gradle/execution/plan/DefaultPlanExecutor$MergedQueues
instanceKlass org/gradle/execution/plan/DefaultPlanExecutor$WorkerStats
instanceKlass org/gradle/execution/plan/DefaultPlanExecutor$WorkerState
instanceKlass org/gradle/execution/plan/DefaultPlanExecutor$ExecutorState
instanceKlass org/gradle/internal/id/LongIdGenerator
instanceKlass org/gradle/api/internal/initialization/transform/registration/InstrumentationTransformRegisterer
instanceKlass org/gradle/util/internal/GUtil$1
instanceKlass org/gradle/internal/build/DefaultPublicBuildPath
instanceKlass org/gradle/workers/internal/DefaultWorkResult
instanceKlass org/gradle/api/tasks/WorkResult
instanceKlass org/gradle/internal/work/ConditionalExecutionQueue
instanceKlass org/gradle/api/HasImplicitReceiver
instanceKlass org/gradle/api/internal/AbstractMutationGuard
instanceKlass org/gradle/api/internal/project/BuildOperationCrossProjectConfigurator
instanceKlass org/gradle/api/internal/WithMutationGuard
instanceKlass org/gradle/internal/concurrent/CompositeStoppable$3
instanceKlass org/gradle/internal/DeprecatedInGradleScope
instanceKlass org/gradle/api/execution/TaskExecutionGraphListener
instanceKlass org/gradle/execution/plan/LocalTaskNodeExecutor
instanceKlass org/gradle/execution/plan/WorkNodeExecutor
instanceKlass org/gradle/execution/plan/NodeExecutor
instanceKlass org/gradle/execution/taskgraph/TaskListenerInternal
instanceKlass org/gradle/api/execution/TaskExecutionListener
instanceKlass org/gradle/execution/commandline/CommandLineTaskParser
instanceKlass org/gradle/api/internal/tasks/options/OptionReader
instanceKlass org/gradle/initialization/TaskExecutionPreparer
instanceKlass org/gradle/execution/BuildTaskScheduler
instanceKlass org/gradle/execution/BuildWorkExecutor
instanceKlass org/gradle/internal/ImmutableActionSet
instanceKlass org/gradle/internal/instantiation/generator/AsmBackedClassGenerator$ClassBuilderImpl$ReturnTypeEntry
instanceKlass org/gradle/internal/reflect/JavaReflectionUtil
instanceKlass javax/annotation/Nullable
instanceKlass org/gradle/configuration/ConfigurationTargetIdentifier
instanceKlass org/gradle/api/plugins/PluginContainer
instanceKlass org/gradle/api/plugins/PluginCollection
instanceKlass org/gradle/api/internal/plugins/DefaultObjectConfigurationAction
instanceKlass org/gradle/api/plugins/ObjectConfigurationAction
instanceKlass org/gradle/invocation/DefaultGradle$DefaultGradleLifecycle
instanceKlass org/gradle/initialization/SettingsState
instanceKlass org/gradle/api/internal/initialization/ClassLoaderScope
instanceKlass org/gradle/util/Path
instanceKlass org/gradle/api/internal/plugins/PluginManagerInternal
instanceKlass org/gradle/execution/taskgraph/TaskExecutionGraphInternal
instanceKlass org/gradle/api/ProjectEvaluationListener
instanceKlass org/gradle/api/internal/SettingsInternal
instanceKlass org/gradle/api/initialization/Settings
instanceKlass org/gradle/internal/MutableActionSet
instanceKlass org/gradle/api/invocation/GradleLifecycle
instanceKlass org/gradle/api/execution/TaskExecutionGraph
instanceKlass org/gradle/api/plugins/PluginManager
instanceKlass org/gradle/api/internal/project/AbstractPluginAware
instanceKlass org/gradle/api/flow/FlowScope
instanceKlass org/gradle/internal/flow/services/FlowParametersInstantiator
instanceKlass org/gradle/internal/flow/services/FlowScheduler
instanceKlass org/gradle/api/flow/FlowProviders
instanceKlass org/gradle/internal/flow/services/FlowServicesProvider
instanceKlass org/gradle/declarative/dsl/tooling/builders/internal/BuildScopeToolingServices
instanceKlass org/gradle/internal/cc/impl/services/DefaultIsolatedProjectEvaluationListenerProvider
instanceKlass org/gradle/invocation/IsolatedProjectEvaluationListenerProvider
instanceKlass org/gradle/internal/cc/impl/ConfigurationCacheClassLoaderScopeRegistryListener
instanceKlass org/gradle/internal/cc/impl/serialize/ScopeLookup
instanceKlass org/gradle/internal/cc/impl/problems/AbstractProblemsListener
instanceKlass org/gradle/internal/configuration/problems/ProblemsListener
instanceKlass org/gradle/internal/cc/impl/ConfigurationCacheIO
instanceKlass org/gradle/internal/cc/impl/ConfigurationCacheHost
instanceKlass org/gradle/internal/cc/impl/DefaultConfigurationCache$Host
instanceKlass org/gradle/internal/cc/base/serialize/HostServiceProvider
instanceKlass org/gradle/api/internal/tasks/TaskExecutionAccessChecker
instanceKlass org/gradle/internal/cc/impl/ConfigurationCacheServices$TaskExecutionAccessCheckerProvider
instanceKlass org/gradle/internal/cc/impl/RelevantProjectsRegistry
instanceKlass org/gradle/api/internal/artifacts/configurations/ProjectComponentObservationListener
instanceKlass org/gradle/profile/BuildProfileServices$2
instanceKlass org/gradle/vcs/internal/services/VersionControlServices$VcsResolverFactory
instanceKlass org/gradle/api/internal/artifacts/ivyservice/ivyresolve/ResolverProviderFactory
instanceKlass org/gradle/vcs/internal/resolver/VcsVersionWorkingDirResolver
instanceKlass org/gradle/vcs/internal/services/VersionControlServices$VersionControlBuildServices
instanceKlass org/gradle/tooling/provider/model/ToolingModelBuilder
instanceKlass org/gradle/language/cpp/internal/tooling/ToolingNativeServices$ToolingModelRegistration
instanceKlass org/gradle/authentication/aws/AwsImAuthentication
instanceKlass org/gradle/internal/resource/transport/aws/s3/S3ResourcesServices$AuthenticationSchemeAction
instanceKlass org/gradle/nativeplatform/toolchain/internal/metadata/CompilerMetaDataProvider
instanceKlass org/gradle/nativeplatform/toolchain/internal/metadata/CompilerMetaDataProviderFactory
instanceKlass org/gradle/nativeplatform/internal/resolve/LibraryBinaryLocator
instanceKlass org/gradle/nativeplatform/internal/resolve/NativeDependencyResolver
instanceKlass org/gradle/nativeplatform/internal/resolve/NativeDependencyResolverServices
instanceKlass org/gradle/cache/internal/FileContentCacheFactory$Calculator
instanceKlass org/gradle/language/nativeplatform/internal/incremental/sourceparser/CachingCSourceParser
instanceKlass org/gradle/language/nativeplatform/internal/incremental/sourceparser/CSourceParser
instanceKlass org/gradle/language/nativeplatform/internal/incremental/DefaultCompilationStateCacheFactory
instanceKlass org/gradle/language/nativeplatform/internal/incremental/CompilationStateCacheFactory
instanceKlass org/gradle/language/cpp/internal/NativeDependencyCache
instanceKlass org/gradle/plugins/ide/internal/configurer/UniqueProjectNameProvider
instanceKlass org/gradle/plugins/ide/internal/tooling/ToolingModelServices$BuildScopeToolingServices
instanceKlass org/gradle/ide/xcode/internal/xcodeproj/GidGenerator
instanceKlass org/gradle/ide/xcode/internal/services/XcodeServices$1
instanceKlass org/gradle/internal/scan/config/BuildScanConfig
instanceKlass org/gradle/internal/scan/config/BuildScanConfig$Attributes
instanceKlass org/gradle/internal/enterprise/impl/legacy/LegacyGradleEnterprisePluginCheckInService
instanceKlass org/gradle/internal/scan/eob/BuildScanEndOfBuildNotifier
instanceKlass org/gradle/internal/scan/config/BuildScanConfigProvider
instanceKlass org/gradle/internal/enterprise/impl/legacy/DefaultBuildScanScopeIds
instanceKlass org/gradle/internal/scan/scopeids/BuildScanScopeIds
instanceKlass org/gradle/internal/enterprise/impl/DefaultDevelocityBuildLifecycleService
instanceKlass org/gradle/internal/enterprise/DevelocityBuildLifecycleService
instanceKlass org/gradle/internal/enterprise/GradleEnterprisePluginCheckInResult
instanceKlass org/gradle/internal/enterprise/core/GradleEnterprisePluginAdapter
instanceKlass org/gradle/internal/enterprise/impl/DefaultGradleEnterprisePluginCheckInService
instanceKlass org/gradle/internal/enterprise/GradleEnterprisePluginCheckInService
instanceKlass org/gradle/internal/enterprise/impl/DefaultGradleEnterprisePluginRequiredServices
instanceKlass org/gradle/internal/enterprise/GradleEnterprisePluginRequiredServices
instanceKlass org/gradle/internal/enterprise/impl/DefaultGradleEnterprisePluginAdapterFactory
instanceKlass org/gradle/internal/enterprise/impl/GradleEnterprisePluginAutoApplicationListener
instanceKlass org/gradle/plugin/use/internal/PluginRequestApplicator$PluginApplicationListener
instanceKlass org/gradle/composite/internal/plugins/CompositeBuildPluginResolverContributor
instanceKlass org/gradle/plugin/use/resolve/internal/PluginResolverContributor
instanceKlass org/apache/http/HttpRequest
instanceKlass org/apache/http/HttpMessage
instanceKlass org/gradle/caching/http/internal/HttpBuildCacheRequestCustomizer
instanceKlass org/gradle/caching/http/internal/DefaultHttpBuildCacheServiceFactory
instanceKlass org/gradle/caching/BuildCacheServiceFactory
instanceKlass org/gradle/caching/configuration/AbstractBuildCache
instanceKlass org/gradle/caching/configuration/BuildCache
instanceKlass org/gradle/caching/configuration/internal/DefaultBuildCacheServiceRegistration
instanceKlass org/gradle/maven/MavenPomArtifact
instanceKlass org/gradle/maven/MavenModule
instanceKlass org/gradle/api/publish/maven/internal/publisher/MavenPublishers
instanceKlass org/gradle/api/publish/maven/internal/dependencies/VersionRangeMapper
instanceKlass org/gradle/api/publish/maven/internal/MavenPublishServices$ComponentRegistrationAction
instanceKlass org/gradle/jvm/toolchain/internal/WindowsInstallationSupplier
instanceKlass org/gradle/jvm/toolchain/internal/OsXInstallationSupplier
instanceKlass org/gradle/jvm/toolchain/internal/LinuxInstallationSupplier
instanceKlass org/xml/sax/ErrorHandler
instanceKlass org/gradle/jvm/toolchain/internal/MavenToolchainsInstallationSupplier
instanceKlass org/gradle/jvm/toolchain/internal/SdkmanInstallationSupplier
instanceKlass org/gradle/jvm/toolchain/internal/JabbaInstallationSupplier
instanceKlass org/gradle/jvm/toolchain/internal/IntellijInstallationSupplier
instanceKlass org/gradle/jvm/toolchain/internal/AsdfInstallationSupplier
instanceKlass org/gradle/jvm/toolchain/internal/DefaultOsXJavaHomeCommand
instanceKlass org/gradle/jvm/toolchain/internal/OsXJavaHomeCommand
instanceKlass org/gradle/jvm/internal/services/ProviderBackedToolchainConfiguration
instanceKlass org/gradle/jvm/toolchain/internal/InstallationSupplier
instanceKlass org/gradle/jvm/toolchain/internal/DefaultJavaToolchainResolverRegistry
instanceKlass org/gradle/jvm/toolchain/internal/JavaToolchainResolverRegistryInternal
instanceKlass org/gradle/jvm/toolchain/internal/ToolchainConfiguration
instanceKlass org/gradle/jvm/toolchain/internal/JdkCacheDirectory
instanceKlass org/gradle/platform/internal/DefaultBuildPlatform
instanceKlass org/gradle/platform/BuildPlatform
instanceKlass org/gradle/jvm/toolchain/internal/DefaultJvmToolchainManagement
instanceKlass org/gradle/jvm/toolchain/JvmToolchainManagement
instanceKlass org/gradle/jvm/toolchain/JavaToolchainResolverRegistry
instanceKlass org/gradle/internal/jvm/inspection/JavaInstallationRegistry
instanceKlass org/gradle/jvm/internal/services/ToolchainsJvmServices$BuildServices
instanceKlass org/gradle/internal/jvm/inspection/InvalidJvmInstallationCacheInvalidator
instanceKlass org/gradle/internal/jvm/inspection/JvmInstallationMetadata$DefaultJvmInstallationMetadata
instanceKlass org/gradle/jvm/toolchain/internal/InstallationLocation
instanceKlass org/gradle/internal/jvm/inspection/InvalidInstallationWarningReporter
instanceKlass org/gradle/internal/jvm/inspection/JvmInstallationMetadata
instanceKlass org/gradle/internal/jvm/inspection/DefaultJvmMetadataDetector
instanceKlass org/gradle/internal/jvm/inspection/ReportingJvmMetadataDetector
instanceKlass org/gradle/internal/jvm/inspection/CachingJvmMetadataDetector
instanceKlass org/gradle/internal/jvm/inspection/ConditionalInvalidation
instanceKlass org/gradle/api/internal/model/InstantiatorBackedObjectFactory
instanceKlass org/gradle/process/internal/JavaForkOptionsInternal
instanceKlass org/gradle/process/JavaDebugOptions
instanceKlass org/gradle/process/internal/ExecAction
instanceKlass org/gradle/process/internal/JavaExecAction
instanceKlass org/gradle/process/JavaExecSpec
instanceKlass org/gradle/process/JavaForkOptions
instanceKlass org/gradle/process/internal/ExecHandleBuilder
instanceKlass org/gradle/process/ExecSpec
instanceKlass org/gradle/process/BaseExecSpec
instanceKlass org/gradle/process/ProcessForkOptions
instanceKlass org/gradle/process/internal/DefaultExecActionFactory
instanceKlass org/gradle/jvm/internal/services/PlatformJvmServices$1
instanceKlass org/gradle/language/base/artifact/SourcesArtifact
instanceKlass org/gradle/language/jvm/internal/JvmLanguageServices$ComponentRegistrationAction
instanceKlass org/gradle/language/java/artifact/JavadocArtifact
instanceKlass org/gradle/jvm/JvmLibrary
instanceKlass org/gradle/platform/base/Library
instanceKlass org/gradle/language/java/internal/JavaLanguageServices$JavaBuildScopeServices
instanceKlass org/gradle/initialization/DefaultJdkToolsInitializer
instanceKlass org/gradle/api/internal/tasks/compile/incremental/analyzer/CachingClassDependenciesAnalyzer
instanceKlass org/gradle/api/internal/tasks/compile/incremental/classpath/CachingClassSetAnalyzer
instanceKlass org/gradle/api/internal/tasks/compile/incremental/IncrementalCompilerFactory
instanceKlass org/gradle/api/internal/tasks/compile/incremental/analyzer/ClassDependenciesAnalyzer
instanceKlass org/gradle/api/internal/tasks/compile/incremental/classpath/ClassSetAnalyzer
instanceKlass org/gradle/api/internal/tasks/CompileServices$BuildScopeCompileServices
instanceKlass org/gradle/api/publish/internal/mapping/VariantDependencyResolver
instanceKlass org/gradle/api/publish/internal/mapping/ComponentDependencyResolver
instanceKlass org/gradle/api/publish/internal/mapping/DefaultDependencyCoordinateResolverFactory
instanceKlass org/gradle/api/publish/internal/mapping/DependencyCoordinateResolverFactory
instanceKlass org/gradle/api/publish/internal/validation/DuplicatePublicationTracker
instanceKlass org/gradle/api/internal/artifacts/ivyservice/projectmodule/DefaultProjectDependencyPublicationResolver$VariantCoordinateResolver
instanceKlass org/gradle/api/component/SoftwareComponent
instanceKlass org/gradle/api/internal/artifacts/ivyservice/projectmodule/DefaultProjectDependencyPublicationResolver
instanceKlass org/gradle/api/internal/artifacts/ivyservice/projectmodule/ProjectDependencyPublicationResolver
instanceKlass org/gradle/ivy/IvyDescriptorArtifact
instanceKlass org/gradle/api/component/Artifact
instanceKlass org/gradle/api/internal/component/DefaultComponentTypeRegistry$DefaultComponentTypeRegistration
instanceKlass org/gradle/ivy/IvyModule
instanceKlass org/gradle/api/component/Component
instanceKlass org/gradle/api/internal/component/ComponentTypeRegistration
instanceKlass org/gradle/api/internal/component/DefaultComponentTypeRegistry
instanceKlass org/gradle/api/publish/ivy/internal/publisher/IvyPublisher
instanceKlass org/gradle/api/publish/ivy/internal/IvyServices$BuildServices
instanceKlass org/gradle/api/internal/resolve/ProjectModelResolver
instanceKlass org/gradle/platform/base/internal/registry/ComponentModelBaseServices$BuildScopeServices
instanceKlass org/gradle/plugin/use/tracker/internal/PluginVersionTracker
instanceKlass org/gradle/api/internal/plugins/PluginDescriptorLocator
instanceKlass org/gradle/plugin/use/resolve/internal/PluginResolutionVisitor
instanceKlass org/gradle/plugin/use/internal/DefaultPluginRequestApplicator
instanceKlass org/gradle/plugin/use/resolve/internal/PluginResolver
instanceKlass org/gradle/plugin/use/internal/PluginResolverFactory
instanceKlass org/gradle/plugin/management/internal/PluginResolutionStrategyInternal
instanceKlass org/gradle/plugin/management/PluginResolutionStrategy
instanceKlass org/gradle/plugin/use/internal/PluginDependencyResolutionServices
instanceKlass org/gradle/plugin/use/resolve/internal/PluginArtifactRepositoriesProvider
instanceKlass org/gradle/plugin/use/internal/PluginRepositoryHandlerProvider
instanceKlass org/gradle/plugin/use/resolve/service/internal/ClientInjectedClasspathPluginResolver
instanceKlass org/gradle/plugin/internal/PluginUseServices$BuildScopeServices
instanceKlass org/gradle/authentication/http/HttpHeaderAuthentication
instanceKlass org/gradle/authentication/http/DigestAuthentication
instanceKlass org/gradle/internal/authentication/AbstractAuthentication
instanceKlass org/gradle/internal/authentication/AuthenticationInternal
instanceKlass org/gradle/authentication/http/BasicAuthentication
instanceKlass org/gradle/authentication/Authentication
instanceKlass org/gradle/internal/authentication/DefaultAuthenticationSchemeRegistry
instanceKlass org/gradle/internal/resource/transport/http/HttpResourcesServices$AuthenticationSchemeAction
instanceKlass org/gradle/api/internal/artifacts/ivyservice/ivyresolve/ModuleComponentRepository
instanceKlass org/gradle/api/internal/artifacts/MetadataResolutionContext
instanceKlass org/gradle/api/internal/artifacts/ivyservice/ivyresolve/ComponentResolvers
instanceKlass org/gradle/api/artifacts/result/ResolvedArtifactResult
instanceKlass org/gradle/api/artifacts/result/ArtifactResult
instanceKlass org/gradle/api/internal/artifacts/ivyservice/ivyresolve/ExternalModuleComponentResolverFactory
instanceKlass org/gradle/api/internal/artifacts/ivyservice/resolveengine/graph/RootGraphNode
instanceKlass org/gradle/api/internal/artifacts/ivyservice/resolveengine/graph/builder/NodeState
instanceKlass org/gradle/api/internal/artifacts/ivyservice/resolveengine/graph/DependencyGraphNode
instanceKlass org/gradle/api/internal/artifacts/ivyservice/resolveengine/graph/ResolvedGraphVariant
instanceKlass org/gradle/api/internal/artifacts/ivyservice/resolveengine/graph/conflicts/ModuleConflictHandler
instanceKlass org/gradle/api/internal/artifacts/ivyservice/resolveengine/graph/conflicts/CapabilitiesConflictHandler
instanceKlass org/gradle/api/internal/artifacts/ivyservice/resolveengine/graph/conflicts/ConflictHandler
instanceKlass org/gradle/api/internal/artifacts/ivyservice/resolveengine/artifact/ResolvedArtifactSetResolver
instanceKlass org/gradle/api/internal/artifacts/ivyservice/resolveengine/graph/builder/DependencyGraphBuilder
instanceKlass org/gradle/api/internal/artifacts/ivyservice/resolveengine/ModuleConflictResolver
instanceKlass org/gradle/api/internal/artifacts/ivyservice/dependencysubstitution/DependencySubstitutionApplicator
instanceKlass org/gradle/internal/resolve/resolver/ComponentMetaDataResolver
instanceKlass org/gradle/api/internal/artifacts/ivyservice/resolveengine/DependencyGraphResolver
instanceKlass org/gradle/internal/resource/local/LocallyAvailableExternalResource
instanceKlass org/gradle/internal/resource/ExternalResource
instanceKlass org/gradle/internal/resource/local/FileResourceConnector
instanceKlass org/gradle/api/internal/artifacts/ivyservice/projectmodule/DefaultProjectPublicationRegistry
instanceKlass org/gradle/api/internal/artifacts/ivyservice/projectmodule/ProjectPublicationRegistry
instanceKlass org/gradle/api/internal/artifacts/transform/TransformStepNodeDependencyResolver
instanceKlass org/gradle/internal/component/external/model/ModuleComponentArtifactMetadata
instanceKlass org/gradle/api/internal/artifacts/transform/TransformExecutionListener
instanceKlass org/gradle/internal/component/model/GraphVariantSelector
instanceKlass org/gradle/internal/resource/TextUriResourceLoader$Factory
instanceKlass org/gradle/api/internal/artifacts/ivyservice/resolveengine/excludes/ModuleExclusions
instanceKlass org/gradle/internal/component/ResolutionFailureHandler
instanceKlass org/gradle/api/internal/runtimeshaded/RuntimeShadedJarFactory
instanceKlass org/gradle/internal/resource/local/LocallyAvailableResourceFinder
instanceKlass org/gradle/internal/verifier/HttpRedirectVerifier
instanceKlass org/gradle/initialization/DependenciesAccessors
instanceKlass org/gradle/api/internal/artifacts/dsl/CapabilityNotationParser
instanceKlass org/gradle/api/internal/artifacts/DefaultProjectDependencyFactory
instanceKlass org/gradle/api/internal/artifacts/ivyservice/ivyresolve/verification/DependencyVerificationOverride
instanceKlass org/gradle/internal/resolve/caching/CrossBuildCachingRuleExecutor
instanceKlass org/gradle/internal/resolve/caching/CachingRuleExecutor
instanceKlass org/gradle/api/internal/artifacts/repositories/transport/RepositoryTransportFactory
instanceKlass org/gradle/internal/resource/local/FileResourceRepository
instanceKlass org/gradle/internal/resource/ExternalResourceRepository
instanceKlass org/gradle/internal/management/DependencyResolutionManagementInternal
instanceKlass org/gradle/api/initialization/resolve/DependencyResolutionManagement
instanceKlass org/gradle/api/internal/artifacts/dsl/dependencies/DependencyConstraintFactoryInternal
instanceKlass org/gradle/api/artifacts/dsl/DependencyConstraintFactory
instanceKlass org/gradle/api/internal/artifacts/mvnsettings/LocalMavenRepositoryLocator
instanceKlass org/gradle/api/internal/artifacts/mvnsettings/MavenSettingsProvider
instanceKlass org/gradle/api/internal/artifacts/mvnsettings/MavenFileLocations
instanceKlass org/gradle/api/internal/artifacts/ivyservice/resolveengine/artifact/ResolvedVariantCache
instanceKlass org/gradle/api/internal/artifacts/ivyservice/ivyresolve/strategy/VersionSelectorScheme
instanceKlass org/gradle/api/internal/artifacts/component/ComponentIdentifierFactory
instanceKlass org/gradle/api/internal/artifacts/ivyservice/ivyresolve/strategy/VersionComparator
instanceKlass org/gradle/internal/resource/TextUriResourceLoader
instanceKlass org/gradle/api/internal/artifacts/repositories/resolver/ExternalResourceAccessor
instanceKlass org/gradle/api/internal/artifacts/verification/signatures/SignatureVerificationServiceFactory
instanceKlass org/gradle/api/internal/artifacts/DependencyManagementBuildScopeServices
instanceKlass org/gradle/internal/declarativedsl/evaluator/DeclarativeKotlinScriptEvaluator
instanceKlass org/gradle/plugin/software/internal/SoftwareTypeRegistry
instanceKlass org/gradle/internal/declarativedsl/provider/BuildServices
instanceKlass org/gradle/plugin/management/internal/autoapply/AutoAppliedPluginHandler
instanceKlass org/gradle/kotlin/dsl/provider/KotlinScriptEvaluator
instanceKlass org/gradle/plugin/use/internal/PluginRequestApplicator
instanceKlass org/gradle/kotlin/dsl/provider/PluginRequestsHandler
instanceKlass org/gradle/kotlin/dsl/provider/KotlinScriptClassPathProvider
instanceKlass org/gradle/api/internal/artifacts/dsl/dependencies/DependencyFactoryInternal
instanceKlass org/gradle/api/artifacts/dsl/DependencyFactory
instanceKlass org/gradle/kotlin/dsl/provider/ClassPathModeExceptionCollector
instanceKlass org/gradle/kotlin/dsl/provider/BuildServices
instanceKlass org/gradle/kotlin/dsl/concurrent/BuildServices
instanceKlass org/gradle/kotlin/dsl/accessors/Stage1BlocksAccessorClassPathGenerator
instanceKlass org/gradle/kotlin/dsl/accessors/ProjectAccessorsClassPathGenerator
instanceKlass org/gradle/kotlin/dsl/concurrent/AsyncIOScopeFactory
instanceKlass org/gradle/kotlin/dsl/accessors/BuildScopeServices
instanceKlass org/gradle/internal/execution/history/OutputsCleaner
instanceKlass org/gradle/internal/execution/OutputChangeListener
instanceKlass org/gradle/internal/execution/steps/DeferredExecutionAwareStep
instanceKlass org/gradle/internal/execution/steps/AfterExecutionOutputFilter
instanceKlass org/gradle/internal/execution/steps/Step
instanceKlass org/gradle/internal/execution/history/OutputFilesRepository
instanceKlass org/gradle/internal/execution/history/ExecutionHistoryStore
instanceKlass org/gradle/internal/execution/history/ExecutionHistoryCacheAccess
instanceKlass org/gradle/internal/service/scopes/ExecutionBuildServices
instanceKlass org/gradle/caching/internal/controller/impl/LifecycleAwareBuildCacheController
instanceKlass org/gradle/caching/internal/controller/BuildCacheController
instanceKlass org/gradle/caching/configuration/internal/BuildCacheConfigurationInternal
instanceKlass org/gradle/caching/configuration/BuildCacheConfiguration
instanceKlass org/gradle/caching/internal/packaging/BuildCacheEntryPacker
instanceKlass org/gradle/caching/internal/packaging/impl/FilePermissionAccess
instanceKlass org/gradle/caching/internal/packaging/impl/TarPackerFileSystemSupport
instanceKlass org/gradle/caching/internal/services/BuildCacheControllerFactory
instanceKlass org/gradle/caching/configuration/internal/BuildCacheServiceRegistration
instanceKlass org/gradle/caching/internal/BuildCacheServices$3
instanceKlass org/gradle/configuration/project/ProjectEvaluator
instanceKlass org/gradle/internal/cc/impl/DefaultBuildModelControllerServices$VintageModelProvider
instanceKlass org/gradle/api/internal/project/CrossProjectModelAccess
instanceKlass org/gradle/api/internal/project/DynamicLookupRoutine
instanceKlass org/gradle/internal/cc/impl/DefaultBuildModelControllerServices$VintageIsolatedProjectsProvider
instanceKlass org/gradle/internal/cc/impl/services/DefaultEnvironment
instanceKlass org/gradle/internal/build/BuildModelController
instanceKlass org/gradle/internal/cc/impl/DefaultBuildModelControllerServices$VintageBuildControllerProvider
instanceKlass org/gradle/tooling/provider/model/internal/IntermediateToolingModelProvider
instanceKlass org/gradle/internal/cc/impl/DefaultBuildModelControllerServices$ServicesProvider
instanceKlass org/gradle/internal/cleanup/DefaultBuildOutputCleanupRegistry
instanceKlass org/gradle/internal/execution/BuildOutputCleanupRegistry
instanceKlass org/gradle/api/internal/artifacts/DependencyManagementServices
instanceKlass org/gradle/api/internal/artifacts/dsl/dependencies/ProjectFinder
instanceKlass org/gradle/api/internal/initialization/DefaultScriptHandlerFactory
instanceKlass org/gradle/api/internal/initialization/DefaultScriptClassPathResolver
instanceKlass org/gradle/internal/composite/DefaultBuildIncluder
instanceKlass org/gradle/internal/build/BuildWorkGraph
instanceKlass org/gradle/internal/build/ExportedTaskNode
instanceKlass org/gradle/internal/build/DefaultBuildWorkGraphController
instanceKlass org/gradle/internal/build/BuildWorkGraphController
instanceKlass org/gradle/execution/plan/WorkNodeDependencyResolver
instanceKlass org/gradle/execution/plan/TaskNodeDependencyResolver
instanceKlass org/gradle/execution/plan/DependencyResolver
instanceKlass org/gradle/api/internal/tasks/WorkDependencyResolver
instanceKlass org/gradle/internal/execution/WorkValidationContext
instanceKlass org/gradle/internal/execution/WorkValidationContext$TypeOriginInspector
instanceKlass org/gradle/execution/plan/DefaultNodeValidator
instanceKlass org/gradle/execution/plan/NodeValidator
instanceKlass org/gradle/initialization/layout/ResolvedBuildLayout
instanceKlass org/gradle/internal/build/BuildIncluder
instanceKlass org/gradle/initialization/SettingsLoader
instanceKlass org/gradle/initialization/DefaultSettingsLoaderFactory
instanceKlass org/gradle/api/internal/project/ProjectFactory
instanceKlass org/gradle/api/internal/project/IProjectFactory
instanceKlass org/gradle/api/internal/file/DefaultArchiveOperations
instanceKlass org/gradle/api/file/ArchiveOperations
instanceKlass org/gradle/api/internal/file/DefaultFileSystemOperations
instanceKlass org/gradle/api/file/FileSystemOperations
instanceKlass org/gradle/api/resources/internal/ReadableResourceInternal
instanceKlass org/gradle/api/resources/ReadableResource
instanceKlass org/gradle/api/resources/Resource
instanceKlass org/gradle/internal/resource/LocalBinaryResource
instanceKlass org/gradle/internal/resource/ReadableContent
instanceKlass org/gradle/internal/resource/Resource
instanceKlass org/gradle/api/internal/file/delete/DeleteSpecInternal
instanceKlass org/gradle/api/file/DeleteSpec
instanceKlass org/gradle/api/internal/file/DefaultFileOperations
instanceKlass org/gradle/api/internal/file/FileOperations
instanceKlass org/gradle/process/internal/DefaultExecOperations
instanceKlass org/gradle/api/internal/project/ProjectInternal
instanceKlass org/gradle/model/internal/registry/ModelRegistryScope
instanceKlass org/gradle/api/internal/DomainObjectContext
instanceKlass org/gradle/api/internal/file/HasScriptServices
instanceKlass org/gradle/api/internal/project/ProjectIdentifier
instanceKlass org/gradle/tooling/provider/model/internal/BuildScopeToolingModelBuilderRegistryAction
instanceKlass org/gradle/api/provider/ProviderFactory
instanceKlass org/gradle/api/internal/provider/sources/process/ProcessOutputProviderFactory
instanceKlass org/gradle/initialization/SettingsLoaderFactory
instanceKlass org/gradle/internal/service/scopes/BuildScopeServiceRegistryFactory
instanceKlass org/gradle/internal/service/scopes/ServiceRegistryFactory
instanceKlass org/gradle/initialization/InitScriptHandler
instanceKlass org/gradle/api/internal/initialization/ScriptHandlerFactory
instanceKlass org/gradle/api/services/internal/DefaultBuildServicesRegistry
instanceKlass org/gradle/api/services/internal/BuildServiceRegistryInternal
instanceKlass org/gradle/api/services/BuildServiceRegistry
instanceKlass org/gradle/configuration/DefaultScriptPluginFactory
instanceKlass org/gradle/initialization/DefaultToolchainManagement
instanceKlass org/gradle/internal/management/ToolchainManagementInternal
instanceKlass org/gradle/internal/FinalizableValue
instanceKlass org/gradle/api/toolchain/management/ToolchainManagement
instanceKlass org/gradle/api/internal/plugins/PluginInspector
instanceKlass org/gradle/api/internal/initialization/ScriptClassPathResolver
instanceKlass org/gradle/initialization/buildsrc/BuildSourceBuilder
instanceKlass org/gradle/api/internal/GradleInternal
instanceKlass org/gradle/api/internal/plugins/PluginAwareInternal
instanceKlass org/gradle/initialization/Environment
instanceKlass org/gradle/api/internal/project/DefaultProjectRegistry
instanceKlass org/gradle/api/internal/project/ProjectRegistry
instanceKlass org/gradle/api/internal/tasks/TaskStatistics
instanceKlass org/gradle/execution/plan/TaskDependencyResolver
instanceKlass org/gradle/execution/plan/TaskNodeFactory
instanceKlass org/gradle/api/internal/resources/DefaultResourceHandler$Factory
instanceKlass org/gradle/api/internal/resources/ApiTextResourceAdapter$Factory
instanceKlass org/gradle/execution/plan/OrdinalGroupFactory
instanceKlass org/gradle/api/internal/properties/GradleProperties
instanceKlass org/gradle/execution/plan/ExecutionPlanFactory
instanceKlass org/gradle/groovy/scripts/internal/GroovyScriptClassCompiler
instanceKlass org/gradle/internal/execution/ExecutionEngine
instanceKlass org/gradle/groovy/scripts/internal/DefaultScriptCompilationHandler
instanceKlass org/gradle/execution/plan/ExecutionNodeAccessHierarchies
instanceKlass org/gradle/tooling/provider/model/internal/DefaultToolingModelBuilderRegistry
instanceKlass org/gradle/tooling/provider/model/internal/ToolingModelBuilderLookup
instanceKlass org/gradle/tooling/provider/model/ToolingModelBuilderRegistry
instanceKlass org/gradle/execution/selection/BuildTaskSelector$BuildSpecificSelector
instanceKlass org/gradle/api/internal/project/taskfactory/ITaskFactory
instanceKlass org/gradle/initialization/BuildLoader
instanceKlass org/gradle/internal/actor/ActorFactory
instanceKlass org/gradle/groovy/scripts/internal/ScriptRunnerFactory
instanceKlass org/gradle/api/internal/plugins/PluginRegistry
instanceKlass org/gradle/api/invocation/BuildInvocationDetails
instanceKlass org/gradle/api/internal/project/ProjectTaskLister
instanceKlass org/gradle/initialization/SettingsPreparer
instanceKlass org/gradle/configuration/InitScriptProcessor
instanceKlass org/gradle/initialization/SettingsProcessor
instanceKlass org/gradle/configuration/CompileOperationFactory
instanceKlass org/gradle/internal/operations/logging/BuildOperationLoggerFactory
instanceKlass org/gradle/configuration/ScriptPluginFactory
instanceKlass org/gradle/internal/authentication/AuthenticationSchemeRegistry
instanceKlass org/gradle/api/internal/initialization/BuildLogicBuilder
instanceKlass org/gradle/api/internal/artifacts/configurations/DependencyMetaDataProvider
instanceKlass org/gradle/configuration/ProjectsPreparer
instanceKlass org/gradle/api/internal/component/ComponentTypeRegistry
instanceKlass org/gradle/groovy/scripts/ScriptCompilerFactory
instanceKlass org/gradle/groovy/scripts/internal/ScriptClassCompiler
instanceKlass org/gradle/initialization/properties/SystemPropertiesInstaller
instanceKlass org/gradle/initialization/properties/ProjectPropertiesLoader
instanceKlass org/gradle/initialization/IGradlePropertiesLoader
instanceKlass org/gradle/initialization/GradlePropertiesController
instanceKlass org/gradle/api/internal/project/IsolatedAntBuilder
instanceKlass org/gradle/internal/build/PublicBuildPath
instanceKlass org/gradle/internal/resource/TextFileResourceLoader
instanceKlass org/gradle/api/internal/provider/sources/process/ExecSpecFactory
instanceKlass org/gradle/api/internal/provider/ValueSourceProviderFactory
instanceKlass org/gradle/process/ExecOperations
instanceKlass org/gradle/internal/build/BuildWorkPreparer
instanceKlass org/gradle/groovy/scripts/internal/ScriptCompilationHandler
instanceKlass org/gradle/cache/scopes/BuildScopedCacheBuilderFactory
instanceKlass org/gradle/internal/cc/impl/DefaultBuildModelControllerServices$servicesForBuild$1
instanceKlass org/gradle/internal/build/BuildModelControllerServices$Supplier
instanceKlass org/gradle/internal/composite/IncludedBuildInternal
instanceKlass org/gradle/api/initialization/IncludedBuild
instanceKlass org/gradle/internal/buildtree/BuildTreeFinishExecutor
instanceKlass org/gradle/internal/buildtree/BuildTreeWorkExecutor
instanceKlass org/gradle/internal/build/AbstractBuildState
instanceKlass org/gradle/internal/Actions$NullAction
instanceKlass org/gradle/internal/Actions
instanceKlass org/gradle/plugin/management/internal/PluginRequests$EmptyPluginRequests
instanceKlass org/gradle/plugin/management/internal/PluginRequests
instanceKlass org/gradle/api/internal/BuildDefinition
instanceKlass org/gradle/internal/buildtree/InitDeprecationLoggingActionExecutor$1
instanceKlass org/gradle/api/problems/internal/NoOpProblemEmitter
instanceKlass org/gradle/api/problems/internal/ProblemsProgressEventEmitterHolder
instanceKlass org/gradle/launcher/exec/ChainingBuildActionRunner
instanceKlass org/gradle/internal/buildtree/ProblemReportingBuildActionRunner
instanceKlass org/gradle/launcher/exec/BuildOutcomeReportingBuildActionRunner
instanceKlass org/gradle/tooling/internal/provider/FileSystemWatchingBuildActionRunner
instanceKlass org/gradle/launcher/exec/BuildCompletionNotifyingBuildActionRunner
instanceKlass org/gradle/launcher/exec/RootBuildLifecycleBuildActionExecutor
instanceKlass org/gradle/internal/buildtree/InitDeprecationLoggingActionExecutor
instanceKlass org/gradle/internal/buildtree/InitProblems
instanceKlass org/gradle/api/problems/internal/DefaultProblemReporter
instanceKlass com/google/common/collect/Synchronized$SynchronizedObject
instanceKlass com/google/common/collect/Table
instanceKlass com/google/common/collect/Synchronized
instanceKlass com/google/common/collect/SortedSetMultimap
instanceKlass com/google/common/collect/Multimaps
instanceKlass org/gradle/api/problems/internal/InternalProblemReporter
instanceKlass org/gradle/api/problems/ProblemReporter
instanceKlass org/gradle/api/problems/internal/DefaultProblems
instanceKlass org/gradle/problems/internal/emitters/BuildOperationBasedProblemEmitter
instanceKlass org/gradle/internal/problems/DefaultProblemDiagnosticsFactory$DefaultProblemStream
instanceKlass org/gradle/initialization/exception/StackTraceSanitizingExceptionAnalyser
instanceKlass org/gradle/initialization/exception/MultipleBuildFailuresExceptionAnalyser
instanceKlass org/gradle/internal/problems/DefaultProblemDiagnosticsFactory$1
instanceKlass org/gradle/internal/problems/DefaultProblemDiagnosticsFactory$CopyStackTraceTransFormer
instanceKlass org/gradle/internal/code/DefaultUserCodeApplicationContext
instanceKlass org/gradle/internal/problems/failure/StackFramePredicate
instanceKlass org/gradle/internal/problems/failure/StackTraceClassifier$1
instanceKlass org/gradle/internal/problems/failure/InternalStackTraceClassifier
instanceKlass org/gradle/internal/problems/failure/CompositeStackTraceClassifier
instanceKlass org/gradle/internal/problems/failure/StackTraceClassifier
instanceKlass org/gradle/internal/problems/failure/DefaultFailureFactory
instanceKlass org/gradle/internal/cc/impl/models/DefaultToolingModelParameterCarrierFactory
instanceKlass org/gradle/tooling/internal/provider/serialization/DefaultPayloadClassLoaderRegistry$DetailsToClassLoaderTransformer
instanceKlass org/gradle/tooling/internal/provider/serialization/DefaultPayloadClassLoaderRegistry$ClassLoaderToDetailsTransformer
instanceKlass org/gradle/tooling/internal/provider/serialization/DefaultPayloadClassLoaderRegistry
instanceKlass org/gradle/tooling/internal/provider/serialization/DeserializeMap
instanceKlass org/gradle/tooling/internal/provider/serialization/SerializeMap
instanceKlass org/gradle/tooling/internal/provider/serialization/WellKnownClassLoaderRegistry
instanceKlass org/gradle/tooling/internal/provider/serialization/ModelClassLoaderFactory
instanceKlass org/gradle/internal/daemon/serialization/DaemonSidePayloadClassLoaderFactory
instanceKlass org/gradle/internal/classpath/DefaultCachedClasspathTransformer$ParallelTransformExecutor
instanceKlass org/gradle/internal/file/impl/SingleDepthFileAccessTracker
instanceKlass org/gradle/cache/DefaultCacheCleanupStrategy
instanceKlass org/gradle/cache/internal/SingleDepthFilesFinder
instanceKlass org/gradle/cache/internal/AbstractCacheCleanup
instanceKlass org/gradle/cache/internal/CompositeCleanupAction$Builder
instanceKlass org/gradle/cache/internal/CompositeCleanupAction
instanceKlass org/gradle/internal/classpath/ClasspathBuilder$EntryBuilder
instanceKlass org/gradle/internal/classpath/InPlaceClasspathBuilder
instanceKlass org/gradle/initialization/BuildOptionBuildOperationProgressEventsEmitter$2
instanceKlass org/gradle/operations/configuration/IsolatedProjectsSettingsFinalizedProgressDetails
instanceKlass org/gradle/internal/operations/notify/BuildOperationNotificationBridge$Progress
instanceKlass org/gradle/api/internal/tasks/testing/operations/TestListenerBuildOperationAdapter$OutputProgress
instanceKlass org/gradle/api/internal/tasks/testing/operations/ExecuteTestBuildOperationType$Output
instanceKlass org/gradle/internal/operations/OperationProgressEvent
instanceKlass org/gradle/initialization/BuildOptionBuildOperationProgressEventsEmitter$1
instanceKlass org/gradle/internal/configurationcache/options/ConfigurationCacheSettingsFinalizedProgressDetails
instanceKlass org/gradle/internal/buildoption/FeatureFlag
instanceKlass org/gradle/internal/buildoption/FeatureFlagListener
instanceKlass org/gradle/internal/resources/AbstractResourceLockRegistry$ResourceLockProducer
instanceKlass org/gradle/internal/buildtree/DefaultBuildTreeContext
instanceKlass org/gradle/internal/buildtree/BuildTreeContext
instanceKlass org/gradle/internal/cc/impl/DefaultBuildTreeModelControllerServices$VintageModelProvider
instanceKlass org/gradle/internal/buildtree/DefaultBuildTreeModelSideEffectExecutor
instanceKlass org/gradle/internal/cc/impl/DefaultBuildTreeModelControllerServices$VintageBuildTreeProvider
instanceKlass org/gradle/internal/scripts/ProjectScopedScriptResolution$1
instanceKlass org/gradle/internal/scripts/ProjectScopedScriptResolution
instanceKlass org/gradle/internal/cc/impl/services/VintageEnvironmentChangeTracker
instanceKlass org/gradle/internal/cc/impl/VintageBuildTreeLifecycleControllerFactory
instanceKlass org/gradle/internal/buildtree/BuildTreeLifecycleControllerFactory
instanceKlass org/gradle/internal/cc/impl/initialization/AbstractInjectedClasspathInstrumentationStrategy
instanceKlass org/gradle/plugin/use/resolve/service/internal/InjectedClasspathInstrumentationStrategy
instanceKlass org/gradle/internal/serialize/beans/services/DefaultBeanStateReaderLookup
instanceKlass org/gradle/internal/serialize/graph/BeanStateReaderLookup
instanceKlass org/gradle/internal/serialize/beans/services/DefaultBeanStateWriterLookup
instanceKlass org/gradle/internal/serialize/graph/BeanStateWriterLookup
instanceKlass org/gradle/internal/cc/impl/DefaultBuildTreeModelControllerServices$SharedBuildTreeScopedServices
instanceKlass org/gradle/api/internal/initialization/DefaultBuildLogicBuildQueue
instanceKlass org/gradle/api/internal/initialization/BuildLogicBuildQueue
instanceKlass org/gradle/api/internal/project/taskfactory/TaskIdentityFactory
instanceKlass org/gradle/initialization/exception/DefaultExceptionAnalyser
instanceKlass org/gradle/internal/problems/DefaultProblemDiagnosticsFactory
instanceKlass org/gradle/internal/problems/DefaultProblemLocationAnalyzer
instanceKlass org/gradle/initialization/ClassLoaderScopeRegistryListener
instanceKlass org/gradle/internal/problems/ProblemLocationAnalyzer
instanceKlass org/gradle/internal/buildoption/DefaultFeatureFlags
instanceKlass org/gradle/execution/TaskPathProjectEvaluator
instanceKlass org/gradle/internal/buildtree/DeprecationsReporter
instanceKlass org/gradle/api/internal/provider/DefaultConfigurationTimeBarrier
instanceKlass org/gradle/api/internal/project/ProjectState
instanceKlass org/gradle/api/internal/project/DefaultProjectStateRegistry
instanceKlass org/gradle/internal/buildtree/BuildInclusionCoordinator
instanceKlass org/gradle/initialization/BuildOptionBuildOperationProgressEventsEmitter
instanceKlass org/gradle/internal/buildtree/BuildTreeLifecycleListener
instanceKlass org/gradle/internal/build/BuildLifecycleController
instanceKlass org/gradle/internal/build/DefaultBuildLifecycleControllerFactory
instanceKlass org/gradle/internal/build/BuildLifecycleControllerFactory
instanceKlass org/gradle/tooling/internal/provider/runner/AbstractClientProvidedBuildActionRunner$ClientAction
instanceKlass org/gradle/tooling/internal/provider/runner/AbstractClientProvidedBuildActionRunner
instanceKlass org/gradle/execution/EntryTaskSelector
instanceKlass org/gradle/tooling/internal/provider/runner/TestExecutionRequestActionRunner
instanceKlass org/gradle/internal/buildtree/BuildTreeModelAction
instanceKlass org/gradle/tooling/internal/provider/runner/BuildModelActionRunner
instanceKlass org/gradle/internal/buildtree/BuildTreeModelSideEffectExecutor
instanceKlass org/gradle/tooling/provider/model/internal/ToolingModelParameterCarrier$Factory
instanceKlass org/gradle/tooling/internal/provider/runner/BuildControllerFactory
instanceKlass org/gradle/api/internal/provider/ConfigurationTimeBarrier
instanceKlass org/gradle/internal/cc/impl/ConfigurationCacheServices$ExecutionAccessCheckerProvider
instanceKlass org/gradle/internal/cc/impl/services/RemoteScriptUpToDateChecker
instanceKlass org/gradle/internal/resource/transfer/ExternalResourceConnector
instanceKlass org/gradle/internal/resource/transfer/ExternalResourceUploader
instanceKlass org/gradle/internal/resource/transfer/ExternalResourceLister
instanceKlass org/gradle/internal/resource/transfer/ExternalResourceAccessor
instanceKlass org/gradle/internal/cc/impl/ConfigurationCacheServices$RemoteScriptUpToDateCheckerProvider
instanceKlass org/gradle/internal/cc/impl/ConfigurationCacheServices$IgnoredConfigurationInputsProvider
instanceKlass org/gradle/internal/serialize/codecs/core/jos/JavaSerializationEncodingLookup
instanceKlass org/gradle/internal/cc/impl/services/IsolatedActionCodecsFactory
instanceKlass org/gradle/execution/ExecutionAccessChecker
instanceKlass org/gradle/internal/cc/impl/InstrumentedExecutionAccessListener
instanceKlass org/gradle/internal/classpath/InstrumentedExecutionAccess$Listener
instanceKlass org/gradle/internal/cc/impl/IgnoredConfigurationInputs
instanceKlass org/gradle/internal/cc/base/services/ConfigurationCacheEnvironmentChangeTracker
instanceKlass org/gradle/initialization/EnvironmentChangeTracker
instanceKlass org/gradle/internal/cc/impl/initialization/ConfigurationCacheProblemsListener
instanceKlass org/gradle/api/internal/ExternalProcessStartedListener
instanceKlass org/gradle/internal/cc/impl/InstrumentedInputAccessListener
instanceKlass org/gradle/internal/configuration/inputs/InstrumentedInputsListener
instanceKlass org/gradle/internal/cc/impl/ConfigurationCacheRepository
instanceKlass org/gradle/internal/cc/impl/DefaultBuildToolingModelControllerFactory
instanceKlass org/gradle/internal/build/BuildToolingModelControllerFactory
instanceKlass org/gradle/internal/cc/impl/DefaultBuildModelControllerServices
instanceKlass org/gradle/internal/build/BuildModelControllerServices
instanceKlass org/gradle/internal/buildoption/FeatureFlags
instanceKlass org/gradle/internal/cc/impl/DeprecatedFeaturesListener
instanceKlass org/gradle/execution/ExecutionAccessListener
instanceKlass org/gradle/api/internal/tasks/execution/TaskExecutionAccessListener
instanceKlass org/gradle/api/internal/BuildScopeListenerRegistrationListener
instanceKlass kotlin/coroutines/Continuation
instanceKlass org/gradle/internal/cc/impl/problems/ConfigurationCacheReport
instanceKlass org/gradle/internal/cc/impl/ConfigurationCacheKey
instanceKlass org/gradle/internal/cc/impl/initialization/ConfigurationCacheStartParameter
instanceKlass org/gradle/internal/cc/impl/DefaultEncryptionService
instanceKlass org/gradle/internal/cc/impl/EncryptionService
instanceKlass org/gradle/internal/cc/impl/EncryptionConfiguration
instanceKlass org/gradle/profile/BuildProfileServices$1
instanceKlass org/gradle/vcs/internal/VcsResolver
instanceKlass org/gradle/vcs/internal/resolver/VcsVersionSelectionCache
instanceKlass org/gradle/vcs/internal/VcsMappingFactory
instanceKlass org/gradle/vcs/internal/VcsMappingsStore
instanceKlass org/gradle/vcs/internal/VersionControlSpecFactory
instanceKlass org/gradle/vcs/internal/services/VersionControlServices$VersionControlBuildTreeServices
instanceKlass org/gradle/plugins/ide/internal/IdeArtifactStore
instanceKlass org/gradle/internal/enterprise/impl/legacy/DefaultBuildScanBuildStartedTime
instanceKlass org/gradle/internal/scan/time/BuildScanBuildStartedTime
instanceKlass org/gradle/internal/enterprise/impl/legacy/DefaultBuildScanClock
instanceKlass org/gradle/internal/scan/time/BuildScanClock
instanceKlass org/gradle/internal/cc/impl/InputTrackingState
instanceKlass org/gradle/internal/enterprise/impl/DefaultDevelocityPluginUnsafeConfigurationService
instanceKlass org/gradle/internal/enterprise/DevelocityPluginUnsafeConfigurationService
instanceKlass org/gradle/internal/enterprise/impl/DefaultGradleEnterprisePluginBackgroundJobExecutors
instanceKlass org/gradle/internal/enterprise/GradleEnterprisePluginBackgroundJobExecutors
instanceKlass org/gradle/internal/enterprise/impl/DefaultGradleEnterprisePluginConfig
instanceKlass org/gradle/internal/enterprise/GradleEnterprisePluginConfig
instanceKlass org/gradle/internal/enterprise/impl/DefaultGradleEnterprisePluginBuildState
instanceKlass org/gradle/internal/enterprise/GradleEnterprisePluginBuildState
instanceKlass org/gradle/internal/enterprise/impl/DefaultGradleEnterprisePluginServiceRef
instanceKlass org/gradle/internal/enterprise/GradleEnterprisePluginServiceRef
instanceKlass org/gradle/internal/enterprise/impl/GradleEnterprisePluginAutoAppliedStatus
instanceKlass org/gradle/plugin/management/internal/PluginRequestInternal
instanceKlass org/gradle/plugin/management/PluginRequest
instanceKlass org/gradle/internal/enterprise/impl/GradleEnterpriseAutoAppliedPluginRegistry
instanceKlass org/gradle/plugin/management/internal/autoapply/AutoAppliedPluginRegistry
instanceKlass org/gradle/api/internal/artifacts/ivyservice/projectmodule/LocalComponentCache
instanceKlass org/gradle/composite/internal/DefaultBuildTreeLocalComponentProvider
instanceKlass org/gradle/api/internal/artifacts/ivyservice/projectmodule/BuildTreeLocalComponentProvider
instanceKlass org/gradle/composite/internal/DefaultIncludedBuildRegistry
instanceKlass org/gradle/internal/buildtree/BuildTreeWorkGraphPreparer
instanceKlass org/gradle/composite/internal/DefaultIncludedBuildTaskGraph
instanceKlass org/gradle/composite/internal/BuildTreeWorkGraphController
instanceKlass org/gradle/internal/build/IncludedBuildState
instanceKlass org/gradle/composite/internal/DefaultIncludedBuildFactory
instanceKlass org/gradle/internal/build/IncludedBuildFactory
instanceKlass org/gradle/internal/buildtree/NestedBuildTree
instanceKlass org/gradle/internal/build/StandAloneNestedBuild
instanceKlass org/gradle/internal/build/NestedBuildState
instanceKlass org/gradle/internal/build/RootBuildState
instanceKlass org/gradle/internal/build/BuildActionTarget
instanceKlass org/gradle/internal/build/CompositeBuildParticipantBuildState
instanceKlass org/gradle/composite/internal/BuildStateFactory
instanceKlass org/gradle/api/internal/composite/CompositeBuildContext
instanceKlass org/gradle/api/internal/artifacts/ivyservice/dependencysubstitution/DependencySubstitutionRules
instanceKlass org/gradle/internal/buildtree/GlobalDependencySubstitutionRegistry
instanceKlass org/gradle/composite/internal/CompositeBuildServices$CompositeBuildTreeScopeServices
instanceKlass org/gradle/api/internal/tasks/compile/processing/AnnotationProcessorDetector
instanceKlass org/gradle/language/java/internal/JavaLanguageServices$1
instanceKlass org/gradle/internal/model/ModelContainer
instanceKlass org/gradle/api/internal/artifacts/configurations/ConfigurationsProvider
instanceKlass org/gradle/api/internal/artifacts/ivyservice/projectmodule/DefaultProjectLocalComponentProvider
instanceKlass org/gradle/api/internal/artifacts/ivyservice/projectmodule/LocalComponentProvider
instanceKlass org/gradle/api/internal/artifacts/ivyservice/ivyresolve/ConnectionFailureRepositoryDisabler
instanceKlass org/gradle/api/internal/artifacts/ivyservice/ivyresolve/RepositoryDisabler
instanceKlass org/gradle/api/internal/artifacts/ivyservice/resolveengine/result/ThisBuildOnlySelectedVariantSerializer
instanceKlass org/gradle/api/internal/artifacts/ivyservice/resolveengine/result/SelectedVariantSerializer
instanceKlass it/unimi/dsi/fastutil/longs/Long2ObjectMap
instanceKlass it/unimi/dsi/fastutil/longs/Long2ObjectFunction
instanceKlass java/util/function/LongFunction
instanceKlass it/unimi/dsi/fastutil/Function
instanceKlass org/gradle/api/internal/artifacts/ivyservice/resolveengine/result/ThisBuildOnlyComponentDetailsSerializer
instanceKlass org/gradle/api/internal/artifacts/ivyservice/resolveengine/result/ComponentDetailsSerializer
instanceKlass org/gradle/internal/component/external/model/ModuleComponentGraphResolveState
instanceKlass org/gradle/internal/component/external/model/ExternalComponentGraphResolveState
instanceKlass org/gradle/internal/component/external/model/ModuleComponentGraphResolveStateFactory
instanceKlass org/gradle/internal/component/local/model/LocalComponentGraphResolveState
instanceKlass org/gradle/internal/component/model/ComponentGraphResolveState
instanceKlass org/gradle/internal/component/local/model/ConfigurationMetadataFactory
instanceKlass org/gradle/internal/component/local/model/LocalComponentGraphResolveStateFactory
instanceKlass org/gradle/internal/component/model/ComponentIdGenerator
instanceKlass org/gradle/api/internal/attributes/AttributeDesugaring
instanceKlass org/gradle/internal/id/ConfigurationCacheableIdFactory
instanceKlass org/gradle/api/internal/artifacts/transform/TransformStepNodeFactory
instanceKlass org/gradle/api/internal/project/ProjectStateRegistry
instanceKlass org/gradle/api/internal/artifacts/ivyservice/resolveengine/artifact/ResolvableArtifact
instanceKlass org/gradle/api/internal/artifacts/ivyservice/projectmodule/ProjectArtifactResolver
instanceKlass org/gradle/api/internal/project/HoldsProjectState
instanceKlass org/gradle/internal/resolve/resolver/ArtifactResolver
instanceKlass org/gradle/internal/resource/cached/AbstractCachedIndex
instanceKlass org/gradle/internal/resource/cached/DefaultExternalResourceFileStore$Factory
instanceKlass org/gradle/api/internal/artifacts/ivyservice/ivyresolve/StartParameterResolutionOverride
instanceKlass org/gradle/api/internal/artifacts/ivyservice/modulecache/ModuleRepositoryCacheProvider
instanceKlass org/gradle/api/internal/artifacts/ivyservice/modulecache/FileStoreAndIndexProvider
instanceKlass org/gradle/api/internal/artifacts/ivyservice/modulecache/ModuleSourcesSerializer
instanceKlass org/gradle/internal/resource/local/GroupedAndNamedUniqueFileStore
instanceKlass org/gradle/api/internal/filestore/DefaultArtifactIdentifierFileStore$Factory
instanceKlass org/gradle/api/internal/artifacts/ivyservice/resolveengine/store/ResolutionResultsStoreFactory
instanceKlass org/gradle/util/internal/BuildCommencedTimeProvider
instanceKlass org/gradle/api/internal/artifacts/ivyservice/modulecache/ModuleRepositoryCaches
instanceKlass org/gradle/util/internal/SimpleMapInterner
instanceKlass org/gradle/api/internal/filestore/ArtifactIdentifierFileStore
instanceKlass org/gradle/internal/resource/cached/ExternalResourceFileStore
instanceKlass org/gradle/internal/resource/local/FileStoreSearcher
instanceKlass org/gradle/internal/resource/local/FileStore
instanceKlass org/gradle/api/internal/artifacts/ivyservice/modulecache/AbstractModuleMetadataCache
instanceKlass org/gradle/api/internal/artifacts/ivyservice/modulecache/ModuleMetadataCache
instanceKlass org/gradle/api/internal/artifacts/ivyservice/modulecache/artifacts/AbstractArtifactsCache
instanceKlass org/gradle/api/internal/artifacts/ivyservice/modulecache/artifacts/ModuleArtifactsCache
instanceKlass org/gradle/api/internal/artifacts/ivyservice/modulecache/dynamicversions/AbstractModuleVersionsCache
instanceKlass org/gradle/api/internal/artifacts/ivyservice/modulecache/dynamicversions/ModuleVersionsCache
instanceKlass org/gradle/internal/resource/cached/CachedExternalResourceIndex
instanceKlass org/gradle/api/internal/artifacts/ivyservice/modulecache/artifacts/ModuleArtifactCache
instanceKlass org/gradle/api/internal/artifacts/DependencyManagementBuildTreeScopeServices
instanceKlass org/gradle/api/problems/internal/ProblemEmitter
instanceKlass org/gradle/problems/internal/services/ProblemsBuildTreeServices
instanceKlass org/gradle/internal/enterprise/core/GradleEnterprisePluginManager
instanceKlass org/gradle/internal/buildtree/BuildTreeActionExecutor
instanceKlass org/gradle/tooling/internal/provider/LauncherServices$ToolingBuildTreeScopeServices
instanceKlass org/gradle/execution/plan/DefaultPlanExecutor$ExecutorStats
instanceKlass org/gradle/execution/plan/DefaultPlanExecutor
instanceKlass org/gradle/execution/plan/PlanExecutor
instanceKlass org/gradle/caching/internal/origin/OriginMetadataFactory
instanceKlass org/gradle/caching/internal/controller/impl/LifecycleAwareBuildCacheControllerFactory
instanceKlass org/gradle/caching/internal/BuildCacheServices$2
instanceKlass org/gradle/execution/selection/DefaultBuildTaskSelector
instanceKlass org/gradle/execution/selection/BuildTaskSelector
instanceKlass org/gradle/api/problems/internal/InternalProblems
instanceKlass org/gradle/api/problems/Problems
instanceKlass org/gradle/internal/build/BuildStateRegistry
instanceKlass org/gradle/execution/TaskSelector
instanceKlass org/gradle/execution/ProjectConfigurer
instanceKlass org/gradle/internal/buildtree/BuildTreeScopeServices
instanceKlass org/gradle/internal/buildtree/BuildTreeState
instanceKlass org/gradle/internal/id/UniqueId$1
instanceKlass com/google/common/base/Ascii
instanceKlass com/google/common/io/BaseEncoding$Alphabet
instanceKlass com/google/common/io/BaseEncoding
instanceKlass org/gradle/internal/id/UniqueId
instanceKlass org/gradle/internal/cc/impl/DefaultBuildTreeModelControllerServices$servicesForBuildTree$1
instanceKlass org/gradle/internal/buildtree/BuildTreeModelControllerServices$Supplier
instanceKlass org/gradle/internal/lazy/AtomicLazy
instanceKlass org/gradle/api/configuration/BuildFeature
instanceKlass org/gradle/api/internal/configuration/DefaultBuildFeatures
instanceKlass org/gradle/api/configuration/BuildFeatures
instanceKlass org/gradle/internal/buildtree/BuildModelParameters
instanceKlass org/gradle/internal/buildoption/DefaultInternalOptions
instanceKlass org/gradle/internal/buildoption/InternalOptions
instanceKlass org/gradle/launcher/exec/AbstractToolingModelRequirements
instanceKlass org/gradle/initialization/layout/BuildLayoutConfiguration
instanceKlass org/gradle/internal/logging/sink/ProgressLogEventGenerator$Operation
instanceKlass org/gradle/internal/logging/progress/DefaultProgressLoggerFactory$ProgressLoggerImpl
instanceKlass java/io/ObjectOutputStream$ReplaceTable
instanceKlass java/io/ObjectOutputStream$HandleTable
instanceKlass org/gradle/internal/operations/notify/BuildOperationNotificationBridge$Started
instanceKlass org/gradle/internal/build/event/types/AbstractProgressEvent
instanceKlass org/gradle/api/internal/tasks/RegisterTaskBuildOperationType$Details
instanceKlass org/gradle/api/internal/tasks/RealizeTaskBuildOperationType$Details
instanceKlass org/gradle/api/internal/ExecuteDomainObjectCollectionCallbackBuildOperationType$Details
instanceKlass org/gradle/configuration/internal/ExecuteListenerBuildOperationType$Details
instanceKlass org/gradle/configuration/ApplyScriptPluginBuildOperationType$Details
instanceKlass org/gradle/api/internal/plugins/ApplyPluginBuildOperationType$Details
instanceKlass org/gradle/internal/operations/OperationStartEvent
instanceKlass org/gradle/internal/operations/DefaultBuildOperationRunner$DefaultBuildOperationContext
instanceKlass org/gradle/internal/operations/BuildOperationProgressEventListenerAdapter
instanceKlass org/gradle/internal/operations/DefaultBuildOperationRunner$BuildOperationTrackingListener
instanceKlass org/gradle/internal/operations/BuildOperationState
instanceKlass org/gradle/internal/operations/BuildOperationRef
instanceKlass org/gradle/internal/operations/OperationIdentifier
instanceKlass org/gradle/internal/operations/DefaultBuildOperationRunner$2
instanceKlass org/gradle/internal/operations/BuildOperationMetadata$1
instanceKlass org/gradle/internal/operations/BuildOperationDescriptor$Builder
instanceKlass org/gradle/internal/operations/BuildOperationDescriptor
instanceKlass org/gradle/internal/operations/DefaultBuildOperationRunner$CallableBuildOperationWorker
instanceKlass org/gradle/launcher/exec/RunAsBuildOperationBuildActionExecutor$3
instanceKlass org/gradle/internal/operations/notify/BuildOperationFinishedNotification
instanceKlass org/gradle/internal/operations/notify/BuildOperationStartedNotification
instanceKlass org/gradle/internal/operations/notify/BuildOperationProgressNotification
instanceKlass org/gradle/internal/operations/notify/BuildOperationNotificationBridge$Adapter
instanceKlass org/gradle/internal/operations/notify/BuildOperationNotificationBridge$RecordingListener
instanceKlass org/gradle/internal/operations/notify/BuildOperationNotificationBridge$ReplayAndAttachListener
instanceKlass org/gradle/internal/operations/notify/BuildOperationNotificationListener
instanceKlass org/gradle/internal/operations/notify/BuildOperationNotificationBridge$State
instanceKlass org/gradle/internal/resources/DefaultResourceLockCoordinationService$AcquireLocks
instanceKlass org/gradle/internal/resources/DefaultResourceLockCoordinationService$3
instanceKlass org/gradle/internal/resources/DefaultResourceLockCoordinationService$DefaultResourceLockState
instanceKlass org/gradle/internal/resources/DefaultResourceLockCoordinationService$1
instanceKlass org/gradle/internal/work/DefaultWorkerLeaseService$3
instanceKlass org/gradle/internal/resources/AbstractTrackedResourceLock
instanceKlass org/gradle/internal/resources/AbstractResourceLockRegistry$ThreadLockDetails
instanceKlass org/gradle/internal/buildtree/BuildActionRunner$Result
instanceKlass org/gradle/workers/internal/ExecuteWorkItemBuildOperationType$Details
instanceKlass org/gradle/api/internal/artifacts/transform/ExecutePlannedTransformStepBuildOperationDetails
instanceKlass org/gradle/operations/dependencies/transforms/ExecutePlannedTransformStepBuildOperationType$Details
instanceKlass org/gradle/api/internal/tasks/execution/ExecuteTaskBuildOperationDetails
instanceKlass org/gradle/internal/operations/trace/CustomOperationTraceSerialization
instanceKlass org/gradle/api/internal/tasks/execution/ExecuteTaskBuildOperationType$Details
instanceKlass org/gradle/configuration/project/ConfigureProjectBuildOperationType$Details
instanceKlass org/gradle/api/internal/tasks/testing/operations/ExecuteTestBuildOperationType$Details
instanceKlass org/gradle/internal/resource/ExternalResourceReadBuildOperationType$Details
instanceKlass org/gradle/tooling/internal/provider/runner/ClientBuildEventGenerator$Mapper
instanceKlass org/gradle/tooling/internal/provider/runner/ClientBuildEventGenerator$Operation
instanceKlass org/gradle/tooling/internal/provider/runner/ClientBuildEventGenerator
instanceKlass org/gradle/tooling/internal/protocol/events/InternalWorkItemDescriptor
instanceKlass org/gradle/tooling/internal/provider/runner/WorkItemOperationMapper
instanceKlass org/gradle/tooling/internal/protocol/events/InternalProjectConfigurationResult
instanceKlass org/gradle/tooling/internal/protocol/events/InternalProjectConfigurationDescriptor
instanceKlass org/gradle/tooling/internal/provider/runner/ProjectConfigurationOperationMapper
instanceKlass org/gradle/tooling/internal/protocol/events/InternalTestFailureResult
instanceKlass org/gradle/tooling/internal/protocol/events/InternalTestSkippedResult
instanceKlass org/gradle/tooling/internal/protocol/events/InternalTestSuccessResult
instanceKlass org/gradle/tooling/internal/protocol/events/InternalTestResult
instanceKlass org/gradle/tooling/internal/provider/runner/TestOperationMapper
instanceKlass org/gradle/tooling/internal/protocol/events/InternalNotFoundFileDownloadResult
instanceKlass org/gradle/tooling/internal/protocol/events/InternalFileDownloadResult
instanceKlass org/gradle/tooling/internal/protocol/events/InternalFileDownloadDescriptor
instanceKlass org/gradle/tooling/internal/provider/runner/FileDownloadOperationMapper
instanceKlass org/gradle/tooling/internal/provider/runner/TaskOperationMapper$PostProcessors
instanceKlass org/gradle/tooling/internal/protocol/events/InternalTaskFailureResult
instanceKlass org/gradle/tooling/internal/protocol/events/InternalTaskSkippedResult
instanceKlass org/gradle/tooling/internal/provider/runner/TaskOperationMapper
instanceKlass java/util/Collections$2
instanceKlass org/gradle/tooling/internal/protocol/events/InternalJavaCompileTaskOperationResult$InternalAnnotationProcessorResult
instanceKlass org/gradle/tooling/internal/protocol/events/InternalTaskCachedResult
instanceKlass org/gradle/tooling/internal/protocol/events/InternalTaskSuccessResult
instanceKlass org/gradle/tooling/internal/protocol/events/InternalJavaCompileTaskOperationResult
instanceKlass org/gradle/tooling/internal/protocol/events/InternalIncrementalTaskResult
instanceKlass org/gradle/tooling/internal/protocol/events/InternalTaskResult
instanceKlass org/gradle/api/internal/tasks/compile/tooling/JavaCompileTaskSuccessResultPostProcessor
instanceKlass org/gradle/internal/build/event/OperationResultPostProcessor
instanceKlass com/google/common/collect/RangeGwtSerializationDependencies
instanceKlass com/google/common/collect/ImmutableRangeSet$Builder
instanceKlass com/google/common/collect/SortedIterable
instanceKlass com/google/common/collect/AbstractRangeSet
instanceKlass com/google/common/collect/RangeSet
instanceKlass com/google/common/collect/CollectCollectors
instanceKlass org/gradle/execution/plan/SelfExecutingNode
instanceKlass org/gradle/execution/plan/Node
instanceKlass org/gradle/tooling/internal/protocol/events/InternalTransformDescriptor
instanceKlass org/gradle/tooling/internal/provider/runner/TransformOperationMapper
instanceKlass org/gradle/tooling/internal/provider/runner/BuildOperationMapper
instanceKlass org/gradle/tooling/internal/provider/runner/TaskOriginTracker
instanceKlass org/gradle/tooling/internal/provider/runner/ProjectConfigurationTracker
instanceKlass org/gradle/tooling/internal/provider/runner/TestTaskExecutionTracker
instanceKlass org/gradle/tooling/internal/protocol/events/InternalScriptPluginIdentifier
instanceKlass org/gradle/tooling/internal/protocol/events/InternalBinaryPluginIdentifier
instanceKlass org/gradle/tooling/internal/protocol/events/InternalPluginIdentifier
instanceKlass org/gradle/tooling/internal/provider/runner/PluginApplicationTracker
instanceKlass org/gradle/tooling/internal/provider/runner/BuildOperationTracker
instanceKlass org/gradle/tooling/internal/provider/runner/OperationDependenciesResolver
instanceKlass org/gradle/tooling/internal/provider/runner/ClientForwardingBuildOperationListener
instanceKlass org/gradle/tooling/internal/protocol/events/InternalSuccessResult
instanceKlass org/gradle/tooling/internal/protocol/events/InternalFailureResult
instanceKlass org/gradle/internal/build/event/types/AbstractResult
instanceKlass org/gradle/tooling/internal/protocol/events/InternalOperationFinishedProgressEvent
instanceKlass org/gradle/tooling/internal/protocol/events/InternalOperationStartedProgressEvent
instanceKlass org/gradle/tooling/internal/protocol/events/InternalBuildPhaseDescriptor
instanceKlass org/gradle/internal/build/event/types/DefaultOperationDescriptor
instanceKlass org/gradle/tooling/internal/provider/runner/BuildPhaseOperationListener
instanceKlass org/gradle/tooling/internal/protocol/events/InternalProgressEvent
instanceKlass org/gradle/tooling/internal/protocol/events/InternalTestOutputDescriptor
instanceKlass org/gradle/tooling/internal/protocol/events/InternalOperationDescriptor
instanceKlass org/gradle/tooling/internal/protocol/events/InternalTestOutputResult
instanceKlass org/gradle/tooling/internal/protocol/events/InternalOperationResult
instanceKlass org/gradle/tooling/internal/protocol/InternalProtocolInterface
instanceKlass org/gradle/tooling/internal/provider/runner/ClientForwardingTestOutputOperationListener
instanceKlass org/gradle/tooling/internal/provider/runner/ProgressEventConsumer
instanceKlass org/gradle/internal/buildtree/BuildActionModelRequirements
instanceKlass org/gradle/launcher/exec/BuildTreeLifecycleBuildActionExecutor
instanceKlass org/gradle/launcher/exec/RunAsBuildOperationBuildActionExecutor$2
instanceKlass org/gradle/launcher/exec/RunAsBuildOperationBuildActionExecutor$1
instanceKlass org/gradle/launcher/exec/RunBuildBuildOperationType$Result
instanceKlass org/gradle/launcher/exec/RunBuildBuildOperationType$Details
instanceKlass org/gradle/launcher/exec/RunAsBuildOperationBuildActionExecutor
instanceKlass org/gradle/launcher/exec/RunAsWorkerThreadBuildActionExecutor
instanceKlass org/gradle/execution/CancellableOperationManager
instanceKlass org/gradle/tooling/internal/provider/continuous/ContinuousBuildActionExecutor
instanceKlass org/gradle/tooling/internal/provider/SubscribableBuildActionExecutor
instanceKlass org/gradle/internal/snapshot/ValueSnapshot
instanceKlass org/gradle/internal/snapshot/impl/DefaultValueSnapshotter$ValueSnapshotVisitor
instanceKlass org/gradle/internal/scripts/ScriptingLanguages$1
instanceKlass org/gradle/scripts/ScriptingLanguage
instanceKlass org/gradle/internal/scripts/ScriptingLanguages
instanceKlass org/gradle/internal/scripts/ScriptFileUtil
instanceKlass org/gradle/internal/scripts/DefaultScriptFileResolver
instanceKlass org/gradle/internal/resources/LeaseHolder
instanceKlass org/gradle/internal/resources/LockCache
instanceKlass org/gradle/internal/resources/AbstractResourceLockRegistry
instanceKlass org/gradle/internal/resources/ResourceLockContainer
instanceKlass org/gradle/internal/resources/ResourceLockRegistry
instanceKlass org/gradle/internal/work/DefaultWorkerLeaseService$Registries
instanceKlass org/gradle/internal/work/DefaultWorkerLeaseService$ProjectLockStatisticsImpl
instanceKlass org/gradle/internal/resources/ProjectLockStatistics
instanceKlass org/gradle/internal/concurrent/DefaultWorkerLimits
instanceKlass org/gradle/internal/cc/impl/DefaultBuildTreeModelControllerServices$Companion
instanceKlass org/gradle/internal/InternalBuildListener
instanceKlass org/gradle/internal/InternalListener
instanceKlass org/gradle/internal/operations/notify/BuildOperationNotificationBridge$1
instanceKlass org/gradle/internal/operations/DefaultBuildOperationProgressEventEmitter
instanceKlass org/gradle/deployment/internal/DefaultDeploymentRegistry$PendingChanges
instanceKlass org/gradle/deployment/internal/ContinuousExecutionGate$GateKeeper
instanceKlass org/gradle/deployment/internal/DefaultContinuousExecutionGate
instanceKlass org/gradle/deployment/internal/ContinuousExecutionGate
instanceKlass org/gradle/internal/execution/WorkInputListener
instanceKlass org/gradle/internal/service/scopes/DefaultWorkInputListeners
instanceKlass org/gradle/tooling/internal/provider/runner/ToolingApiBuildEventListenerFactory$1
instanceKlass org/gradle/internal/operations/DefaultBuildOperationListenerManager$ProgressShieldingBuildOperationListener
instanceKlass org/gradle/internal/operations/DefaultBuildOperationAncestryTracker
instanceKlass org/gradle/composite/internal/CompositeProjectComponentArtifactMetadataSerializer
instanceKlass org/gradle/composite/internal/CompositeProjectComponentArtifactMetadata
instanceKlass org/gradle/api/internal/artifacts/ivyservice/resolveengine/result/ComponentSelectionReasonSerializer
instanceKlass org/gradle/api/internal/artifacts/ivyservice/resolveengine/result/ComponentSelectionDescriptorSerializer
instanceKlass org/gradle/internal/component/external/model/DefaultModuleComponentIdentifier
instanceKlass org/gradle/api/artifacts/component/ModuleComponentIdentifier
instanceKlass org/gradle/api/internal/artifacts/metadata/TransformedComponentFileArtifactIdentifierSerializer
instanceKlass org/gradle/internal/component/local/model/TransformedComponentFileArtifactIdentifier
instanceKlass org/gradle/api/internal/artifacts/metadata/ComponentFileArtifactIdentifierSerializer
instanceKlass org/gradle/api/internal/artifacts/metadata/ModuleComponentFileArtifactIdentifierSerializer
instanceKlass org/gradle/api/internal/artifacts/metadata/ComponentArtifactIdentifierSerializer
instanceKlass org/gradle/api/internal/artifacts/DependencyManagementValueSnapshotterSerializerRegistry$OpaqueComponentArtifactIdentifierSerializer
instanceKlass org/gradle/api/artifacts/PublishArtifact
instanceKlass org/gradle/api/internal/artifacts/metadata/PublishArtifactLocalArtifactMetadataSerializer
instanceKlass org/gradle/api/internal/capabilities/ImmutableCapability
instanceKlass org/gradle/api/internal/capabilities/CapabilityInternal
instanceKlass org/gradle/api/internal/artifacts/ivyservice/resolveengine/result/CapabilitySerializer
instanceKlass org/gradle/api/internal/artifacts/ModuleVersionIdentifierSerializer
instanceKlass org/gradle/internal/resolve/caching/DesugaringAttributeContainerSerializer
instanceKlass org/gradle/api/artifacts/component/BuildIdentifier
instanceKlass org/gradle/api/artifacts/component/ProjectComponentIdentifier
instanceKlass org/gradle/api/artifacts/result/ResolvedComponentResult
instanceKlass org/gradle/api/artifacts/result/ComponentResult
instanceKlass org/gradle/api/artifacts/result/ComponentSelectionReason
instanceKlass org/gradle/api/artifacts/result/ResolvedVariantResult
instanceKlass org/gradle/internal/component/local/model/ComponentFileArtifactIdentifier
instanceKlass org/gradle/internal/component/external/model/DefaultModuleComponentArtifactIdentifier
instanceKlass org/gradle/internal/component/external/model/ModuleComponentArtifactIdentifier
instanceKlass org/gradle/internal/component/local/model/OpaqueComponentArtifactIdentifier
instanceKlass org/gradle/api/artifacts/component/ComponentIdentifier
instanceKlass org/gradle/internal/component/local/model/PublishArtifactLocalArtifactMetadata
instanceKlass org/gradle/api/artifacts/component/ComponentArtifactIdentifier
instanceKlass org/gradle/internal/component/local/model/LocalComponentArtifactMetadata
instanceKlass org/gradle/internal/component/model/ComponentArtifactMetadata
instanceKlass org/gradle/api/artifacts/ModuleVersionIdentifier
instanceKlass org/gradle/api/capabilities/Capability
instanceKlass org/gradle/api/artifacts/result/ComponentSelectionDescriptor
instanceKlass org/gradle/api/internal/artifacts/ivyservice/resolveengine/result/CachingComponentSelectionDescriptorFactory
instanceKlass org/gradle/api/internal/attributes/UsageCompatibilityHandler
instanceKlass org/gradle/api/attributes/Attribute
instanceKlass org/gradle/api/internal/attributes/DefaultImmutableAttributes
instanceKlass org/gradle/api/internal/attributes/AttributeValue
instanceKlass org/gradle/internal/snapshot/impl/DefaultIsolatableFactory$IsolatableVisitor
instanceKlass org/gradle/internal/snapshot/impl/AbstractValueProcessor$ValueVisitor
instanceKlass org/gradle/internal/snapshot/impl/AbstractValueProcessor
instanceKlass com/google/common/cache/LocalCache$StrongValueReference
instanceKlass org/gradle/api/internal/provider/ManagedFactories$ProviderManagedFactory
instanceKlass org/gradle/api/internal/provider/ManagedFactories$PropertyManagedFactory
instanceKlass org/gradle/api/internal/provider/ManagedFactories$MapPropertyManagedFactory
instanceKlass org/gradle/api/internal/provider/ManagedFactories$ListPropertyManagedFactory
instanceKlass org/gradle/api/internal/provider/CollectionPropertyInternal
instanceKlass org/gradle/api/internal/provider/CollectionProviderInternal
instanceKlass org/gradle/api/internal/provider/ManagedFactories$SetPropertyManagedFactory
instanceKlass org/gradle/api/internal/file/ManagedFactories$DirectoryPropertyManagedFactory
instanceKlass org/gradle/api/internal/file/ManagedFactories$DirectoryManagedFactory
instanceKlass org/gradle/api/internal/file/ManagedFactories$RegularFilePropertyManagedFactory
instanceKlass org/gradle/api/internal/file/ManagedFactories$RegularFileManagedFactory
instanceKlass org/gradle/api/internal/file/collections/ManagedFactories$ConfigurableFileCollectionManagedFactory
instanceKlass org/gradle/internal/state/DefaultManagedFactoryRegistry
instanceKlass org/gradle/internal/classloader/ConfigurableClassLoaderHierarchyHasher
instanceKlass org/gradle/internal/classloader/DefaultClassLoaderFactory
instanceKlass org/gradle/api/internal/initialization/loadercache/DefaultClasspathHasher
instanceKlass org/gradle/internal/fingerprint/impl/EmptyCurrentFileCollectionFingerprint
instanceKlass org/gradle/internal/snapshot/AbstractFileSystemLocationSnapshot
instanceKlass org/gradle/internal/snapshot/FileSystemLeafSnapshot
instanceKlass org/gradle/api/internal/changedetection/state/ZipHasher$HashingExceptionReporter
instanceKlass org/gradle/api/internal/file/archive/ZipInput
instanceKlass org/gradle/internal/fingerprint/hashing/ZipEntryContext
instanceKlass org/gradle/api/internal/changedetection/state/ZipHasher
instanceKlass org/gradle/api/internal/changedetection/state/IgnoringResourceHasher
instanceKlass org/gradle/api/internal/changedetection/state/LineEndingNormalizingResourceHasher$1
instanceKlass org/gradle/api/internal/file/archive/ZipEntry
instanceKlass org/gradle/api/internal/changedetection/state/FallbackHandlingResourceHasher
instanceKlass org/gradle/internal/snapshot/RelativePathTrackingFileSystemSnapshotHierarchyVisitor
instanceKlass org/gradle/internal/fingerprint/CurrentFileCollectionFingerprint
instanceKlass org/gradle/internal/fingerprint/FileCollectionFingerprint
instanceKlass org/gradle/internal/fingerprint/impl/AbstractFingerprintingStrategy
instanceKlass org/gradle/api/internal/changedetection/state/RuntimeClasspathResourceHasher
instanceKlass org/gradle/api/internal/changedetection/state/PropertiesFileFilter
instanceKlass org/gradle/api/internal/changedetection/state/ResourceEntryFilter$1
instanceKlass org/gradle/api/internal/changedetection/state/ResourceEntryFilter
instanceKlass org/gradle/api/internal/changedetection/state/ResourceFilter$1
instanceKlass org/gradle/api/internal/changedetection/state/ResourceFilter
instanceKlass org/gradle/internal/fingerprint/FingerprintingStrategy
instanceKlass org/gradle/internal/fingerprint/impl/AbstractFileCollectionFingerprinter
instanceKlass org/gradle/internal/execution/FileCollectionSnapshotter$Result
instanceKlass org/gradle/api/internal/file/FileCollectionStructureVisitor
instanceKlass org/gradle/internal/fingerprint/impl/DefaultFileCollectionSnapshotter
instanceKlass org/gradle/internal/snapshot/impl/DirectorySnapshotter$DefaultExcludes$EndMatcher
instanceKlass org/gradle/internal/snapshot/impl/DirectorySnapshotter$DefaultExcludes$StartMatcher
instanceKlass org/gradle/internal/snapshot/impl/DirectorySnapshotter$DefaultExcludes
instanceKlass org/gradle/internal/snapshot/impl/DirectorySnapshotter$1
instanceKlass org/gradle/internal/snapshot/impl/DirectorySnapshotter$SymbolicLinkMapping
instanceKlass org/gradle/internal/snapshot/impl/DirectorySnapshotter
instanceKlass java/util/concurrent/Semaphore
instanceKlass com/google/common/util/concurrent/Striped
instanceKlass org/gradle/internal/vfs/impl/DefaultFileSystemAccess$StripedProducerGuard
instanceKlass org/gradle/internal/vfs/impl/DefaultFileSystemAccess
instanceKlass org/gradle/internal/snapshot/impl/DirectorySnapshotterStatistics
instanceKlass org/gradle/internal/build/BuildAddedListener
instanceKlass org/gradle/internal/snapshot/EmptyChildMap
instanceKlass org/gradle/internal/snapshot/ChildMap$StoreHandler
instanceKlass org/gradle/internal/snapshot/ChildMap$NodeHandler
instanceKlass org/gradle/internal/vfs/impl/VersionHierarchy
instanceKlass org/gradle/internal/vfs/impl/VersionHierarchyRoot
instanceKlass org/gradle/internal/watch/registry/impl/FileSystemWatchingDocumentationIndex
instanceKlass org/gradle/internal/snapshot/SnapshotHierarchy$NodeDiffListener
instanceKlass org/gradle/internal/vfs/impl/AbstractVirtualFileSystem
instanceKlass net/rubygrapefruit/platform/internal/jni/AbstractFileEventFunctions$AbstractWatcherBuilder
instanceKlass org/gradle/internal/watch/registry/FileWatcherUpdater
instanceKlass net/rubygrapefruit/platform/file/FileWatcher
instanceKlass org/gradle/internal/watch/registry/FileWatcherRegistry
instanceKlass org/gradle/internal/watch/registry/FileWatcherProbeRegistry
instanceKlass org/gradle/internal/watch/registry/impl/AbstractFileWatcherRegistryFactory
instanceKlass org/gradle/internal/snapshot/ChildMap
instanceKlass org/gradle/internal/vfs/impl/DefaultSnapshotHierarchy$1
instanceKlass org/gradle/internal/vfs/impl/DefaultSnapshotHierarchy
instanceKlass com/google/common/io/CharSource
instanceKlass java/util/concurrent/LinkedBlockingDeque$Node
instanceKlass java/lang/management/MemoryUsage
instanceKlass org/gradle/launcher/daemon/server/health/gc/GarbageCollectionEvent
instanceKlass com/google/common/hash/PrimitiveSink
instanceKlass com/google/common/io/Closer$SuppressingSuppressor
instanceKlass com/google/common/io/Closer$Suppressor
instanceKlass com/google/common/io/Closer
instanceKlass com/google/common/io/CharSink
instanceKlass java/io/File$TempDirectory
instanceKlass org/gradle/api/internal/file/temp/TempFiles
instanceKlass org/gradle/internal/watch/vfs/impl/DefaultWatchableFileSystemDetector
instanceKlass net/rubygrapefruit/platform/internal/PosixFileSystems
instanceKlass org/gradle/internal/watch/vfs/FileChangeListener
instanceKlass org/gradle/internal/watch/registry/FileWatcherRegistry$ChangeHandler
instanceKlass org/gradle/internal/service/scopes/DefaultFileChangeListeners
instanceKlass org/gradle/internal/nativeintegration/services/NativeServices$3
instanceKlass org/gradle/internal/service/scopes/VirtualFileSystemServices$GradleUserHomeServices$1
instanceKlass org/gradle/internal/file/FilePathUtil
instanceKlass org/gradle/internal/file/FileHierarchySet$Node
instanceKlass org/gradle/internal/file/FileHierarchySet$NodeVisitor
instanceKlass org/gradle/internal/file/FileHierarchySet
instanceKlass org/gradle/cache/internal/DefaultGlobalCacheLocations
instanceKlass org/gradle/internal/hash/DefaultFileHasher
instanceKlass org/gradle/api/internal/changedetection/state/CachingFileHasher
instanceKlass com/google/common/collect/MapMakerInternalMap$StrongValueEntry
instanceKlass com/google/common/collect/MapMakerInternalMap$WeakKeyDummyValueEntry$Helper
instanceKlass com/google/common/collect/MapMakerInternalMap$InternalEntry
instanceKlass com/google/common/collect/MapMakerInternalMap$1
instanceKlass com/google/common/collect/MapMakerInternalMap$InternalEntryHelper
instanceKlass com/google/common/collect/MapMakerInternalMap$WeakValueReference
instanceKlass com/google/common/collect/Interners$InternerImpl
instanceKlass com/google/common/collect/MapMaker
instanceKlass com/google/common/collect/Interners$InternerBuilder
instanceKlass com/google/common/collect/Interners
instanceKlass org/gradle/internal/hash/DefaultStreamHasher
instanceKlass org/gradle/api/internal/changedetection/state/FileHasherStatistics
instanceKlass sun/security/provider/ByteArrayAccess$LE
instanceKlass com/google/common/base/Charsets
instanceKlass org/gradle/internal/hash/Hashing$MessageDigestHasher
instanceKlass org/gradle/internal/hash/Hashing$DefaultHasher
instanceKlass org/gradle/internal/hash/PrimitiveHasher
instanceKlass org/gradle/internal/hash/Hasher
instanceKlass org/gradle/internal/hash/Hashing$MessageDigestHashFunction
instanceKlass org/gradle/internal/hash/HashFunction
instanceKlass org/gradle/internal/hash/Hashing
instanceKlass org/gradle/api/internal/changedetection/state/CachingResourceiinstanceKlass org/gradle/internal/service/scopes/WorkerSharedUserHomeScopeServices
instanceKlass org/gradle/internal/service/scopes/DefaultGradleUserHomeScopeServiceRegistry
instanceKlass org/gradle/internal/logging/text/AbstractStyledTextOutputFactory
instanceKlass java/util/concurrent/atomic/AtomicBoolean
instanceKlass org/gradle/internal/agents/DefaultClassFileTransformer
instanceKlass org/gradle/internal/logging/text/AbstractLineChoppingStyledTextOutput$StateContext
instanceKlass java/text/DontCareFieldPosition$1
instanceKlass java/text/Format$FieldDelegate
instanceKlass java/util/Date
instanceKlass java/text/DigitList
instanceKlass java/text/FieldPosition
instanceKlass java/lang/StringUTF16$CharsSpliterator
instanceKlass java/util/stream/Sink$ChainedInt
instanceKlass java/util/OptionalInt
instanceKlass java/util/stream/Sink$OfInt
instanceKlass java/util/function/IntConsumer
instanceKlass java/util/function/IntPredicate
instanceKlass java/util/stream/IntStream
instanceKlass java/lang/StringLatin1$CharsSpliterator
instanceKlass java/text/DecimalFormatSymbols
instanceKlass java/text/DateFormatSymbols
instanceKlass sun/util/calendar/CalendarUtils
instanceKlass sun/util/calendar/CalendarDate
instanceKlass sun/util/resources/Bundles$CacheKeyReference
instanceKlass java/util/ResourceBundle$ResourceBundleProviderHelper
instanceKlass sun/util/resources/Bundles$CacheKey
instanceKlass java/util/ResourceBundle$1
instanceKlass jdk/internal/access/JavaUtilResourceBundleAccess
instanceKlass sun/util/resources/Bundles
instanceKlass sun/util/resources/LocaleData$LocaleDataStrategy
instanceKlass sun/util/resources/Bundles$Strategy
instanceKlass sun/util/resources/LocaleData$1
instanceKlass sun/util/resources/LocaleData
instanceKlass sun/util/locale/provider/LocaleResources
instanceKlass java/util/ResourceBundle
instanceKlass java/util/ResourceBundle$Control
instanceKlass sun/util/locale/provider/CalendarDataUtility$CalendarWeekParameterGetter
instanceKlass sun/util/locale/provider/LocaleServiceProviderPool$LocalizedObjectGetter
instanceKlass sun/util/locale/provider/LocaleServiceProviderPool
instanceKlass java/util/Locale$Builder
instanceKlass sun/util/locale/provider/CalendarDataUtility
instanceKlass sun/util/calendar/CalendarSystem$GregorianHolder
instanceKlass sun/util/calendar/CalendarSystem
instanceKlass java/util/Calendar$Builder
instanceKlass sun/util/locale/provider/AvailableLanguageTags
instanceKlass sun/util/resources/cldr/provider/CLDRLocaleDataMetaInfo
instanceKlass jdk/internal/module/ModulePatcher$PatchedModuleReader
instanceKlass sun/util/locale/LocaleObjectCache
instanceKlass sun/util/locale/BaseLocale$Key
instanceKlass sun/util/locale/InternalLocaleBuilder$CaseInsensitiveChar
instanceKlass sun/util/locale/InternalLocaleBuilder
instanceKlass sun/util/locale/StringTokenIterator
instanceKlass sun/util/locale/ParseStatus
instanceKlass sun/util/locale/LanguageTag
instanceKlass sun/util/cldr/CLDRBaseLocaleDataMetaInfo
instanceKlass sun/util/locale/provider/LocaleDataMetaInfo
instanceKlass sun/util/locale/provider/ResourceBundleBasedAdapter
instanceKlass sun/util/locale/provider/LocaleProviderAdapter$1
instanceKlass sun/util/locale/provider/LocaleProviderAdapter
instanceKlass java/util/spi/LocaleServiceProvider
instanceKlass sun/util/calendar/ZoneInfoFile$ZoneOffsetTransitionRule
instanceKlass sun/util/calendar/ZoneInfoFile$1
instanceKlass sun/util/calendar/ZoneInfoFile
instanceKlass java/util/TimeZone
instanceKlass java/util/Calendar
instanceKlass java/text/AttributedCharacterIterator$Attribute
instanceKlass java/text/Format
instanceKlass org/gradle/internal/logging/sink/LogEventDispatcher
instanceKlass org/gradle/internal/logging/text/AbstractLineChoppingStyledTextOutput$SeenFromEol
instanceKlass org/gradle/internal/SystemProperties
instanceKlass org/gradle/internal/logging/text/AbstractLineChoppingStyledTextOutput$4
instanceKlass org/gradle/internal/logging/text/AbstractLineChoppingStyledTextOutput$3
instanceKlass org/gradle/internal/logging/text/AbstractLineChoppingStyledTextOutput$2
instanceKlass org/gradle/internal/logging/text/AbstractLineChoppingStyledTextOutput$1
instanceKlass org/gradle/internal/logging/text/AbstractLineChoppingStyledTextOutput$State
instanceKlass org/gradle/internal/logging/text/StreamBackedStandardOutputListener
instanceKlass org/gradle/internal/logging/text/AbstractStyledTextOutput
instanceKlass org/gradle/internal/logging/console/StyledTextOutputBackedRenderer
instanceKlass org/slf4j/helpers/FormattingTuple
instanceKlass org/slf4j/helpers/MessageFormatter
instanceKlass net/rubygrapefruit/platform/internal/FunctionResult
instanceKlass org/gradle/internal/logging/source/PrintStreamLoggingSystem$PrintStreamDestination
instanceKlass java/util/logging/ErrorManager
instanceKlass org/gradle/internal/logging/source/JavaUtilLoggingSystem$SnapshotImpl
instanceKlass org/gradle/internal/logging/config/LoggingSystemAdapter$SnapshotImpl
instanceKlass org/gradle/internal/dispatch/MethodInvocation
instanceKlass org/gradle/internal/logging/sink/OutputEventRenderer$SnapshotImpl
instanceKlass org/gradle/process/internal/shutdown/ShutdownHooks
instanceKlass org/gradle/launcher/daemon/bootstrap/DaemonMain$1
instanceKlass com/google/common/io/Files$2
instanceKlass com/google/common/io/ByteSink
instanceKlass com/google/common/io/ByteSource
instanceKlass com/google/common/io/LineProcessor
instanceKlass com/google/common/base/Predicate
instanceKlass com/google/common/graph/SuccessorsFunction
instanceKlass com/google/common/io/Files
instanceKlass org/gradle/util/internal/GFileUtils
instanceKlass org/gradle/util/GradleVersion
instanceKlass net/rubygrapefruit/platform/internal/jni/PosixProcessFunctions
instanceKlass org/gradle/jvm/toolchain/internal/DefaultJavaLanguageVersion
instanceKlass org/gradle/jvm/toolchain/JavaLanguageVersion
instanceKlass com/google/common/base/Optional
instanceKlass org/gradle/internal/FileUtils$1
instanceKlass org/gradle/internal/FileUtils
instanceKlass com/google/common/collect/CollectPreconditions
instanceKlass com/google/common/collect/BiMap
instanceKlass com/google/common/base/Converter
instanceKlass com/google/common/collect/Maps$EntryTransformer
instanceKlass com/google/common/collect/ImmutableMap
instanceKlass com/google/common/collect/SortedMapDifference
instanceKlass com/google/common/collect/MapDifference
instanceKlass com/google/common/collect/Maps
instanceKlass com/google/common/collect/Sets
instanceKlass org/gradle/launcher/daemon/context/DefaultDaemonContext$Serializer
instanceKlass org/gradle/launcher/daemon/toolchain/DaemonJvmCriteria
instanceKlass org/gradle/launcher/daemon/context/DefaultDaemonContext
instanceKlass org/gradle/internal/nativeintegration/ReflectiveEnvironment
instanceKlass org/gradle/internal/nativeintegration/processenvironment/AbstractProcessEnvironment
instanceKlass net/rubygrapefruit/platform/internal/DefaultProcess
instanceKlass net/rubygrapefruit/platform/internal/WrapperProcess
instanceKlass net/rubygrapefruit/platform/file/WindowsFiles
instanceKlass org/gradle/internal/invocation/BuildAction
instanceKlass org/gradle/launcher/daemon/server/api/DaemonCommandAction
instanceKlass org/gradle/internal/serialize/Serializer
instanceKlass org/gradle/launcher/daemon/server/MasterExpirationStrategy
instanceKlass org/gradle/launcher/daemon/server/Daemon
instanceKlass org/gradle/launcher/daemon/server/health/DaemonHealthCheck
instanceKlass org/gradle/launcher/daemon/server/stats/DaemonRunningStats
instanceKlass org/gradle/launcher/daemon/server/DaemonLogFile
instanceKlass org/gradle/launcher/daemon/registry/DaemonDir
instanceKlass org/gradle/launcher/daemon/server/health/HealthExpirationStrategy
instanceKlass org/gradle/launcher/daemon/server/health/gc/GarbageCollectorMonitoringStrategy
instanceKlass org/gradle/launcher/daemon/server/health/DaemonHealthStats
instanceKlass org/gradle/tooling/internal/provider/runner/OperationDependencyLookup
instanceKlass org/gradle/tooling/internal/provider/runner/ToolingApiBuildEventListenerFactory
instanceKlass org/gradle/problems/buildtree/ProblemReporter
instanceKlass org/gradle/internal/serialize/beans/services/BeanConstructors
instanceKlass org/gradle/nativeplatform/NativeBinarySpec
instanceKlass org/gradle/platform/base/BinarySpec
instanceKlass org/gradle/platform/base/Binary
instanceKlass org/gradle/api/CheckableComponentSpec
instanceKlass org/gradle/api/BuildableComponentSpec
instanceKlass org/gradle/platform/base/ComponentSpec
instanceKlass org/gradle/model/ModelElement
instanceKlass org/gradle/internal/resource/transport/sftp/SftpClientFactory
instanceKlass org/gradle/internal/resource/transport/sftp/SftpResourcesServices$GlobalScopeServices
instanceKlass org/gradle/internal/resource/transport/aws/s3/S3ResourcesServices$GlobalScopeServices
instanceKlass org/gradle/internal/resource/transport/gcp/gcs/GcsResourcesServices$GlobalScopeServices
instanceKlass org/gradle/nativeplatform/TargetMachineBuilder
instanceKlass org/gradle/nativeplatform/TargetMachine
instanceKlass org/gradle/nativeplatform/internal/DefaultTargetMachineFactory
instanceKlass org/gradle/nativeplatform/TargetMachineFactory
instanceKlass org/gradle/nativeplatform/internal/NativePlatformResolver
instanceKlass org/gradle/platform/base/internal/PlatformResolver
instanceKlass org/gradle/nativeplatform/platform/internal/NativePlatformInternal
instanceKlass org/gradle/nativeplatform/platform/NativePlatform
instanceKlass org/gradle/platform/base/Platform
instanceKlass org/gradle/nativeplatform/platform/internal/OperatingSystemInternal
instanceKlass org/gradle/nativeplatform/platform/OperatingSystem
instanceKlass org/gradle/nativeplatform/platform/internal/NativePlatforms
instanceKlass org/gradle/internal/logging/text/DiagnosticsVisitor
instanceKlass org/gradle/buildinit/plugins/internal/action/InitBuiltInCommand
instanceKlass org/gradle/internal/build/event/OperationResultPostProcessorFactory
instanceKlass org/gradle/initialization/BuildEventConsumer
instanceKlass org/gradle/internal/build/event/BuildEventSubscriptions
instanceKlass org/gradle/language/java/internal/JavaLanguageServices$JavaGlobalScopeServices
instanceKlass org/gradle/api/component/SoftwareComponentFactory
instanceKlass org/gradle/api/publish/internal/service/PublishServices$GlobalScopeServices
instanceKlass org/gradle/platform/base/internal/registry/ComponentModelBaseServices$GlobalScopeServices
instanceKlass org/gradle/reporting/ReportRenderer
instanceKlass org/gradle/api/reporting/components/internal/DiagnosticsServices$1
instanceKlass org/gradle/api/plugins/internal/HelpBuiltInCommand
instanceKlass org/gradle/configuration/project/BuiltInCommand
instanceKlass org/gradle/plugin/internal/PluginUseServices$GlobalScopeServices
instanceKlass java/lang/FunctionalInterface
instanceKlass org/gradle/internal/resource/transport/http/HttpClientHelper$Factory
instanceKlass org/gradle/internal/resource/transport/http/SslContextFactory
instanceKlass org/gradle/internal/resource/transport/http/HttpResourcesServices$GlobalScopeServices
instanceKlass org/gradle/internal/model/CalculatedValue
instanceKlass org/gradle/internal/component/local/model/LocalConfigurationGraphResolveMetadata
instanceKlass org/gradle/internal/component/model/ConfigurationGraphResolveMetadata
instanceKlass org/gradle/internal/component/model/VariantGraphResolveMetadata
instanceKlass org/gradle/api/internal/artifacts/configurations/ConfigurationInternal$VariantVisitor
instanceKlass org/gradle/api/artifacts/Configuration
instanceKlass org/gradle/api/Named
instanceKlass org/gradle/api/attributes/HasConfigurableAttributes
instanceKlass org/gradle/api/attributes/HasAttributes
instanceKlass org/gradle/api/file/FileCollection
instanceKlass org/gradle/api/Buildable
instanceKlass org/gradle/api/internal/artifacts/ivyservice/moduleconverter/dependencies/DefaultLocalConfigurationMetadataBuilder
instanceKlass org/gradle/api/internal/artifacts/ivyservice/moduleconverter/dependencies/LocalConfigurationMetadataBuilder
instanceKlass org/gradle/internal/component/model/ExcludeMetadata
instanceKlass org/gradle/api/internal/artifacts/ivyservice/moduleconverter/dependencies/DefaultExcludeRuleConverter
instanceKlass org/gradle/api/internal/artifacts/DefaultImmutableModuleIdentifierFactory
instanceKlass org/apache/ivy/util/MessageLogger
instanceKlass org/gradle/api/internal/artifacts/ivyservice/DefaultIvyContextManager
instanceKlass org/gradle/api/internal/artifacts/ivyservice/IvyContextManager
instanceKlass org/gradle/api/internal/artifacts/ivyservice/ivyresolve/strategy/Version
instanceKlass org/gradle/api/internal/artifacts/ivyservice/ivyresolve/strategy/VersionParser
instanceKlass org/gradle/api/Transformer
instanceKlass org/gradle/api/artifacts/component/ComponentSelector
instanceKlass org/gradle/internal/resource/ExternalResourceName
instanceKlass org/gradle/api/Describable
instanceKlass org/gradle/api/internal/artifacts/dsl/dependencies/PlatformSupport
instanceKlass org/gradle/api/internal/artifacts/ivyservice/moduleconverter/dependencies/ExcludeRuleConverter
instanceKlass org/gradle/internal/typeconversion/NotationParser
instanceKlass org/gradle/api/internal/artifacts/ImmutableModuleIdentifierFactory
instanceKlass org/gradle/cache/internal/ProducerGuard
instanceKlass org/gradle/api/internal/attributes/EmptySchema
instanceKlass org/gradle/api/internal/attributes/AttributesSchemaInternal
instanceKlass org/gradle/api/internal/attributes/AttributesSchemaWithDescribers
instanceKlass org/gradle/api/attributes/AttributesSchema
instanceKlass org/gradle/internal/resource/connector/ResourceConnectorFactory
instanceKlass org/gradle/api/internal/artifacts/ivyservice/moduleconverter/dependencies/DependencyMetadataFactory
instanceKlass org/gradle/internal/typeconversion/NotationConverter
instanceKlass org/gradle/api/internal/artifacts/DependencyManagementGlobalScopeServices
instanceKlass org/gradle/tooling/internal/provider/LauncherServices$ToolingGlobalScopeServices
instanceKlass org/gradle/tooling/internal/provider/ExecuteBuildActionRunner
instanceKlass org/gradle/internal/buildtree/BuildActionRunner
instanceKlass org/gradle/tooling/internal/provider/serialization/ClassLoaderCache
instanceKlass org/gradle/api/internal/tasks/userinput/UserInputReader$UserInput
instanceKlass org/gradle/api/internal/tasks/userinput/DefaultUserInputReader
instanceKlass org/gradle/api/internal/tasks/userinput/UserInputReader
instanceKlass org/gradle/internal/build/event/BuildEventServices$1
instanceKlass org/gradle/internal/build/event/BuildEventListenerFactory
instanceKlass org/gradle/internal/build/event/DefaultBuildEventsListenerRegistry
instanceKlass org/gradle/internal/build/event/BuildEventListenerRegistryInternal
instanceKlass org/gradle/build/event/BuildEventsListenerRegistry
instanceKlass org/gradle/kotlin/dsl/support/ImplicitImports
instanceKlass org/gradle/kotlin/dsl/support/GlobalServices
instanceKlass kotlin/annotation/Target
instanceKlass kotlin/annotation/Retention
instanceKlass kotlin/Metadata
instanceKlass org/gradle/api/internal/changedetection/state/FileHasherStatistics$Collector
instanceKlass org/gradle/internal/snapshot/impl/DirectorySnapshotterStatistics$Collector
instanceKlass org/gradle/internal/service/scopes/VirtualFileSystemServices$GlobalScopeServices
instanceKlass org/gradle/internal/operations/BuildOperationAncestryTracker
instanceKlass org/gradle/internal/service/scopes/ExecutionGlobalServices$AnnotationHandlerRegistar
instanceKlass org/gradle/api/internal/tasks/properties/InspectionSchemeFactory
instanceKlass org/gradle/internal/service/scopes/ExecutionGlobalServices$AnnotationHandlerRegistration
instanceKlass org/gradle/internal/properties/bean/PropertyWalker
instanceKlass org/gradle/api/internal/tasks/properties/AbstractTypeScheme
instanceKlass org/gradle/api/internal/tasks/properties/TypeScheme
instanceKlass org/gradle/api/model/ReplacedBy
instanceKlass org/gradle/api/tasks/Internal
instanceKlass org/gradle/api/internal/plugins/software/SoftwareType
instanceKlass org/gradle/api/services/ServiceReference
instanceKlass org/gradle/api/tasks/OutputFiles
instanceKlass org/gradle/api/tasks/OutputFile
instanceKlass org/gradle/api/tasks/OutputDirectory
instanceKlass org/gradle/api/tasks/OutputDirectories
instanceKlass org/gradle/api/tasks/options/OptionValues
instanceKlass org/gradle/api/tasks/Nested
instanceKlass org/gradle/api/tasks/LocalState
instanceKlass org/gradle/api/tasks/InputFiles
instanceKlass org/gradle/api/tasks/InputFile
instanceKlass org/gradle/api/tasks/InputDirectory
instanceKlass org/gradle/api/artifacts/transform/InputArtifactDependencies
instanceKlass org/gradle/api/artifacts/transform/InputArtifact
instanceKlass org/gradle/api/tasks/Input
instanceKlass org/gradle/api/tasks/Destroys
instanceKlass org/gradle/api/tasks/Console
instanceKlass org/gradle/internal/execution/WorkExecutionTracker
instanceKlass org/gradle/internal/reflect/annotations/TypeAnnotationMetadataStore
instanceKlass org/gradle/internal/execution/history/ImmutableWorkspaceMetadataStore
instanceKlass org/gradle/api/internal/project/taskfactory/TaskClassInfoStore
instanceKlass org/gradle/internal/execution/WorkInputListeners
instanceKlass org/gradle/internal/properties/annotations/TypeAnnotationHandler
instanceKlass org/gradle/internal/service/scopes/ExecutionGlobalServices
instanceKlass org/gradle/internal/file/BufferProvider
instanceKlass org/gradle/caching/internal/BuildCacheServices$1
instanceKlass org/gradle/internal/buildoption/IntegerInternalOption
instanceKlass org/gradle/internal/buildoption/InternalFlag
instanceKlass org/gradle/internal/buildoption/InternalOption
instanceKlass org/gradle/internal/buildoption/Option
instanceKlass org/gradle/internal/service/DefaultServiceLocator$ServiceFactory
instanceKlass org/gradle/internal/service/scopes/AbstractGradleModuleServices
instanceKlass org/gradle/internal/service/scopes/GradleModuleServices
instanceKlass org/gradle/internal/classpath/intercept/JvmBytecodeInterceptorFactoryProvider$CompositeJvmBytecodeInterceptorFactoryProvider
instanceKlass org/gradle/internal/classpath/GroovyCallInterceptorsProvider$CompositeGroovyCallInterceptorsProvider
instanceKlass org/gradle/internal/classpath/GroovyCallInterceptorsProvider$ClassLoaderSourceGroovyCallInterceptorsProvider
instanceKlass org/gradle/internal/classpath/intercept/JvmBytecodeInterceptorFactoryProvider$ClassLoaderSourceJvmBytecodeInterceptorFactoryProvider
instanceKlass org/gradle/internal/classpath/intercept/JvmBytecodeInterceptorSet
instanceKlass org/gradle/internal/classpath/intercept/DefaultJvmBytecodeInterceptorFactorySet
instanceKlass org/gradle/internal/classpath/Instrumented
instanceKlass org/gradle/internal/classpath/GroovyCallInterceptorsProvider$ClassSourceGroovyCallInterceptorsProvider
instanceKlass org/gradle/internal/classpath/intercept/DefaultCallSiteInterceptorSet
instanceKlass org/gradle/internal/classpath/intercept/CallSiteDecorator
instanceKlass org/gradle/internal/classpath/intercept/JvmBytecodeInterceptorFactoryProvider
instanceKlass org/gradle/internal/classpath/GroovyCallInterceptorsProvider
instanceKlass org/gradle/internal/classpath/intercept/JvmBytecodeInterceptorFactorySet
instanceKlass org/gradle/internal/classpath/intercept/CallSiteInterceptorSet
instanceKlass org/gradle/internal/classpath/intercept/CallInterceptorRegistry
instanceKlass org/gradle/internal/classpath/TransformedClassPath
instanceKlass org/gradle/api/internal/classpath/DefaultModuleRegistry$DefaultModule
instanceKlass org/gradle/internal/IoActions
instanceKlass org/gradle/util/internal/GUtil
instanceKlass groovy/lang/MetaClass
instanceKlass groovy/lang/MetaObjectProtocol
instanceKlass groovy/lang/GroovySystem
instanceKlass groovy/lang/MetaClassRegistry
instanceKlass groovy/lang/GroovyObject
instanceKlass org/objectweb/asm/ClassVisitor
instanceKlass org/gradle/internal/agents/InstrumentingClassLoader
instanceKlass java/util/ComparableTimSort
instanceKlass java/util/Arrays$LegacyMergeSort
instanceKlass org/gradle/internal/util/Trie$Builder
instanceKlass org/gradle/internal/util/Trie
instanceKlass org/gradle/internal/classloader/FilteringClassLoader$TrieSet
instanceKlass jdk/internal/loader/BootLoader$PackageHelper
instanceKlass java/util/stream/StreamSpliterators
instanceKlass java/util/stream/AbstractSpinedBuffer
instanceKlass java/util/stream/Node$Builder
instanceKlass java/util/stream/Node$OfDouble
instanceKlass java/util/stream/Node$OfLong
instanceKlass java/util/stream/Node$OfInt
instanceKlass java/util/stream/Node$OfPrimitive
instanceKlass java/util/stream/Nodes$EmptyNode
instanceKlass java/util/stream/Node
instanceKlass java/util/stream/Nodes
instanceKlass java/util/function/IntFunction
instanceKlass java/util/stream/Streams$2
instanceKlass java/util/stream/StreamSpliterators$AbstractWrappingSpliterator
instanceKlass java/util/stream/Streams$ConcatSpliterator
instanceKlass org/gradle/internal/classloader/ClassLoaderUtils$Java9PackagesFetcher
instanceKlass org/gradle/internal/classloader/ClassLoaderUtils$AbstractClassLoaderLookuper
instanceKlass org/gradle/internal/classloader/ClassLoaderUtils$ClassLoaderPackagesFetcher
instanceKlass org/gradle/internal/classloader/ClassLoaderUtils$ClassDefiner
instanceKlass org/gradle/internal/classloader/ClassLoaderUtils
instanceKlass org/gradle/initialization/GradleApiSpecAggregator$DefaultSpec
instanceKlass kotlin/jvm/internal/Intrinsics
instanceKlass kotlin/collections/SetsKt__SetsJVMKt
instanceKlass com/google/common/collect/PeekingIterator
instanceKlass com/google/common/collect/UnmodifiableIterator
instanceKlass com/google/common/collect/Iterators
instanceKlass com/google/common/collect/Hashing
instanceKlass com/google/common/math/IntMath$1
instanceKlass com/google/common/math/MathPreconditions
instanceKlass com/google/common/math/IntMath
instanceKlass com/google/common/base/Preconditions
instanceKlass org/apache/groovy/json/DefaultFastStringServiceFactory
instanceKlass org/apache/groovy/json/FastStringServiceFactory
instanceKlass org/gradle/internal/reflect/ReflectionCache$CacheEntry
instanceKlass com/google/common/collect/ImmutableCollection$Builder
instanceKlass com/google/common/collect/ImmutableSet$SetBuilderImpl
instanceKlass org/gradle/kotlin/dsl/provider/KotlinGradleApiSpecProvider
instanceKlass org/gradle/initialization/GradleApiSpecProvider$SpecAdapter
instanceKlass org/gradle/initialization/GradleApiSpecProvider
instanceKlass org/gradle/internal/service/DefaultServiceLocator
instanceKlass org/gradle/initialization/GradleApiSpecProvider$Spec
instanceKlass org/gradle/initialization/GradleApiSpecAggregator
instanceKlass com/google/common/base/Function
instanceKlass org/gradle/internal/reflect/CachedInvokable
instanceKlass org/gradle/internal/reflect/ReflectionCache
instanceKlass org/gradle/internal/reflect/DirectInstantiator
instanceKlass org/gradle/initialization/DefaultClassLoaderRegistry
instanceKlass org/gradle/internal/installation/GradleRuntimeShadedJarDetector
instanceKlass sun/net/www/protocol/jar/JarFileFactory
instanceKlass sun/net/www/protocol/jar/URLJarFile$URLJarFileCloseController
instanceKlass java/net/URLClassLoader$2
instanceKlass org/objectweb/asm/Type
instanceKlass org/gradle/initialization/DefaultLegacyTypesSupport
instanceKlass org/gradle/api/internal/jvm/JavaVersionParser
instanceKlass org/gradle/api/internal/DynamicModulesClassPathProvider
instanceKlass org/gradle/api/internal/DefaultClassPathProvider
instanceKlass org/gradle/api/internal/ClassPathProvider
instanceKlass org/gradle/api/internal/DefaultClassPathRegistry
instanceKlass org/gradle/api/internal/classpath/DefaultPluginModuleRegistry
instanceKlass org/gradle/api/internal/classpath/ManifestUtil
instanceKlass org/gradle/internal/classpath/DefaultClassPath$ImmutableUniqueList$Builder
instanceKlass org/gradle/internal/classloader/ClassLoaderSpec
instanceKlass org/gradle/internal/classloader/ClassLoaderHierarchy
instanceKlass org/gradle/internal/classloader/ClassLoaderVisitor
instanceKlass org/gradle/api/internal/classpath/Module
instanceKlass org/gradle/internal/installation/GradleInstallation$1
instanceKlass org/gradle/internal/installation/GradleInstallation
instanceKlass org/gradle/internal/classloader/ClasspathUtil
instanceKlass org/gradle/internal/installation/CurrentGradleInstallationLocator
instanceKlass org/gradle/internal/buildevents/BuildLoggerFactory
instanceKlass javax/inject/Inject
instanceKlass org/gradle/initialization/layout/BuildLayoutFactory
instanceKlass org/gradle/internal/id/UUIDGenerator
instanceKlass org/gradle/internal/remote/internal/OutgoingConnector
instanceKlass org/gradle/internal/remote/internal/IncomingConnector
instanceKlass org/gradle/internal/remote/MessagingServer
instanceKlass org/gradle/internal/remote/MessagingClient
instanceKlass org/gradle/internal/id/IdGenerator
instanceKlass org/gradle/internal/remote/services/MessagingServices
instanceKlass org/gradle/api/internal/file/DefaultFileLookup
instanceKlass org/gradle/internal/service/scopes/Scope$Project
instanceKlass org/gradle/internal/service/scopes/Scope$Gradle
instanceKlass org/gradle/internal/service/scopes/Scope$Build
instanceKlass org/gradle/internal/service/scopes/Scope$BuildTree
instanceKlass org/gradle/internal/service/scopes/Scope$BuildSession
instanceKlass org/gradle/internal/service/scopes/Scope$CrossBuildSession
instanceKlass org/gradle/internal/service/scopes/Scope$UserHome
instanceKlass org/gradle/internal/service/ServiceScopeValidatorWorkarounds
instanceKlass org/gradle/api/internal/DocumentationRegistry
instanceKlass org/gradle/internal/remote/internal/inet/InetAddressFactory
instanceKlass org/gradle/api/internal/file/FileLookup
instanceKlass org/gradle/internal/state/ManagedFactoryRegistry
instanceKlass org/gradle/api/internal/file/DefaultFilePropertyFactory
instanceKlass org/gradle/api/internal/file/FileFactory
instanceKlass org/gradle/api/internal/file/FileResolver
instanceKlass org/gradle/internal/file/PathToFileResolver
instanceKlass org/gradle/internal/file/RelativeFilePathResolver
instanceKlass org/gradle/internal/installation/CurrentGradleInstallation
instanceKlass org/gradle/api/internal/provider/PropertyHost
instanceKlass org/gradle/cache/GlobalCache
instanceKlass org/gradle/api/internal/classpath/DefaultModuleRegistry
instanceKlass org/gradle/internal/operations/BuildOperationListener
instanceKlass org/gradle/api/tasks/util/PatternSet
instanceKlass org/gradle/api/tasks/util/PatternFilterable
instanceKlass org/gradle/api/tasks/AntBuilderAware
instanceKlass org/gradle/model/internal/manage/schema/extract/ModelSchemaExtractionStrategy
instanceKlass org/gradle/model/internal/manage/schema/extract/ModelSchemaAspectExtractionStrategy
instanceKlass jdk/internal/misc/ScopedMemoryAccess$Scope
instanceKlass org/gradle/internal/properties/annotations/AbstractPropertyAnnotationHandler
instanceKlass org/gradle/internal/properties/annotations/PropertyAnnotationHandler
instanceKlass org/gradle/internal/instantiation/InjectAnnotationHandler
instanceKlass sun/reflect/generics/tree/TypeVariableSignature
instanceKlass org/gradle/model/internal/inspect/MethodModelRuleExtractor
instanceKlass sun/reflect/generics/tree/MethodTypeSignature
instanceKlass org/gradle/internal/scripts/DefaultScriptFileResolverListeners
instanceKlass org/gradle/internal/scripts/ScriptFileResolverListeners
instanceKlass org/gradle/api/internal/model/NamedObjectInstantiator
instanceKlass org/gradle/internal/state/ManagedFactory
instanceKlass org/gradle/api/internal/tasks/TaskDependencyFactory
instanceKlass org/gradle/api/internal/file/FilePropertyFactory
instanceKlass org/gradle/internal/service/CachingServiceLocator
instanceKlass org/gradle/model/internal/manage/schema/extract/ModelSchemaAspectExtractor
instanceKlass org/gradle/internal/agents/AgentInitializer
instanceKlass org/gradle/execution/DefaultWorkValidationWarningRecorder
instanceKlass org/gradle/execution/WorkValidationWarningReporter
instanceKlass org/gradle/internal/execution/steps/ValidateStep$ValidationWarningRecorder
instanceKlass org/gradle/api/internal/cache/StringInterner
instanceKlass com/google/common/collect/Interner
instanceKlass org/gradle/api/internal/classpath/ModuleRegistry
instanceKlass org/gradle/model/internal/inspect/ModelRuleExtractor
instanceKlass org/gradle/model/internal/inspect/ModelRuleSourceDetector
instanceKlass org/gradle/model/internal/manage/instance/ManagedProxyFactory
instanceKlass org/gradle/internal/instantiation/InstanceGenerator
instanceKlass org/gradle/internal/operations/CurrentBuildOperationRef
instanceKlass org/gradle/internal/service/DefaultServiceRegistry$RegistrationWrapper
instanceKlass java/lang/Class$AnnotationData
instanceKlass java/lang/annotation/Documented
instanceKlass javax/annotation/meta/TypeQualifierDefault
instanceKlass javax/annotation/Nonnull
instanceKlass org/gradle/api/NonNullApi
instanceKlass org/gradle/internal/service/scopes/ServiceScope
instanceKlass org/gradle/internal/InternalTransformer
instanceKlass org/gradle/internal/service/ServiceScopeValidator
instanceKlass org/gradle/internal/service/DefaultServiceRegistry$CompositeServiceProvider
instanceKlass org/gradle/internal/service/DefaultServiceRegistry$ParentServices
instanceKlass org/gradle/cache/internal/Synchronizer
instanceKlass org/gradle/cache/internal/CacheSupport
instanceKlass org/gradle/cache/internal/CacheAccessSerializer
instanceKlass org/gradle/launcher/daemon/registry/DaemonRegistry
instanceKlass org/gradle/cache/Cache
instanceKlass org/gradle/launcher/daemon/registry/DaemonRegistryServices
instanceKlass org/gradle/launcher/daemon/server/DaemonServerConnector
instanceKlass org/gradle/launcher/daemon/server/scaninfo/DaemonScanInfo
instanceKlass org/gradle/launcher/daemon/server/expiry/DaemonExpirationStrategy
instanceKlass org/gradle/launcher/daemon/context/DaemonContext
instanceKlass org/gradle/launcher/daemon/server/DaemonServices
instanceKlass org/gradle/launcher/exec/BuildExecutor
instanceKlass org/gradle/launcher/exec/BuildActionExecutor
instanceKlass org/gradle/internal/buildprocess/BuildProcessScopeServices
instanceKlass org/gradle/internal/environment/GradleBuildEnvironment
instanceKlass org/gradle/internal/problems/failure/FailureFactory
instanceKlass org/gradle/api/tasks/util/internal/PatternSpecFactory
instanceKlass org/gradle/internal/file/excludes/FileSystemDefaultExcludesListener
instanceKlass org/gradle/internal/scripts/ScriptFileResolver
instanceKlass org/gradle/internal/scripts/ScriptFileResolvedListener
instanceKlass org/gradle/api/model/ObjectFactory
instanceKlass org/gradle/internal/reflect/Instantiator
instanceKlass org/gradle/process/internal/health/memory/JvmMemoryInfo
instanceKlass org/gradle/model/internal/manage/binding/StructBindingsStore
instanceKlass org/gradle/internal/service/ServiceLocator
instanceKlass org/gradle/model/internal/manage/schema/extract/ModelSchemaExtractor
instanceKlass org/gradle/api/internal/ClassPathRegistry
instanceKlass org/gradle/internal/execution/history/OverlappingOutputDetector
instanceKlass org/gradle/initialization/ClassLoaderRegistry
instanceKlass org/gradle/model/internal/manage/schema/ModelSchemaStore
instanceKlass org/gradle/api/internal/classpath/PluginModuleRegistry
instanceKlass org/gradle/internal/execution/history/changes/ExecutionStateChangeDetector
instanceKlass org/gradle/internal/instantiation/InstantiatorFactory
instanceKlass org/gradle/internal/instantiation/PropertyRoleAnnotationHandler
instanceKlass org/gradle/initialization/JdkToolsInitializer
instanceKlass org/gradle/cache/internal/InMemoryCacheDecoratorFactory
instanceKlass org/gradle/configuration/ImportsReader
instanceKlass org/gradle/process/internal/health/memory/OsMemoryInfo
instanceKlass org/gradle/internal/operations/BuildOperationProgressEventEmitter
instanceKlass org/gradle/internal/service/scopes/GradleUserHomeScopeServiceRegistry
instanceKlass org/gradle/api/internal/collections/DomainObjectCollectionFactory
instanceKlass org/gradle/process/internal/health/memory/MemoryManager
instanceKlass org/gradle/internal/classloader/ClassLoaderFactory
instanceKlass org/gradle/internal/operations/BuildOperationRunner
instanceKlass org/gradle/internal/operations/BuildOperationIdFactory
instanceKlass org/gradle/initialization/LegacyTypesSupport
instanceKlass org/gradle/internal/logging/progress/ProgressLoggerFactory
instanceKlass org/gradle/internal/logging/progress/ProgressListener
instanceKlass org/gradle/api/internal/provider/PropertyFactory
instanceKlass org/gradle/internal/file/Deleter
instanceKlass org/gradle/internal/hash/StreamHasher
instanceKlass org/gradle/cache/internal/CacheFactory
instanceKlass org/gradle/internal/operations/BuildOperationListenerManager
instanceKlass org/gradle/internal/operations/DefaultBuildOperationRunner$BuildOperationExecutionListener
instanceKlass org/gradle/cache/internal/CrossBuildInMemoryCacheFactory
instanceKlass org/gradle/cache/internal/locklistener/FileLockContentionHandler
instanceKlass org/gradle/cache/internal/locklistener/InetAddressProvider
instanceKlass org/gradle/internal/event/ScopedListenerManager
instanceKlass org/gradle/internal/event/ListenerManager
instanceKlass org/gradle/api/internal/file/FileCollectionFactory
instanceKlass org/gradle/cache/FileLockManager
instanceKlass org/gradle/cache/internal/ProcessMetaDataProvider
instanceKlass org/gradle/internal/jvm/inspection/JvmMetadataDetector
instanceKlass org/gradle/internal/concurrent/ExecutorFactory
instanceKlass org/gradle/api/internal/file/collections/DirectoryFileTreeFactory
instanceKlass org/gradle/internal/jvm/inspection/JvmVersionDetector
instanceKlass org/gradle/process/internal/ExecFactory
instanceKlass org/gradle/api/internal/ProcessOperations
instanceKlass org/gradle/process/internal/JavaForkOptionsFactory
instanceKlass org/gradle/process/internal/JavaExecHandleFactory
instanceKlass org/gradle/process/internal/ExecHandleFactory
instanceKlass org/gradle/process/internal/ExecActionFactory
instanceKlass org/gradle/internal/service/scopes/BasicGlobalScopeServices
instanceKlass org/gradle/internal/service/scopes/Scope$Global
instanceKlass org/gradle/internal/service/scopes/Scope
instanceKlass org/gradle/internal/service/ServiceRegistryBuilder
instanceKlass org/gradle/internal/agents/AgentControl
instanceKlass org/gradle/internal/lazy/LockingLazy
instanceKlass org/gradle/internal/lazy/Lazy$Factory
instanceKlass org/gradle/internal/lazy/Lazy
instanceKlass org/gradle/internal/agents/DefaultAgentStatus
instanceKlass org/gradle/internal/agents/AgentStatus
instanceKlass org/gradle/api/specs/Spec
instanceKlass org/gradle/internal/classpath/DefaultClassPath
instanceKlass org/gradle/internal/classpath/ClassPath
instanceKlass org/gradle/internal/buildprocess/BuildProcessState
instanceKlass org/gradle/launcher/daemon/server/DaemonProcessState
instanceKlass java/lang/reflect/WildcardType
instanceKlass sun/reflect/generics/reflectiveObjects/LazyReflectiveObjectGenerator
instanceKlass sun/reflect/generics/reflectiveObjects/ParameterizedTypeImpl
instanceKlass sun/reflect/generics/tree/ClassSignature
instanceKlass sun/reflect/generics/tree/Signature
instanceKlass sun/reflect/generics/tree/FormalTypeParameter
instanceKlass java/lang/reflect/TypeVariable
instanceKlass sun/reflect/generics/repository/AbstractRepository
instanceKlass org/gradle/internal/logging/services/DefaultLoggingManager$StartableLoggingSystem
instanceKlass org/gradle/internal/logging/services/DefaultLoggingManager$StartableLoggingRouter
instanceKlass org/gradle/internal/logging/services/DefaultLoggingManager
instanceKlass org/gradle/internal/logging/source/JavaUtilLoggingSystem
instanceKlass org/gradle/internal/logging/slf4j/Slf4jLoggingConfigurer
instanceKlass org/gradle/internal/logging/config/LoggingSystemAdapter
instanceKlass org/gradle/internal/logging/LoggingManagerInternal
instanceKlass org/gradle/internal/logging/StandardOutputCapture
instanceKlass org/gradle/api/logging/LoggingManager
instanceKlass org/gradle/internal/logging/source/StdErrLoggingSystem
instanceKlass org/gradle/internal/logging/source/PrintStreamLoggingSystem$SnapshotImpl
instanceKlass org/gradle/internal/logging/source/PrintStreamLoggingSystem$OutputEventDestination
instanceKlass org/gradle/internal/logging/source/PrintStreamLoggingSystem$1
instanceKlass org/gradle/internal/service/AnnotatedServiceLifecycleHandler
instanceKlass org/gradle/internal/logging/events/operations/StyledTextBuildOperationProgressDetails
instanceKlass org/gradle/internal/operations/logging/StyledTextBuildOperationProgressDetails
instanceKlass org/gradle/internal/io/TextStream
instanceKlass org/gradle/internal/logging/source/PrintStreamLoggingSystem
instanceKlass org/gradle/internal/logging/source/StdOutLoggingSystem
instanceKlass java/lang/reflect/ParameterizedType
instanceKlass java/lang/invoke/VarHandle$AccessDescriptor
instanceKlass org/gradle/internal/logging/sink/OutputEventListenerManager$1
instanceKlass org/gradle/internal/logging/services/TextStreamOutputEventListener
instanceKlass org/gradle/internal/logging/sink/OutputEventListenerManager
instanceKlass org/gradle/internal/logging/services/DefaultLoggingManagerFactory
instanceKlass org/gradle/internal/logging/services/LoggingServiceRegistry$1
instanceKlass org/gradle/internal/logging/config/LoggingConfigurer
instanceKlass org/gradle/internal/logging/config/LoggingSourceSystem
instanceKlass org/gradle/launcher/daemon/configuration/DefaultDaemonServerConfiguration
instanceKlass org/gradle/internal/nativeintegration/jansi/JansiStorage
instanceKlass org/fusesource/jansi/Ansi
instanceKlass org/gradle/internal/nativeintegration/jansi/JansiLibrary
instanceKlass org/gradle/internal/nativeintegration/jansi/JansiLibraryFactory$1
instanceKlass net/rubygrapefruit/platform/internal/jni/AbstractFileEventFunctions
instanceKlass jdk/internal/logger/DefaultLoggerFinder$1
instanceKlass java/util/logging/Logger$SystemLoggerHelper$1
instanceKlass java/util/logging/Logger$SystemLoggerHelper
instanceKlass java/util/logging/LogManager$4
instanceKlass jdk/internal/logger/BootstrapLogger$BootstrapExecutors
instanceKlass jdk/internal/logger/BootstrapLogger$RedirectedLoggers
instanceKlass java/util/ServiceLoader$ProviderImpl
instanceKlass java/util/ServiceLoader$Provider
instanceKlass java/util/ServiceLoader$1
instanceKlass java/util/concurrent/CopyOnWriteArrayList$COWIterator
instanceKlass java/util/ServiceLoader$3
instanceKlass java/util/ServiceLoader$2
instanceKlass java/util/ServiceLoader$LazyClassPathLookupIterator
instanceKlass java/util/Spliterators$1Adapter
instanceKlass java/util/Spliterators$ArraySpliterator
instanceKlass java/util/ServiceLoader$ModuleServicesLookupIterator
instanceKlass java/util/ServiceLoader
instanceKlass jdk/internal/logger/BootstrapLogger$DetectBackend$1
instanceKlass jdk/internal/logger/BootstrapLogger$DetectBackend
instanceKlass jdk/internal/logger/BootstrapLogger
instanceKlass sun/util/logging/PlatformLogger$ConfigurableBridge
instanceKlass sun/util/logging/PlatformLogger$Bridge
instanceKlass java/lang/System$Logger
instanceKlass java/util/stream/Streams
instanceKlass java/util/stream/Stream$Builder
instanceKlass java/util/stream/Streams$AbstractStreamBuilderImpl
instanceKlass java/util/ArrayList$ArrayListSpliterator
instanceKlass java/util/Hashtable$Enumerator
instanceKlass java/util/Collections$SynchronizedCollection
instanceKlass java/util/Properties$EntrySet
instanceKlass java/util/Collections$3
instanceKlass java/util/logging/LogManager$LoggerContext$1
instanceKlass java/util/logging/LogManager$VisitedLoggers
instanceKlass java/util/logging/LogManager$2
instanceKlass java/lang/System$LoggerFinder
instanceKlass java/util/logging/LogManager$LoggingProviderAccess
instanceKlass sun/util/logging/internal/LoggingProviderImpl$LogManagerAccess
instanceKlass java/lang/Shutdown$Lock
instanceKlass java/lang/Shutdown
instanceKlass java/lang/ApplicationShutdownHooks$1
instanceKlass java/lang/ApplicationShutdownHooks
instanceKlass java/util/Collections$SynchronizedMap
instanceKlass java/util/logging/LogManager$LogNode
instanceKlass java/util/logging/LogManager$LoggerContext
instanceKlass java/util/logging/LogManager$1
instanceKlass java/util/logging/LogManager
instanceKlass java/util/logging/Logger$ConfigurationData
instanceKlass java/util/logging/Logger$LoggerBundle
instanceKlass java/util/logging/Level
instanceKlass java/util/logging/Handler
instanceKlass java/util/logging/Logger
instanceKlass net/rubygrapefruit/platform/internal/jni/NativeLogger
instanceKlass net/rubygrapefruit/platform/file/FileEvents
instanceKlass java/util/RegularEnumSet$EnumSetIterator
instanceKlass net/rubygrapefruit/platform/internal/jni/NativeLibraryFunctions
instanceKlass jdk/internal/loader/NativeLibraries$Unloader
instanceKlass java/nio/channels/spi/AbstractInterruptibleChannel$1
instanceKlass sun/nio/ch/Interruptible
instanceKlass sun/nio/ch/FileKey
instanceKlass sun/nio/ch/FileLockTable
instanceKlass sun/nio/ch/NativeThread
instanceKlass java/nio/channels/FileLock
instanceKlass sun/nio/ch/NativeDispatcher
instanceKlass sun/nio/ch/NativeThreadSet
instanceKlass sun/nio/ch/IOUtil
instanceKlass java/nio/file/attribute/FileAttribute
instanceKlass java/nio/channels/spi/AbstractInterruptibleChannel
instanceKlass java/nio/channels/InterruptibleChannel
instanceKlass java/nio/channels/ScatteringByteChannel
instanceKlass java/nio/channels/GatheringByteChannel
instanceKlass java/nio/channels/SeekableByteChannel
instanceKlass java/nio/channels/ByteChannel
instanceKlass java/nio/channels/WritableByteChannel
instanceKlass java/nio/channels/ReadableByteChannel
instanceKlass java/nio/channels/Channel
instanceKlass java/util/Formattable
instanceKlass java/util/Formatter$Flags
instanceKlass java/util/Formatter$FormatSpecifier
instanceKlass java/util/Formatter$Conversion
instanceKlass java/util/Formatter$FixedString
instanceKlass java/util/Formatter$FormatString
instanceKlass java/util/Formatter
instanceKlass net/rubygrapefruit/platform/internal/LibraryDef
instanceKlass net/rubygrapefruit/platform/internal/NativeLibraryLocator
instanceKlass net/rubygrapefruit/platform/internal/NativeLibraryLoader
instanceKlass net/rubygrapefruit/platform/Process
instanceKlass net/rubygrapefruit/platform/internal/Platform
instanceKlass net/rubygrapefruit/platform/Native
instanceKlass java/lang/ProcessEnvironment$CheckedEntry
instanceKlass java/lang/ProcessEnvironment$CheckedEntrySet$1
instanceKlass java/lang/ProcessEnvironment$EntryComparator
instanceKlass java/lang/ProcessEnvironment$NameComparator
instanceKlass org/gradle/api/internal/file/temp/DefaultTemporaryFileProvider
instanceKlass org/gradle/internal/nativeintegration/services/NativeServices$1
instanceKlass org/gradle/internal/file/StatStatistics
instanceKlass org/gradle/internal/file/StatStatistics$Collector
instanceKlass org/gradle/internal/nativeintegration/filesystem/services/GenericFileSystem
instanceKlass org/gradle/internal/service/InjectUtil
instanceKlass java/lang/invoke/MethodHandleImpl$ArrayAccessor
instanceKlass java/lang/invoke/MethodHandleImpl$2
instanceKlass java/lang/invoke/MethodHandleImpl$LoopClauses
instanceKlass java/lang/invoke/MethodHandleImpl$CasesHolder
instanceKlass org/gradle/internal/service/DefaultServiceRegistry$1
instanceKlass jdk/internal/reflect/ClassDefiner$1
instanceKlass jdk/internal/reflect/ClassDefiner
instanceKlass jdk/internal/reflect/MethodAccessorGenerator$1
instanceKlass jdk/internal/reflect/Label$PatchInfo
instanceKlass jdk/internal/reflect/Label
instanceKlass jdk/internal/reflect/UTF8
instanceKlass jdk/internal/reflect/ClassFileAssembler
instanceKlass jdk/internal/reflect/ByteVectorImpl
instanceKlass jdk/internal/reflect/ByteVector
instanceKlass jdk/internal/reflect/ByteVectorFactory
instanceKlass jdk/internal/reflect/AccessorGenerator
instanceKlass jdk/internal/reflect/ClassFileConstants
instanceKlass org/gradle/internal/nativeintegration/filesystem/services/GenericFileSystem$Factory
instanceKlass org/gradle/api/internal/file/temp/TemporaryFileProvider
instanceKlass org/gradle/internal/file/FileCanonicalizer
instanceKlass org/gradle/internal/nativeintegration/filesystem/FileSystem
instanceKlass org/gradle/internal/file/Stat
instanceKlass org/gradle/internal/file/Chmod
instanceKlass org/gradle/internal/file/FileModeMutator
instanceKlass org/gradle/internal/file/FileModeAccessor
instanceKlass org/gradle/internal/nativeintegration/filesystem/Symlink
instanceKlass org/gradle/internal/nativeintegration/filesystem/services/FileSystemServices
instanceKlass org/gradle/internal/nativeintegration/jansi/DefaultJansiRuntimeResolver
instanceKlass org/gradle/internal/nativeintegration/jansi/JansiRuntimeResolver
instanceKlass org/gradle/internal/nativeintegration/jansi/JansiLibraryFactory
instanceKlass org/gradle/internal/nativeintegration/jansi/JansiStorageLocator
instanceKlass org/gradle/internal/nativeintegration/jansi/JansiBootPathConfigurer
instanceKlass org/gradle/internal/service/DefaultServiceRegistry$ClassInspector$ClassDetails
instanceKlass java/util/concurrent/ConcurrentLinkedQueue$Node
instanceKlass org/gradle/internal/reflect/JavaMethod
instanceKlass org/gradle/internal/service/AbstractServiceMethod
instanceKlass org/gradle/util/internal/ArrayUtils
instanceKlass com/google/errorprone/annotations/Keep
instanceKlass java/lang/annotation/Target
instanceKlass sun/reflect/annotation/AnnotationInvocationHandler
instanceKlass sun/reflect/annotation/AnnotationParser$1
instanceKlass sun/reflect/annotation/ExceptionProxy
instanceKlass java/lang/annotation/Inherited
instanceKlass java/lang/annotation/Retention
instanceKlass sun/reflect/annotation/AnnotationType$1
instanceKlass sun/reflect/annotation/AnnotationType
instanceKlass java/lang/reflect/GenericArrayType
instanceKlass sun/reflect/generics/visitor/Reifier
instanceKlass sun/reflect/generics/visitor/TypeTreeVisitor
instanceKlass sun/reflect/generics/factory/CoreReflectionFactory
instanceKlass sun/reflect/generics/factory/GenericsFactory
instanceKlass sun/reflect/generics/scope/AbstractScope
instanceKlass sun/reflect/generics/scope/Scope
instanceKlass sun/reflect/generics/tree/ClassTypeSignature
instanceKlass sun/reflect/generics/tree/SimpleClassTypeSignature
instanceKlass sun/reflect/generics/tree/FieldTypeSignature
instanceKlass sun/reflect/generics/tree/BaseType
instanceKlass sun/reflect/generics/tree/TypeSignature
instanceKlass sun/reflect/generics/tree/ReturnType
instanceKlass sun/reflect/generics/tree/TypeArgument
instanceKlass sun/reflect/generics/tree/TypeTree
instanceKlass sun/reflect/generics/tree/Tree
instanceKlass sun/reflect/generics/parser/SignatureParser
instanceKlass org/gradle/internal/service/Provides
instanceKlass net/rubygrapefruit/platform/WindowsRegistry
instanceKlass net/rubygrapefruit/platform/file/PosixFiles
instanceKlass net/rubygrapefruit/platform/file/Files
instanceKlass net/rubygrapefruit/platform/SystemInfo
instanceKlass org/gradle/internal/jvm/Jvm
instanceKlass org/gradle/internal/jvm/JavaInfo
instanceKlass net/rubygrapefruit/platform/memory/Memory
instanceKlass net/rubygrapefruit/platform/file/FileSystems
instanceKlass org/gradle/internal/os/OperatingSystem
instanceKlass org/gradle/internal/service/RelevantMethods$RelevantMethodsBuilder
instanceKlass org/gradle/internal/Cast
instanceKlass org/gradle/internal/service/ServiceMethod
instanceKlass org/gradle/internal/service/MethodHandleBasedServiceMethodFactory
instanceKlass org/gradle/internal/service/DefaultServiceMethodFactory
instanceKlass org/gradle/internal/service/ServiceMethodFactory
instanceKlass org/gradle/internal/service/RelevantMethods
instanceKlass org/gradle/internal/service/DefaultServiceRegistry$ClassInspector
instanceKlass org/gradle/internal/service/DefaultServiceRegistry$ThisAsService
instanceKlass org/gradle/internal/concurrent/CompositeStoppable$1
instanceKlass org/gradle/internal/concurrent/CompositeStoppable
instanceKlass org/gradle/internal/service/AnnotatedServiceLifecycleHandler$Registration
instanceKlass org/gradle/internal/service/DefaultServiceRegistry$OwnServices
instanceKlass org/gradle/initialization/GradleUserHomeDirProvider
instanceKlass org/gradle/internal/nativeintegration/network/HostnameLookup
instanceKlass org/gradle/internal/file/FileMetadataAccessor
instanceKlass org/gradle/internal/nativeintegration/NativeCapabilities
instanceKlass net/rubygrapefruit/platform/ProcessLauncher
instanceKlass net/rubygrapefruit/platform/NativeIntegration
instanceKlass org/gradle/internal/nativeintegration/console/ConsoleDetector
instanceKlass org/gradle/internal/nativeintegration/ProcessEnvironment
instanceKlass org/gradle/internal/service/ServiceRegistration
instanceKlass org/gradle/internal/service/ServiceProvider$Visitor
instanceKlass org/gradle/internal/service/DefaultServiceRegistry$ManagedObjectServiceProvider
instanceKlass org/gradle/internal/service/Service
instanceKlass org/gradle/internal/service/ServiceProvider
instanceKlass org/gradle/internal/concurrent/Stoppable
instanceKlass org/gradle/internal/service/DefaultServiceRegistry
instanceKlass org/gradle/internal/service/ServiceRegistrationProvider
instanceKlass org/gradle/internal/service/ContainsServices
instanceKlass org/gradle/internal/serialize/AbstractDecoder
instanceKlass org/gradle/internal/serialize/Decoder
instanceKlass org/gradle/launcher/bootstrap/EntryPoint$RecordingExecutionListener
instanceKlass org/gradle/internal/logging/events/operations/LogEventBuildOperationProgressDetails
instanceKlass org/gradle/internal/operations/logging/LogEventBuildOperationProgressDetails
instanceKlass org/gradle/internal/logging/slf4j/BuildOperationAwareLogger
instanceKlass org/gradle/internal/logging/sink/OutputEventRenderer$2
instanceKlass org/gradle/internal/dispatch/ReflectionDispatch
instanceKlass org/gradle/internal/logging/sink/OutputEventRenderer$1
instanceKlass org/gradle/internal/logging/sink/OutputEventRenderer$LazyListener
instanceKlass org/gradle/internal/logging/events/OutputEventListener$1
instanceKlass java/lang/reflect/Proxy$ProxyBuilder$1
instanceKlass jdk/internal/org/objectweb/asm/Edge
instanceKlass java/lang/reflect/ProxyGenerator$PrimitiveTypeInfo
instanceKlass java/util/StringJoiner
instanceKlass java/lang/reflect/ProxyGenerator$ProxyMethod
instanceKlass jdk/internal/module/Checks
instanceKlass java/lang/module/ModuleDescriptor$Builder
instanceKlass java/lang/PublicMethods
instanceKlass java/lang/reflect/Proxy$ProxyBuilder
instanceKlass java/lang/ClassValue$Version
instanceKlass java/lang/ClassValue$Identity
instanceKlass java/lang/ClassValue
instanceKlass java/lang/reflect/Proxy
instanceKlass org/gradle/internal/dispatch/ProxyDispatchAdapter$DispatchingInvocationHandler
instanceKlass java/lang/reflect/InvocationHandler
instanceKlass org/gradle/internal/dispatch/ProxyDispatchAdapter
instanceKlass org/gradle/internal/logging/events/operations/ProgressStartBuildOperationProgressDetails
instanceKlass org/gradle/internal/operations/logging/ProgressStartBuildOperationProgressDetails
instanceKlass org/gradle/internal/logging/sink/OutputEventTransformer
instanceKlass org/gradle/internal/exceptions/NonGradleCauseExceptionsHolder
instanceKlass org/gradle/internal/exceptions/MultiCauseException
instanceKlass org/gradle/internal/exceptions/ResolutionProvider
instanceKlass org/gradle/internal/event/AbstractBroadcastDispatch
instanceKlass org/gradle/internal/event/ListenerBroadcast
instanceKlass org/gradle/internal/dispatch/Dispatch
instanceKlass org/gradle/internal/logging/format/LogHeaderFormatter
instanceKlass org/gradle/internal/Factory
instanceKlass org/gradle/internal/logging/console/ColorMap
instanceKlass org/gradle/api/logging/StandardOutputListener
instanceKlass org/gradle/internal/logging/text/StyledTextOutput
instanceKlass org/gradle/internal/nativeintegration/console/ConsoleMetaData
instanceKlass org/gradle/internal/logging/config/LoggingSystem$Snapshot
instanceKlass org/gradle/internal/logging/events/InteractiveEvent
instanceKlass org/gradle/internal/logging/events/OutputEvent
instanceKlass org/gradle/internal/logging/sink/OutputEventRenderer
instanceKlass org/gradle/internal/logging/config/LoggingRouter
instanceKlass org/gradle/internal/logging/LoggingOutputInternal
instanceKlass org/gradle/api/logging/LoggingOutput
instanceKlass org/gradle/internal/logging/config/LoggingSystem
instanceKlass org/gradle/internal/logging/console/UserInputReceiver$Normalizer
instanceKlass org/gradle/internal/logging/console/DefaultUserInputReceiver
instanceKlass org/gradle/internal/logging/slf4j/OutputEventListenerBackedLoggerContext$NoOpLogger
instanceKlass org/gradle/api/logging/Logger
instanceKlass java/lang/invoke/VarForm
instanceKlass java/lang/invoke/VarHandleGuards
instanceKlass jdk/internal/util/Preconditions$1
instanceKlass java/lang/invoke/VarHandle$1
instanceKlass java/lang/invoke/VarHandles
instanceKlass java/util/concurrent/atomic/AtomicReference
instanceKlass org/gradle/internal/time/TimeSource$1
instanceKlass org/gradle/internal/time/TimeSource
instanceKlass org/gradle/internal/time/MonotonicClock
instanceKlass org/gradle/internal/time/CountdownTimer
instanceKlass org/gradle/internal/time/Timer
instanceKlass org/gradle/internal/time/Clock
instanceKlass org/gradle/internal/time/Time
instanceKlass org/gradle/internal/logging/events/OutputEventListener
instanceKlass org/gradle/internal/logging/console/GlobalUserInputReceiver
instanceKlass org/gradle/internal/logging/slf4j/OutputEventListenerBackedLoggerContext
instanceKlass org/slf4j/impl/StaticLoggerBinder
instanceKlass org/slf4j/spi/LoggerFactoryBinder
instanceKlass java/net/URLClassLoader$3$1
instanceKlass java/net/URLClassLoader$3
instanceKlass jdk/internal/loader/URLClassPath$1
instanceKlass java/lang/CompoundEnumeration
instanceKlass jdk/internal/loader/BuiltinClassLoader$1
instanceKlass java/util/Collections$EmptyEnumeration
instanceKlass org/slf4j/helpers/Util
instanceKlass org/slf4j/helpers/NOPLoggerFactory
instanceKlass java/util/concurrent/LinkedBlockingQueue$Node
instanceKlass java/util/concurrent/locks/AbstractQueuedSynchronizer$ConditionObject
instanceKlass java/util/concurrent/locks/Condition
instanceKlass java/util/concurrent/BlockingQueue
instanceKlass org/slf4j/Logger
instanceKlass org/slf4j/helpers/SubstituteLoggerFactory
instanceKlass org/slf4j/ILoggerFactory
instanceKlass org/slf4j/event/LoggingEvent
instanceKlass org/slf4j/LoggerFactory
instanceKlass org/slf4j/helpers/BasicMarker
instanceKlass org/slf4j/Marker
instanceKlass org/slf4j/helpers/BasicMarkerFactory
instanceKlass org/slf4j/IMarkerFactory
instanceKlass org/slf4j/MarkerFactory
instanceKlass org/gradle/api/logging/Logging
instanceKlass org/gradle/launcher/daemon/configuration/DaemonServerConfiguration
instanceKlass org/gradle/internal/service/ServiceRegistry
instanceKlass org/gradle/internal/service/ServiceLookup
instanceKlass org/gradle/launcher/bootstrap/ExecutionCompleter
instanceKlass org/gradle/api/Action
instanceKlass org/gradle/internal/logging/text/StyledTextOutputFactory
instanceKlass org/gradle/api/logging/configuration/LoggingConfiguration
instanceKlass org/gradle/initialization/BuildClientMetaData
instanceKlass org/gradle/launcher/bootstrap/ExecutionListener
instanceKlass org/gradle/launcher/bootstrap/EntryPoint
instanceKlass java/util/TreeMap$PrivateEntryIterator
instanceKlass java/util/TreeMap$Entry
instanceKlass java/util/NavigableMap
instanceKlass java/util/SortedMap
instanceKlass java/util/NavigableSet
instanceKlass java/util/SortedSet
instanceKlass java/io/FilePermissionCollection$1
instanceKlass java/security/Security$2
instanceKlass jdk/internal/access/JavaSecurityPropertiesAccess
instanceKlass java/util/concurrent/ConcurrentHashMap$MapEntry
instanceKlass java/io/FileInputStream$1
instanceKlass java/security/Security$1
instanceKlass java/security/Security
instanceKlass sun/security/util/SecurityProperties
instanceKlass sun/security/util/FilePermCompat
instanceKlass java/io/FilePermission$1
instanceKlass jdk/internal/access/JavaIOFilePermissionAccess
instanceKlass sun/net/www/MessageHeader
instanceKlass java/net/URLConnection
instanceKlass java/util/LinkedList$Node
instanceKlass java/nio/charset/CoderResult
instanceKlass java/net/URLClassLoader$1
instanceKlass org/gradle/internal/agents/InstrumentingClassLoader
instanceKlass jdk/internal/jimage/ImageLocation
instanceKlass jdk/internal/jimage/decompressor/Decompressor
instanceKlass jdk/internal/jimage/ImageStringsReader
instanceKlass jdk/internal/jimage/ImageStrings
instanceKlass jdk/internal/jimage/ImageHeader
instanceKlass jdk/internal/jimage/NativeImageBuffer$1
instanceKlass jdk/internal/jimage/NativeImageBuffer
instanceKlass jdk/internal/jimage/BasicImageReader$1
instanceKlass jdk/internal/jimage/BasicImageReader
instanceKlass jdk/internal/jimage/ImageReader
instanceKlass jdk/internal/jimage/ImageReaderFactory$1
instanceKlass java/nio/file/FileSystems$DefaultFileSystemHolder$1
instanceKlass java/nio/file/FileSystems$DefaultFileSystemHolder
instanceKlass java/nio/file/FileSystems
instanceKlass java/nio/file/Paths
instanceKlass jdk/internal/jimage/ImageReaderFactory
instanceKlass jdk/internal/module/SystemModuleFinders$SystemImage
instanceKlass jdk/internal/module/SystemModuleFinders$SystemModuleReader
instanceKlass java/lang/module/ModuleReader
instanceKlass jdk/internal/loader/BuiltinClassLoader$5
instanceKlass jdk/internal/loader/BuiltinClassLoader$2
instanceKlass jdk/internal/module/Resources
instanceKlass java/io/RandomAccessFile$1
instanceKlass org/gradle/api/Action
instanceKlass org/gradle/internal/IoActions
instanceKlass java/util/Properties$LineReader
instanceKlass java/util/regex/Pattern$BitClass
instanceKlass java/util/regex/Pattern$TreeInfo
instanceKlass org/gradle/internal/InternalTransformer
instanceKlass org/gradle/util/internal/GUtil
instanceKlass org/gradle/internal/classpath/TransformedClassPath
instanceKlass java/util/LinkedHashMap$LinkedHashIterator
instanceKlass java/util/Collections$EmptyIterator
instanceKlass java/util/Collections$1
instanceKlass org/gradle/api/internal/classpath/DefaultModuleRegistry$DefaultModule
instanceKlass java/util/regex/IntHashSet
instanceKlass java/util/regex/Matcher
instanceKlass java/util/regex/MatchResult
instanceKlass java/util/regex/Pattern$BmpCharPredicate
instanceKlass java/util/regex/Pattern$CharPredicate
instanceKlass java/util/regex/CharPredicates
instanceKlass java/util/regex/ASCII
instanceKlass java/util/regex/Pattern$Node
instanceKlass java/util/regex/Pattern
instanceKlass org/gradle/internal/service/CachingServiceLocator
instanceKlass java/io/Reader
instanceKlass java/lang/Readable
instanceKlass org/gradle/internal/service/DefaultServiceLocator
instanceKlass org/gradle/internal/service/ServiceLocator
instanceKlass org/gradle/internal/classloader/DefaultClassLoaderFactory
instanceKlass org/gradle/api/internal/classpath/ManifestUtil
instanceKlass org/gradle/internal/Cast
instanceKlass java/util/AbstractList$Itr
instanceKlass org/gradle/internal/classpath/DefaultClassPath$ImmutableUniqueList$Builder
instanceKlass org/gradle/internal/classloader/ClassLoaderSpec
instanceKlass org/gradle/internal/classloader/ClassLoaderVisitor
instanceKlass org/gradle/internal/classpath/DefaultClassPath
instanceKlass org/gradle/internal/classpath/ClassPath
instanceKlass org/gradle/internal/installation/GradleInstallation$1
instanceKlass java/io/FileFilter
instanceKlass org/gradle/internal/installation/GradleInstallation
instanceKlass java/net/URI$Parser
instanceKlass org/gradle/internal/classloader/ClasspathUtil
instanceKlass org/gradle/internal/installation/CurrentGradleInstallationLocator
instanceKlass org/gradle/internal/installation/CurrentGradleInstallation
instanceKlass org/gradle/api/specs/Spec
instanceKlass org/gradle/api/internal/classpath/Module
instanceKlass org/gradle/api/internal/classpath/DefaultModuleRegistry
instanceKlass org/gradle/api/internal/DefaultClassPathProvider
instanceKlass org/gradle/api/internal/ClassPathProvider
instanceKlass org/gradle/api/internal/DefaultClassPathRegistry
instanceKlass org/gradle/internal/classloader/ClassLoaderHierarchy
instanceKlass org/gradle/internal/classloader/ClassLoaderFactory
instanceKlass org/gradle/api/internal/ClassPathRegistry
instanceKlass org/gradle/api/internal/classpath/ModuleRegistry
instanceKlass org/gradle/launcher/bootstrap/ProcessBootstrap
instanceKlass org/gradle/launcher/daemon/bootstrap/GradleDaemon
instanceKlass sun/security/util/ManifestEntryVerifier
instanceKlass sun/nio/cs/SingleByte
instanceKlass sun/nio/cs/MS1252$Holder
instanceKlass sun/nio/cs/ArrayDecoder
instanceKlass java/nio/charset/CharsetDecoder
instanceKlass sun/launcher/LauncherHelper
instanceKlass java/lang/instrument/ClassFileTransformer
instanceKlass org/gradle/instrumentation/agent/Agent
instanceKlass java/security/SecureClassLoader$DebugHolder
instanceKlass java/security/PermissionCollection
instanceKlass java/security/SecureClassLoader$1
instanceKlass java/security/SecureClassLoader$CodeSourceKey
instanceKlass java/util/zip/Checksum$1
instanceKlass java/util/zip/CRC32
instanceKlass java/util/zip/Checksum
instanceKlass sun/nio/ByteBuffered
instanceKlass java/lang/Package$VersionInfo
instanceKlass java/lang/NamedPackage
instanceKlass jdk/internal/loader/Resource
instanceKlass java/util/StringTokenizer
instanceKlass java/util/jar/Attributes$Name
instanceKlass java/util/jar/Attributes
instanceKlass java/security/CodeSigner
instanceKlass java/util/jar/JarVerifier
instanceKlass sun/security/action/GetIntegerAction
instanceKlass sun/security/util/Debug
instanceKlass sun/security/util/SignatureFileVerifier
instanceKlass java/util/zip/ZipFile$InflaterCleanupAction
instanceKlass java/util/zip/Inflater$InflaterZStreamRef
instanceKlass java/util/zip/Inflater
instanceKlass java/util/zip/ZipEntry
instanceKlass java/lang/StringCoding
instanceKlass jdk/internal/util/jar/JarIndex
instanceKlass java/nio/Bits$1
instanceKlass jdk/internal/misc/VM$BufferPool
instanceKlass java/nio/Bits
instanceKlass sun/nio/ch/DirectBuffer
instanceKlass jdk/internal/perf/PerfCounter$CoreCounters
instanceKlass jdk/internal/perf/Perf
instanceKlass jdk/internal/perf/Perf$GetPerfAction
instanceKlass jdk/internal/perf/PerfCounter
instanceKlass java/nio/file/attribute/FileTime
instanceKlass java/util/zip/ZipUtils
instanceKlass java/util/zip/ZipFile$Source$End
instanceKlass java/io/RandomAccessFile$2
instanceKlass jdk/internal/access/JavaIORandomAccessFileAccess
instanceKlass java/io/RandomAccessFile
instanceKlass java/io/DataInput
instanceKlass java/io/DataOutput
instanceKlass sun/nio/fs/WindowsNativeDispatcher$CompletionStatus
instanceKlass sun/nio/fs/WindowsNativeDispatcher$AclInformation
instanceKlass sun/nio/fs/WindowsNativeDispatcher$Account
instanceKlass sun/nio/fs/WindowsNativeDispatcher$DiskFreeSpace
instanceKlass sun/nio/fs/WindowsNativeDispatcher$VolumeInformation
instanceKlass sun/nio/fs/WindowsNativeDispatcher$FirstStream
instanceKlass sun/nio/fs/WindowsNativeDispatcher$FirstFile
instanceKlass java/util/Enumeration
instanceKlass java/util/concurrent/ConcurrentHashMap$Traverser
instanceKlass java/util/concurrent/ConcurrentHashMap$CollectionView
instanceKlass sun/nio/fs/WindowsNativeDispatcher
instanceKlass sun/nio/fs/NativeBuffer$Deallocator
instanceKlass sun/nio/fs/NativeBuffer
instanceKlass java/lang/ThreadLocal$ThreadLocalMap
instanceKlass sun/nio/fs/NativeBuffers
instanceKlass sun/nio/fs/WindowsFileAttributes
instanceKlass java/nio/file/attribute/DosFileAttributes
instanceKlass sun/nio/fs/AbstractBasicFileAttributeView
instanceKlass sun/nio/fs/DynamicFileAttributeView
instanceKlass sun/nio/fs/WindowsFileAttributeViews
instanceKlass java/lang/Class$1
instanceKlass sun/nio/fs/Util
instanceKlass java/nio/file/attribute/BasicFileAttributeView
instanceKlass java/nio/file/attribute/FileAttributeView
instanceKlass java/nio/file/attribute/AttributeView
instanceKlass java/nio/file/Files
instanceKlass java/nio/file/CopyOption
instanceKlass java/nio/file/attribute/BasicFileAttributes
instanceKlass sun/nio/fs/WindowsPath
instanceKlass java/util/zip/ZipFile$Source$Key
instanceKlass sun/nio/fs/WindowsPathParser$Result
instanceKlass sun/nio/fs/WindowsPathParser
instanceKlass java/util/Arrays$ArrayItr
instanceKlass java/nio/file/FileSystem
instanceKlass java/nio/file/OpenOption
instanceKlass java/nio/file/spi/FileSystemProvider
instanceKlass sun/nio/fs/DefaultFileSystemProvider
instanceKlass java/util/zip/ZipFile$Source
instanceKlass java/util/zip/ZipCoder
instanceKlass java/util/zip/ZipFile$CleanableResource
instanceKlass java/lang/Runtime$Version
instanceKlass java/util/jar/JavaUtilJarAccessImpl
instanceKlass jdk/internal/access/JavaUtilJarAccess
instanceKlass jdk/internal/loader/FileURLMapper
instanceKlass jdk/internal/loader/URLClassPath$JarLoader$1
instanceKlass java/util/zip/ZipFile$1
instanceKlass jdk/internal/access/JavaUtilZipFileAccess
instanceKlass java/util/zip/ZipFile
instanceKlass java/util/zip/ZipConstants
instanceKlass jdk/internal/loader/URLClassPath$Loader
instanceKlass jdk/internal/loader/URLClassPath$3
instanceKlass java/security/PrivilegedExceptionAction
instanceKlass sun/util/locale/LocaleUtils
instanceKlass sun/util/locale/BaseLocale
instanceKlass java/util/Locale
instanceKlass sun/net/util/URLUtil
instanceKlass sun/instrument/TransformerManager$TransformerInfo
instanceKlass sun/instrument/TransformerManager
instanceKlass jdk/internal/loader/NativeLibraries$NativeLibraryImpl
instanceKlass jdk/internal/loader/NativeLibrary
instanceKlass java/util/ArrayDeque$DeqIterator
instanceKlass jdk/internal/loader/NativeLibraries$1
instanceKlass jdk/internal/loader/NativeLibraries$LibraryPaths
instanceKlass sun/instrument/InstrumentationImpl
instanceKlass java/lang/instrument/Instrumentation
instanceKlass java/lang/invoke/StringConcatFactory$3
instanceKlass java/lang/invoke/StringConcatFactory$2
instanceKlass java/lang/invoke/StringConcatFactory$1
instanceKlass java/lang/invoke/StringConcatFactory
instanceKlass jdk/internal/module/ModuleBootstrap$SafeModuleFinder
instanceKlass jdk/internal/org/objectweb/asm/ClassReader
instanceKlass java/lang/ModuleLayer$Controller
instanceKlass java/util/concurrent/CopyOnWriteArrayList
instanceKlass jdk/internal/module/ServicesCatalog$ServiceProvider
instanceKlass jdk/internal/loader/AbstractClassLoaderValue$Memoizer
instanceKlass jdk/internal/module/ModuleLoaderMap$Modules
instanceKlass jdk/internal/module/ModuleLoaderMap$Mapper
instanceKlass jdk/internal/module/ModuleLoaderMap
instanceKlass java/lang/module/ResolvedModule
instanceKlass java/util/Collections$UnmodifiableCollection$1
instanceKlass java/lang/ModuleLayer
instanceKlass java/util/ImmutableCollections$ListItr
instanceKlass java/util/ListIterator
instanceKlass java/lang/module/ModuleFinder$1
instanceKlass java/nio/file/Path
instanceKlass java/nio/file/Watchable
instanceKlass java/lang/module/Resolver
instanceKlass java/lang/module/Configuration
instanceKlass java/util/stream/FindOps$FindOp
instanceKlass java/util/stream/FindOps$FindSink
instanceKlass java/util/stream/FindOps
instanceKlass java/util/stream/Sink$ChainedReference
instanceKlass java/util/stream/ReduceOps$AccumulatingSink
instanceKlass java/util/stream/TerminalSink
instanceKlass java/util/stream/Sink
instanceKlass java/util/function/Consumer
instanceKlass java/util/stream/ReduceOps$Box
instanceKlass java/util/stream/ReduceOps$ReduceOp
instanceKlass java/util/stream/TerminalOp
instanceKlass java/util/stream/ReduceOps
instanceKlass java/util/function/BinaryOperator
instanceKlass java/util/function/BiFunction
instanceKlass java/util/function/BiConsumer
instanceKlass java/util/stream/Collectors$CollectorImpl
instanceKlass java/util/stream/Collector
instanceKlass java/util/Collections$UnmodifiableCollection
instanceKlass java/util/stream/Collectors
instanceKlass java/lang/ref/Cleaner$Cleanable
instanceKlass jdk/internal/ref/CleanerImpl
instanceKlass java/lang/ref/Cleaner$1
instanceKlass java/lang/ref/Cleaner
instanceKlass jdk/internal/ref/CleanerFactory$1
instanceKlass java/util/concurrent/ThreadFactory
instanceKlass jdk/internal/ref/CleanerFactory
instanceKlass java/lang/invoke/MethodHandles$Lookup$ClassDefiner
instanceKlass java/lang/invoke/MethodHandles$Lookup$ClassFile
instanceKlass jdk/internal/org/objectweb/asm/Handler
instanceKlass jdk/internal/org/objectweb/asm/Attribute
instanceKlass jdk/internal/org/objectweb/asm/FieldVisitor
instanceKlass java/util/ArrayList$Itr
instanceKlass java/lang/invoke/InvokerBytecodeGenerator$ClassData
instanceKlass jdk/internal/org/objectweb/asm/AnnotationVisitor
instanceKlass jdk/internal/org/objectweb/asm/Frame
instanceKlass jdk/internal/org/objectweb/asm/Label
instanceKlass jdk/internal/org/objectweb/asm/MethodVisitor
instanceKlass java/lang/invoke/LambdaFormBuffer
instanceKlass java/lang/invoke/LambdaFormEditor$TransformKey
instanceKlass java/lang/invoke/LambdaFormEditor
instanceKlass sun/invoke/util/Wrapper$1
instanceKlass java/lang/invoke/DelegatingMethodHandle$Holder
instanceKlass java/lang/invoke/DirectMethodHandle$2
instanceKlass sun/invoke/empty/Empty
instanceKlass sun/invoke/util/VerifyType
instanceKlass java/lang/invoke/ClassSpecializer$Factory
instanceKlass java/lang/invoke/ClassSpecializer$SpeciesData
instanceKlass java/lang/invoke/ClassSpecializer$1
instanceKlass java/util/function/Function
instanceKlass java/lang/invoke/ClassSpecializer
instanceKlass java/lang/invoke/InnerClassLambdaMetafactory$1
instanceKlass java/lang/invoke/LambdaProxyClassArchive
instanceKlass jdk/internal/org/objectweb/asm/ByteVector
instanceKlass jdk/internal/org/objectweb/asm/Symbol
instanceKlass jdk/internal/org/objectweb/asm/SymbolTable
instanceKlass jdk/internal/org/objectweb/asm/ClassVisitor
instanceKlass java/lang/invoke/InfoFromMemberName
instanceKlass java/lang/invoke/MethodHandleInfo
instanceKlass jdk/internal/org/objectweb/asm/ConstantDynamic
instanceKlass sun/invoke/util/BytecodeDescriptor
instanceKlass jdk/internal/org/objectweb/asm/Handle
instanceKlass sun/security/action/GetBooleanAction
instanceKlass jdk/internal/org/objectweb/asm/Type
instanceKlass java/lang/invoke/AbstractValidatingLambdaMetafactory
instanceKlass java/lang/invoke/MethodHandleImpl$1
instanceKlass jdk/internal/access/JavaLangInvokeAccess
instanceKlass java/lang/invoke/Invokers$Holder
instanceKlass java/lang/invoke/BootstrapMethodInvoker
instanceKlass java/util/function/Predicate
instanceKlass java/lang/WeakPairMap$Pair$Lookup
instanceKlass java/lang/WeakPairMap$Pair
instanceKlass java/lang/WeakPairMap
instanceKlass java/lang/Module$ReflectionData
instanceKlass java/lang/invoke/InvokerBytecodeGenerator$2
instanceKlass java/lang/invoke/InvokerBytecodeGenerator
instanceKlass java/lang/invoke/LambdaForm$Holder
instanceKlass java/lang/invoke/LambdaForm$Name
instanceKlass java/lang/reflect/Array
instanceKlass java/lang/invoke/Invokers
instanceKlass java/lang/invoke/MethodHandleImpl
instanceKlass sun/invoke/util/ValueConversions
instanceKlass java/lang/invoke/DirectMethodHandle$Holder
instanceKlass java/lang/invoke/LambdaForm$NamedFunction
instanceKlass sun/invoke/util/Wrapper$Format
instanceKlass java/lang/invoke/MethodTypeForm
instanceKlass java/lang/Void
instanceKlass java/lang/invoke/MethodType$ConcurrentWeakInternSet
instanceKlass java/lang/invoke/LambdaMetafactory
instanceKlass sun/reflect/annotation/AnnotationParser
instanceKlass java/lang/Class$3
instanceKlass java/lang/PublicMethods$Key
instanceKlass java/lang/PublicMethods$MethodList
instanceKlass java/lang/Class$Atomic
instanceKlass java/lang/Class$ReflectionData
instanceKlass java/util/EnumMap$1
instanceKlass java/util/stream/StreamOpFlag$MaskBuilder
instanceKlass java/util/stream/Stream
instanceKlass java/util/stream/BaseStream
instanceKlass java/util/stream/PipelineHelper
instanceKlass java/util/stream/StreamSupport
instanceKlass java/util/Spliterators$IteratorSpliterator
instanceKlass java/util/Spliterator$OfDouble
instanceKlass java/util/Spliterator$OfLong
instanceKlass java/util/Spliterator$OfInt
instanceKlass java/util/Spliterator$OfPrimitive
instanceKlass java/util/Spliterator
instanceKlass java/util/Spliterators$EmptySpliterator
instanceKlass java/util/Spliterators
instanceKlass jdk/internal/module/DefaultRoots
instanceKlass jdk/internal/loader/BuiltinClassLoader$LoadedModule
instanceKlass jdk/internal/loader/AbstractClassLoaderValue
instanceKlass jdk/internal/module/ServicesCatalog
instanceKlass jdk/internal/util/Preconditions
instanceKlass sun/net/util/IPAddressUtil
instanceKlass java/net/URLStreamHandler
instanceKlass java/lang/StringUTF16
instanceKlass java/util/HexFormat
instanceKlass sun/net/www/ParseUtil
instanceKlass java/net/URL$3
instanceKlass jdk/internal/access/JavaNetURLAccess
instanceKlass java/net/URL$DefaultFactory
instanceKlass java/net/URLStreamHandlerFactory
instanceKlass jdk/internal/loader/URLClassPath
instanceKlass java/security/Principal
instanceKlass java/security/ProtectionDomain$Key
instanceKlass java/security/ProtectionDomain$JavaSecurityAccessImpl
instanceKlass jdk/internal/access/JavaSecurityAccess
instanceKlass java/lang/ClassLoader$ParallelLoaders
instanceKlass java/security/cert/Certificate
instanceKlass jdk/internal/loader/ArchivedClassLoaders
instanceKlass java/util/Deque
instanceKlass java/util/Queue
instanceKlass jdk/internal/loader/ClassLoaderHelper
instanceKlass jdk/internal/loader/NativeLibraries
instanceKlass jdk/internal/loader/BootLoader
instanceKlass java/util/Optional
instanceKlass jdk/internal/module/SystemModuleFinders$SystemModuleFinder
instanceKlass java/lang/module/ModuleFinder
instanceKlass jdk/internal/module/SystemModuleFinders$3
instanceKlass jdk/internal/module/ModuleHashes$HashSupplier
instanceKlass jdk/internal/module/SystemModuleFinders$2
instanceKlass java/util/function/Supplier
instanceKlass java/lang/module/ModuleReference
instanceKlass jdk/internal/module/ModuleResolution
instanceKlass java/util/Collections$UnmodifiableMap
instanceKlass jdk/internal/module/ModuleHashes$Builder
instanceKlass jdk/internal/module/ModuleHashes
instanceKlass jdk/internal/module/ModuleTarget
instanceKlass java/util/ImmutableCollections$Set12$1
instanceKlass java/lang/Enum
instanceKlass java/lang/module/ModuleDescriptor$Version
instanceKlass java/lang/module/ModuleDescriptor$Provides
instanceKlass java/lang/module/ModuleDescriptor$Opens
instanceKlass java/util/ImmutableCollections$SetN$SetNIterator
instanceKlass java/lang/module/ModuleDescriptor$Exports
instanceKlass java/lang/module/ModuleDescriptor$Requires
instanceKlass jdk/internal/module/Builder
instanceKlass jdk/internal/module/SystemModules$all
instanceKlass jdk/internal/module/SystemModules
instanceKlass jdk/internal/module/SystemModulesMap
instanceKlass java/net/URI$1
instanceKlass jdk/internal/access/JavaNetUriAccess
instanceKlass java/net/URI
instanceKlass jdk/internal/module/SystemModuleFinders
instanceKlass jdk/internal/module/ArchivedModuleGraph
instanceKlass jdk/internal/module/ArchivedBootLayer
instanceKlass jdk/internal/module/ModuleBootstrap$Counters
instanceKlass jdk/internal/module/ModulePatcher
instanceKlass jdk/internal/util/ArraysSupport
instanceKlass java/io/FileSystem
instanceKlass java/io/DefaultFileSystem
instanceKlass java/io/File
instanceKlass java/lang/module/ModuleDescriptor$1
instanceKlass jdk/internal/access/JavaLangModuleAccess
instanceKlass java/lang/reflect/Modifier
instanceKlass sun/invoke/util/VerifyAccess
instanceKlass java/lang/module/ModuleDescriptor
instanceKlass jdk/internal/module/ModuleBootstrap
instanceKlass java/lang/invoke/MethodHandleStatics
instanceKlass java/util/Collections
instanceKlass sun/io/Win32ErrorMode
instanceKlass jdk/internal/misc/OSEnvironment
instanceKlass jdk/internal/misc/Signal$NativeHandler
instanceKlass java/util/Hashtable$Entry
instanceKlass jdk/internal/misc/Signal
instanceKlass java/lang/Terminator$1
instanceKlass jdk/internal/misc/Signal$Handler
instanceKlass java/lang/Terminator
instanceKlass java/nio/ByteOrder
instanceKlass java/nio/Buffer$1
instanceKlass jdk/internal/access/JavaNioAccess
instanceKlass jdk/internal/misc/ScopedMemoryAccess
instanceKlass java/nio/charset/CodingErrorAction
instanceKlass java/nio/charset/CharsetEncoder
instanceKlass java/nio/charset/StandardCharsets
instanceKlass sun/nio/cs/HistoricallyNamedCharset
instanceKlass sun/security/action/GetPropertyAction
instanceKlass java/lang/ThreadLocal
instanceKlass java/nio/charset/spi/CharsetProvider
instanceKlass java/nio/charset/Charset
instanceKlass java/io/Writer
instanceKlass java/io/OutputStream
instanceKlass java/io/Flushable
instanceKlass java/io/FileDescriptor$1
instanceKlass jdk/internal/access/JavaIOFileDescriptorAccess
instanceKlass java/io/FileDescriptor
instanceKlass jdk/internal/util/StaticProperty
instanceKlass java/util/HashMap$HashIterator
instanceKlass java/lang/Integer$IntegerCache
instanceKlass java/lang/CharacterData
instanceKlass java/util/Arrays
instanceKlass java/lang/VersionProps
instanceKlass java/lang/StringConcatHelper
instanceKlass jdk/internal/misc/VM
instanceKlass jdk/internal/util/SystemProps$Raw
instanceKlass jdk/internal/util/SystemProps
instanceKlass java/lang/System$2
instanceKlass jdk/internal/access/JavaLangAccess
instanceKlass java/lang/ref/Reference$1
instanceKlass jdk/internal/access/JavaLangRefAccess
instanceKlass java/lang/ref/ReferenceQueue$Lock
instanceKlass java/lang/ref/ReferenceQueue
instanceKlass jdk/internal/reflect/ReflectionFactory
instanceKlass jdk/internal/reflect/ReflectionFactory$GetReflectionFactoryAction
instanceKlass java/security/PrivilegedAction
instanceKlass java/util/concurrent/locks/LockSupport
instanceKlass java/util/concurrent/ConcurrentHashMap$Node
instanceKlass java/util/concurrent/ConcurrentHashMap$CounterCell
instanceKlass java/util/concurrent/locks/ReentrantLock
instanceKlass java/util/concurrent/locks/Lock
instanceKlass java/lang/Runtime
instanceKlass java/util/HashMap$Node
instanceKlass java/util/KeyValueHolder
instanceKlass java/util/Map$Entry
instanceKlass java/util/ImmutableCollections$MapN$MapNIterator
instanceKlass java/lang/Math
instanceKlass jdk/internal/reflect/Reflection
instanceKlass java/lang/invoke/MethodHandles$Lookup
instanceKlass java/lang/StringLatin1
instanceKlass java/security/Permission
instanceKlass java/security/Guard
instanceKlass java/lang/invoke/MemberName$Factory
instanceKlass java/lang/invoke/MethodHandles
instanceKlass jdk/internal/access/SharedSecrets
instanceKlass java/lang/reflect/ReflectAccess
instanceKlass jdk/internal/access/JavaLangReflectAccess
instanceKlass java/util/ImmutableCollections
instanceKlass java/util/Objects
instanceKlass java/util/Set
instanceKlass jdk/internal/misc/CDS
instanceKlass java/lang/Module$ArchivedData
instanceKlass java/lang/String$CaseInsensitiveComparator
instanceKlass java/util/Comparator
instanceKlass java/io/ObjectStreamField
instanceKlass jdk/internal/vm/vector/VectorSupport$VectorPayload
instanceKlass jdk/internal/vm/vector/VectorSupport
instanceKlass java/lang/reflect/RecordComponent
instanceKlass java/util/Iterator
instanceKlass java/lang/Number
instanceKlass java/lang/Character
instanceKlass java/lang/Boolean
instanceKlass java/util/concurrent/locks/AbstractOwnableSynchronizer
instanceKlass java/lang/LiveStackFrame
instanceKlass java/lang/StackFrameInfo
instanceKlass java/lang/StackWalker$StackFrame
instanceKlass java/lang/StackStreamFactory$AbstractStackWalker
instanceKlass java/lang/StackWalker
instanceKlass java/nio/Buffer
instanceKlass java/lang/StackTraceElement
instanceKlass java/util/RandomAccess
instanceKlass java/util/List
instanceKlass java/util/AbstractCollection
instanceKlass java/util/Collection
instanceKlass java/lang/Iterable
instanceKlass java/util/concurrent/ConcurrentMap
instanceKlass java/util/AbstractMap
instanceKlass java/security/CodeSource
instanceKlass jdk/internal/loader/ClassLoaders
instanceKlass java/util/jar/Manifest
instanceKlass java/net/URL
instanceKlass java/io/InputStream
instanceKlass java/io/Closeable
instanceKlass java/lang/AutoCloseable
instanceKlass jdk/internal/module/Modules
instanceKlass jdk/internal/misc/Unsafe
instanceKlass jdk/internal/misc/UnsafeConstants
instanceKlass java/lang/AbstractStringBuilder
instanceKlass java/lang/Appendable
instanceKlass java/lang/AssertionStatusDirectives
instanceKlass java/lang/invoke/MethodHandleNatives$CallSiteContext
instanceKlass jdk/internal/invoke/NativeEntryPoint
instanceKlass java/lang/invoke/CallSite
instanceKlass java/lang/invoke/MethodType
instanceKlass java/lang/invoke/TypeDescriptor$OfMethod
instanceKlass java/lang/invoke/LambdaForm
instanceKlass java/lang/invoke/MethodHandleNatives
instanceKlass java/lang/invoke/ResolvedMethodName
instanceKlass java/lang/invoke/MemberName
instanceKlass java/lang/invoke/VarHandle
instanceKlass java/lang/invoke/MethodHandle
instanceKlass jdk/internal/reflect/CallerSensitive
instanceKlass java/lang/annotation/Annotation
instanceKlass jdk/internal/reflect/FieldAccessor
instanceKlass jdk/internal/reflect/ConstantPool
instanceKlass jdk/internal/reflect/ConstructorAccessor
instanceKlass jdk/internal/reflect/MethodAccessor
instanceKlass jdk/internal/reflect/MagicAccessorImpl
instanceKlass java/lang/reflect/Parameter
instanceKlass java/lang/reflect/Member
instanceKlass java/lang/reflect/AccessibleObject
instanceKlass java/lang/Module
instanceKlass java/util/Map
instanceKlass java/util/Dictionary
instanceKlass java/lang/ThreadGroup
instanceKlass java/lang/Thread$UncaughtExceptionHandler
instanceKlass java/lang/Thread
instanceKlass java/lang/Runnable
instanceKlass java/lang/ref/Reference
instanceKlass java/lang/Record
instanceKlass java/security/AccessController
instanceKlass java/security/AccessControlContext
instanceKlass java/security/ProtectionDomain
instanceKlass java/lang/SecurityManager
instanceKlass java/lang/Throwable
instanceKlass java/lang/System
instanceKlass java/lang/ClassLoader
instanceKlass java/lang/Cloneable
instanceKlass java/lang/Class
instanceKlass java/lang/invoke/TypeDescriptor$OfField
instanceKlass java/lang/invoke/TypeDescriptor
instanceKlass java/lang/reflect/Type
instanceKlass java/lang/reflect/GenericDeclaration
instanceKlass java/lang/reflect/AnnotatedElement
instanceKlass java/lang/String
instanceKlass java/lang/constant/ConstantDesc
instanceKlass java/lang/constant/Constable
instanceKlass java/lang/CharSequence
instanceKlass java/lang/Comparable
instanceKlass java/io/Serializable
ciInstanceKlass java/lang/Object 1 1 92 7 1 10 12 1 1 10 7 12 1 1 1 10 7 12 1 1 1 10 12 1 1 8 1 10 12 1 1 10 7 12 1 1 1 10 12 1 10 12 1 1 100 1 8 1 10 12 1 3 8 1 100 1 5 0 1 1 1 1 1 1 1 1 1 1 1 1 1 1 1 1 7 1 1 1 7 1 1 1 1 1 1 1 7 1 1 1 1 1 1 1
ciInstanceKlass java/lang/Class 1 1 1600 10 7 12 1 1 1 9 7 12 1 1 1 9 12 1 1 7 1 10 10 12 1 1 8 1 10 12 1 8 1 8 1 10 12 1 1 10 12 1 1 10 12 1 10 10 12 1 10 12 1 1 10 12 1 1 10 7 12 1 1 10 12 1 10 12 1 10 12 1 8 1 10 12 1 8 1 10 12 1 8 1 8 1 10 12 1 1 10 7 12 1 1 1 18 12 1 1 11 7 12 1 1 1 8 1 8 1 8 1 10 7 12 1 1 1 11 12 1 1 7 1 8 1 10 12 1 11 100 12 1 1 1 10 12 1 1 11 8 1 18 8 1 10 12 1 10 7 12 1 1 10 7 12 1 1 1 10 12 1 1 10 7 12 1 1 1 9 100 12 1 1 1 10 100 12 1 1 1 10 7 12 1 1 1 10 12 1 1 18 12 1 1 10 7 12 1 1 1 10 7 12 1 1 10 12 1 1 10 7 1 100 1 10 12 1 1 9 12 1 1 7 1 8 1 10 12 1 10 12 1 1 10 12 1 1 10 7 12 1 1 1 7 1 10 12 1 7 1 7 1 10 10 12 1 1 10 12 1 1 100 1 10 100 12 1 1 1 10 12 1 1 10 12 1 1 9 12 1 1 10 12 1 10 12 1 10 12 1 1 9 12 1 1 9 12 1 1 10 12 1 1 10 7 1 10 12 1 10 12 1 10 12 1 1 10 9 12 1 10 12 1 8 1 10 12 1 1 10 12 1 1 10 12 1 10 12 1 1 10 12 1 1 10 12 1 1 9 7 12 1 1 1 10 7 12 1 1 10 12 10 12 1 10 12 1 1 10 7 12 1 1 10 12 1 10 12 1 1 10 7 12 1 1 1 10 12 1 10 12 1 1 10 12 1 10 12 1 10 12 1 1 10 7 1 10 10 10 12 1 1 10 12 1 1 10 12 10 12 1 1 100 1 8 1 10 10 12 1 1 10 12 1 7 1 11 12 1 10 100 12 1 1 10 12 1 10 12 1 10 100 12 1 1 10 10 12 1 1 8 1 10 12 1 10 12 1 1 8 1 9 12 1 10 12 1 10 12 1 10 12 1 10 12 100 1 9 12 1 10 12 1 9 12 1 10 12 1 10 12 1 10 12 1 10 10 12 1 10 12 1 10 12 1 10 12 1 10 12 1 10 12 1 100 1 10 12 1 10 12 1 1 10 12 1 1 10 12 1 1 10 12 1 1 10 12 1 1 10 12 1 1 7 1 10 10 12 1 1 10 12 1 1 10 12 1 1 10 10 12 1 10 12 1 1 10 12 1 1 10 12 1 1 10 12 1 1 7 1 10 10 12 11 100 12 1 1 10 12 1 1 10 12 1 10 7 12 1 1 1 10 12 1 1 10 10 12 1 1 100 1 10 10 12 1 1 10 100 12 1 1 1 100 1 7 1 10 12 1 1 10 12 1 10 10 12 1 1 10 12 1 10 12 1 10 12 1 10 100 12 1 1 1 11 7 12 1 1 10 12 1 10 12 1 9 12 1 10 12 1 1 10 12 1 9 7 12 1 1 1 9 12 1 10 100 12 1 1 1 10 12 1 10 12 1 10 100 12 1 1 1 10 12 1 10 12 10 12 1 1 100 1 10 8 1 10 12 1 11 11 12 1 1 11 7 12 1 1 11 12 1 8 1 10 12 1 10 12 1 1 9 12 1 9 12 1 1 10 7 12 1 1 9 12 1 10 12 1 1 10 10 12 1 10 7 12 1 1 1 10 7 12 1 1 10 7 12 1 1 9 12 1 1 10 12 1 9 12 1 10 12 1 10 12 1 1 9 12 1 1 9 12 1 10 12 1 10 12 1 1 9 12 1 100 1 10 10 12 1 1 7 1 10 12 1 1 100 11 100 1 9 12 1 1 9 12 1 100 1 10 12 1 9 12 1 1 9 12 1 10 12 1 10 12 1 1 9 12 1 7 1 10 10 12 1 1 10 10 12 1 1 10 12 10 10 12 1 9 12 1 10 12 1 1 10 7 12 1 1 1 10 12 1 1 10 12 1 8 10 7 8 1 18 8 1 8 1 10 12 1 9 12 1 9 12 1 1 10 12 1 7 1 7 1 10 12 1 9 12 1 1 7 1 10 10 12 1 10 7 1 9 12 1 8 1 10 12 1 7 1 10 12 1 10 12 1 1 9 12 1 100 1 8 1 10 7 1 4 10 10 12 11 7 12 1 1 1 10 12 1 100 1 10 12 1 1 10 8 1 8 1 10 12 1 1 9 7 12 1 1 11 12 7 1 11 100 12 1 1 9 12 1 10 100 12 1 1 1 10 7 12 1 1 10 12 1 1 9 12 1 9 10 12 1 1 10 12 1 1 10 12 1 1 10 12 1 1 10 12 1 1 11 12 1 7 1 11 12 1 10 7 12 1 1 1 10 12 1 7 1 11 12 1 10 7 12 1 1 1 10 12 1 10 11 12 1 11 12 1 1 10 12 1 10 12 1 1 9 12 1 1 9 100 12 1 1 10 12 1 10 100 12 1 1 1 10 12 1 1 10 12 1 10 12 1 10 12 1 10 7 12 1 1 1 10 12 1 8 1 10 12 1 10 12 1 10 12 1 10 100 12 1 1 1 11 100 12 1 1 1 10 12 1 1 10 12 1 18 12 1 1 11 12 1 1 18 11 12 1 18 12 1 11 12 1 10 12 1 1 10 12 1 10 12 1 10 12 10 12 1 8 1 10 12 1 7 1 9 12 1 1 100 1 100 1 100 1 100 1 100 1 1 1 3 1 3 1 3 1 1 1 1 1 1 1 5 0 1 1 1 1 1 1 1 1 1 1 1 1 1 1 1 1 1 1 1 1 1 1 1 100 1 1 1 1 1 1 1 100 1 1 1 1 1 1 7 1 1 1 1 1 1 1 1 1 1 1 1 1 1 1 1 1 1 1 1 1 1 1 1 1 1 1 1 1 1 1 1 1 1 1 1 1 1 100 1 1 1 1 1 1 1 1 1 1 1 1 1 1 1 1 1 1 1 1 1 1 1 1 1 1 1 1 100 1 1 1 1 1 1 1 1 1 1 1 1 1 1 1 1 1 1 1 1 1 1 1 1 1 1 1 1 1 1 1 1 1 1 1 1 1 1 1 1 1 1 1 1 1 1 1 1 1 1 1 1 1 100 1 100 1 1 1 1 1 1 1 100 1 1 1 1 1 1 1 1 1 1 1 1 1 1 1 1 1 1 1 1 1 1 1 1 1 1 1 1 1 1 1 1 1 1 1 1 1 1 1 1 1 1 1 1 1 1 1 1 1 1 1 1 1 1 1 100 1 1 1 1 1 1 1 1 1 1 1 1 1 1 1 1 1 1 1 1 1 1 1 1 1 1 1 1 1 1 1 1 1 1 1 1 1 1 1 1 1 1 1 1 1 1 1 1 1 1 1 1 1 1 1 1 1 1 1 1 1 1 1 1 1 1 1 1 15 10 7 12 1 1 1 16 15 10 12 16 15 11 12 16 1 16 15 16 15 10 12 16 16 15 10 12 16 15 16 1 15 10 12 16 1 1 1 1 1 1 1 1 1 100 1 1 100 1 100 1 1 100 1 100 1 1
staticfield java/lang/Class EMPTY_CLASS_ARRAY [Ljava/lang/Class; 0 [Ljava/lang/Class;
staticfield java/lang/Class serialPersistentFields [Ljava/io/ObjectStreamField; 0 [Ljava/io/ObjectStreamField;
ciMethod java/lang/Class isArray ()Z 256 0 128 0 -1
ciMethod java/lang/Class isPrimitive ()Z 256 0 128 0 -1
ciInstanceKlass java/io/Serializable 1 0 7 100 1 100 1 1 1
instanceKlass jdk/internal/vm/vector/VectorSupport$VectorShuffle
instanceKlass jdk/internal/vm/vector/VectorSupport$VectorMask
instanceKlass jdk/internal/vm/vector/VectorSupport$Vector
ciInstanceKlass jdk/internal/vm/vector/VectorSupport$VectorPayload 0 0 32 10 100 12 1 1 1 9 100 12 1 1 1 10 100 12 1 1 1 1 1 1 1 1 1 1 1 1 1 1 1 1
ciInstanceKlass jdk/internal/vm/vector/VectorSupport$VectorShuffle 0 0 28 10 100 12 1 1 1 100 1 1 1 1 1 1 1 1 1 1 1 1 1 1 1 100 1 1 1 1
ciInstanceKlass jdk/internal/vm/vector/VectorSupport$VectorMask 0 0 28 10 100 12 1 1 1 100 1 1 1 1 1 1 1 1 1 1 1 1 1 1 1 100 1 1 1 1
ciInstanceKlass jdk/internal/vm/vector/VectorSupport$Vector 0 0 28 10 100 12 1 1 1 100 1 1 1 1 1 1 1 1 1 1 1 1 1 1 1 100 1 1 1 1
ciInstanceKlass jdk/internal/vm/vector/VectorSupport 0 0 487 100 1 10 100 12 1 1 1 9 12 1 1 10 12 1 1 100 1 10 12 1 11 100 12 1 1 1 11 100 12 1 1 1 11 100 12 1 1 11 100 12 1 1 1 11 100 1 100 1 10 12 1 1 11 100 12 1 1 11 100 12 1 1 100 1 11 100 12 1 1 11 100 12 1 1 11 100 12 1 1 1 11 100 12 1 1 1 11 100 12 1 1 1 11 100 12 1 1 1 100 1 10 12 1 1 11 100 12 1 1 100 1 11 100 12 1 1 11 100 12 1 1 11 100 12 1 1 11 100 1 100 1 9 12 1 1 10 100 12 1 1 11 100 12 1 1 10 12 1 1 10 100 12 1 1 1 10 12 1 10 12 1 1 10 12 1 1 1 1 1 3 1 3 1 3 1 3 1 3 1 3 1 3 1 3 1 3 1 3 1 3 1 3 1 3 1 3 1 3 1 3 1 3 1 3 1 3 1 3 1 3 1 3 1 3 1 3 1 3 1 3 1 3 1 3 1 3 1 3 1 3 1 3 1 3 1 3 1 3 1 3 1 3 1 3 1 3 1 1 1 1 1 3 1 1 1 1 1 1 3 1 1 1 1 1 1 1 1 1 1 1 1 1 1 1 1 1 1 1 1 1 1 1 1 1 1 1 1 1 1 1 1 1 1 1 1 1 1 1 1 1 1 1 1 1 1 1 1 1 1 1 1 1 1 1 1 1 1 1 1 1 1 1 1 1 1 1 1 1 1 1 1 1 1 1 1 1 1 1 1 1 1 1 1 1 1 1 1 1 1 1 1 1 1 1 1 1 1 1 1 1 1 1 1 1 1 1 1 1 1 1 1 1 1 1 1 1 1 1 1 1 1 1 1 1 1 1 1 1 1 1 1 1 1 1 1 1 1 1 1 1 1 1 1 1 1 1 1 1 1 1 1 1 1 1 1 1 1 1 1 1 1 1 1 1 1 1 1 1 1 1 1 1 1 1 1 1 1 1 1 1 1 1 1 1 1 1 1 1 1 1 1 1 1 1 1 1 1 1 100 1 100 1 1 1 1 1 1 1 1 1 1 1 1 1 1 1 1 1 1 1 1 1 1 1 1
ciInstanceKlass java/lang/reflect/RecordComponent 0 0 196 10 100 12 1 1 1 9 100 12 1 1 1 9 12 1 1 9 12 1 10 12 1 1 10 12 1 1 10 100 12 1 1 1 10 12 1 1 9 12 1 1 10 12 1 1 10 12 1 1 10 12 1 10 100 12 1 1 10 100 12 1 1 9 12 1 1 10 100 12 1 1 1 11 100 12 1 1 1 10 9 100 12 1 1 1 10 100 12 1 1 1 9 12 1 1 10 100 12 1 1 1 10 12 1 1 11 100 12 1 1 10 100 12 1 1 100 1 9 12 1 9 12 1 1 9 12 1 10 100 12 1 1 1 10 12 1 1 10 12 1 1 100 1 10 10 12 1 10 12 1 1 8 1 10 12 1 10 12 1 9 12 1 100 1 1 1 1 1 1 1 1 1 1 1 1 1 1 1 1 1 1 1 1 1 1 100 1 1 1 1 1 1 100 1 1
ciInstanceKlass java/util/Iterator 1 1 53 100 1 8 1 10 12 1 1 10 7 12 1 1 1 11 7 12 1 1 1 11 12 1 1 11 7 12 1 1 1 100 1 1 1 1 1 1 1 1 1 1 1 1 1 1 1 1 1 1 1 1 1
ciInstanceKlass java/lang/System 1 1 803 10 100 12 1 1 1 9 7 12 1 1 1 10 12 1 10 12 1 1 10 12 1 1 10 12 1 9 12 1 1 10 7 12 1 1 1 11 100 12 1 1 1 10 100 12 1 1 1 10 12 1 1 10 12 1 1 100 1 8 1 10 12 1 10 100 12 1 1 1 10 7 12 1 1 1 18 12 1 1 10 100 12 1 1 1 100 1 10 12 1 1 10 100 12 1 1 1 10 12 1 10 7 12 1 1 1 9 100 12 1 1 1 10 100 12 1 1 1 11 7 12 1 1 1 10 12 1 1 10 7 12 1 1 1 100 1 10 10 12 1 1 8 1 10 12 1 8 1 10 12 1 9 12 1 1 8 1 10 7 12 1 1 1 10 12 1 1 100 1 8 1 10 9 12 1 1 8 1 10 12 1 1 10 100 12 1 1 1 8 1 10 12 1 100 1 10 12 1 8 1 10 12 1 10 12 1 1 100 1 10 12 10 12 1 9 12 1 1 9 12 1 1 10 7 12 1 1 1 10 7 12 1 1 1 10 12 1 1 10 12 1 10 12 1 10 7 12 1 1 1 10 12 1 100 1 100 1 8 1 10 12 1 10 12 1 1 7 1 10 12 1 100 1 8 1 10 10 12 1 100 1 8 1 10 8 1 10 7 12 1 1 8 1 10 12 100 1 8 1 10 10 12 1 1 10 7 12 1 1 1 100 1 18 12 1 100 1 9 100 12 1 1 1 10 12 1 100 1 10 12 1 1 10 12 1 1 10 7 12 1 1 1 10 12 1 1 10 12 1 10 12 1 10 12 1 1 10 12 1 7 1 10 12 1 10 12 1 100 1 10 12 1 10 7 12 1 1 1 100 1 8 1 10 9 12 1 9 12 1 10 12 1 10 100 12 1 1 10 12 1 10 12 1 1 8 1 10 12 1 1 8 1 11 12 1 10 12 11 12 1 1 11 7 12 1 1 1 11 7 12 1 1 11 12 1 1 7 1 11 12 1 10 12 1 8 1 10 12 1 1 8 1 8 1 8 1 8 1 11 12 1 10 12 1 10 12 1 10 12 1 10 7 12 1 1 8 1 7 1 9 7 12 1 1 1 10 12 1 7 1 9 12 10 9 12 7 1 10 12 8 1 10 12 1 1 8 1 10 7 12 1 1 10 12 1 10 7 12 1 1 1 10 12 1 1 10 7 12 1 1 1 10 12 10 7 12 1 1 1 9 12 1 1 100 1 8 1 10 12 1 1 10 7 12 1 1 1 7 1 10 12 1 1 8 1 10 8 1 8 1 8 1 8 1 10 10 7 12 1 1 10 12 1 1 10 12 1 1 10 12 1 1 10 12 1 10 100 12 1 1 1 10 100 1 8 1 10 10 10 12 1 1 10 12 1 1 8 1 10 12 1 8 1 10 12 1 10 12 1 1 7 1 10 10 12 1 10 12 1 9 12 1 1 1 3 1 3 1 1 1 1 1 1 1 1 1 1 1 1 100 1 1 100 1 1 1 1 1 1 1 1 1 1 1 100 1 100 1 1 1 1 1 1 1 1 1 1 1 1 1 1 1 1 1 1 1 1 1 1 1 1 1 1 1 1 1 1 1 1 1 1 1 1 1 1 1 1 1 1 1 1 1 1 1 1 1 1 1 1 1 1 1 1 1 1 100 1 1 1 1 1 1 1 1 1 1 1 1 1 1 1 1 1 1 1 1 1 1 1 1 1 1 1 1 1 1 1 1 1 100 1 1 15 10 100 12 1 1 1 16 15 10 12 1 1 16 15 10 12 16 1 1 1 1 1 1 1 100 1 100 1 1
staticfield java/lang/System in Ljava/io/InputStream; org/gradle/internal/daemon/clientinput/StdInStream
staticfield java/lang/System out Ljava/io/PrintStream; org/gradle/internal/io/LinePerThreadBufferingOutputStream
staticfield java/lang/System err Ljava/io/PrintStream; org/gradle/internal/io/LinePerThreadBufferingOutputStream
instanceKlass org/codehaus/groovy/reflection/ClassLoaderForClassArtifacts
instanceKlass org/codehaus/groovy/reflection/SunClassLoader
instanceKlass org/gradle/internal/classloader/CachingClassLoader
instanceKlass org/gradle/internal/classloader/MultiParentClassLoader
instanceKlass org/gradle/internal/classloader/FilteringClassLoader$RetrieveSystemPackagesClassLoader
instanceKlass org/gradle/internal/classloader/FilteringClassLoader
instanceKlass org/gradle/internal/classloader/FilteringClassLoader
instanceKlass jdk/internal/reflect/DelegatingClassLoader
instanceKlass java/security/SecureClassLoader
ciInstanceKlass java/lang/ClassLoader 1 1 1098 9 7 12 1 1 1 10 7 12 1 1 1 9 12 1 1 10 7 12 1 1 1 7 1 10 12 1 1 10 12 1 1 9 12 1 1 10 12 1 1 100 1 10 12 1 10 12 1 1 10 7 12 1 1 1 100 1 8 1 10 12 1 10 7 12 1 1 1 10 100 12 1 10 7 1 10 7 1 7 1 7 1 10 12 1 10 12 1 9 12 1 1 10 10 7 12 1 1 1 9 12 1 1 9 12 1 9 12 1 1 9 12 1 9 12 1 1 9 12 1 1 7 1 10 12 1 9 12 1 1 10 12 1 1 10 7 12 1 1 1 9 12 1 9 12 1 1 9 12 1 10 12 1 1 9 12 10 12 1 1 7 1 10 8 1 10 12 1 1 10 12 1 10 7 1 7 1 10 12 1 1 10 7 12 1 1 1 8 1 10 12 1 10 12 1 10 12 1 1 10 12 1 1 10 12 1 1 10 12 1 1 10 12 1 1 10 12 1 7 1 10 12 1 10 7 12 1 1 1 10 12 1 1 10 12 1 10 12 1 10 12 1 10 12 1 10 12 1 1 10 10 12 1 10 12 1 10 100 12 1 1 10 12 1 1 10 12 1 1 10 12 1 100 1 10 12 1 100 1 10 12 1 10 100 12 1 1 1 10 10 12 1 1 10 12 1 1 100 1 8 1 10 8 1 10 12 1 10 12 1 100 1 8 1 10 12 1 1 10 12 1 1 10 10 12 1 1 10 12 1 1 10 12 1 1 10 7 1 10 12 1 1 10 12 1 1 10 12 1 1 10 12 1 1 10 12 1 1 10 12 1 1 10 12 1 10 7 12 1 1 1 10 12 1 10 12 1 10 12 1 1 10 12 1 10 12 1 10 12 1 10 12 1 1 10 12 1 10 12 1 1 8 1 9 12 1 10 12 1 1 8 1 8 1 10 7 12 1 1 100 1 10 10 12 10 12 1 10 12 1 10 12 1 10 12 1 1 10 7 12 1 1 10 12 1 10 7 1 7 1 10 12 1 1 10 12 1 10 7 1 10 12 1 100 1 18 12 1 10 100 12 1 1 1 10 7 12 1 1 1 10 7 12 1 1 10 12 1 1 10 12 1 10 12 1 1 7 1 10 12 1 10 12 1 1 10 7 12 1 1 10 12 1 8 1 100 1 10 10 12 1 9 12 1 10 7 12 1 1 10 12 1 100 1 8 1 10 12 1 10 8 1 8 1 10 12 1 1 10 12 1 1 10 12 1 1 10 100 12 1 1 1 100 1 100 1 10 12 1 1 100 1 100 1 10 100 12 1 1 10 12 1 10 12 1 1 10 12 1 10 12 1 1 10 12 1 1 9 100 12 1 1 1 10 12 1 1 10 12 1 10 12 1 10 12 1 1 10 12 1 8 1 10 12 1 7 1 18 12 1 1 10 12 1 1 10 12 1 10 12 1 10 12 1 8 1 10 12 1 10 12 1 18 12 1 11 7 12 1 1 1 7 1 10 12 1 1 10 12 1 10 11 12 1 1 10 18 10 12 1 1 11 7 12 1 18 12 1 11 12 1 1 10 12 10 12 1 1 10 12 1 1 100 1 8 1 10 10 12 1 8 1 8 1 10 100 12 1 1 10 12 1 100 1 10 10 12 1 8 1 8 1 8 1 10 12 1 10 12 1 1 10 12 1 10 100 12 1 1 1 11 100 12 1 1 100 1 10 11 10 12 1 10 12 1 10 12 1 1 9 100 12 1 1 9 12 1 1 9 12 9 12 1 9 12 1 9 12 1 8 10 12 1 1 10 7 12 1 1 1 10 12 1 1 10 12 1 1 10 12 1 10 10 12 1 11 12 1 1 10 100 12 1 1 1 100 1 10 12 1 10 12 1 10 12 1 1 1 1 1 1 1 1 1 1 1 1 1 1 1 1 1 1 1 1 1 1 1 1 1 1 1 1 100 1 1 1 1 1 1 1 1 1 1 1 1 1 1 1 1 1 1 1 1 1 100 1 1 1 1 1 1 1 1 1 1 7 1 1 1 1 1 1 1 1 1 1 1 1 1 1 1 1 1 1 1 1 1 1 1 1 1 1 1 1 1 1 1 1 1 1 1 1 1 1 1 1 1 100 1 1 1 1 1 1 1 1 1 1 1 1 1 1 1 1 1 1 100 1 1 1 1 1 1 1 1 1 1 1 1 1 1 1 1 1 1 1 1 1 1 1 1 1 1 1 1 1 1 1 1 1 1 1 1 1 1 1 1 1 1 1 1 1 1 1 1 1 1 1 100 1 1 1 1 1 1 1 1 1 1 1 1 1 1 1 1 1 1 1 1 1 1 1 1 1 1 1 1 1 1 1 1 1 1 1 1 1 1 1 1 1 1 1 1 1 1 15 10 7 12 1 1 1 16 1 15 10 12 16 1 16 15 10 12 16 1 16 1 15 10 12 16 15 10 12 16 15 10 12 16 1 1 100 1 100 1 1
staticfield java/lang/ClassLoader nocerts [Ljava/security/cert/Certificate; 0 [Ljava/security/cert/Certificate;
staticfield java/lang/ClassLoader $assertionsDisabled Z 1
ciInstanceKlass jdk/internal/reflect/DelegatingClassLoader 1 1 18 10 7 12 1 1 1 100 1 1 1 1 1 1 1 1 1 1
instanceKlass java/net/URLClassLoader
instanceKlass jdk/internal/loader/BuiltinClassLoader
ciInstanceKlass java/security/SecureClassLoader 1 1 102 10 7 12 1 1 1 7 1 10 12 1 9 7 12 1 1 1 10 12 1 10 12 1 10 12 1 1 10 12 1 1 10 12 1 7 1 10 7 1 10 12 1 7 1 10 12 1 11 7 12 1 1 1 7 1 11 12 1 10 12 1 1 1 1 1 1 1 1 1 1 1 1 1 1 1 1 1 1 1 1 1 1 1 1 1 1 1 1 1 1 1 1 1 1 1 1 100 1 1 1 1
instanceKlass jdk/internal/loader/ClassLoaders$BootClassLoader
instanceKlass jdk/internal/loader/ClassLoaders$PlatformClassLoader
instanceKlass jdk/internal/loader/ClassLoaders$AppClassLoader
ciInstanceKlass jdk/internal/loader/BuiltinClassLoader 1 1 737 9 7 12 1 1 1 10 7 12 1 1 1 10 7 12 1 1 1 9 12 1 1 9 12 1 1 7 1 10 12 1 9 12 1 10 12 1 9 12 1 10 7 12 1 1 1 10 7 12 1 1 1 10 7 12 1 1 1 11 7 12 1 1 1 100 1 100 1 10 10 12 1 1 8 1 10 12 1 10 12 7 1 10 12 1 10 12 1 1 11 7 12 1 1 1 11 7 12 1 1 1 11 12 1 1 7 1 8 1 8 1 10 9 12 1 1 10 7 12 1 1 11 12 1 1 10 12 1 1 10 12 1 1 10 12 1 1 10 7 12 1 1 1 10 12 1 10 7 12 1 1 1 10 12 1 1 11 7 12 1 1 1 10 7 12 1 1 7 1 10 7 12 1 1 1 10 12 1 100 1 8 1 10 12 1 1 10 8 1 10 12 1 1 10 12 1 1 10 12 1 1 11 7 12 1 1 11 12 1 7 1 10 11 12 1 1 11 10 12 1 1 7 1 10 12 1 10 7 12 1 10 12 1 7 1 10 12 1 10 7 12 1 1 1 100 1 10 12 1 1 11 12 1 7 1 100 1 10 12 1 10 12 1 1 100 1 100 1 10 12 1 10 12 1 18 12 1 1 10 12 1 10 12 1 1 18 100 1 10 7 12 1 1 1 7 1 10 10 12 1 1 10 12 1 1 10 12 1 1 10 12 1 9 12 1 1 100 1 10 10 12 1 1 10 12 1 1 10 12 1 10 12 10 12 1 1 10 12 1 1 10 12 1 1 10 12 1 10 12 1 1 18 12 1 7 1 10 12 1 1 10 12 1 10 12 1 1 10 12 1 100 1 10 12 1 7 1 10 12 1 10 7 12 1 1 1 10 12 1 11 12 1 7 1 10 12 1 7 1 100 1 10 12 1 10 12 1 11 12 1 1 10 12 1 1 10 12 1 1 10 12 1 1 10 12 1 1 10 12 1 10 12 1 10 12 1 10 12 1 8 1 10 12 1 1 10 7 12 1 1 10 12 1 100 1 8 1 8 1 10 10 12 1 8 1 8 1 10 7 12 1 1 1 11 7 12 1 1 1 9 7 12 1 1 1 10 7 12 1 1 1 9 12 1 9 12 1 9 12 1 9 12 1 9 12 1 9 12 1 10 7 12 1 1 1 8 1 10 12 1 7 1 10 12 1 1 10 12 1 7 1 10 11 12 1 1 10 12 10 12 1 10 12 1 100 1 10 12 1 10 12 1 10 10 12 1 10 7 12 1 1 8 1 10 7 12 1 1 10 12 1 1 1 1 1 1 1 1 1 1 1 1 1 1 1 1 1 1 1 1 1 1 1 1 1 1 1 1 1 1 1 1 1 1 1 1 1 1 1 1 1 1 1 1 1 1 1 1 1 1 1 1 1 1 1 1 100 1 1 1 1 1 1 1 1 1 1 1 1 1 1 1 1 1 1 100 1 100 1 1 1 1 1 1 1 1 1 1 1 1 1 1 1 1 1 1 1 1 1 1 1 1 1 1 1 1 1 1 1 1 1 1 1 1 1 1 1 1 1 1 1 1 1 1 1 1 1 1 1 100 1 1 15 10 100 12 1 1 1 16 15 10 12 16 15 10 12 16 15 10 12 16 1 1 1 100 1 1 1 1 1 100 1 100 1 1
staticfield jdk/internal/loader/BuiltinClassLoader packageToModule Ljava/util/Map; java/util/concurrent/ConcurrentHashMap
staticfield jdk/internal/loader/BuiltinClassLoader $assertionsDisabled Z 1
ciInstanceKlass java/security/AccessController 1 1 295 10 100 12 1 1 1 10 7 12 1 1 1 10 7 12 1 1 1 10 12 1 1 10 12 1 1 10 7 12 1 1 1 10 12 1 1 10 12 1 10 12 1 1 10 12 1 100 1 8 1 10 12 1 10 12 1 10 12 1 1 10 12 1 100 1 100 1 10 12 1 1 10 12 1 10 12 1 10 12 1 1 10 7 12 1 1 1 10 12 1 1 9 100 12 1 1 1 10 100 12 1 1 1 10 12 1 10 12 1 9 100 12 1 1 1 10 12 1 10 12 1 1 9 12 1 1 10 100 1 10 11 7 12 1 1 1 10 7 12 1 1 11 7 1 100 1 10 12 1 10 12 1 10 12 1 8 1 10 12 1 1 8 1 10 100 12 1 1 1 8 1 100 1 10 10 12 1 1 10 12 1 10 7 12 1 1 1 10 12 1 8 1 10 100 12 1 1 8 1 8 1 10 12 1 8 1 10 12 1 10 12 1 1 10 12 1 1 1 1 1 1 1 1 1 1 1 1 1 1 1 1 1 1 1 1 1 1 1 1 1 1 1 1 100 1 1 1 1 1 1 1 1 1 1 1 1 1 1 1 1 1 1 1 1 1 1 1 1 1 1 1 1 1 1 1 1 1 1 100 1 100 1 1 1 1 1 1 1 1 1 3 1 1 1
staticfield java/security/AccessController $assertionsDisabled Z 1
instanceKlass jdk/internal/reflect/GeneratedConstructorAccessor50
instanceKlass jdk/internal/reflect/GeneratedConstructorAccessor49
instanceKlass jdk/internal/reflect/GeneratedConstructorAccessor48
instanceKlass jdk/internal/reflect/GeneratedConstructorAccessor47
instanceKlass jdk/internal/reflect/GeneratedConstructorAccessor46
instanceKlass jdk/internal/reflect/GeneratedConstructorAccessor45
instanceKlass jdk/internal/reflect/GeneratedConstructorAccessor44
instanceKlass jdk/internal/reflect/GeneratedConstructorAccessor43
instanceKlass jdk/internal/reflect/GeneratedConstructorAccessor42
instanceKlass jdk/internal/reflect/GeneratedConstructorAccessor41
instanceKlass jdk/internal/reflect/GeneratedConstructorAccessor40
instanceKlass jdk/internal/reflect/GeneratedConstructorAccessor39
instanceKlass jdk/internal/reflect/GeneratedConstructorAccessor38
instanceKlass jdk/internal/reflect/GeneratedConstructorAccessor37
instanceKlass jdk/internal/reflect/GeneratedConstructorAccessor36
instanceKlass jdk/internal/reflect/GeneratedConstructorAccessor35
instanceKlass jdk/internal/reflect/GeneratedConstructorAccessor34
instanceKlass jdk/internal/reflect/GeneratedConstructorAccessor33
instanceKlass jdk/internal/reflect/GeneratedConstructorAccessor32
instanceKlass jdk/internal/reflect/GeneratedConstructorAccessor31
instanceKlass jdk/internal/reflect/GeneratedConstructorAccessor30
instanceKlass jdk/internal/reflect/GeneratedConstructorAccessor29
instanceKlass jdk/internal/reflect/GeneratedConstructorAccessor28
instanceKlass jdk/internal/reflect/GeneratedConstructorAccessor27
instanceKlass jdk/internal/reflect/GeneratedConstructorAccessor26
instanceKlass jdk/internal/reflect/GeneratedConstructorAccessor25
instanceKlass jdk/internal/reflect/GeneratedConstructorAccessor24
instanceKlass jdk/internal/reflect/GeneratedConstructorAccessor23
instanceKlass jdk/internal/reflect/GeneratedConstructorAccessor22
instanceKlass jdk/internal/reflect/GeneratedConstructorAccessor21
instanceKlass jdk/internal/reflect/GeneratedConstructorAccessor20
instanceKlass jdk/internal/reflect/GeneratedConstructorAccessor19
instanceKlass jdk/internal/reflect/GeneratedConstructorAccessor18
instanceKlass jdk/internal/reflect/GeneratedConstructorAccessor17
instanceKlass jdk/internal/reflect/GeneratedConstructorAccessor16
instanceKlass jdk/internal/reflect/GeneratedConstructorAccessor15
instanceKlass jdk/internal/reflect/GeneratedConstructorAccessor14
instanceKlass jdk/internal/reflect/GeneratedConstructorAccessor13
instanceKlass jdk/internal/reflect/GeneratedConstructorAccessor12
instanceKlass jdk/internal/reflect/GeneratedConstructorAccessor11
instanceKlass jdk/internal/reflect/GeneratedConstructorAccessor10
instanceKlass jdk/internal/reflect/GeneratedConstructorAccessor9
instanceKlass jdk/internal/reflect/GeneratedConstructorAccessor8
instanceKlass jdk/internal/reflect/GeneratedConstructorAccessor7
instanceKlass jdk/internal/reflect/GeneratedConstructorAccessor6
instanceKlass jdk/internal/reflect/GeneratedConstructorAccessor5
instanceKlass jdk/internal/reflect/GeneratedConstructorAccessor4
instanceKlass jdk/internal/reflect/GeneratedConstructorAccessor3
instanceKlass jdk/internal/reflect/SerializationConstructorAccessorImpl
instanceKlass jdk/internal/reflect/GeneratedConstructorAccessor2
instanceKlass jdk/internal/reflect/BootstrapConstructorAccessorImpl
instanceKlass jdk/internal/reflect/GeneratedConstructorAccessor1
instanceKlass jdk/internal/reflect/DelegatingConstructorAccessorImpl
instanceKlass jdk/internal/reflect/NativeConstructorAccessorImpl
ciInstanceKlass jdk/internal/reflect/ConstructorAccessorImpl 1 1 27 10 7 12 1 1 1 100 1 100 1 1 1 1 1 1 1 1 1 100 1 100 1 100 1 1 1
instanceKlass jdk/internal/reflect/FieldAccessorImpl
instanceKlass jdk/internal/reflect/ConstructorAccessorImpl
instanceKlass jdk/internal/reflect/MethodAccessorImpl
ciInstanceKlass jdk/internal/reflect/MagicAccessorImpl 1 1 16 10 7 12 1 1 1 100 1 1 1 1 1 1 1 1
instanceKlass jdk/internal/reflect/GeneratedMethodAccessor34
instanceKlass jdk/internal/reflect/GeneratedMethodAccessor33
instanceKlass jdk/internal/reflect/GeneratedMethodAccessor32
instanceKlass jdk/internal/reflect/GeneratedMethodAccessor31
instanceKlass jdk/internal/reflect/GeneratedMethodAccessor30
instanceKlass jdk/internal/reflect/GeneratedMethodAccessor29
instanceKlass jdk/internal/reflect/GeneratedMethodAccessor28
instanceKlass jdk/internal/reflect/GeneratedMethodAccessor27
instanceKlass jdk/internal/reflect/GeneratedMethodAccessor26
instanceKlass jdk/internal/reflect/GeneratedMethodAccessor25
instanceKlass jdk/internal/reflect/GeneratedMethodAccessor24
instanceKlass jdk/internal/reflect/GeneratedMethodAccessor23
instanceKlass jdk/internal/reflect/GeneratedMethodAccessor22
instanceKlass jdk/internal/reflect/GeneratedMethodAccessor21
instanceKlass jdk/internal/reflect/GeneratedMethodAccessor20
instanceKlass jdk/internal/reflect/GeneratedMethodAccessor19
instanceKlass jdk/internal/reflect/GeneratedMethodAccessor18
instanceKlass jdk/internal/reflect/GeneratedMethodAccessor17
instanceKlass jdk/internal/reflect/GeneratedMethodAccessor16
instanceKlass jdk/internal/reflect/GeneratedMethodAccessor15
instanceKlass jdk/internal/reflect/GeneratedMethodAccessor14
instanceKlass jdk/internal/reflect/GeneratedMethodAccessor13
instanceKlass jdk/internal/reflect/GeneratedMethodAccessor12
instanceKlass jdk/internal/reflect/GeneratedMethodAccessor11
instanceKlass jdk/internal/reflect/GeneratedMethodAccessor10
instanceKlass jdk/internal/reflect/GeneratedMethodAccessor9
instanceKlass jdk/internal/reflect/GeneratedMethodAccessor8
instanceKlass jdk/internal/reflect/GeneratedMethodAccessor7
instanceKlass jdk/internal/reflect/GeneratedMethodAccessor6
instanceKlass jdk/internal/reflect/GeneratedMethodAccessor5
instanceKlass jdk/internal/reflect/GeneratedMethodAccessor4
instanceKlass jdk/internal/reflect/GeneratedMethodAccessor3
instanceKlass jdk/internal/reflect/GeneratedMethodAccessor2
instanceKlass jdk/internal/reflect/GeneratedMethodAccessor1
instanceKlass jdk/internal/reflect/DelegatingMethodAccessorImpl
instanceKlass jdk/internal/reflect/NativeMethodAccessorImpl
ciInstanceKlass jdk/internal/reflect/MethodAccessorImpl 1 1 25 10 7 12 1 1 1 100 1 100 1 1 1 1 1 1 1 1 1 100 1 100 1 1 1
ciInstanceKlass java/lang/Module 1 1 959 10 7 12 1 1 1 9 7 12 1 1 1 10 7 12 1 1 1 9 12 1 9 12 1 1 9 12 1 1 10 12 1 1 10 12 1 10 12 1 1 10 7 12 1 1 1 7 1 10 7 12 1 1 1 10 12 1 1 11 7 12 1 1 1 10 12 1 1 10 7 12 1 1 1 10 12 1 1 10 7 12 1 1 1 9 100 12 1 1 1 10 100 12 1 1 1 10 12 1 8 1 10 7 12 1 1 1 10 7 12 1 1 1 9 12 1 1 9 12 1 1 10 12 1 9 12 1 1 11 12 1 9 7 12 1 1 10 7 12 1 1 1 10 100 12 1 1 1 10 12 1 1 100 1 100 1 10 10 12 1 1 8 1 10 12 1 10 12 10 12 1 10 12 1 1 10 12 1 1 10 12 1 1 9 7 12 1 1 1 10 12 1 1 10 12 1 1 9 12 1 10 12 1 10 12 1 9 12 1 1 11 7 12 1 1 10 12 1 1 9 12 1 9 12 1 10 12 1 10 12 1 100 1 8 1 10 10 12 1 1 10 12 1 8 1 10 12 1 1 8 1 8 1 10 12 1 1 10 12 1 10 12 1 1 18 12 1 1 10 12 1 1 11 12 1 9 12 1 11 12 10 100 12 1 1 100 1 8 1 10 7 1 11 12 1 1 10 12 1 10 12 1 10 12 1 1 11 12 1 1 11 7 12 1 1 11 12 1 1 9 12 1 11 12 1 10 12 1 1 10 12 1 1 9 12 1 10 12 10 7 12 1 1 10 7 12 1 1 10 7 1 18 12 1 1 11 100 12 1 1 1 18 12 1 11 12 1 1 10 100 12 1 1 1 11 12 1 1 10 7 12 1 1 4 7 1 11 12 1 7 1 7 1 10 10 7 12 1 1 1 10 11 7 12 1 8 1 10 10 12 1 1 10 7 12 1 1 10 12 1 10 12 1 7 1 10 12 1 10 11 12 1 1 10 12 10 12 1 1 9 12 1 100 1 10 10 12 1 1 11 100 1 10 12 1 1 11 12 1 10 10 12 1 11 10 12 1 1 10 12 1 1 10 12 1 1 10 7 12 1 1 10 12 1 10 12 1 1 10 10 12 1 1 10 12 1 18 12 1 11 12 1 18 12 1 10 12 1 10 12 1 10 12 7 1 10 12 1 10 12 1 10 12 1 9 12 1 7 1 10 10 10 10 12 1 10 12 1 10 12 1 10 12 1 1 10 12 1 1 10 12 1 9 12 1 18 12 1 1 10 100 12 1 1 1 100 1 8 1 10 12 1 1 10 12 1 1 10 100 12 1 1 100 1 10 12 1 1 100 1 8 1 100 1 10 100 1 100 1 3 10 12 1 100 1 10 12 1 10 12 1 1 10 12 1 1 100 1 10 12 1 10 12 1 1 100 1 100 1 10 12 8 1 10 12 1 1 10 12 1 1 10 100 12 1 1 10 12 1 1 10 12 1 10 12 10 12 1 1 100 1 10 10 12 1 1 10 100 12 1 1 1 100 1 8 1 10 12 1 1 10 100 12 1 1 8 1 10 12 1 8 1 10 12 1 10 12 10 12 1 8 1 10 10 100 12 1 1 7 1 10 10 12 1 10 7 12 1 1 9 12 1 9 12 1 9 12 1 9 12 1 10 12 11 12 1 10 12 1 100 1 1 1 1 1 1 1 1 1 1 1 1 1 1 1 1 100 1 1 1 1 1 1 1 1 1 1 1 1 1 1 1 1 1 1 1 1 1 1 1 1 1 1 1 1 1 1 1 1 1 1 1 1 1 1 1 1 1 1 1 1 1 1 1 1 1 1 1 1 1 1 1 1 1 1 1 1 1 1 1 1 1 1 1 1 1 1 1 1 1 1 1 1 1 1 1 1 1 1 1 100 100 1 1 1 1 1 1 1 1 1 1 1 1 1 1 1 1 1 1 1 1 1 1 1 1 1 1 1 1 1 1 1 1 1 1 100 1 100 1 100 1 1 1 1 1 1 1 1 1 1 1 1 1 1 1 1 1 1 1 1 1 1 1 1 1 1 1 1 15 10 7 12 1 1 1 16 15 10 12 16 16 15 10 12 16 16 15 10 16 1 15 10 12 16 1 15 10 12 16 1 16 15 10 12 16 1 1 1 1 1 1 1 100 1 100 1 1
staticfield java/lang/Module ALL_UNNAMED_MODULE Ljava/lang/Module; java/lang/Module
staticfield java/lang/Module ALL_UNNAMED_MODULE_SET Ljava/util/Set; java/util/ImmutableCollections$Set12
staticfield java/lang/Module EVERYONE_MODULE Ljava/lang/Module; java/lang/Module
staticfield java/lang/Module EVERYONE_SET Ljava/util/Set; java/util/ImmutableCollections$Set12
staticfield java/lang/Module $assertionsDisabled Z 1
ciInstanceKlass java/util/ArrayList 1 1 492 10 7 12 1 1 1 7 1 9 7 12 1 1 1 9 12 1 100 1 100 1 10 8 1 10 12 1 1 10 12 1 10 12 1 1 10 12 1 9 12 1 11 7 12 1 1 1 9 12 1 1 10 12 1 1 7 10 7 12 1 1 1 9 12 1 10 12 1 10 12 1 1 10 7 12 1 1 1 10 7 12 1 1 1 10 12 1 1 10 12 1 1 10 12 1 1 10 12 1 10 12 1 1 100 1 100 1 10 12 1 10 7 12 1 1 1 10 7 12 1 1 10 12 1 10 12 10 12 1 1 10 12 1 1 10 12 1 1 7 1 10 12 1 1 10 12 1 1 10 12 1 100 1 10 11 12 1 1 11 100 12 1 1 1 11 12 1 10 12 1 10 12 1 10 12 1 1 100 1 10 12 1 1 10 10 12 1 1 10 12 1 8 1 8 1 8 1 8 1 10 12 1 1 10 12 1 1 11 12 1 100 1 10 7 12 1 1 10 12 1 10 12 1 1 10 7 12 1 1 10 12 1 10 7 12 1 1 1 11 7 12 1 1 1 10 12 1 100 1 8 1 10 7 1 10 12 1 7 1 10 12 1 10 12 1 1 7 1 10 12 1 10 12 1 1 11 7 12 1 1 7 1 10 12 1 10 12 1 1 11 7 12 1 1 10 12 1 1 10 12 1 1 10 12 1 1 10 12 1 1 11 100 12 1 1 10 12 1 1 100 1 100 1 100 1 1 1 1 5 0 1 3 1 1 1 1 1 1 1 1 1 1 1 1 1 1 1 1 1 1 1 1 1 1 1 1 1 1 1 1 1 1 1 1 1 1 1 1 1 1 1 1 1 1 1 1 1 1 1 1 1 1 1 1 1 1 1 1 1 1 1 1 1 1 1 1 1 1 1 1 1 1 1 1 1 1 1 1 1 1 1 1 1 1 1 1 1 1 1 1 1 1 1 1 1 1 1 1 7 1 1 1 1 7 1 1 1 1 1 1 1 1 1 1 1 1 1 1 1 1 1 1 1 1 1 1 1 1 1 1 1 1 1 100 1 1 1 1 1 1 1 1 1 1 1 1 1 1 1 1 1 1 100 1 100 1 1 1 1 1 1
staticfield java/util/ArrayList EMPTY_ELEMENTDATA [Ljava/lang/Object; 0 [Ljava/lang/Object;
staticfield java/util/ArrayList DEFAULTCAPACITY_EMPTY_ELEMENTDATA [Ljava/lang/Object; 0 [Ljava/lang/Object;
ciInstanceKlass java/util/concurrent/ConcurrentHashMap 1 1 1210 7 1 7 1 3 10 12 1 1 3 100 1 10 7 12 1 1 1 100 1 10 100 12 1 1 1 100 1 11 12 1 1 11 12 1 11 12 1 1 9 12 1 1 9 12 1 1 9 12 1 10 7 12 1 1 1 7 1 10 12 1 1 10 12 1 1 10 7 12 1 1 1 4 10 12 1 9 12 1 10 12 1 1 100 1 10 5 0 10 12 1 10 12 1 1 5 0 10 12 1 1 10 12 1 9 12 1 1 10 12 1 1 9 12 1 9 12 1 1 10 12 1 1 9 12 1 10 12 1 1 9 12 1 1 10 12 1 1 100 1 10 100 1 10 12 1 10 12 1 1 10 12 1 1 10 12 1 1 10 12 1 10 12 1 1 10 12 1 1 100 1 10 12 1 1 7 1 100 1 8 1 10 12 1 10 12 1 1 10 12 1 1 11 7 12 1 1 10 12 1 1 11 12 1 1 11 7 12 1 1 1 11 7 12 1 1 1 11 12 1 7 1 11 12 1 11 12 1 10 12 1 1 10 12 1 1 9 12 1 1 10 100 12 1 1 1 9 10 12 1 1 9 12 1 10 12 1 1 5 0 9 12 1 1 7 1 10 12 1 9 12 1 1 7 1 10 12 1 9 12 1 7 1 10 100 1 10 10 12 1 1 8 1 10 12 1 10 12 1 1 11 100 1 10 12 1 10 100 12 1 1 1 8 1 10 100 12 1 1 1 8 1 10 12 1 8 1 10 12 1 10 12 1 1 10 100 12 1 1 10 12 1 10 12 1 10 12 1 9 12 1 9 10 12 1 9 12 1 1 11 100 12 1 1 1 11 7 12 1 1 1 100 1 10 12 11 100 12 1 1 10 11 7 12 1 10 12 1 100 1 10 12 1 7 1 10 10 9 7 12 1 1 1 10 12 3 10 100 12 1 1 9 12 1 10 12 1 1 9 12 1 1 9 12 1 10 12 1 1 10 7 12 1 1 9 12 1 9 7 12 1 1 10 12 1 1 10 12 1 3 9 12 1 9 12 1 10 12 1 1 7 1 9 3 9 12 1 100 1 10 12 1 9 12 1 10 12 1 9 12 1 10 12 1 9 12 1 10 100 12 1 1 1 100 10 12 1 100 1 5 0 10 100 12 1 1 100 1 10 12 1 1 10 12 1 10 12 1 100 1 10 12 1 10 100 1 100 1 10 10 12 1 10 100 1 10 12 1 10 100 1 10 12 1 10 100 1 10 12 1 1 100 1 10 12 1 10 10 12 1 100 1 10 12 1 10 10 12 1 100 1 10 12 1 10 100 1 10 12 1 10 100 1 10 12 1 10 100 1 10 12 1 10 100 1 10 12 1 10 100 1 10 12 1 10 100 1 10 12 1 10 100 1 10 12 1 10 100 1 10 10 100 1 10 10 100 1 10 10 100 1 10 12 1 10 100 1 10 12 1 10 100 1 10 12 1 10 100 1 10 12 1 10 100 1 10 12 1 10 100 1 10 10 100 1 10 10 100 1 10 10 100 1 10 12 1 10 100 1 10 12 1 10 100 1 10 12 1 10 100 1 10 12 1 10 100 1 10 12 1 10 10 12 1 10 7 12 1 1 1 10 12 1 7 1 7 1 10 12 1 9 12 1 1 9 12 1 1 10 12 1 1 8 10 12 1 1 8 8 8 8 7 10 12 1 1 10 12 1 100 1 8 1 10 7 1 100 1 100 1 1 1 5 0 1 1 3 1 3 1 1 1 1 3 1 3 1 3 1 1 1 1 1 3 1 3 1 3 1 1 1 1 1 1 1 1 1 1 1 1 1 1 1 1 1 1 1 1 1 1 1 1 1 100 1 1 1 1 1 1 1 1 1 1 1 1 1 1 1 1 1 1 1 1 1 1 1 1 1 1 1 1 1 1 1 1 1 1 1 1 1 1 1 1 1 1 1 1 1 1 1 1 1 1 1 1 1 1 1 1 1 1 1 1 1 1 1 1 1 1 1 1 1 1 1 1 1 1 1 1 1 1 1 1 1 1 1 1 100 1 1 1 1 1 1 1 1 1 1 1 100 1 1 1 1 1 1 1 1 1 1 1 1 1 1 1 1 1 1 1 1 1 1 1 1 1 1 1 1 1 1 1 1 1 1 1 1 1 1 1 1 1 1 1 1 1 1 1 1 1 1 1 1 1 1 1 1 1 1 1 1 1 1 1 1 1 1 1 1 1 1 1 1 1 1 1 1 1 1 1 1 1 1 1 1 1 1 1 1 1 1 1 1 1 1 1 1 1 1 1 1 1 1 1 1 1 1 1 1 1 1 1 1 1 1 1 1 1 1 1 1 1 1 1 1 1 1 1 1 1 1 1 1 1 1 1 1 1 1 1 1 1 1 1 1 1 1 1 1 1 1 1 1 1 1 1 1 1 1 1 1 1 1 1 1 1 1 1 1 1 1 1 1 1 1 1 1 1 1 1 1 1 1 1 1 1 1 1 1 1 1 1 1 1 1 1 1 1 1 1 1 1 1 1 1 1 1 1 1 1 1 1 1 1 1 1 1 1 1 1 1 1 1 1 100 1 100 1 100 1 100 1 100 1 100 1 100 1 100 1 100 1 1 1 1 1 1 1 1 1 1 1 1 1 1 1 1 1 1 1 1 1 1 1 1 1 1 1 1 1 1 1 1 1 1 1 1 1 1 1 1 1 1 1 1 1 1 1 1 1 1 1 1 1 1 1 1 1 1
staticfield java/util/concurrent/ConcurrentHashMap NCPU I 12
staticfield java/util/concurrent/ConcurrentHashMap serialPersistentFields [Ljava/io/ObjectStreamField; 3 [Ljava/io/ObjectStreamField;
staticfield java/util/concurrent/ConcurrentHashMap U Ljdk/internal/misc/Unsafe; jdk/internal/misc/Unsafe
staticfield java/util/concurrent/ConcurrentHashMap SIZECTL J 20
staticfield java/util/concurrent/ConcurrentHashMap TRANSFERINDEX J 32
staticfield java/util/concurrent/ConcurrentHashMap BASECOUNT J 24
staticfield java/util/concurrent/ConcurrentHashMap CELLSBUSY J 36
staticfield java/util/concurrent/ConcurrentHashMap CELLVALUE J 144
staticfield java/util/concurrent/ConcurrentHashMap ABASE I 16
staticfield java/util/concurrent/ConcurrentHashMap ASHIFT I 2
ciInstanceKlass java/lang/String 1 1 1396 10 7 12 1 1 1 8 1 9 7 12 1 1 1 9 12 1 1 9 12 1 1 10 12 1 10 12 1 1 10 12 1 1 9 12 1 1 10 7 12 1 1 1 10 7 1 10 7 12 1 1 1 10 12 1 1 10 12 1 1 10 12 1 10 12 1 1 10 12 1 10 7 12 1 1 1 9 7 12 1 1 1 10 7 12 1 1 1 10 12 1 1 10 12 1 1 10 12 1 1 10 12 1 1 10 12 1 1 9 7 12 1 1 10 12 9 7 12 1 1 3 10 7 12 1 1 1 7 1 11 12 1 1 11 12 1 11 12 1 1 10 100 12 1 1 1 10 12 1 1 9 100 12 1 1 1 10 12 1 1 10 12 1 11 12 1 1 10 12 1 1 10 12 10 12 1 1 10 100 12 1 1 1 10 7 12 1 1 1 10 12 1 1 7 1 100 1 10 12 1 10 12 1 10 12 1 1 100 1 10 12 1 1 100 1 10 12 1 1 10 12 1 1 10 10 12 1 100 1 100 1 7 1 10 12 1 10 12 1 1 10 12 1 1 10 12 1 10 12 1 1 10 12 1 1 10 100 12 1 1 100 1 11 11 12 1 11 12 1 10 12 1 1 10 12 1 10 12 10 12 1 1 10 10 100 12 1 1 1 10 100 12 1 1 10 12 1 1 10 100 12 1 1 10 12 1 10 12 1 1 10 12 1 1 10 12 1 10 12 1 10 12 1 1 100 1 10 12 1 1 10 12 10 12 1 10 12 1 1 10 100 12 1 1 1 10 12 1 10 12 1 1 10 12 1 10 12 1 3 3 10 12 1 10 12 1 1 10 12 1 1 10 12 1 1 10 12 1 10 12 1 1 10 12 1 1 10 12 1 10 12 1 10 12 1 10 12 1 1 10 12 1 10 12 1 10 12 1 10 12 1 10 12 1 10 12 1 10 100 1 10 8 1 10 12 1 1 10 12 1 8 1 10 12 1 1 10 12 10 12 1 8 1 10 10 12 1 1 10 12 1 1 10 12 1 10 12 1 1 10 12 10 100 1 10 10 12 1 10 12 1 10 12 1 10 10 12 1 10 12 1 1 10 12 1 100 1 10 10 12 1 100 1 10 10 12 1 10 12 1 1 10 12 1 10 12 1 1 10 10 12 1 1 10 100 1 10 10 12 1 10 12 1 1 10 12 1 1 10 100 1 10 12 1 10 12 1 10 12 1 10 12 1 1 10 12 1 11 7 1 11 12 10 12 1 10 12 1 1 10 12 1 1 10 10 12 1 10 12 1 9 12 1 1 11 7 12 1 1 1 10 10 12 1 10 12 1 1 10 10 12 1 10 12 1 10 12 1 1 9 12 1 10 12 1 1 10 10 12 1 1 10 12 10 10 12 1 10 12 10 10 12 10 10 12 1 10 12 1 10 12 10 10 12 10 12 1 10 12 10 12 10 10 12 1 10 12 1 1 10 12 1 10 10 12 1 10 7 12 1 1 1 10 12 1 1 10 10 7 12 1 1 1 11 10 12 1 10 12 1 1 10 12 1 1 10 7 12 1 1 1 10 12 1 10 10 12 1 10 12 1 10 12 1 10 100 12 1 1 10 12 1 100 1 100 1 8 1 10 10 10 12 1 8 1 10 12 1 3 3 7 1 10 10 12 1 10 12 1 10 12 1 1 10 12 1 1 11 7 12 1 1 1 7 1 10 12 1 1 10 12 1 10 12 1 1 10 12 1 1 8 1 10 12 1 1 10 12 1 11 100 12 1 1 1 11 100 12 1 1 11 12 1 1 10 12 1 10 12 1 1 10 10 7 12 1 1 1 10 12 1 10 12 1 10 10 12 10 12 1 1 10 10 12 1 10 10 12 1 10 10 12 1 10 10 12 1 10 12 1 1 10 10 12 1 8 1 10 12 1 1 18 12 1 1 11 100 12 1 1 1 7 1 3 18 12 1 18 12 1 8 1 10 100 12 1 1 1 11 12 1 1 10 12 10 10 12 1 10 11 12 1 1 10 12 1 1 11 12 1 18 3 11 10 12 1 11 11 10 12 1 10 12 1 1 8 1 10 12 1 10 12 1 10 12 1 1 10 10 12 1 11 100 12 1 7 1 100 1 10 12 1 7 1 10 10 7 12 1 1 1 100 1 10 7 1 10 10 12 1 10 10 12 1 8 1 10 10 12 1 8 1 8 1 10 12 1 10 12 1 10 10 12 10 100 12 1 1 10 7 12 1 1 10 7 12 1 1 8 1 10 12 1 10 12 1 1 10 10 12 8 1 8 1 10 8 1 8 1 8 1 8 1 10 12 1 10 12 1 8 1 10 100 12 1 1 1 10 12 10 12 1 1 10 12 10 10 12 10 12 7 1 9 12 1 1 7 1 10 100 1 100 1 100 1 100 1 1 1 1 1 1 5 0 1 1 1 1 1 3 1 3 1 1 1 1 1 1 1 1 1 1 1 1 1 1 1 100 1 1 1 100 1 1 1 1 1 1 1 1 1 1 1 1 1 1 1 1 1 1 1 1 1 1 1 1 1 1 1 100 1 1 1 1 1 1 1 1 1 100 1 1 1 1 1 1 1 1 1 1 1 1 1 1 1 1 1 1 1 1 1 1 1 1 1 1 1 1 1 1 1 1 1 1 1 1 1 1 1 1 1 1 1 1 1 1 1 1 1 1 1 1 1 1 1 1 1 1 1 1 1 1 1 1 1 1 1 1 1 1 1 1 1 1 1 1 1 1 1 1 1 1 1 1 1 1 1 1 1 1 1 1 1 1 1 1 1 1 1 1 1 1 1 1 1 1 1 1 1 1 1 1 1 1 1 1 1 1 1 1 1 1 1 1 1 1 1 1 1 1 1 1 1 1 1 1 1 1 1 1 1 1 1 1 1 1 1 1 1 1 1 1 1 1 1 1 1 1 1 1 1 1 1 1 1 1 1 1 1 100 1 1 1 1 1 1 1 1 1 1 1 1 1 1 1 1 1 1 1 1 1 1 1 1 100 1 1 1 1 1 1 1 1 1 1 1 1 1 7 1 1 1 1 1 1 1 1 1 1 1 1 1 1 1 15 10 100 12 1 1 1 16 15 10 12 16 15 10 12 15 10 12 15 10 12 1 1 1 1 100 1 100 1 1 1
staticfield java/lang/String COMPACT_STRINGS Z 1
staticfield java/lang/String serialPersistentFields [Ljava/io/ObjectStreamField; 0 [Ljava/io/ObjectStreamField;
staticfield java/lang/String CASE_INSENSITIVE_ORDER Ljava/util/Comparator; java/lang/String$CaseInsensitiveComparator
ciInstanceKlass java/security/ProtectionDomain 1 1 324 10 7 12 1 1 1 9 7 12 1 1 1 7 1 10 9 12 1 1 9 12 1 1 9 12 1 1 10 7 12 1 1 7 1 9 12 1 9 12 1 1 7 1 9 12 1 1 9 12 1 10 100 12 1 1 10 100 12 1 1 1 10 12 1 1 10 12 1 9 12 1 9 100 12 1 1 10 12 1 1 10 100 1 10 12 1 1 8 1 100 1 8 1 10 12 1 10 10 100 12 1 1 1 10 12 1 1 8 1 11 8 1 10 12 1 8 1 8 1 10 12 1 1 10 12 1 10 12 1 1 10 12 1 8 1 10 12 1 8 1 8 1 10 100 12 1 1 1 9 100 12 1 1 1 10 12 1 1 9 100 12 1 1 1 10 100 12 1 1 1 100 1 100 1 10 12 1 10 100 12 1 1 1 10 100 1 10 12 1 10 12 1 1 11 100 12 1 1 11 12 1 100 1 11 100 12 1 1 1 10 12 1 10 11 12 1 1 11 12 1 1 10 12 1 10 7 12 1 1 10 100 12 1 1 11 12 1 10 12 8 1 8 1 10 7 12 1 1 1 7 1 10 10 7 12 1 1 1 1 1 1 1 1 1 1 100 1 1 100 1 1 1 1 1 1 1 1 1 1 1 1 1 1 1 1 1 1 1 1 1 1 1 1 1 1 1 1 1 1 1 1 1 1 1 1 1 1 1 1 1 1 100 1 1 1 1 1 100 1 1 1 1 1
staticfield java/security/ProtectionDomain filePermCompatInPD Z 0
ciInstanceKlass java/security/CodeSource 1 1 395 10 7 12 1 1 1 9 7 12 1 1 1 9 12 1 1 9 12 1 1 9 12 1 1 10 7 12 1 1 1 9 12 1 1 10 7 12 1 1 10 7 10 100 12 1 1 1 10 100 12 1 1 1 10 12 1 1 7 1 10 10 7 12 1 1 1 10 7 12 1 1 1 10 12 1 1 10 12 1 7 1 10 12 1 1 10 12 1 1 10 12 1 1 10 12 1 10 10 10 12 1 1 10 100 12 1 1 1 10 12 1 10 12 1 10 12 1 8 1 10 12 1 10 12 1 10 12 1 1 10 12 1 8 1 10 12 1 1 10 7 1 10 10 12 1 1 8 1 10 12 1 10 12 1 10 12 1 8 1 8 1 9 12 1 1 100 1 8 1 10 12 1 10 12 1 1 8 1 10 12 1 8 1 8 1 8 1 10 100 12 1 1 10 12 1 1 10 12 1 10 12 1 1 10 12 1 1 10 12 1 1 100 1 100 1 10 12 1 10 12 10 12 1 1 10 100 12 1 1 10 12 1 100 1 10 12 10 8 1 10 12 1 10 12 1 10 12 1 1 100 1 10 12 1 1 100 1 100 1 8 1 8 1 10 10 12 1 1 10 100 12 1 1 1 100 1 10 12 10 12 1 1 11 100 12 1 1 10 10 12 1 11 10 12 1 8 1 100 1 10 12 1 10 12 1 1 10 12 1 11 12 1 1 11 100 1 1 1 1 5 0 1 1 1 1 1 1 1 1 1 1 1 1 1 1 1 1 1 1 1 1 1 1 1 1 1 1 1 1 1 1 1 1 1 1 1 1 1 1 1 1 1 1 1 1 1 1 1 1 1 1 1 1 1 1 1 1 1 1 1 1 1 1 1 1 1 100 1 1 1 1 1 1 1
ciInstanceKlass java/lang/StringBuilder 1 1 409 10 7 12 1 1 1 10 12 1 10 12 1 10 12 1 1 10 7 12 1 1 1 10 7 12 1 1 1 10 12 1 10 12 1 10 12 1 10 12 1 10 12 1 10 12 1 10 12 1 10 12 1 10 12 1 10 12 1 10 12 1 10 12 1 10 12 1 10 12 1 1 10 12 1 10 12 1 1 10 12 1 1 10 12 1 10 12 1 10 12 1 10 12 1 10 12 1 10 12 1 10 12 1 10 12 10 12 1 10 12 1 10 12 1 10 12 1 1 10 12 1 10 12 1 10 12 10 12 1 1 10 12 1 1 9 12 1 1 9 12 1 1 10 7 12 1 1 1 10 100 1 10 100 12 1 1 1 10 12 1 10 12 1 1 10 12 1 1 10 10 12 1 1 10 100 12 1 1 10 12 1 10 12 1 1 100 1 100 1 8 1 10 10 12 1 1 10 12 1 1 10 12 1 10 12 1 10 12 1 10 12 1 10 12 1 10 12 1 10 12 1 10 12 1 10 12 1 10 12 1 10 12 1 10 12 1 10 12 1 10 12 1 10 12 1 1 10 12 1 1 10 12 1 10 12 1 10 12 1 10 12 10 12 10 12 1 10 12 1 10 12 1 10 12 10 12 1 10 12 1 10 12 1 10 12 1 10 12 1 10 12 1 10 12 1 10 12 1 10 12 1 1 10 12 1 10 12 1 1 10 12 1 10 12 1 1 10 12 1 10 12 1 1 10 12 1 10 12 1 10 12 1 10 10 12 1 10 12 1 100 1 100 1 100 1 1 1 1 5 0 1 1 1 1 1 1 1 1 1 1 1 1 1 1 1 1 1 1 1 1 1 1 1 1 1 1 1 1 1 1 1 1 1 1 1 1 1 1 1 1 1 1 1 100 1 1 1 100 1 1 1 1 1 1 1 1 1 1
ciInstanceKlass jdk/internal/loader/ClassLoaders 1 1 183 10 100 12 1 1 1 10 7 12 1 1 1 10 12 1 1 10 100 12 1 1 1 9 7 12 1 1 1 9 12 1 1 9 12 1 1 7 1 11 100 12 1 1 1 100 1 11 12 1 1 11 12 1 1 10 100 12 1 1 1 10 100 12 1 1 1 100 1 100 1 10 7 12 1 1 1 9 12 1 1 10 12 1 1 7 1 10 12 1 1 10 12 1 7 1 8 1 10 7 12 1 1 1 10 12 1 1 7 1 10 12 1 10 12 1 10 12 1 8 1 10 7 12 1 1 8 1 8 1 10 12 1 7 1 10 12 1 10 12 1 10 12 1 1 1 1 1 1 1 1 1 1 1 1 1 1 1 1 1 1 1 1 100 1 1 1 1 1 1 1 1 1 1 1 1 1 1 1 1 1 1 1
staticfield jdk/internal/loader/ClassLoaders JLA Ljdk/internal/access/JavaLangAccess; java/lang/System$2
staticfield jdk/internal/loader/ClassLoaders BOOT_LOADER Ljdk/internal/loader/ClassLoaders$BootClassLoader; jdk/internal/loader/ClassLoaders$BootClassLoader
staticfield jdk/internal/loader/ClassLoaders PLATFORM_LOADER Ljdk/internal/loader/ClassLoaders$PlatformClassLoader; jdk/internal/loader/ClassLoaders$PlatformClassLoader
staticfield jdk/internal/loader/ClassLoaders APP_LOADER Ljdk/internal/loader/ClassLoaders$AppClassLoader; jdk/internal/loader/ClassLoaders$AppClassLoader
ciInstanceKlass jdk/internal/misc/Unsafe 1 1 1285 10 7 12 1 1 1 9 7 12 1 1 1 9 12 1 1 10 12 1 1 10 7 12 1 1 1 10 12 1 1 10 12 1 1 10 12 1 1 10 12 1 1 10 12 1 1 10 12 1 1 10 12 1 1 10 12 1 1 10 12 1 1 10 12 1 1 10 12 1 1 10 12 1 1 10 12 1 1 10 12 1 10 12 1 100 1 10 10 12 1 1 10 12 1 1 5 0 10 12 1 1 10 12 1 1 10 7 12 1 1 1 10 12 1 1 10 12 1 10 12 1 10 12 1 1 10 12 1 1 10 12 1 10 12 1 100 1 100 1 10 8 1 10 12 1 1 10 12 1 8 1 10 12 1 1 10 12 1 10 12 1 10 12 1 1 10 12 1 10 12 1 1 10 12 1 1 10 12 1 10 12 1 10 12 1 10 12 1 1 10 12 1 10 12 1 10 12 1 1 10 12 1 5 0 5 0 5 0 10 12 1 10 12 1 10 12 1 10 12 1 10 12 1 10 12 1 10 12 1 10 12 1 10 12 1 1 10 12 1 10 12 1 100 1 8 1 10 100 1 10 10 12 1 1 10 12 1 1 10 12 1 10 12 1 1 10 12 1 1 10 12 1 10 12 1 1 10 12 1 9 7 12 1 1 9 12 1 100 1 10 10 12 1 1 8 1 10 8 1 8 1 10 12 1 1 9 7 12 1 1 1 9 100 1 9 7 1 9 7 1 9 9 100 1 9 7 1 9 100 1 10 12 1 1 10 12 1 1 10 12 1 1 10 12 1 1 5 0 5 0 9 12 1 1 10 12 1 10 12 1 10 12 1 1 10 12 1 1 10 12 1 8 1 3 10 12 1 1 10 12 1 1 10 12 1 10 12 1 1 10 12 1 1 10 12 1 10 12 1 10 12 1 10 12 1 10 12 1 10 12 1 1 10 12 1 1 10 12 1 10 12 1 10 12 1 10 12 1 10 12 1 10 12 1 1 10 12 1 1 10 12 1 10 12 1 10 12 1 10 12 1 10 12 1 10 12 1 1 10 12 1 1 10 12 1 1 10 12 1 1 10 12 1 10 12 1 10 12 1 10 12 1 10 12 1 10 12 1 10 12 1 1 10 12 1 1 10 12 1 10 12 1 10 12 1 10 12 1 10 12 1 10 12 1 10 12 1 1 10 12 1 1 10 12 1 10 12 1 10 12 1 10 12 1 10 12 1 10 12 1 10 12 1 10 12 1 1 10 12 1 10 12 1 10 12 1 10 12 1 10 12 1 1 10 12 1 10 12 1 10 12 1 10 12 1 10 12 1 10 12 1 10 12 1 10 12 1 1 10 12 1 10 12 1 10 12 1 10 12 1 10 12 1 10 12 1 1 10 12 1 10 12 1 10 12 1 1 10 12 1 10 12 1 10 12 1 10 12 1 10 12 1 10 12 1 10 12 1 10 12 1 10 12 1 10 12 1 10 12 1 10 12 1 10 12 1 10 12 1 10 12 1 10 12 1 10 12 1 10 12 1 10 12 1 10 12 1 10 12 1 10 12 1 100 1 10 100 1 10 9 12 1 5 0 10 12 1 1 5 0 10 12 1 5 0 10 12 1 10 12 1 10 12 1 1 10 12 1 1 10 12 1 10 12 1 10 12 1 10 12 1 1 10 12 1 10 12 1 10 12 1 10 12 1 10 12 1 1 10 12 1 10 12 1 10 12 1 10 12 1 1 10 12 1 10 12 1 10 12 1 1 10 12 1 10 12 1 10 12 1 10 12 1 1 10 12 1 10 10 12 1 1 10 12 1 10 12 1 1 10 12 1 10 12 5 0 5 0 5 0 10 12 1 1 10 12 1 10 12 1 10 12 10 100 12 1 1 8 1 100 1 11 12 1 1 8 1 11 12 1 1 10 100 12 1 1 10 12 1 10 12 1 10 12 1 10 12 1 10 12 1 1 10 12 1 10 12 1 10 12 1 10 12 1 10 12 1 10 12 1 10 7 1 10 12 1 9 12 1 7 1 9 12 1 7 1 9 12 1 7 1 9 12 1 7 1 9 12 1 7 1 9 12 1 7 1 9 12 1 7 1 9 12 1 7 1 9 12 1 10 12 1 9 12 1 9 12 1 9 12 1 9 12 1 9 12 1 9 12 1 9 12 1 9 12 1 9 12 1 9 12 1 1 1 3 1 1 1 1 1 1 1 1 1 1 1 1 1 1 1 1 1 1 1 1 1 1 1 1 1 1 1 1 1 1 1 1 1 1 1 1 1 1 1 1 1 1 1 1 1 1 1 1 1 1 1 1 1 1 1 1 1 1 1 1 1 1 1 1 1 1 1 1 1 1 1 1 1 1 1 1 1 1 1 1 1 1 1 1 1 1 1 1 1 100 1 1 1 1 1 1 1 1 1 1 1 1 1 1 1 1 1 1 1 1 1 1 1 1 1 1 1 1 1 1 1 1 1 1 1 1 1 1 1 1 1 1 1 1 1 1 1 1 1 1 1 1 1 1 1 1 1 1 1 1 1 1 1 1 1 1 1 1 1 1 1 1 1 1 1 1 1 1 1 1 1 1 1 1 1 1 1 1 1 1 1 1 1 1 1 1 1 1 1 1 1 1 1 1 1 1 1 1 1 1 1 1 1 1 1 1 1 1 1 1 1 1 1 1 1 1 1 1 1 1 1 1 1 1 1 1 1 1 1 1 1 1 1 1 1 1 1 1 1 1 1 1 1 1 1 1 1 1 1 1 1 1 1 1 1 1 1 1 1 1 1 1 1 1 1 1 1 1 1 1 1 1 1 1 1 1 1 1 1 1 1 1 1 1 1 1 1 1 1 1 1 1 1 1 1 1 1 3 1 1 1 1 1 1 1 1 1 1 1 1 1 1 1 1 1 1 1 1 1
staticfield jdk/internal/misc/Unsafe theUnsafe Ljdk/internal/misc/Unsafe; jdk/internal/misc/Unsafe
staticfield jdk/internal/misc/Unsafe ARRAY_BOOLEAN_BASE_OFFSET I 16
staticfield jdk/internal/misc/Unsafe ARRAY_BYTE_BASE_OFFSET I 16
staticfield jdk/internal/misc/Unsafe ARRAY_SHORT_BASE_OFFSET I 16
staticfield jdk/internal/misc/Unsafe ARRAY_CHAR_BASE_OFFSET I 16
staticfield jdk/internal/misc/Unsafe ARRAY_INT_BASE_OFFSET I 16
staticfield jdk/internal/misc/Unsafe ARRAY_LONG_BASE_OFFSET I 16
staticfield jdk/internal/misc/Unsafe ARRAY_FLOAT_BASE_OFFSET I 16
staticfield jdk/internal/misc/Unsafe ARRAY_DOUBLE_BASE_OFFSET I 16
staticfield jdk/internal/misc/Unsafe ARRAY_OBJECT_BASE_OFFSET I 16
staticfield jdk/internal/misc/Unsafe ARRAY_BOOLEAN_INDEX_SCALE I 1
staticfield jdk/internal/misc/Unsafe ARRAY_BYTE_INDEX_SCALE I 1
staticfield jdk/internal/misc/Unsafe ARRAY_SHORT_INDEX_SCALE I 2
staticfield jdk/internal/misc/Unsafe ARRAY_CHAR_INDEX_SCALE I 2
staticfield jdk/internal/misc/Unsafe ARRAY_INT_INDEX_SCALE I 4
staticfield jdk/internal/misc/Unsafe ARRAY_LONG_INDEX_SCALE I 8
staticfield jdk/internal/misc/Unsafe ARRAY_FLOAT_INDEX_SCALE I 4
staticfield jdk/internal/misc/Unsafe ARRAY_DOUBLE_INDEX_SCALE I 8
staticfield jdk/internal/misc/Unsafe ARRAY_OBJECT_INDEX_SCALE I 4
staticfield jdk/internal/misc/Unsafe ADDRESS_SIZE I 8
ciInstanceKlass java/lang/ThreadGroup 1 1 293 10 7 12 1 1 1 9 7 12 1 1 1 8 1 9 12 1 1 7 1 9 12 1 9 12 1 1 10 12 1 1 10 12 1 1 10 12 1 10 12 1 1 10 12 1 9 12 1 1 10 12 1 1 10 12 1 9 12 1 10 100 12 1 1 1 9 12 1 9 12 1 1 10 7 12 1 1 1 100 10 12 1 1 10 7 12 1 1 1 10 100 12 1 9 12 1 10 12 1 1 10 12 1 1 9 12 1 1 10 12 1 1 10 12 1 10 12 1 10 12 1 1 10 12 1 1 10 12 1 10 12 1 10 10 12 1 10 12 1 10 100 1 10 10 12 1 10 12 1 10 12 1 7 10 12 1 9 12 1 1 10 12 1 1 8 1 10 100 12 1 1 1 10 12 1 1 10 12 1 1 10 12 1 1 11 100 1 100 1 9 12 1 100 1 10 8 1 10 12 1 1 10 12 1 1 8 1 10 12 1 10 100 12 1 1 1 10 12 1 1 10 100 1 8 1 10 8 1 10 12 1 8 1 1 1 1 1 1 1 1 1 1 1 1 1 1 1 1 1 3 1 1 1 1 1 1 1 1 1 1 1 1 1 1 1 1 1 1 1 1 1 1 1 1 1 1 1 1 1 1 1 1 1 1 1 1 1 1 1 1 1 1
instanceKlass org/gradle/internal/configuration/inputs/AccessTrackingProperties
instanceKlass java/security/Provider
ciInstanceKlass java/util/Properties 1 1 651 10 7 12 1 1 1 100 1 10 7 12 1 1 7 1 10 12 1 9 12 1 1 9 12 1 1 9 12 1 1 10 7 12 1 1 1 10 12 1 1 8 1 10 7 12 1 1 1 7 1 10 12 1 10 12 1 1 8 1 10 12 1 7 1 10 12 10 12 1 1 9 12 1 1 10 12 1 1 7 1 10 12 1 10 12 1 10 12 1 1 100 1 8 1 10 12 1 10 12 1 10 12 1 1 10 12 1 100 1 3 10 10 7 12 1 1 1 10 12 1 10 12 1 1 8 1 10 12 1 10 12 1 1 8 1 10 7 12 1 1 10 12 1 1 10 12 1 10 12 1 1 100 1 10 12 1 10 12 1 1 7 1 9 7 12 1 1 1 10 12 1 10 12 1 1 7 1 10 10 10 12 1 1 11 7 12 1 1 1 11 7 12 1 1 1 11 12 1 1 7 1 11 12 1 11 12 1 10 12 1 1 8 1 10 12 1 10 12 1 100 1 10 10 12 1 1 10 100 12 1 1 9 100 12 1 1 10 12 1 1 10 100 12 1 1 1 100 1 100 1 100 1 10 8 1 8 1 10 12 1 10 12 1 10 12 1 1 10 10 12 1 1 10 12 1 1 7 1 10 10 12 1 11 7 12 1 1 10 7 12 1 1 1 8 1 10 100 12 1 1 11 8 1 10 100 1 11 10 12 1 10 12 1 10 12 1 10 12 1 1 10 12 1 1 10 12 1 1 10 12 1 10 12 1 10 10 12 1 10 12 1 10 12 1 10 10 12 1 1 10 12 1 1 7 1 10 10 12 1 10 12 1 10 12 1 10 12 1 10 12 1 1 10 12 1 1 10 12 1 10 12 1 10 12 1 1 10 12 10 12 1 1 10 12 1 1 10 12 1 10 12 1 1 10 12 1 1 10 12 100 1 10 11 100 12 1 1 4 11 10 12 1 1 10 100 12 1 1 11 12 1 10 12 1 1 10 100 12 1 1 10 12 1 100 1 8 1 10 12 1 10 10 100 12 1 1 1 100 1 6 0 10 12 1 1 11 100 12 1 1 1 10 12 1 10 12 1 1 1 1 1 5 0 1 1 1 1 1 1 1 1 1 1 1 1 1 1 1 1 1 1 1 1 1 1 1 1 1 1 1 1 1 1 1 1 1 1 1 1 1 1 1 1 100 1 1 1 1 1 1 1 1 1 1 1 1 1 1 1 1 1 1 1 1 100 1 1 1 1 1 1 1 100 1 100 1 1 1 1 100 1 1 1 1 1 1 1 1 1 1 1 1 1 1 1 1 1 1 1 1 1 1 1 1 1 1 1 1 1 1 1 1 1 1 1 1 1 1 1 1 1 1 1 1 1 1 1 1 1 1 1 1 1 1 1 1 1 1 1 1 1 1 1 1 1 1 1 1 1 1 1 1 1 1 1 1 100 1 1 1 1 1 1 1 1 1 100 1 1 1
staticfield java/util/Properties UNSAFE Ljdk/internal/misc/Unsafe; jdk/internal/misc/Unsafe
instanceKlass java/util/Hashtable
ciInstanceKlass java/util/Dictionary 1 1 36 10 7 12 1 1 1 100 1 1 1 1 1 1 1 1 1 1 1 1 1 1 1 1 1 1 1 1 1 1 1 1 1 1 1 1
instanceKlass java/util/Properties
ciInstanceKlass java/util/Hashtable 1 1 512 100 1 10 7 12 1 1 1 9 7 12 1 1 1 100 1 100 1 10 8 1 10 12 1 1 10 12 1 10 12 1 1 10 12 1 10 7 12 1 1 1 8 1 10 12 1 9 12 1 1 7 1 9 12 1 1 4 10 7 12 1 1 1 9 12 1 4 10 12 1 11 7 12 1 1 1 10 12 1 1 10 12 1 1 9 12 1 10 12 1 1 100 1 10 9 12 1 1 10 7 12 1 1 1 9 12 1 1 10 12 1 10 12 1 3 9 12 1 9 12 1 3 10 12 1 10 12 1 10 12 1 1 11 12 1 1 11 7 12 1 1 1 11 7 12 1 1 1 11 12 1 7 1 11 12 1 11 12 1 10 12 1 1 10 12 1 1 10 12 1 9 12 1 1 9 12 9 12 1 1 10 100 1 100 1 10 12 1 10 8 1 10 10 12 1 8 1 10 8 1 10 7 12 1 1 1 7 1 10 12 1 10 12 1 100 1 10 12 1 10 12 1 1 7 1 10 100 1 10 10 12 1 1 11 12 1 1 11 12 1 100 1 10 10 10 100 12 1 1 11 100 12 1 1 1 100 1 10 11 100 12 1 1 11 100 12 1 10 12 1 10 12 1 1 10 100 12 1 1 10 12 1 1 10 12 1 1 10 12 1 1 10 100 12 1 1 1 8 10 100 12 1 1 100 1 8 1 10 4 10 12 4 10 12 1 8 1 10 12 10 100 12 1 1 1 100 1 11 100 12 1 1 1 10 100 12 1 1 1 10 12 1 10 12 1 1 10 100 1 100 1 1 1 1 1 1 5 0 1 1 1 1 1 3 1 3 1 3 1 1 1 1 1 1 1 1 1 1 1 1 1 1 1 1 1 1 1 1 1 1 1 1 1 100 1 1 1 1 1 1 1 1 1 1 1 1 1 1 1 1 1 1 1 1 1 1 1 1 1 1 1 1 1 100 1 1 1 1 1 1 1 1 1 1 1 1 1 1 1 1 1 1 1 1 1 1 1 1 1 1 1 1 1 1 1 1 1 1 1 1 1 1 1 1 1 1 1 1 1 1 1 1 1 1 1 1 1 1 1 1 1 1 100 1 1 1 100 1 1 1 1 1 100 1 1 1 1 1 1 1 1 1 1 1 1 1 1 1 1 1 1
instanceKlass sun/nio/ch/ChannelInputStream
instanceKlass jdk/nio/zipfs/ZipFileSystem$EntryInputStream
instanceKlass java/util/jar/JarVerifier$VerifierStream
instanceKlass org/gradle/internal/io/StreamByteBuffer$StreamByteBufferInputStream
instanceKlass com/google/common/io/BaseEncoding$StandardBaseEncoding$2
instanceKlass org/gradle/util/internal/BulkReadInputStream
instanceKlass org/apache/tools/ant/util/FileUtils$1
instanceKlass java/io/ObjectInputStream$PeekInputStream
instanceKlass java/io/ObjectInputStream$BlockDataInputStream
instanceKlass java/io/ObjectInputStream
instanceKlass org/gradle/internal/remote/internal/inet/SocketConnection$SocketInputStream
instanceKlass org/gradle/internal/file/RandomAccessFileInputStream
instanceKlass org/gradle/internal/daemon/clientinput/StdInStream
instanceKlass com/esotericsoftware/kryo/io/Input
instanceKlass org/gradle/internal/serialize/kryo/KryoBackedDecoder$1
instanceKlass org/gradle/internal/serialize/AbstractDecoder$DecoderStream
instanceKlass org/gradle/internal/stream/EncodedStream$EncodedInput
instanceKlass java/util/zip/ZipFile$ZipFileInputStream
instanceKlass java/io/FilterInputStream
instanceKlass java/io/FileInputStream
instanceKlass java/io/ByteArrayInputStream
ciInstanceKlass java/io/InputStream 1 1 184 100 1 10 7 12 1 1 1 100 1 10 10 7 12 1 1 1 10 7 12 1 1 1 10 12 1 7 1 3 10 12 1 1 100 1 8 1 10 12 1 10 7 12 1 1 1 3 100 1 8 1 10 10 7 12 1 1 1 7 1 10 11 7 12 1 1 1 10 12 1 1 11 12 1 1 11 7 12 1 1 1 11 12 1 1 7 1 10 7 12 1 1 1 5 0 10 12 1 10 12 1 1 100 1 10 8 1 10 8 1 8 1 10 12 1 1 10 100 12 1 1 1 100 1 1 1 1 3 1 3 1 1 1 1 1 1 1 1 1 1 1 1 1 1 1 1 1 1 1 1 1 1 1 1 1 1 1 1 1 1 1 1 1 1 1 1 1 1 1 1 1 1 1 1 1 1 1 1 1 1 1 1 1
ciInstanceKlass java/io/ByteArrayInputStream 1 1 117 10 7 12 1 1 1 9 7 12 1 1 1 9 12 1 1 9 12 1 9 12 1 10 7 12 1 1 1 10 7 12 1 1 1 10 7 12 1 1 1 10 100 12 1 1 1 10 12 1 1 3 10 100 1 10 100 12 1 1 1 9 12 1 1 100 1 10 10 7 12 1 1 1 1 1 1 1 1 1 1 1 1 1 1 1 1 1 1 1 1 1 1 1 1 1 1 1 1 1 1 1 100 1 1 1 1 1 1 1 1 1 1 1 1 1 1
staticfield java/io/ByteArrayInputStream $assertionsDisabled Z 1
ciInstanceKlass java/io/FileDescriptor 1 1 162 10 7 12 1 1 1 9 7 12 1 1 1 5 0 9 12 1 1 10 12 1 1 10 12 1 1 9 12 1 1 9 12 1 1 10 7 12 1 1 8 1 10 7 12 1 1 1 10 12 1 10 12 1 9 12 1 1 9 12 1 1 100 1 10 11 100 12 1 1 1 9 12 1 11 12 1 1 11 100 12 1 1 1 11 12 1 1 7 1 11 12 1 7 1 10 12 1 1 100 1 10 10 12 1 7 1 10 10 7 12 1 1 1 10 12 1 9 12 1 1 9 12 1 9 12 1 1 1 1 1 1 1 1 1 1 1 1 100 1 1 1 1 1 1 1 1 1 1 1 1 1 1 1 1 1 1 1 1 1 1 1
staticfield java/io/FileDescriptor in Ljava/io/FileDescriptor; java/io/FileDescriptor
staticfield java/io/FileDescriptor out Ljava/io/FileDescriptor; java/io/FileDescriptor
staticfield java/io/FileDescriptor err Ljava/io/FileDescriptor; java/io/FileDescriptor
instanceKlass net/rubygrapefruit/platform/internal/jni/AbstractFileEventFunctions$AbstractFileWatcher$1
instanceKlass org/gradle/launcher/daemon/server/exec/DaemonConnectionBackedEventConsumer$ForwardEvents
instanceKlass org/gradle/launcher/daemon/server/exec/LogToClient$AsynchronousLogDispatcher
instanceKlass java/util/concurrent/ForkJoinWorkerThread
instanceKlass java/util/logging/LogManager$Cleaner
instanceKlass jdk/internal/misc/InnocuousThread
instanceKlass java/lang/ref/Finalizer$FinalizerThread
instanceKlass java/lang/ref/Reference$ReferenceHandler
ciInstanceKlass java/lang/Thread 1 1 612 9 7 12 1 1 1 9 12 1 1 10 12 1 1 9 12 1 1 9 12 1 1 100 1 8 1 10 12 1 1 3 8 1 100 1 5 0 10 12 1 1 10 7 12 1 1 9 12 1 1 9 12 1 9 12 1 1 9 12 1 100 1 8 1 10 9 12 1 1 10 7 12 1 1 1 10 100 12 1 1 1 10 10 7 12 1 1 10 12 1 1 10 12 1 1 9 100 12 1 1 1 10 12 1 1 10 12 1 9 12 1 1 10 12 1 1 10 12 1 1 9 12 1 10 12 1 1 9 12 1 1 10 7 12 1 1 1 9 12 1 1 9 12 1 1 10 12 1 1 10 7 12 1 1 1 9 12 1 10 12 1 1 9 12 1 100 1 10 7 1 10 8 1 10 12 1 1 10 12 1 10 12 1 10 12 1 1 10 12 1 10 12 1 9 12 1 100 1 10 10 12 1 1 10 12 1 10 12 1 100 1 11 7 12 1 1 9 7 12 1 1 1 10 12 1 10 12 1 10 12 9 12 1 1 10 9 12 1 10 12 1 100 1 10 10 12 1 1 9 12 1 10 12 1 11 100 12 1 1 10 12 1 9 12 1 10 12 1 10 12 1 10 10 12 1 10 12 1 10 12 1 10 12 1 10 12 1 1 100 1 10 10 12 1 10 12 1 10 12 1 9 100 12 1 1 1 10 12 1 1 10 12 1 100 1 8 1 10 10 12 1 10 12 8 1 10 12 1 8 1 10 8 1 8 1 10 100 12 1 1 10 100 12 1 1 1 100 1 8 1 10 9 12 1 9 12 1 1 10 12 1 1 10 10 12 1 1 9 12 1 10 12 1 1 100 1 10 12 11 100 12 1 1 1 9 100 12 1 1 1 9 12 1 1 10 12 1 1 100 1 10 12 1 11 100 12 1 1 1 100 1 10 12 1 10 12 1 1 11 12 1 10 12 1 100 1 10 12 1 10 12 1 1 10 7 12 1 1 1 8 1 9 12 1 10 12 1 1 11 100 12 1 1 1 10 100 12 1 1 1 11 12 1 10 12 1 7 1 1 1 1 3 1 3 1 3 1 1 1 1 1 1 1 1 1 1 1 1 1 1 1 1 1 1 1 100 1 1 1 1 1 1 1 1 1 1 1 1 100 1 100 1 1 1 1 1 1 1 1 1 1 1 1 1 1 1 1 1 1 1 1 1 1 1 1 1 1 1 1 1 1 1 1 1 1 1 1 1 1 1 1 1 1 1 100 100 1 1 1 1 1 1 1 1 1 100 1 1 1 1 1 1 1 1 1 1 1 1 1 1 1 1 1 1 1 1 1 1 1 1 1 1 1 1 100 1 1 1 1 1 1 100 1 1 100 1 1 1 1 1 1
staticfield java/lang/Thread EMPTY_STACK_TRACE [Ljava/lang/StackTraceElement; 0 [Ljava/lang/StackTraceElement;
instanceKlass java/lang/Exception
instanceKlass java/lang/Error
ciInstanceKlass java/lang/Throwable 1 1 393 10 7 12 1 1 1 9 7 12 1 1 1 9 12 1 1 9 12 1 9 12 1 1 9 12 1 10 12 1 1 9 12 1 1 10 12 1 1 10 12 1 100 1 7 1 10 8 1 10 12 1 1 8 1 10 7 12 1 1 10 10 12 1 100 1 8 1 10 10 12 1 1 10 7 12 1 1 10 12 1 8 1 9 100 12 1 1 1 10 12 1 1 100 1 10 12 10 12 1 7 1 10 10 7 12 1 1 1 11 7 12 1 1 1 10 7 12 1 1 1 10 12 1 1 10 12 1 1 8 1 10 12 1 10 12 1 1 8 1 8 1 10 12 1 1 10 12 1 8 1 8 1 9 12 1 1 10 100 12 1 1 100 1 10 11 12 1 8 1 8 1 10 7 12 1 1 8 1 10 12 1 8 1 7 1 10 12 1 9 12 1 1 10 12 1 10 7 12 1 9 12 1 1 10 12 1 1 100 1 8 1 10 12 1 10 100 12 1 1 10 12 1 1 7 1 10 100 12 1 1 1 10 12 1 11 7 12 1 1 1 11 100 12 1 1 1 11 12 1 8 1 10 12 1 1 8 1 10 10 9 100 12 1 1 1 8 1 10 12 1 1 10 100 1 8 1 10 11 12 1 1 8 1 9 12 1 10 7 12 1 1 11 9 12 1 1 11 12 1 1 7 10 12 1 10 12 1 1 100 1 1 1 1 5 0 1 1 1 1 1 1 1 1 1 1 1 1 1 100 1 1 1 1 1 1 1 1 1 1 1 1 1 1 1 1 1 1 1 1 1 1 1 1 1 1 1 1 1 1 1 1 1 1 1 1 1 1 1 1 1 1 7 1 7 1 1 1 1 1 1 1 1 1 1 1 1 1 1 1 1 1 1
staticfield java/lang/Throwable UNASSIGNED_STACK [Ljava/lang/StackTraceElement; 0 [Ljava/lang/StackTraceElement;
staticfield java/lang/Throwable SUPPRESSED_SENTINEL Ljava/util/List; java/util/Collections$EmptyList
staticfield java/lang/Throwable EMPTY_THROWABLE_ARRAY [Ljava/lang/Throwable; 0 [Ljava/lang/Throwable;
staticfield java/lang/Throwable $assertionsDisabled Z 1
instanceKlass java/sql/SQLException
instanceKlass java/beans/PropertyVetoException
instanceKlass java/awt/AWTException
instanceKlass sun/nio/fs/WindowsException
instanceKlass org/codehaus/groovy/GroovyException
instanceKlass org/apache/maven/settings/building/SettingsBuildingException
instanceKlass com/jcraft/jsch/JSchException
instanceKlass java/util/concurrent/TimeoutException
instanceKlass javax/xml/xpath/XPathException
instanceKlass org/xml/sax/SAXException
instanceKlass javax/xml/parsers/ParserConfigurationException
instanceKlass org/gradle/api/internal/attributes/AttributeMergingException
instanceKlass java/lang/CloneNotSupportedException
instanceKlass com/google/common/collect/RegularImmutableMap$BucketOverflowException
instanceKlass java/security/PrivilegedActionException
instanceKlass sun/security/pkcs11/wrapper/PKCS11Exception
instanceKlass java/security/GeneralSecurityException
instanceKlass java/util/concurrent/ExecutionException
instanceKlass java/text/ParseException
instanceKlass java/lang/InterruptedException
instanceKlass java/net/URISyntaxException
instanceKlass java/io/IOException
instanceKlass java/lang/ReflectiveOperationException
instanceKlass java/lang/RuntimeException
ciInstanceKlass java/lang/Exception 1 1 40 10 7 12 1 1 1 10 12 1 10 12 1 10 12 1 10 12 1 100 1 1 1 1 5 0 1 1 1 1 1 1 1 1 1 1 1 1 1 1
instanceKlass java/lang/InstantiationException
instanceKlass java/lang/reflect/InvocationTargetException
instanceKlass java/lang/IllegalAccessException
instanceKlass java/lang/NoSuchFieldException
instanceKlass java/lang/NoSuchMethodException
instanceKlass java/lang/ClassNotFoundException
ciInstanceKlass java/lang/ReflectiveOperationException 1 1 34 10 7 12 1 1 1 10 12 1 10 12 1 10 12 1 100 1 1 1 1 5 0 1 1 1 1 1 1 1 1 1 1 1
instanceKlass java/util/ServiceConfigurationError
instanceKlass kotlin/NotImplementedError
instanceKlass com/google/common/util/concurrent/ExecutionError
instanceKlass java/lang/AssertionError
instanceKlass java/lang/VirtualMachineError
instanceKlass java/lang/LinkageError
instanceKlass java/lang/ThreadDeath
ciInstanceKlass java/lang/Error 1 1 40 10 7 12 1 1 1 10 12 1 10 12 1 10 12 1 10 12 1 100 1 1 1 1 5 0 1 1 1 1 1 1 1 1 1 1 1 1 1 1
ciInstanceKlass java/lang/ThreadDeath 0 0 21 10 100 12 1 1 1 100 1 1 1 1 5 0 1 1 1 1 1 1 1
ciInstanceKlass java/lang/ClassNotFoundException 1 1 96 7 1 10 7 12 1 1 1 10 12 1 10 12 1 1 10 100 12 1 1 1 8 1 10 100 12 1 1 1 10 7 12 1 1 10 100 12 1 1 1 10 100 12 1 1 1 10 12 1 1 7 1 10 12 1 9 12 1 1 1 1 1 5 0 1 1 1 1 1 1 1 1 1 1 1 1 1 1 1 1 1 1 100 1 1 1 1 1 1 1 1 1 1 1 1
staticfield java/lang/ClassNotFoundException serialPersistentFields [Ljava/io/ObjectStreamField; 1 [Ljava/io/ObjectStreamField;
instanceKlass java/lang/ClassFormatError
instanceKlass java/lang/UnsatisfiedLinkError
instanceKlass java/lang/IncompatibleClassChangeError
instanceKlass java/lang/BootstrapMethodError
instanceKlass java/lang/NoClassDefFoundError
ciInstanceKlass java/lang/LinkageError 1 1 31 10 7 12 1 1 1 10 12 1 10 12 1 100 1 1 1 1 5 0 1 1 1 1 1 1 1 1 1 1 1
instanceKlass sun/security/pkcs/SignerInfo$AlgorithmInfo
instanceKlass jdk/net/UnixDomainPrincipal
ciInstanceKlass java/lang/Record 1 1 22 10 7 12 1 1 1 100 1 1 1 1 1 1 1 1 1 1 1 1 1 1
ciInstanceKlass java/lang/Boolean 1 1 151 10 7 12 1 1 1 9 7 12 1 1 1 10 12 1 1 10 12 1 8 1 10 7 12 1 1 9 12 1 1 9 12 1 8 1 10 12 1 1 10 12 1 1 10 7 12 1 1 1 100 1 100 1 10 12 1 1 9 100 12 1 1 9 12 10 100 12 1 1 1 10 12 1 1 8 1 10 7 12 1 1 1 9 12 1 1 100 1 100 1 100 1 1 1 1 1 1 5 0 1 1 1 1 1 1 1 1 1 1 3 1 1 1 1 1 1 1 1 1 1 1 1 1 1 1 1 1 1 1 1 100 1 1 1 1 1 1 1 1 1 1 100 1 1 1 1 1 1 1 1
staticfield java/lang/Boolean TRUE Ljava/lang/Boolean; java/lang/Boolean
staticfield java/lang/Boolean FALSE Ljava/lang/Boolean; java/lang/Boolean
staticfield java/lang/Boolean TYPE Ljava/lang/Class; java/lang/Class
instanceKlass java/util/concurrent/locks/AbstractQueuedSynchronizer
ciInstanceKlass java/util/concurrent/locks/AbstractOwnableSynchronizer 1 1 32 10 7 12 1 1 1 9 7 12 1 1 1 100 1 1 1 1 5 0 1 1 1 1 1 1 1 1 1 1 1 1
instanceKlass com/google/common/cache/Striped64
instanceKlass java/math/BigDecimal
instanceKlass java/util/concurrent/atomic/Striped64
instanceKlass java/math/BigInteger
instanceKlass java/util/concurrent/atomic/AtomicLong
instanceKlass java/util/concurrent/atomic/AtomicInteger
instanceKlass java/lang/Long
instanceKlass java/lang/Integer
instanceKlass java/lang/Short
instanceKlass java/lang/Byte
instanceKlass java/lang/Double
instanceKlass java/lang/Float
ciInstanceKlass java/lang/Number 1 1 37 10 7 12 1 1 1 10 100 12 1 1 1 100 1 1 1 1 5 0 1 1 1 1 1 1 1 1 1 1 1 1 1 1 1 1 1
instanceKlass java/lang/LiveStackFrameInfo
ciInstanceKlass java/lang/StackFrameInfo 0 0 132 10 100 12 1 1 1 9 100 12 1 1 1 9 100 1 9 12 1 1 11 100 12 1 1 1 9 12 1 1 11 12 1 1 10 12 1 1 10 100 12 1 1 1 10 12 1 11 12 1 11 12 1 1 11 12 1 10 12 1 1 9 12 1 1 10 12 1 1 10 100 12 1 1 10 12 1 1 11 12 1 1 10 12 1 9 12 1 1 10 12 1 1 100 1 8 1 10 12 1 10 100 12 1 1 1 100 1 1 1 1 1 1 1 1 1 1 1 1 1 1 1 1 1 1 100 1 1 1 1 1 1
ciInstanceKlass java/lang/LiveStackFrameInfo 0 0 97 10 100 12 1 1 1 9 100 12 1 1 1 9 12 1 9 12 1 9 12 1 9 12 1 1 100 1 10 12 1 1 10 12 1 8 1 10 12 1 1 8 1 8 1 8 1 10 100 1 10 12 1 100 1 10 12 1 100 1 100 1 1 1 3 1 3 1 1 1 1 1 1 1 1 1 1 1 1 1 1 1 1 1 1 1 1 1 1 1 1 1 1 1 100 1 1
ciInstanceKlass java/lang/Character 1 1 576 7 1 100 1 100 1 9 12 1 1 8 1 9 12 1 1 100 1 9 12 1 1 10 100 12 1 1 1 10 100 12 1 1 1 10 100 12 1 1 1 10 7 12 1 1 1 9 7 12 1 1 1 10 12 1 10 12 1 1 10 12 1 1 10 7 12 1 1 10 12 1 1 3 3 3 3 3 10 12 1 1 10 12 1 3 11 7 12 1 1 1 11 12 1 1 10 12 1 1 10 12 1 1 100 1 10 10 12 1 3 10 12 1 1 10 12 1 10 12 1 1 100 1 8 1 10 12 1 1 10 12 1 10 12 1 10 12 1 10 12 1 10 12 1 1 10 12 1 10 7 12 1 1 10 10 12 1 10 10 12 1 10 12 1 1 10 12 1 10 10 12 1 10 12 1 10 12 1 10 12 1 10 12 1 10 12 1 10 12 1 10 12 10 10 12 10 10 12 1 10 10 12 1 10 10 12 1 10 10 12 1 10 10 12 1 10 10 12 1 10 10 12 1 1 10 10 12 1 10 5 0 10 12 1 10 12 1 10 10 12 1 10 10 12 1 1 10 10 12 1 10 10 12 1 9 12 1 1 100 1 10 10 12 1 10 12 1 1 3 10 100 12 1 1 1 10 12 1 10 100 12 1 1 100 1 10 10 12 1 1 10 12 1 1 10 12 1 1 8 1 10 12 1 9 100 12 1 1 1 10 12 1 10 10 12 1 10 12 1 1 10 12 1 10 10 12 1 1 10 10 12 1 1 100 1 8 1 10 12 1 1 10 7 12 1 1 1 8 1 10 12 1 1 9 12 1 1 100 1 100 1 100 1 1 1 1 3 1 3 1 3 1 3 1 1 1 1 1 3 1 1 3 1 3 1 3 1 3 1 3 1 3 1 3 1 3 1 3 1 3 1 3 1 3 1 3 1 3 1 3 1 3 1 3 1 3 1 3 1 3 1 3 1 3 1 3 1 3 1 3 1 3 1 3 1 3 1 1 1 1 1 1 1 1 1 1 1 1 1 1 1 1 1 1 1 3 1 1 1 1 1 1 1 3 1 1 3 1 1 1 1 1 3 1 1 5 0 1 1 1 1 1 1 1 1 1 1 1 1 1 1 1 1 1 1 1 1 1 1 1 1 1 1 1 1 1 1 1 1 1 1 1 1 1 1 1 1 1 1 1 1 1 1 1 1 1 1 1 1 1 1 1 1 1 1 1 1 1 1 1 1 1 1 1 1 1 1 1 1 1 1 1 1 1 1 1 1 1 1 1 1 1 1 1 1 1 100 1 100 1 1 1 1 1 1
staticfield java/lang/Character TYPE Ljava/lang/Class; java/lang/Class
staticfield java/lang/Character $assertionsDisabled Z 1
ciInstanceKlass java/lang/Float 1 1 223 7 1 100 1 10 7 12 1 1 1 10 100 12 1 1 1 4 100 1 10 12 1 1 10 12 1 1 8 1 8 1 10 100 12 1 1 1 10 12 1 1 10 12 1 1 10 4 4 4 10 7 12 1 1 9 12 1 1 10 12 1 1 10 12 1 10 12 1 10 12 1 1 10 12 1 10 12 1 3 10 12 1 1 10 12 1 1 10 12 1 10 100 12 1 1 1 10 12 1 1 10 12 1 1 8 1 10 7 12 1 1 1 9 12 1 1 100 1 100 1 100 1 1 1 1 1 4 1 1 1 4 1 1 3 1 3 1 3 1 3 1 1 1 1 5 0 1 1 1 1 1 1 1 1 1 1 100 1 1 1 1 1 1 1 1 1 1 1 1 1 3 1 1 1 1 1 1 1 1 1 1 1 1 1 1 1 1 1 1 1 1 1 1 1 1 1 1 1 1 1 1 1 1 1 1 1 1 1 1 100 1 1 1 1 1 1 1 100 1 100 1 1
staticfield java/lang/Float TYPE Ljava/lang/Class; java/lang/Class
ciInstanceKlass java/lang/Double 1 1 285 7 1 100 1 10 7 12 1 1 1 10 12 1 1 10 12 1 100 1 10 12 1 1 10 100 12 1 1 1 6 0 8 1 10 12 1 1 8 1 10 12 1 1 8 1 6 0 10 12 1 1 100 1 5 0 5 0 8 1 8 1 10 100 12 1 1 1 10 100 12 1 1 1 8 1 10 12 1 1 8 1 8 1 8 1 10 12 1 1 10 12 1 10 12 1 1 10 12 1 10 12 1 10 12 1 1 10 12 1 10 6 0 6 0 6 0 10 7 12 1 1 9 12 1 1 10 12 1 10 12 1 10 12 1 10 12 1 5 0 10 12 1 1 10 12 1 10 12 1 10 100 12 1 1 1 10 12 1 1 10 12 1 1 8 1 10 7 12 1 1 1 9 12 1 1 100 1 100 1 100 1 1 1 1 1 6 0 1 1 1 6 0 1 1 3 1 3 1 3 1 3 1 1 1 1 5 0 1 1 1 1 1 1 1 1 1 1 1 1 1 1 1 1 100 1 1 1 1 1 1 1 1 1 1 1 1 3 1 1 1 1 1 1 1 1 1 1 1 1 1 1 1 1 1 1 1 1 1 1 1 1 1 1 1 1 1 1 1 1 1 1 100 1 1 1 1 1 1 1 100 1 100 1 1
staticfield java/lang/Double TYPE Ljava/lang/Class; java/lang/Class
ciInstanceKlass java/lang/Byte 1 1 215 7 1 100 1 10 100 12 1 1 1 9 12 1 1 8 1 9 12 1 1 100 1 10 12 1 1 10 12 1 1 10 100 12 1 1 1 10 100 12 1 1 1 9 7 12 1 1 1 10 12 1 1 100 1 100 1 10 12 1 1 8 1 10 12 1 1 8 1 10 12 1 10 12 1 10 12 1 10 12 1 1 10 12 1 10 12 1 10 12 1 1 10 8 1 8 1 10 7 1 9 12 1 1 10 12 1 10 12 1 1 10 12 1 1 10 12 1 1 10 12 1 5 0 10 12 1 1 8 1 10 7 12 1 1 1 9 12 1 1 100 1 100 1 1 1 3 1 3 1 1 1 1 3 1 3 1 1 5 0 1 1 1 1 1 1 1 1 1 1 1 1 1 1 1 1 1 1 1 1 1 1 1 1 1 1 1 1 1 1 1 1 1 1 1 1 1 1 1 1 1 1 1 1 1 1 1 1 1 1 1 1 1 1 1
staticfield java/lang/Byte TYPE Ljava/lang/Class; java/lang/Class
ciInstanceKlass java/lang/Short 1 1 224 7 1 100 1 100 1 10 100 12 1 1 1 10 12 1 1 7 1 100 1 10 12 1 1 8 1 10 12 1 1 8 1 10 12 1 10 12 1 10 12 1 10 12 1 1 10 12 1 1 10 12 1 9 12 1 1 8 1 9 12 1 1 100 1 10 12 1 1 10 12 1 10 100 12 1 1 1 10 100 12 1 1 1 9 7 12 1 1 1 10 12 1 10 12 1 1 10 8 1 8 1 10 7 1 9 12 1 1 10 12 1 10 12 1 1 10 12 1 1 10 12 1 1 10 12 1 3 3 5 0 10 12 1 1 8 1 10 7 12 1 1 1 9 12 1 1 100 1 100 1 1 1 3 1 3 1 1 1 1 3 1 3 1 1 5 0 1 1 1 1 1 1 1 1 1 1 1 1 1 1 1 1 1 1 1 1 1 1 1 1 1 1 1 3 1 1 1 1 1 1 1 1 1 1 1 1 1 1 1 1 1 1 1 1 1 1 1 1 1 1 1 1 1
staticfield java/lang/Short TYPE Ljava/lang/Class; java/lang/Class
ciInstanceKlass java/lang/Integer 1 1 445 7 1 100 1 7 1 7 1 10 12 1 1 9 12 1 1 9 12 1 1 10 100 12 1 1 1 10 12 1 1 10 100 12 1 1 1 10 10 12 1 1 10 100 12 1 1 1 10 12 1 10 12 1 1 10 7 12 1 1 1 10 12 1 1 10 12 1 1 10 12 1 10 12 1 10 12 1 1 10 10 12 1 9 12 1 1 9 12 1 7 1 8 1 10 12 1 100 1 10 12 1 8 1 10 12 1 1 10 12 1 8 1 10 12 1 8 1 10 12 1 1 3 10 12 1 1 3 10 12 1 1 10 12 1 1 10 7 12 1 1 1 11 7 1 100 1 10 11 10 12 1 1 8 1 10 12 1 1 8 1 100 1 10 12 1 1 10 12 1 1 5 0 8 1 10 12 1 10 12 1 10 12 1 10 12 1 1 7 1 9 12 1 1 9 12 1 1 10 12 1 10 7 1 9 12 1 10 12 1 10 12 1 10 12 1 1 10 7 12 1 1 1 100 1 100 1 10 12 1 1 10 12 1 1 8 1 8 1 10 12 1 1 8 1 8 1 8 1 8 1 8 1 8 1 10 12 1 10 12 1 10 12 1 5 0 3 3 3 3 10 12 1 3 10 12 1 10 100 12 1 1 1 10 12 1 1 10 12 1 1 8 1 10 7 12 1 1 1 9 12 1 1 3 3 3 3 3 3 9 12 1 1 100 1 100 1 100 1 1 1 1 1 1 1 3 1 3 1 1 5 0 1 1 1 1 1 1 1 1 1 100 1 1 1 1 1 1 1 1 1 1 1 1 1 1 1 1 1 1 1 1 1 1 1 1 1 1 1 1 1 1 1 1 1 1 1 1 1 1 1 3 1 1 1 1 1 1 1 1 1 1 1 1 1 1 1 1 100 1 1 1 1 1 1 1 1 1 1 1 1 1 1 1 1 1 1 1 1 1 1 1 1 1 1 1 1 1 1 1 7 1 1 1 1 1 1 1 1 1 100 1 100 1 1
staticfield java/lang/Integer TYPE Ljava/lang/Class; java/lang/Class
staticfield java/lang/Integer digits [C 36
staticfield java/lang/Integer DigitTens [B 100
staticfield java/lang/Integer DigitOnes [B 100
staticfield java/lang/Integer sizeTable [I 10
ciInstanceKlass java/lang/Long 1 1 506 7 1 100 1 7 1 7 1 10 12 1 1 9 12 1 1 9 7 12 1 1 1 10 7 12 1 1 1 10 12 1 1 10 100 12 1 1 1 10 10 12 10 12 1 10 12 1 10 12 1 5 0 5 0 7 1 10 12 1 1 10 12 1 1 10 12 1 10 12 1 10 12 1 10 12 1 1 10 100 12 1 1 10 12 1 10 12 1 1 10 12 1 1 10 12 1 1 10 12 1 1 10 100 12 1 1 1 10 12 1 1 10 12 1 10 12 1 10 12 1 10 12 1 1 10 10 12 1 5 0 5 0 9 12 1 1 9 12 1 5 0 100 1 8 1 10 12 1 8 1 10 12 1 8 1 8 1 10 12 1 1 5 0 10 12 1 1 5 0 10 12 1 1 10 12 1 1 10 100 12 1 1 1 11 100 1 100 1 10 11 10 12 1 1 8 1 10 12 1 1 8 1 100 1 10 12 1 1 10 12 1 8 1 8 1 11 12 1 1 10 12 1 10 12 1 10 12 1 5 0 5 0 9 7 12 1 1 1 10 12 1 10 12 1 1 8 1 8 1 10 12 1 1 8 1 8 1 8 1 8 1 8 1 8 1 10 12 1 10 12 1 10 12 1 1 10 7 1 9 12 1 1 10 12 1 10 12 1 1 10 7 12 1 1 1 100 1 100 1 10 12 1 1 10 12 1 1 5 0 10 12 1 10 12 1 5 0 5 0 5 0 10 12 1 1 5 0 5 0 10 12 1 10 12 1 10 100 12 1 1 1 10 12 1 1 10 12 1 1 8 1 10 7 12 1 1 1 9 12 1 1 100 1 100 1 100 1 1 1 1 5 0 1 1 1 1 3 1 3 1 5 0 1 1 1 1 1 1 1 1 1 100 1 1 1 1 1 1 1 1 1 1 1 1 1 1 1 1 1 1 1 1 1 1 1 1 1 1 1 1 1 1 1 1 1 1 1 1 1 1 1 1 1 1 1 1 1 1 1 1 1 1 1 1 1 1 3 1 1 1 1 1 1 1 1 1 1 1 1 1 1 1 100 1 1 1 1 1 1 1 1 1 1 1 1 1 1 1 1 1 1 1 1 1 1 1 1 1 1 1 100 1 1 1 1 1 1 1 1 1 100 1 100 1 1
staticfield java/lang/Long TYPE Ljava/lang/Class; java/lang/Class
ciInstanceKlass java/util/WeakHashMap$Entry 1 1 112 10 7 12 1 1 1 9 7 12 1 1 1 9 12 1 1 9 12 1 1 10 12 1 1 10 100 12 1 1 1 100 1 10 12 1 11 10 100 12 1 1 1 10 12 1 11 10 100 12 1 1 1 100 1 10 12 1 10 12 1 1 8 1 10 12 1 10 12 1 1 1 1 1 1 1 1 1 1 1 1 1 1 1 1 1 1 1 1 1 1 1 1 1 1 1 1 1 1 1 1 1 1 1 1 1 1 1 1 1 100 1
instanceKlass java/lang/ref/PhantomReference
instanceKlass java/lang/ref/FinalReference
instanceKlass java/lang/ref/WeakReference
instanceKlass java/lang/ref/SoftReference
ciInstanceKlass java/lang/ref/Reference 1 1 195 9 7 12 1 1 1 9 7 12 1 1 10 12 1 1 10 12 1 1 9 12 1 1 10 12 1 1 9 12 1 1 9 12 1 1 7 1 10 12 1 10 7 12 1 1 10 12 1 10 12 1 1 10 12 1 9 12 1 10 12 1 1 10 12 1 10 12 1 9 12 1 100 1 100 1 10 12 1 9 12 1 9 12 1 100 1 10 10 12 1 10 10 7 12 1 1 10 7 12 1 1 1 10 12 1 1 10 7 12 1 1 7 1 8 1 10 12 1 10 12 1 1 10 12 1 1 10 12 1 7 1 10 10 7 12 1 1 1 1 1 1 1 1 1 1 1 1 1 1 1 1 1 1 1 100 1 1 1 100 1 1 1 1 1 1 1 1 1 1 1 1 1 1 1 1 1 1 1 1 1 1 1 1 1 1 1 1 1 1 1 1 1 1 1
staticfield java/lang/ref/Reference processPendingLock Ljava/lang/Object; java/lang/Object
staticfield java/lang/ref/Reference $assertionsDisabled Z 1
instanceKlass com/sun/beans/util/Cache$Kind$Soft
instanceKlass org/codehaus/groovy/util/ReferenceType$SoftRef
instanceKlass sun/security/util/MemoryCache$SoftCacheEntry
instanceKlass com/google/common/cache/LocalCache$SoftValueReference
instanceKlass java/io/ClassCache$CacheRef
instanceKlass sun/util/locale/provider/LocaleResources$ResourceReference
instanceKlass sun/util/resources/Bundles$BundleReference
instanceKlass sun/util/locale/LocaleObjectCache$CacheEntry
instanceKlass java/lang/invoke/LambdaFormEditor$Transform
ciInstanceKlass java/lang/ref/SoftReference 1 1 47 10 7 12 1 1 1 9 7 12 1 1 1 9 12 1 10 12 1 10 12 1 1 1 1 1 1 1 1 1 1 1 1 1 1 1 1 1 1 1 1 100 1 1 1 1 1
ciMethod java/lang/ref/Reference refersToImpl (Ljava/lang/Object;)Z 512 0 13412 0 96
instanceKlass java/beans/WeakIdentityMap$Entry
instanceKlass com/google/common/collect/MapMakerInternalMap$WeakValueReferenceImpl
instanceKlass org/codehaus/groovy/util/ReferenceType$WeakRef
instanceKlass com/google/common/cache/LocalCache$WeakEntry
instanceKlass com/google/common/collect/MapMakerInternalMap$AbstractWeakKeyEntry
instanceKlass java/util/logging/LogManager$LoggerWeakRef
instanceKlass java/util/logging/Level$KnownLevel
instanceKlass sun/nio/ch/FileLockTable$FileLockReference
instanceKlass java/lang/ClassValue$Entry
instanceKlass java/lang/ThreadLocal$ThreadLocalMap$Entry
instanceKlass java/lang/WeakPairMap$WeakRefPeer
instanceKlass java/lang/invoke/MethodType$ConcurrentWeakInternSet$WeakEntry
instanceKlass java/util/WeakHashMap$Entry
ciInstanceKlass java/lang/ref/WeakReference 1 1 31 10 7 12 1 1 1 10 12 1 100 1 1 1 1 1 1 1 1 1 1 1 1 1 1 1 1 1 1 1 1
ciMethod java/lang/ref/Reference get ()Ljava/lang/Object; 0 0 1 0 -1
instanceKlass java/lang/ref/Finalizer
ciInstanceKlass java/lang/ref/FinalReference 1 1 47 10 7 12 1 1 1 10 7 12 1 1 1 10 12 1 1 100 1 8 1 10 12 1 1 1 1 1 1 1 1 1 1 1 1 1 1 1 1 1 1 1 1 1 1 1 1
ciInstanceKlass java/lang/ref/Finalizer 1 1 152 9 7 12 1 1 1 10 7 12 1 1 1 9 12 1 1 9 12 1 1 9 12 1 9 12 1 10 12 1 10 12 1 1 9 12 1 1 100 1 10 12 1 7 1 11 7 12 1 1 100 1 10 12 1 100 1 10 12 1 10 100 12 1 1 1 10 100 12 1 1 1 100 1 10 10 12 1 10 7 12 1 1 1 7 1 10 7 1 10 10 7 12 1 1 1 10 12 1 1 10 7 12 1 1 7 1 10 12 1 10 12 1 1 10 12 1 1 10 12 1 1 1 1 1 1 1 1 1 1 1 1 1 1 1 1 1 1 1 1 1 1 1 1 1 1 1 1 1 1 1 1
staticfield java/lang/ref/Finalizer lock Ljava/lang/Object; java/lang/Object
staticfield java/lang/ref/Finalizer $assertionsDisabled Z 1
instanceKlass jdk/internal/ref/PhantomCleanable
instanceKlass jdk/internal/ref/Cleaner
ciInstanceKlass java/lang/ref/PhantomReference 1 1 39 10 100 12 1 1 1 10 7 12 1 1 1 1 1 1 1 1 1 1 1 1 1 1 1 1 1 1 1 1 1 1 1 1 1 1 1 1 1
ciInstanceKlass jdk/internal/ref/Cleaner 1 1 83 9 7 12 1 1 1 9 12 1 9 12 1 9 12 1 1 10 7 12 1 1 1 9 12 1 1 10 12 1 10 12 1 1 10 12 1 1 11 7 12 1 1 1 100 1 100 1 10 12 1 10 100 12 1 1 1 7 1 10 12 1 1 1 1 1 1 1 1 1 1 1 1 1 1 1 1 1 1 1 1 1 1
staticfield jdk/internal/ref/Cleaner dummyQueue Ljava/lang/ref/ReferenceQueue; java/lang/ref/ReferenceQueue
instanceKlass java/lang/reflect/Executable
instanceKlass java/lang/reflect/Field
ciInstanceKlass java/lang/reflect/AccessibleObject 1 1 398 10 7 12 1 1 1 9 100 12 1 1 1 10 100 12 1 1 1 10 7 12 1 1 10 7 12 1 1 1 10 100 12 1 1 1 10 12 1 1 10 12 1 1 9 12 1 1 7 1 10 7 12 1 1 1 11 12 1 100 1 10 12 1 7 1 100 1 10 12 1 10 12 1 1 7 1 10 7 12 1 1 1 10 12 1 1 100 1 10 12 1 1 100 1 10 10 10 7 12 1 1 1 10 12 1 1 10 12 1 10 12 1 10 12 1 1 10 12 1 8 1 100 1 10 10 12 1 1 8 1 10 12 1 10 12 1 8 1 8 1 8 1 8 1 8 1 8 1 100 1 10 12 1 10 12 1 9 12 1 1 10 12 1 1 10 12 1 10 11 100 1 100 1 8 1 10 10 12 1 10 12 1 1 8 1 10 12 1 8 1 10 12 1 1 10 100 1 8 1 10 11 7 12 1 1 10 12 1 1 10 12 1 1 10 12 1 1 9 12 1 1 100 1 10 12 1 7 1 10 12 1 10 12 1 1 10 100 1 10 12 1 10 12 10 12 1 10 12 1 1 10 12 1 10 12 1 1 10 12 1 9 12 1 10 7 12 1 1 8 1 10 7 12 1 1 1 8 1 10 100 12 1 1 1 9 12 1 100 1 10 7 1 10 10 7 12 1 1 1 7 1 10 10 7 12 1 1 1 7 1 9 12 1 1 1 1 1 1 1 1 1 1 1 1 1 1 1 1 1 1 1 1 1 1 1 1 1 1 1 1 1 1 1 1 1 1 1 1 1 1 1 1 1 1 1 1 1 1 1 1 1 1 1 1 1 1 1 1 1 1 1 1 1 1 1 1 1 1 1 1 1 1 1 1 1 1 1 1 1 1 1 1 1 1 1 1 1
staticfield java/lang/reflect/AccessibleObject reflectionFactory Ljdk/internal/reflect/ReflectionFactory; jdk/internal/reflect/ReflectionFactory
instanceKlass java/lang/reflect/Constructor
instanceKlass java/lang/reflect/Method
ciInstanceKlass java/lang/reflect/Executable 1 1 548 10 7 12 1 1 1 10 7 12 1 1 1 10 7 12 1 1 1 11 7 12 1 1 1 10 7 12 1 1 1 10 12 1 1 10 7 12 1 1 1 10 7 12 1 1 1 10 12 1 8 1 10 10 12 1 1 10 12 1 1 10 7 12 1 1 1 18 12 1 1 11 7 12 1 1 1 8 1 8 1 8 1 10 7 12 1 1 1 11 12 1 1 7 1 8 1 8 1 10 12 1 100 1 8 1 10 12 1 8 1 11 7 12 1 1 1 7 1 10 12 1 1 11 12 1 8 1 18 8 1 10 12 1 10 12 1 1 18 8 1 10 12 1 7 1 10 12 1 10 12 1 11 7 12 1 1 10 12 1 1 8 1 8 1 10 12 1 1 10 12 1 1 10 10 12 1 100 1 10 10 12 1 10 12 1 1 10 7 12 1 1 10 12 1 10 12 1 10 12 1 1 10 7 12 1 1 10 12 1 10 12 1 10 7 12 1 1 1 10 12 1 8 1 10 12 1 10 12 1 3 100 1 8 1 10 12 1 10 12 1 10 10 12 1 10 12 1 1 8 1 8 1 8 1 9 12 1 10 12 1 100 1 8 1 9 12 1 10 12 1 10 12 1 1 10 12 1 1 10 12 1 10 12 10 12 1 7 1 10 12 1 10 12 1 1 100 1 10 100 12 1 1 1 7 1 10 7 12 1 1 1 10 12 1 1 11 7 12 1 1 10 7 12 1 1 10 100 12 1 1 1 10 12 1 1 9 12 1 10 12 1 1 10 12 1 10 12 1 1 9 100 12 1 1 1 10 100 12 1 1 1 10 12 1 10 12 1 1 9 12 1 10 10 10 10 100 12 1 1 1 10 12 1 9 12 1 10 12 1 1 9 12 1 100 1 100 1 1 1 1 1 1 1 1 1 1 1 1 1 1 1 1 1 1 1 1 1 1 1 1 1 1 1 1 1 1 1 1 1 1 100 1 1 1 1 1 1 1 1 100 1 1 1 1 1 1 1 1 1 1 1 1 100 1 1 1 1 1 1 1 1 1 1 1 1 1 1 1 1 1 1 1 1 1 1 1 1 1 1 1 1 1 1 1 1 1 1 1 1 1 1 1 1 1 100 1 1 1 1 1 1 1 1 1 1 1 1 1 1 1 1 1 1 1 1 1 100 1 100 1 1 15 10 7 12 1 1 1 16 15 16 1 16 1 15 10 12 16 1 100 1 1 100 1 100 1 1
ciInstanceKlass java/lang/reflect/Constructor 1 1 433 10 7 12 1 1 1 10 7 12 1 1 9 7 12 1 1 1 10 12 1 1 10 12 1 1 10 7 12 1 1 9 12 1 1 10 7 12 1 1 1 9 12 1 1 9 12 1 1 9 12 1 9 12 1 1 9 12 1 9 12 1 1 9 12 1 1 9 12 1 100 1 8 1 10 12 1 10 12 1 9 12 1 1 10 7 12 1 1 10 7 12 1 1 1 10 12 1 1 10 12 1 1 10 12 1 7 1 100 1 8 1 10 10 12 1 10 12 1 10 12 1 1 10 12 1 1 9 7 12 1 1 1 10 7 12 1 1 10 12 1 1 10 12 1 10 12 1 1 10 100 12 1 1 1 10 100 12 1 1 10 12 1 1 10 12 1 10 100 12 1 1 1 8 1 10 10 12 1 100 1 8 1 10 12 1 10 12 1 1 10 12 1 1 10 12 1 10 12 1 10 12 1 1 10 12 1 1 9 12 1 1 10 12 1 1 10 12 1 1 10 12 1 8 1 10 12 1 1 11 7 12 1 1 1 10 12 1 1 10 12 1 10 12 1 9 12 1 1 10 7 12 1 1 1 10 12 1 1 10 12 1 1 10 12 1 1 10 12 1 1 10 12 1 9 100 12 1 1 10 12 1 10 12 1 10 12 1 100 1 8 1 10 10 12 1 1 10 12 1 10 10 12 1 1 10 12 1 1 10 100 12 1 1 1 11 100 12 1 1 1 10 12 1 1 9 100 12 1 1 1 10 100 12 1 1 1 10 12 1 1 1 1 1 1 1 1 1 1 1 1 1 1 1 1 1 1 1 1 1 1 1 1 1 1 1 1 1 1 1 1 1 1 1 1 1 1 1 1 1 1 1 1 1 1 1 1 1 1 1 100 1 100 1 100 1 100 1 1 1 1 1 1 1 1 1 1 1 1 1 1 1 1 1 1 1 1 1 1 1 1 1 1 1 1 1 1 1 1 1 100 1 1
ciInstanceKlass java/lang/reflect/Method 1 1 450 9 7 12 1 1 1 10 7 12 1 1 1 10 7 12 1 1 9 12 1 1 10 12 1 1 10 12 1 1 10 7 12 1 1 10 7 12 1 1 1 9 12 1 1 9 12 1 9 12 1 1 9 12 1 9 12 1 9 12 1 1 9 12 1 9 12 1 1 9 12 1 9 12 1 9 12 1 1 100 1 8 1 10 12 1 10 12 1 9 12 1 1 8 1 10 7 12 1 1 10 7 12 1 1 1 10 12 1 1 10 12 1 1 10 12 1 10 12 1 1 10 12 1 1 9 7 12 1 1 1 10 12 1 1 10 12 10 7 12 1 1 10 12 1 1 10 12 1 10 12 1 10 12 1 10 7 12 1 1 1 10 12 1 1 10 7 1 10 7 12 1 1 1 10 7 12 1 1 10 12 1 1 10 12 1 1 10 12 1 10 7 12 1 1 1 10 12 1 10 8 1 10 12 1 10 12 1 7 1 8 1 8 1 8 1 10 12 1 10 12 1 1 10 12 1 1 10 10 12 1 1 10 12 1 11 7 1 9 12 1 1 10 12 1 1 10 12 1 10 12 1 1 10 12 1 1 11 7 12 1 1 1 10 12 1 10 12 1 10 12 1 10 12 1 10 12 1 9 12 1 1 10 7 12 1 1 1 10 12 1 1 10 7 12 1 1 1 10 7 12 1 1 1 10 7 12 1 1 1 11 7 12 1 1 1 10 7 12 1 1 1 7 1 100 1 100 1 10 12 1 10 12 1 1 10 12 1 100 1 8 1 10 12 1 10 10 12 1 1 10 12 1 1 10 12 1 1 10 12 1 1 8 1 10 12 1 1 1 1 1 1 1 1 1 1 1 1 1 1 1 1 1 1 1 1 1 1 1 1 1 1 1 1 1 1 1 1 1 1 1 1 1 1 1 1 1 1 1 1 1 1 1 1 1 1 1 1 1 100 1 100 1 100 1 1 1 1 1 1 1 1 1 1 1 1 1 1 1 1 1 1 1 1 1 1 1 1 1 1
ciInstanceKlass java/lang/reflect/Field 1 1 437 9 7 12 1 1 1 10 12 1 1 10 7 12 1 1 1 10 7 12 1 1 9 12 1 1 10 12 1 1 10 12 1 1 10 7 12 1 1 10 7 12 1 1 1 9 12 1 1 9 12 1 9 12 1 9 12 1 1 9 12 1 1 9 12 1 9 12 1 1 9 12 1 1 100 1 8 1 10 12 1 10 12 1 9 12 1 1 9 12 1 10 12 1 10 7 12 1 1 10 12 1 1 10 12 1 1 10 12 1 10 12 1 1 7 1 10 12 1 1 10 12 1 1 10 12 1 1 10 12 1 10 12 1 10 7 1 10 100 12 1 1 100 1 10 8 1 10 12 1 1 10 12 1 1 8 1 10 12 10 12 1 8 1 8 1 10 11 100 1 9 12 1 10 12 1 1 10 12 1 1 11 7 12 1 1 1 11 12 1 1 11 12 1 1 11 12 1 1 11 12 1 1 11 12 1 1 11 12 1 1 11 12 1 1 11 12 1 1 11 12 1 1 11 12 1 1 11 12 1 1 11 12 1 1 11 12 1 1 11 12 1 1 11 12 1 1 11 12 1 1 11 12 1 1 10 12 1 10 100 12 1 1 10 12 1 10 12 1 1 10 12 9 12 1 1 10 7 12 1 1 1 10 12 1 1 10 7 12 1 1 10 12 1 1 11 7 1 10 12 1 100 1 10 100 12 1 1 1 10 7 12 1 1 1 9 12 1 10 7 12 1 1 1 11 7 12 1 1 1 10 12 1 1 10 12 1 1 9 100 12 1 1 1 10 100 12 1 1 1 10 12 1 1 100 1 1 1 1 1 1 1 1 1 1 1 1 1 1 1 1 1 1 1 1 1 1 1 1 1 1 1 1 1 1 1 1 1 1 1 100 1 1 1 1 1 1 1 1 1 1 1 1 1 1 1 1 1 1 1 1 1 1 1 1 1 1 1 1 1 1 1 1 1 1 100 1 1 1 1 1 1 1 1 100 1 1
ciInstanceKlass java/lang/reflect/Parameter 1 1 226 10 7 12 1 1 1 9 7 12 1 1 1 9 12 1 1 9 12 1 1 9 12 1 10 12 1 1 10 12 1 1 10 100 12 1 1 1 100 1 10 10 12 1 1 11 100 12 1 1 1 10 12 1 10 100 12 1 1 1 10 12 1 1 10 12 1 10 12 1 8 1 8 1 10 7 12 1 1 1 10 12 1 10 12 10 12 1 8 1 10 12 1 9 12 1 1 10 12 1 1 9 12 1 1 10 12 1 1 10 12 1 1 10 12 1 1 10 12 1 10 10 12 1 10 100 12 1 1 1 10 12 1 1 11 100 12 1 1 10 100 12 1 1 100 1 10 100 12 1 1 1 10 12 1 1 10 12 1 1 10 12 1 1 10 12 1 1 9 12 1 100 1 10 11 12 1 1 11 12 1 1 100 1 1 1 1 1 1 1 1 1 1 1 1 1 1 1 1 1 1 1 1 1 1 1 1 1 1 1 1 1 1 1 1 1 1 1 1 1 1 100 1 1 1 1
ciInstanceKlass java/lang/StringBuffer 1 1 470 10 7 12 1 1 1 10 12 1 10 12 1 10 12 1 1 9 7 12 1 1 1 10 12 1 1 10 12 1 10 12 1 1 9 12 1 1 10 12 1 10 12 1 1 10 12 1 1 10 12 1 10 12 1 1 10 12 1 10 12 1 1 10 12 1 1 10 100 12 1 1 1 10 12 1 1 10 12 1 10 12 1 10 12 1 10 12 1 10 12 1 10 12 1 10 12 1 10 12 1 10 12 1 10 12 1 10 12 1 10 12 1 10 12 1 10 12 1 1 10 12 1 10 12 1 1 10 12 1 1 10 10 12 1 1 10 12 1 10 12 1 10 12 1 10 12 1 10 12 1 10 12 1 10 12 10 12 1 10 12 1 10 12 1 10 12 1 1 10 12 1 10 12 1 10 10 12 1 1 10 12 1 1 9 12 1 1 10 7 12 1 1 1 10 100 1 10 10 100 12 1 1 1 10 10 12 1 10 8 10 100 12 1 1 1 8 10 12 1 8 1 10 12 1 10 12 1 10 100 12 1 1 1 10 100 12 1 1 1 7 1 10 12 100 1 8 1 10 10 12 1 1 10 12 1 1 10 12 1 1 10 12 1 10 12 1 10 12 1 10 12 1 10 12 1 10 12 1 10 12 1 10 12 1 10 12 1 10 12 1 10 12 1 10 12 1 10 12 1 10 12 1 10 12 1 10 12 1 10 12 10 12 10 12 1 10 12 1 10 12 1 10 12 10 12 1 10 12 1 10 12 1 10 12 1 10 12 1 10 12 1 10 12 1 10 12 1 10 12 1 10 12 1 10 12 1 7 1 10 12 1 9 7 12 1 1 1 9 7 1 9 12 1 1 100 1 100 1 100 1 1 1 1 5 0 1 1 1 1 1 1 1 1 1 1 1 1 1 1 1 1 1 1 1 1 1 1 1 1 1 1 1 1 1 1 1 1 1 1 1 1 1 1 1 1 1 1 1 1 1 1 1 1 1 1 1 1 1 1 1 1 1 1 1 1 100 1 1 1 1 1 100 1 1 1 1 1 1 1 1 1 1 1 1 1 1 1 1 1
staticfield java/lang/StringBuffer serialPersistentFields [Ljava/io/ObjectStreamField; 3 [Ljava/io/ObjectStreamField;
instanceKlass java/lang/StringBuilder
instanceKlass java/lang/StringBuffer
ciInstanceKlass java/lang/AbstractStringBuilder 1 1 547 7 1 7 1 10 7 12 1 1 1 9 7 12 1 1 1 9 12 1 9 12 1 1 9 12 1 1 10 7 12 1 1 1 10 12 1 1 3 3 10 12 1 10 12 1 1 11 7 1 100 1 100 1 10 8 1 10 12 1 10 12 1 10 12 1 1 10 12 1 10 12 1 10 12 1 9 12 1 1 10 12 1 1 10 7 12 1 1 1 10 10 12 1 10 12 1 10 12 1 1 10 12 1 1 10 7 12 1 1 1 10 7 12 1 1 1 100 1 8 1 10 10 12 1 1 100 1 10 12 10 12 1 1 10 10 12 1 1 10 12 1 1 10 12 1 1 10 12 1 1 100 1 10 10 12 1 10 100 12 1 1 1 10 12 1 1 10 12 1 10 12 1 1 10 10 12 1 1 10 12 10 12 1 10 12 1 1 10 12 1 1 10 12 1 1 10 12 1 10 10 12 1 1 10 12 1 10 12 1 1 8 1 10 12 1 1 10 12 1 10 12 1 10 12 1 10 12 1 10 12 1 10 12 1 10 7 12 1 1 10 12 1 10 12 1 10 7 12 1 1 1 10 12 1 10 12 1 10 12 1 10 12 1 10 12 1 1 10 12 1 10 12 1 1 10 12 1 1 10 10 7 12 1 1 1 10 12 1 10 12 1 10 12 1 1 10 12 1 10 12 1 10 12 1 10 12 1 10 12 1 10 12 1 10 12 1 10 12 1 10 12 1 1 10 12 1 10 12 1 10 12 10 12 1 1 18 12 1 1 100 1 10 100 12 1 1 1 18 10 12 1 1 10 12 1 10 12 1 1 11 12 1 10 12 1 10 12 1 10 10 12 1 10 8 1 8 1 8 1 10 10 100 1 10 12 1 100 1 10 100 1 10 100 1 1 1 3 1 1 1 1 1 1 1 1 1 1 100 1 1 1 1 1 1 1 1 1 1 1 1 1 1 1 1 1 1 1 1 1 1 1 1 1 1 1 1 1 1 1 1 1 1 1 1 1 1 1 1 1 1 1 1 1 1 1 1 1 1 1 1 1 1 1 1 1 1 1 1 1 1 1 1 1 1 1 1 1 1 1 1 1 1 1 1 1 1 1 1 1 1 1 1 1 1 1 1 1 1 1 1 1 1 1 1 1 100 1 1 7 1 1 1 1 1 100 1 1 1 1 1 1 15 10 100 12 1 1 1 16 1 15 10 12 16 15 10 12 1 1 1 1 100 1 100 1 1
staticfield java/lang/AbstractStringBuilder EMPTYVALUE [B 0
instanceKlass org/codehaus/groovy/reflection/ReflectionUtils$ClassContextHelper
ciInstanceKlass java/lang/SecurityManager 1 1 576 10 7 12 1 1 1 9 7 12 1 1 1 10 7 12 1 1 1 100 1 8 1 10 12 1 10 12 1 1 10 100 12 1 1 1 10 100 1 10 100 1 10 9 100 12 1 1 1 10 7 12 1 1 1 10 12 1 1 10 7 12 1 1 100 1 8 1 10 9 12 1 1 9 12 1 8 1 9 12 1 100 1 10 8 1 10 12 1 1 10 12 1 10 12 1 1 100 1 10 10 12 1 1 100 1 8 1 10 12 1 8 1 8 1 8 1 8 1 8 1 8 1 10 12 1 8 1 8 1 8 1 8 1 8 1 10 100 12 1 1 1 10 12 1 1 8 1 100 1 8 1 10 8 1 8 1 8 1 8 1 8 1 10 100 12 1 1 8 1 100 1 8 1 8 1 10 8 1 10 12 1 100 1 8 1 10 10 12 1 1 10 12 1 10 12 1 10 12 1 10 7 12 1 1 1 10 12 1 10 7 12 1 1 11 7 12 1 1 1 18 12 1 1 11 7 12 1 1 1 18 12 1 1 11 12 1 1 18 18 11 12 1 18 12 1 11 12 1 1 9 12 1 1 9 12 1 9 12 1 9 12 1 7 1 10 7 12 1 1 10 12 1 10 12 1 18 12 1 18 10 7 12 1 1 1 18 12 1 10 12 1 18 18 8 1 10 12 1 9 12 1 1 11 7 12 1 1 1 8 1 100 1 10 12 1 10 12 1 1 10 12 1 1 9 12 1 1 10 12 1 10 12 1 1 8 1 100 1 10 9 12 1 8 1 10 12 1 8 1 100 1 10 10 7 12 1 1 10 7 1 9 7 12 1 1 1 11 12 1 1 10 12 1 11 12 1 10 12 1 7 1 10 10 12 1 1 10 12 1 1 1 1 1 1 1 1 1 1 1 100 1 1 1 1 1 1 1 1 1 1 1 1 1 1 1 1 1 1 1 1 1 1 1 1 1 1 1 1 1 1 1 1 1 1 1 1 1 1 1 1 1 1 1 1 1 1 1 1 1 1 1 1 1 1 1 1 3 1 1 1 1 1 1 1 1 1 1 100 1 1 1 1 1 1 1 1 1 1 1 1 1 1 1 1 1 1 1 1 1 1 1 1 1 1 1 1 1 1 1 1 1 1 1 1 1 1 15 10 7 12 1 1 1 16 15 10 7 12 1 1 1 16 1 16 15 10 12 16 1 15 10 12 16 15 11 7 1 16 1 16 1 15 10 12 16 15 10 12 16 15 10 12 1 16 1 15 11 12 1 15 10 12 16 15 10 16 1 1 1 1 100 1 100 1 1
staticfield java/lang/SecurityManager packageAccessLock Ljava/lang/Object; java/lang/Object
staticfield java/lang/SecurityManager packageDefinitionLock Ljava/lang/Object; java/lang/Object
staticfield java/lang/SecurityManager nonExportedPkgs Ljava/util/Map; java/util/concurrent/ConcurrentHashMap
instanceKlass org/gradle/internal/serialize/PlaceholderException
instanceKlass org/gradle/kotlin/dsl/support/ScriptCompilationException
instanceKlass org/gradle/api/internal/NoFactoryRegisteredForTypeException
instanceKlass org/codehaus/groovy/antlr/ASTRuntimeException
instanceKlass org/gradle/util/internal/ConfigureUtil$IncompleteInputException
instanceKlass org/w3c/dom/DOMException
instanceKlass org/codehaus/groovy/runtime/powerassert/SourceTextNotAvailableException
instanceKlass org/codehaus/groovy/classgen/ClassGeneratorException
instanceKlass java/lang/NegativeArraySizeException
instanceKlass org/gradle/internal/execution/OutputSnapshotter$OutputFileSnapshottingException
instanceKlass java/util/EmptyStackException
instanceKlass groovyjarjarantlr4/v4/runtime/RecognitionException
instanceKlass java/time/DateTimeException
instanceKlass java/nio/file/FileSystemNotFoundException
instanceKlass java/nio/file/FileSystemAlreadyExistsException
instanceKlass org/codehaus/groovy/vmplugin/v9/ClassFindFailedException
instanceKlass java/lang/IllegalCallerException
instanceKlass java/lang/reflect/MalformedParameterizedTypeException
instanceKlass groovy/lang/StringWriterIOException
instanceKlass org/codehaus/groovy/control/ConfigurationException
instanceKlass org/gradle/internal/execution/InputFingerprinter$InputFingerprintingException
instanceKlass org/gradle/internal/execution/InputFingerprinter$InputFileFingerprintingException
instanceKlass org/gradle/internal/locking/InvalidLockFileException
instanceKlass org/gradle/internal/locking/MissingLockStateException
instanceKlass org/gradle/api/internal/attributes/AttributeMatchException
instanceKlass org/gradle/tooling/GradleConnectionException
instanceKlass org/gradle/api/GradleException
instanceKlass org/gradle/tooling/internal/protocol/InternalUnsupportedModelException
instanceKlass org/gradle/cache/internal/btree/CorruptedCacheException
instanceKlass org/gradle/cli/CommandLineArgumentException
instanceKlass groovy/lang/GroovyRuntimeException
instanceKlass org/gradle/tooling/internal/protocol/InternalBuildActionFailureException
instanceKlass org/gradle/tooling/internal/protocol/test/InternalTestExecutionException
instanceKlass kotlin/KotlinNothingValueException
instanceKlass kotlin/NoWhenBranchMatchedException
instanceKlass org/gradle/internal/snapshot/impl/IsolationException
instanceKlass org/gradle/internal/snapshot/ValueSnapshottingException
instanceKlass org/apache/tools/ant/BuildException
instanceKlass org/gradle/api/internal/provider/AbstractProperty$PropertyQueryException
instanceKlass java/util/ConcurrentModificationException
instanceKlass java/lang/TypeNotPresentException
instanceKlass org/gradle/internal/reflect/NoSuchPropertyException
instanceKlass org/gradle/internal/typeconversion/TypeConversionException
instanceKlass com/google/common/cache/CacheLoader$InvalidCacheLoadException
instanceKlass com/google/common/util/concurrent/UncheckedExecutionException
instanceKlass groovy/json/JsonException
instanceKlass org/gradle/internal/work/NoAvailableWorkerLeaseException
instanceKlass org/gradle/launcher/daemon/server/BadlyFormedRequestException
instanceKlass java/security/ProviderException
instanceKlass org/gradle/internal/remote/internal/MessageIOException
instanceKlass org/gradle/cache/InsufficientLockModeException
instanceKlass org/gradle/cache/LockTimeoutException
instanceKlass org/gradle/cache/internal/locklistener/GracefullyStoppedException
instanceKlass org/gradle/launcher/daemon/registry/DaemonRegistry$EmptyRegistryException
instanceKlass org/gradle/cache/FileIntegrityViolationException
instanceKlass org/gradle/internal/file/FileException
instanceKlass java/io/UncheckedIOException
instanceKlass org/gradle/launcher/daemon/server/api/DaemonStoppedException
instanceKlass org/gradle/launcher/daemon/server/api/DaemonUnavailableException
instanceKlass java/util/MissingResourceException
instanceKlass org/gradle/internal/jvm/JavaHomeException
instanceKlass kotlin/UninitializedPropertyAccessException
instanceKlass java/util/NoSuchElementException
instanceKlass org/gradle/api/reflect/ObjectInstantiationException
instanceKlass org/gradle/api/internal/classpath/UnknownModuleException
instanceKlass org/gradle/internal/nativeintegration/NativeIntegrationException
instanceKlass org/gradle/internal/reflect/NoSuchMethodException
instanceKlass net/rubygrapefruit/platform/NativeException
instanceKlass org/gradle/internal/service/ServiceLookupException
instanceKlass com/esotericsoftware/kryo/KryoException
instanceKlass java/lang/reflect/UndeclaredThrowableException
instanceKlass org/gradle/internal/operations/BuildOperationInvocationException
instanceKlass org/gradle/internal/UncheckedException
instanceKlass org/gradle/api/GradleException
instanceKlass java/lang/UnsupportedOperationException
instanceKlass java/lang/SecurityException
instanceKlass org/gradle/api/UncheckedIOException
instanceKlass org/gradle/internal/service/ServiceLookupException
instanceKlass java/lang/IndexOutOfBoundsException
instanceKlass org/gradle/api/GradleException
instanceKlass java/lang/IllegalStateException
instanceKlass org/gradle/api/UncheckedIOException
instanceKlass org/gradle/api/internal/classpath/UnknownModuleException
instanceKlass java/lang/IllegalArgumentException
instanceKlass java/lang/ArithmeticException
instanceKlass java/lang/NullPointerException
instanceKlass java/lang/IllegalMonitorStateException
instanceKlass java/lang/ArrayStoreException
instanceKlass java/lang/ClassCastException
ciInstanceKlass java/lang/RuntimeException 1 1 40 10 7 12 1 1 1 10 12 1 10 12 1 10 12 1 10 12 1 100 1 1 1 1 5 0 1 1 1 1 1 1 1 1 1 1 1 1 1 1
instanceKlass java/nio/charset/UnsupportedCharsetException
instanceKlass java/util/regex/PatternSyntaxException
instanceKlass java/nio/file/InvalidPathException
instanceKlass java/nio/file/ProviderMismatchException
instanceKlass java/security/InvalidParameterException
instanceKlass java/lang/NumberFormatException
instanceKlass org/gradle/internal/service/UnknownServiceException
instanceKlass org/gradle/internal/service/UnknownServiceException
ciInstanceKlass java/lang/IllegalArgumentException 1 1 35 10 100 12 1 1 1 10 12 1 10 12 1 10 12 1 100 1 1 1 1 5 0 1 1 1 1 1 1 1 1 1 1 1 1
ciInstanceKlass java/lang/ArithmeticException 1 1 26 10 100 12 1 1 1 10 12 1 100 1 1 1 1 5 0 1 1 1 1 1 1 1 1 1
instanceKlass kotlin/KotlinNullPointerException
ciInstanceKlass java/lang/NullPointerException 1 1 52 10 100 12 1 1 1 10 12 1 9 100 12 1 1 1 10 12 1 1 9 12 1 1 10 12 1 1 10 12 1 1 1 1 5 0 1 1 1 1 1 1 1 1 100 1 100 1 100 1 1 1
instanceKlass org/apache/groovy/util/concurrent/concurrentlinkedhashmap/ConcurrentLinkedHashMap
instanceKlass java/util/Collections$SingletonMap
instanceKlass com/google/common/collect/MapMakerInternalMap
instanceKlass com/google/common/cache/LocalCache
instanceKlass java/util/concurrent/ConcurrentSkipListMap
instanceKlass java/util/TreeMap
instanceKlass java/util/IdentityHashMap
instanceKlass java/util/EnumMap
instanceKlass java/util/WeakHashMap
instanceKlass java/util/Collections$EmptyMap
instanceKlass sun/util/PreHashedMap
instanceKlass java/util/HashMap
instanceKlass java/util/ImmutableCollections$AbstractImmutableMap
instanceKlass java/util/concurrent/ConcurrentHashMap
ciInstanceKlass java/util/AbstractMap 1 1 192 10 7 12 1 1 1 10 7 12 1 1 1 11 7 12 1 1 1 10 11 12 1 1 11 7 12 1 1 1 11 12 1 1 7 1 11 12 1 10 12 1 1 11 12 1 100 1 10 11 12 1 11 7 1 10 12 1 1 11 12 1 9 12 1 1 100 1 10 12 1 9 12 1 1 100 1 10 11 11 12 1 1 11 12 1 100 1 100 1 11 12 1 8 1 100 1 10 10 12 1 1 8 1 10 12 1 10 12 1 1 10 12 1 1 1 1 1 1 1 1 1 1 1 1 1 1 1 1 1 1 1 1 1 1 1 1 1 1 1 1 1 1 1 1 1 1 1 1 1 1 1 1 100 1 1 1 1 1 1 1 1 1 1 1 1 1 1 1 1 7 1 1 1 1 1 1 1 1 1 100 1 100 1 100 1 100 1 1 1 1 1
ciInstanceKlass java/security/AccessControlContext 1 1 373 9 7 12 1 1 1 9 12 1 1 10 100 12 1 1 1 8 1 10 100 12 1 1 1 10 7 12 1 1 1 9 12 1 9 12 1 1 9 12 1 1 10 7 12 1 1 100 1 10 12 1 11 100 12 1 1 1 11 12 1 11 12 1 11 12 1 1 7 1 11 12 1 1 10 12 1 10 7 12 1 1 1 9 100 12 1 1 1 10 100 12 1 1 1 11 100 12 1 1 1 10 7 1 100 1 8 1 10 12 1 10 12 1 1 7 1 10 7 12 1 1 1 9 12 1 9 12 1 9 12 1 9 12 1 1 9 12 1 1 9 12 1 9 12 1 10 7 12 1 1 1 9 12 1 10 12 1 1 10 12 1 1 8 1 10 12 1 1 10 12 1 1 10 100 12 1 1 1 100 1 10 10 12 1 1 10 100 12 1 1 1 10 8 1 10 100 12 1 1 8 1 10 100 12 1 1 8 1 8 1 10 12 1 8 1 10 12 1 8 1 10 12 1 10 12 1 10 12 1 1 8 1 8 1 100 1 10 12 1 10 12 1 1 100 1 10 12 1 8 1 10 12 1 10 12 1 10 8 1 10 12 1 1 10 12 1 1 10 12 1 1 10 12 1 1 10 12 1 10 12 1 10 12 1 10 12 1 1 10 10 10 12 1 1 1 1 1 1 1 1 1 1 1 1 1 1 1 1 1 1 1 1 1 1 1 1 100 1 1 1 1 1 1 1 1 1 1 1 1 1 1 1 1 1 1 1 1 1 1 1 1 1 1 1 1 1 1 1 1 1 1 1 1 1 1 1 1 1 1 1 1 1 1 1 1 1 1 1 1 3 1 1
ciInstanceKlass java/net/URL 1 1 743 10 7 12 1 1 1 10 12 1 10 7 12 1 1 9 12 1 1 9 12 1 10 7 12 1 1 1 10 12 1 1 10 12 1 1 9 12 1 1 10 7 12 1 1 1 8 1 10 12 1 1 100 1 10 10 12 1 1 8 1 10 12 1 1 9 12 1 7 1 8 1 10 12 1 10 12 1 8 1 9 12 1 10 12 1 1 9 12 1 10 12 1 10 12 1 9 12 1 9 12 1 8 1 9 12 1 10 12 1 1 8 1 9 12 1 1 10 12 1 1 10 7 12 1 1 1 8 1 10 12 1 7 1 10 12 1 10 12 1 10 12 1 10 12 1 1 10 12 1 1 8 1 10 12 1 1 10 12 1 8 1 9 12 1 8 1 10 12 1 10 7 12 1 1 1 100 1 10 12 1 10 12 1 1 10 7 12 1 1 1 100 1 8 1 10 10 12 1 8 1 10 12 1 1 10 12 1 10 12 1 10 12 1 10 12 1 10 12 1 8 1 10 12 1 10 10 7 12 1 1 1 10 12 1 9 100 12 1 1 1 10 100 12 1 1 1 9 12 1 1 10 12 1 10 100 12 1 1 1 100 1 100 1 10 12 1 10 12 1 10 12 1 10 12 1 10 12 1 10 12 10 10 10 12 1 7 1 10 12 1 10 12 1 1 8 1 9 100 12 1 1 1 10 100 12 1 1 1 10 12 1 1 9 100 12 1 1 1 10 12 1 1 100 1 10 12 1 10 12 1 10 10 12 1 1 10 12 1 1 10 12 1 10 12 1 10 12 1 10 7 12 1 1 1 10 12 1 1 10 12 1 9 12 1 1 9 12 1 1 100 1 8 1 10 10 12 1 9 12 1 1 10 7 12 1 1 8 1 10 7 12 1 1 8 1 10 12 1 1 10 12 1 8 1 8 1 10 7 12 1 1 1 7 1 10 100 12 1 1 1 10 12 1 10 12 1 100 1 10 9 12 1 1 10 7 12 1 1 8 1 10 12 1 1 100 1 10 10 100 12 1 1 1 8 9 100 12 1 1 1 10 12 1 10 12 1 10 12 1 10 12 1 10 7 12 1 1 11 7 12 1 1 10 12 1 10 12 1 9 12 1 10 12 1 1 10 7 12 1 1 10 100 12 1 1 1 8 10 100 12 1 1 7 1 10 8 8 10 12 1 8 8 8 100 1 10 12 1 9 12 1 1 10 12 1 10 12 1 1 10 12 1 10 12 10 12 1 1 10 12 1 1 10 10 10 12 1 10 12 1 10 12 1 10 12 1 10 12 1 10 10 12 1 7 1 8 1 10 10 10 12 1 1 10 12 1 10 12 1 1 8 1 7 1 10 10 10 7 1 10 12 1 9 7 12 1 1 1 9 12 1 1 7 1 10 10 7 12 1 1 1 100 1 1 1 1 1 5 0 1 1 1 1 1 1 1 1 1 1 1 1 1 1 1 1 1 1 1 1 1 1 1 1 1 1 1 1 1 1 1 1 1 1 1 1 1 1 1 100 1 1 1 1 1 1 1 1 1 1 1 1 1 1 1 1 1 1 1 1 1 1 1 1 1 1 1 1 1 1 1 1 1 1 1 1 1 100 1 1 1 1 1 1 1 1 1 1 1 1 1 1 1 1 7 1 1 1 1 1 1 1 1 1 1 1 1 1 1 1 1 1 1
staticfield java/net/URL defaultFactory Ljava/net/URLStreamHandlerFactory; java/net/URL$DefaultFactory
staticfield java/net/URL streamHandlerLock Ljava/lang/Object; java/lang/Object
staticfield java/net/URL serialPersistentFields [Ljava/io/ObjectStreamField; 7 [Ljava/io/ObjectStreamField;
ciInstanceKlass java/util/jar/Manifest 1 1 336 10 7 12 1 1 1 7 1 10 9 7 12 1 1 1 7 1 10 9 12 1 1 9 12 1 1 10 12 1 10 12 1 1 10 12 1 1 10 12 1 1 10 12 1 1 11 7 1 11 12 1 1 10 12 1 1 10 100 12 1 1 1 100 1 100 1 10 8 1 10 12 1 1 10 12 1 1 10 12 1 10 12 1 11 100 1 10 12 1 10 12 1 1 11 12 1 1 10 12 1 11 12 1 1 11 100 12 1 1 1 11 100 12 1 1 11 12 1 1 100 1 10 12 1 8 1 11 12 1 7 1 10 12 1 1 11 12 1 10 12 1 10 12 1 10 100 12 1 1 1 8 1 10 12 1 1 10 9 7 12 1 1 1 10 12 1 1 10 100 12 1 10 12 1 10 12 1 9 100 12 1 1 1 8 1 10 12 1 8 1 8 1 7 1 10 12 1 10 12 1 10 12 1 1 100 1 8 1 10 12 1 1 8 1 10 10 12 1 1 8 1 10 12 1 1 10 100 12 1 1 1 10 12 1 10 11 12 1 1 10 12 1 10 7 12 1 1 1 10 12 1 1 10 12 1 1 11 10 12 1 11 10 12 1 100 1 1 1 1 1 1 1 1 1 1 1 1 1 1 1 1 1 1 1 1 1 1 1 1 1 1 1 1 1 1 1 1 1 1 1 1 1 1 1 1 1 1 1 100 1 1 1 1 1 1 1 1 1 1 1 1 1 1 100 1 1 1 1 1 1 1 1 1 1 1
ciInstanceKlass java/util/Collection 1 1 115 11 100 12 1 1 1 100 1 11 7 12 1 1 1 10 7 12 1 1 1 11 12 1 1 11 7 12 1 1 1 11 12 1 1 11 7 12 1 1 1 11 12 1 1 10 100 12 1 1 1 11 12 1 10 7 12 1 1 1 100 1 100 1 1 1 1 1 1 1 1 1 1 1 1 1 1 1 1 1 1 1 1 1 1 1 1 1 1 1 1 1 1 1 1 1 1 1 1 1 1 1 1 1 1 1 1 1 1 1 1 1 1 1 1
instanceKlass com/google/common/cache/LocalCache$Values
instanceKlass it/unimi/dsi/fastutil/objects/AbstractReferenceCollection
instanceKlass com/google/common/collect/AbstractMultiset
instanceKlass org/apache/groovy/util/concurrent/concurrentlinkedhashmap/LinkedDeque
instanceKlass org/gradle/tooling/provider/model/internal/DefaultToolingModelBuilderRegistry$1
instanceKlass org/gradle/api/internal/DefaultDomainObjectCollection
instanceKlass com/google/common/collect/AbstractMapBasedMultimap$WrappedCollection
instanceKlass java/util/TreeMap$Values
instanceKlass com/google/common/collect/ImmutableCollection
instanceKlass java/util/IdentityHashMap$Values
instanceKlass java/util/LinkedHashMap$LinkedValues
instanceKlass java/util/AbstractQueue
instanceKlass java/util/HashMap$Values
instanceKlass java/util/ArrayDeque
instanceKlass java/util/AbstractSet
instanceKlass java/util/ImmutableCollections$AbstractImmutableCollection
instanceKlass java/util/AbstractList
ciInstanceKlass java/util/AbstractCollection 1 1 160 10 7 12 1 1 1 10 7 12 1 1 1 10 12 1 1 11 7 12 1 1 1 11 12 1 1 10 12 1 1 10 100 12 1 1 1 10 12 1 1 10 12 1 1 10 7 12 1 1 10 7 12 1 1 1 7 1 10 100 12 1 1 1 10 100 12 1 1 1 100 1 10 11 12 1 11 7 1 10 12 1 10 12 1 10 7 12 1 1 1 11 8 1 7 1 10 10 12 1 1 8 1 10 12 1 10 12 1 1 1 1 1 1 1 1 1 1 1 1 1 1 1 1 1 1 1 1 1 1 1 1 1 1 1 1 1 1 1 1 1 1 1 1 1 1 1 1 1 1 1 1 1 1 1 1 1 1 1 1
instanceKlass java/util/Collections$CopiesList
instanceKlass groovy/lang/EmptyRange
instanceKlass groovy/lang/ObjectRange
instanceKlass groovy/lang/IntRange
instanceKlass groovy/lang/Tuple
instanceKlass sun/security/jca/ProviderList$ServiceList
instanceKlass sun/security/jca/ProviderList$3
instanceKlass org/gradle/internal/classpath/DefaultClassPath$ImmutableUniqueList
instanceKlass java/util/Collections$SingletonList
instanceKlass java/util/AbstractSequentialList
instanceKlass java/util/Vector
instanceKlass org/gradle/internal/classpath/DefaultClassPath$ImmutableUniqueList
instanceKlass java/util/Arrays$ArrayList
instanceKlass java/util/ArrayList$SubList
instanceKlass java/util/Collections$EmptyList
instanceKlass java/util/ArrayList
ciInstanceKlass java/util/AbstractList 1 1 218 10 7 12 1 1 1 9 7 12 1 1 1 10 12 1 1 10 12 1 1 100 1 10 10 12 1 1 11 7 12 1 1 1 11 12 1 1 11 12 1 10 7 12 1 1 1 10 12 1 11 12 1 11 12 1 11 12 1 10 12 1 1 10 12 1 1 11 100 12 1 1 1 11 7 1 11 7 1 10 12 1 7 1 10 12 1 10 12 1 1 100 1 100 1 10 12 1 100 1 10 100 1 100 1 10 8 1 10 12 1 1 10 12 1 10 12 1 1 10 12 1 8 1 100 1 8 1 8 1 8 1 10 100 1 11 10 10 12 1 11 12 1 10 12 1 1 8 1 8 1 1 1 1 1 1 1 1 1 1 1 1 1 1 1 1 1 1 1 1 1 1 1 1 1 1 1 1 1 1 1 1 1 1 1 1 1 1 1 1 1 1 1 1 1 1 1 1 1 1 1 1 1 1 1 1 1 1 100 1 100 1 1 1 1 1 1 1
ciInstanceKlass java/lang/AssertionStatusDirectives 0 0 24 10 100 12 1 1 1 100 1 1 1 1 1 1 1 1 1 1 1 1 1 1 1 1
ciInstanceKlass java/lang/invoke/MethodHandleNatives$CallSiteContext 1 1 49 10 7 12 1 1 1 7 1 10 10 7 12 1 1 1 10 7 12 1 1 1 10 7 12 1 1 1 100 1 1 1 1 1 1 1 1 1 1 1 1 1 1 1 1 1 100 1 1
ciInstanceKlass jdk/internal/invoke/NativeEntryPoint 0 0 92 10 100 12 1 1 1 9 100 12 1 1 1 10 100 12 1 1 1 100 1 9 12 1 9 12 1 9 12 1 1 9 12 1 1 9 12 1 1 100 1 8 1 10 12 1 11 100 12 1 1 1 10 12 1 1 10 12 1 11 100 12 1 1 11 12 1 10 12 1 1 10 12 1 1 1 1 1 1 1 1 1 1 1 1 1 1 1 1 1 1 1
instanceKlass java/lang/invoke/VolatileCallSite
instanceKlass java/lang/invoke/MutableCallSite
instanceKlass java/lang/invoke/ConstantCallSite
ciInstanceKlass java/lang/invoke/CallSite 1 1 302 10 7 12 1 1 1 10 7 12 1 1 1 9 7 12 1 1 1 10 12 1 1 9 12 1 1 10 7 12 1 1 1 10 12 1 100 1 10 12 1 1 10 12 1 1 9 100 12 1 1 1 10 100 12 1 1 10 12 1 1 100 1 100 1 10 10 100 12 1 1 1 10 12 1 1 8 1 10 12 1 10 12 1 1 10 12 1 10 12 1 1 10 12 1 1 10 10 100 12 1 1 10 12 1 1 9 12 1 9 100 12 1 1 1 8 1 10 7 12 1 1 1 10 12 1 1 100 1 10 12 1 1 9 12 1 8 1 100 1 10 12 1 10 12 1 100 1 8 1 10 10 12 1 10 12 1 1 100 1 10 12 1 1 10 12 1 10 12 1 10 12 1 1 10 12 1 1 9 12 1 1 8 10 12 1 1 9 12 1 1 100 1 10 10 12 1 10 100 12 1 1 1 10 12 1 1 10 12 1 1 10 12 1 10 7 12 1 1 1 100 1 8 1 10 10 12 10 12 1 1 100 1 100 1 100 1 8 1 10 12 1 10 7 12 1 1 1 1 1 1 1 1 1 1 1 1 1 1 1 1 1 1 1 1 1 1 1 1 1 1 1 1 1 1 1 1 1 1 1 1 1 1 1 1 1 1 1 1 1 1 1 1 1 1 1 1 1 1 1 1 1
staticfield java/lang/invoke/CallSite $assertionsDisabled Z 1
ciInstanceKlass java/lang/invoke/VolatileCallSite 0 0 37 10 100 12 1 1 1 10 12 1 10 100 12 1 1 1 10 12 1 10 12 1 1 1 1 1 1 1 1 1 1 1 1 1 1 1 1
ciInstanceKlass java/lang/invoke/MethodType 1 1 771 7 1 10 7 12 1 1 1 9 12 1 1 9 12 1 1 9 12 1 1 10 7 12 1 1 1 9 7 12 1 1 8 1 10 100 12 1 1 1 9 7 1 9 7 1 10 12 1 1 100 1 10 8 1 10 12 1 1 10 12 1 10 12 1 1 100 1 8 1 10 12 1 100 1 10 10 12 1 10 12 1 1 10 12 1 1 11 7 12 1 1 1 9 12 1 11 12 1 1 7 7 1 10 7 12 1 1 1 10 12 1 9 12 1 1 10 7 12 1 1 10 12 1 1 10 7 12 1 1 1 10 7 12 1 1 1 10 12 1 9 12 1 1 10 12 1 1 7 1 10 12 1 1 10 12 1 1 10 12 1 1 10 12 1 1 10 12 1 1 10 12 1 10 12 1 10 12 1 1 10 12 1 8 1 8 1 10 12 1 1 9 12 1 1 100 1 10 10 12 1 1 10 12 1 10 12 1 1 10 12 1 1 10 12 1 10 12 1 1 10 12 1 8 1 10 12 1 1 10 7 12 1 1 1 10 12 1 10 12 1 1 10 12 1 10 12 1 10 12 1 1 10 12 1 10 12 1 9 12 1 10 12 1 10 10 12 1 1 10 12 1 9 12 1 1 10 12 1 1 10 12 1 1 10 12 1 1 10 12 1 1 7 1 10 12 10 12 1 10 12 1 100 1 8 1 8 1 8 1 10 12 1 10 12 1 10 12 1 10 11 12 1 1 11 12 1 10 100 12 1 1 1 9 12 1 10 12 1 10 12 1 1 10 12 1 1 10 12 1 10 12 1 10 100 12 1 1 1 10 12 1 1 10 12 1 10 12 1 10 12 1 10 9 12 1 1 7 1 10 12 1 10 12 1 1 9 100 12 1 1 1 10 100 12 1 1 1 10 100 12 1 1 1 10 12 1 1 10 100 12 1 1 1 10 12 1 1 8 1 10 7 12 1 1 1 11 12 1 1 9 12 1 1 10 12 1 1 10 12 1 10 12 1 1 10 12 1 1 10 100 12 1 1 100 1 10 12 1 1 11 100 12 1 1 1 18 12 1 1 11 12 1 1 18 12 1 11 12 1 100 1 11 100 12 1 1 10 12 1 100 1 10 12 1 10 100 12 1 1 10 12 1 1 9 12 1 1 9 100 12 1 1 1 10 100 12 1 1 1 9 12 1 10 100 12 1 1 10 12 1 100 10 12 1 1 10 12 1 10 7 1 7 1 9 12 1 1 100 1 100 1 100 1 1 1 5 0 1 1 1 1 1 1 1 3 1 3 1 3 1 1 1 1 1 1 1 1 1 1 1 1 1 1 1 1 1 1 1 1 1 1 1 1 1 1 1 1 1 1 1 1 1 1 1 1 1 1 1 1 1 1 1 1 1 1 1 1 1 1 1 1 1 1 1 1 1 1 1 1 1 1 1 1 1 1 1 1 1 1 1 1 1 1 1 1 1 1 1 1 1 1 1 1 1 1 1 1 1 1 1 1 1 1 1 1 1 1 1 1 1 1 1 1 1 1 1 1 1 1 1 1 1 1 1 1 1 1 1 1 1 1 1 1 1 1 1 100 1 100 1 1 1 1 1 1 1 1 1 1 1 1 1 100 1 1 1 100 1 1 1 1 1 1 1 1 1 1 1 1 1 1 1 1 1 1 1 1 1 15 10 100 12 1 1 1 16 15 10 12 16 16 15 10 12 16 1 1 1 1 100 1 1 100 1 1 100 1 100 1 1
staticfield java/lang/invoke/MethodType internTable Ljava/lang/invoke/MethodType$ConcurrentWeakInternSet; java/lang/invoke/MethodType$ConcurrentWeakInternSet
staticfield java/lang/invoke/MethodType NO_PTYPES [Ljava/lang/Class; 0 [Ljava/lang/Class;
staticfield java/lang/invoke/MethodType objectOnlyTypes [Ljava/lang/invoke/MethodType; 20 [Ljava/lang/invoke/MethodType;
staticfield java/lang/invoke/MethodType METHOD_HANDLE_ARRAY [Ljava/lang/Class; 1 [Ljava/lang/Class;
staticfield java/lang/invoke/MethodType serialPersistentFields [Ljava/io/ObjectStreamField; 0 [Ljava/io/ObjectStreamField;
staticfield java/lang/invoke/MethodType $assertionsDisabled Z 1
ciInstanceKlass java/lang/BootstrapMethodError 0 0 45 10 100 12 1 1 1 10 12 1 10 12 1 10 100 12 1 1 1 10 100 12 1 1 1 1 1 1 5 0 1 1 1 1 1 1 1 1 1 1 1 100 1 1 1
ciInstanceKlass jdk/internal/loader/ClassLoaders$AppClassLoader 1 1 119 8 1 10 7 12 1 1 1 10 7 12 1 1 1 10 100 12 1 1 1 10 12 1 1 10 100 12 1 1 1 10 12 1 1 10 12 1 1 7 1 8 1 10 12 10 7 12 1 1 1 10 7 12 1 1 10 12 1 1 10 12 1 1 10 7 12 1 1 1 100 1 10 12 1 1 1 1 1 1 1 1 1 1 1 1 1 1 1 1 1 1 1 1 1 100 1 1 1 1 1 1 1 1 1 1 1 1 1 1 1 1 1 1 1 100 1 1 1
ciInstanceKlass jdk/internal/loader/ClassLoaders$PlatformClassLoader 1 1 42 8 1 10 7 12 1 1 1 10 7 12 1 1 1 100 1 10 12 1 100 1 1 1 1 1 1 1 1 1 1 1 1 1 1 100 1 1 1 100 1 1
ciInstanceKlass java/lang/ArrayStoreException 1 1 26 10 100 12 1 1 1 10 12 1 100 1 1 1 1 5 0 1 1 1 1 1 1 1 1 1
instanceKlass org/codehaus/groovy/runtime/typehandling/GroovyCastException
ciInstanceKlass java/lang/ClassCastException 1 1 26 10 100 12 1 1 1 10 12 1 100 1 1 1 1 5 0 1 1 1 1 1 1 1 1 1
ciInstanceKlass java/lang/NoClassDefFoundError 1 1 26 10 7 12 1 1 1 10 12 1 100 1 1 1 1 5 0 1 1 1 1 1 1 1 1 1
ciInstanceKlass java/lang/IllegalMonitorStateException 1 1 26 10 100 12 1 1 1 10 12 1 100 1 1 1 1 5 0 1 1 1 1 1 1 1 1 1
ciInstanceKlass java/lang/StackOverflowError 1 1 26 10 100 12 1 1 1 10 12 1 100 1 1 1 1 5 0 1 1 1 1 1 1 1 1 1
instanceKlass java/lang/StackOverflowError
instanceKlass java/lang/OutOfMemoryError
instanceKlass java/lang/InternalError
ciInstanceKlass java/lang/VirtualMachineError 1 1 34 10 7 12 1 1 1 10 12 1 10 12 1 10 12 1 100 1 1 1 1 5 0 1 1 1 1 1 1 1 1 1 1 1
ciInstanceKlass java/lang/OutOfMemoryError 1 1 26 10 100 12 1 1 1 10 12 1 100 1 1 1 1 5 0 1 1 1 1 1 1 1 1 1
ciInstanceKlass java/lang/InternalError 1 1 34 10 7 12 1 1 1 10 12 1 10 12 1 10 12 1 100 1 1 1 1 5 0 1 1 1 1 1 1 1 1 1 1 1
ciInstanceKlass java/lang/StackTraceElement 1 1 224 10 7 12 1 1 1 10 7 12 1 1 9 12 1 1 9 12 1 1 9 12 1 9 12 1 8 1 10 7 12 1 1 1 7 1 9 12 1 8 1 9 12 1 9 12 1 9 12 1 1 8 1 10 12 1 1 10 12 1 7 1 10 10 12 1 1 8 1 10 12 1 1 10 12 1 8 1 8 1 8 1 10 12 1 8 1 8 1 10 12 1 8 1 8 1 10 12 1 1 10 12 1 10 12 1 1 10 12 1 9 12 1 1 10 7 12 1 1 1 10 12 1 1 7 1 10 12 1 1 10 7 12 1 1 10 7 12 1 1 1 10 7 12 1 1 10 7 12 1 1 10 10 12 1 1 10 12 1 10 12 1 1 100 1 1 1 1 1 3 1 3 1 1 5 0 1 1 1 1 1 1 1 1 1 1 1 1 1 1 1 1 1 1 1 1 1 1 1 1 1 1 100 1 100 1 1 1 1 1 1 1 1 1 1 100 1 1 1 1 1 1 1 1
instanceKlass java/nio/CharBuffer
instanceKlass java/nio/IntBuffer
instanceKlass java/nio/LongBuffer
instanceKlass java/nio/ByteBuffer
ciInstanceKlass java/nio/Buffer 1 1 224 100 1 10 7 12 1 1 1 9 7 12 1 1 1 9 12 1 9 12 1 1 9 12 1 9 12 1 1 10 12 1 1 10 12 1 1 10 12 100 1 100 1 10 8 1 10 12 1 1 10 12 1 8 1 8 1 10 12 1 1 10 12 1 8 1 9 12 1 1 100 1 8 1 10 12 1 8 1 8 1 9 12 10 12 1 8 1 8 1 8 1 10 12 1 8 1 8 1 8 1 100 1 10 100 1 10 100 1 10 100 1 10 10 100 12 1 1 1 10 11 100 12 1 1 10 7 12 1 1 1 10 7 12 1 1 1 9 12 1 1 10 7 12 1 1 1 9 12 1 1 7 1 10 10 7 12 1 1 1 1 1 3 1 1 1 1 1 1 1 1 1 1 1 1 1 1 1 1 1 1 100 1 1 1 1 1 1 1 1 1 1 1 1 1 1 1 1 1 1 1 1 1 1 1 1 1 1 1 1 1 1 1 1 1 1 1 1 1 1 1 1 1 1
staticfield java/nio/Buffer UNSAFE Ljdk/internal/misc/Unsafe; jdk/internal/misc/Unsafe
staticfield java/nio/Buffer SCOPED_MEMORY_ACCESS Ljdk/internal/misc/ScopedMemoryAccess; jdk/internal/misc/ScopedMemoryAccess
staticfield java/nio/Buffer $assertionsDisabled Z 1
ciInstanceKlass sun/nio/ch/DirectBuffer 1 1 13 100 1 100 1 1 1 1 1 1 1 1 1
instanceKlass java/nio/MappedByteBuffer
instanceKlass java/nio/HeapByteBuffer
ciInstanceKlass java/nio/ByteBuffer 1 1 446 10 7 12 1 1 1 9 7 12 1 1 1 10 7 12 1 1 1 9 12 1 1 9 12 1 9 12 1 1 9 12 1 1 10 12 1 10 12 1 7 1 10 12 1 10 12 1 1 7 1 10 12 1 10 12 1 100 1 100 1 10 12 1 10 12 1 1 10 7 12 1 1 1 10 12 1 1 10 12 1 100 1 10 10 12 1 1 10 12 1 10 12 1 10 12 100 1 5 0 9 12 1 1 9 12 1 9 12 1 1 10 12 1 1 10 12 1 1 10 7 12 1 1 1 10 7 12 1 1 1 10 12 1 10 12 1 1 10 12 1 1 100 1 10 100 1 10 10 12 1 1 9 12 1 10 12 1 100 1 10 10 12 1 10 12 1 10 12 10 12 1 9 12 100 1 10 10 12 1 10 12 10 12 1 1 10 12 1 10 12 1 10 12 1 10 12 1 100 1 10 10 100 12 1 1 1 10 7 12 1 1 1 10 12 1 1 8 1 10 12 1 8 1 8 1 10 12 1 8 1 10 12 1 10 7 12 1 1 1 10 100 12 1 1 1 10 12 1 1 10 100 1 9 12 1 8 1 10 12 1 8 1 8 1 10 10 12 1 10 12 1 1 10 12 1 1 10 12 10 12 1 1 10 12 10 12 10 12 10 12 10 12 10 12 10 12 1 1 10 12 1 9 12 1 1 7 10 7 12 1 1 1 100 1 1 1 1 1 1 1 1 1 1 1 1 100 1 1 1 1 1 1 1 1 1 1 1 1 1 1 1 1 1 1 1 1 1 100 1 1 1 1 1 1 1 1 1 1 1 1 1 1 1 1 1 1 1 1 1 1 1 1 1 1 1 1 1 1 1 1 1 1 1 1 1 1 1 1 1 1 1 1 1 1 1 1 1 1 1 1 1 1 1 1 1 1 1 1 1 1 1 1 1 1 1 1 1 1 1 1 1 1 1 1 1 1 1 1 1 1 1 1 1 1 1 1 1 1 1 1 1 1 100 1 1
staticfield java/nio/ByteBuffer ARRAY_BASE_OFFSET J 16
staticfield java/nio/ByteBuffer $assertionsDisabled Z 1
ciMethod java/nio/Buffer isReadOnly ()Z 0 0 1 0 -1
instanceKlass java/nio/DirectByteBuffer
ciInstanceKlass java/nio/MappedByteBuffer 1 1 161 10 7 12 1 1 1 9 7 12 1 1 1 9 12 1 1 100 1 10 12 1 9 12 1 1 10 12 1 1 9 12 1 1 10 12 1 1 10 7 12 1 1 1 10 12 1 1 10 100 12 1 1 1 10 12 1 1 10 100 12 1 1 1 10 12 1 10 12 1 1 10 12 1 10 12 1 1 10 12 1 10 12 1 10 12 1 10 12 1 10 12 1 1 10 12 10 12 10 12 10 12 10 12 10 12 1 10 12 10 12 1 10 12 1 10 12 10 12 1 1 1 1 1 1 1 1 1 1 1 1 1 1 1 1 1 1 100 1 1 1 1 100 1 1 1 1 1 1 1 1 1 1 1 1 1 1 1 100 1 1
staticfield java/nio/MappedByteBuffer SCOPED_MEMORY_ACCESS Ljdk/internal/misc/ScopedMemoryAccess; jdk/internal/misc/ScopedMemoryAccess
instanceKlass java/nio/DirectByteBufferR
ciInstanceKlass java/nio/DirectByteBuffer 1 1 552 9 7 12 1 1 1 9 12 1 1 10 7 12 1 1 1 10 7 12 1 1 1 10 7 12 1 1 1 10 7 12 1 1 1 10 12 1 1 9 12 1 1 10 7 12 1 1 1 100 1 10 12 1 10 12 1 1 9 12 1 1 7 1 10 12 1 10 7 12 1 1 1 100 1 10 12 1 1 10 12 1 7 1 9 11 7 12 1 1 1 10 12 1 10 12 1 9 12 1 1 100 1 10 12 1 10 12 1 1 10 12 1 9 12 1 1 10 12 1 10 100 12 1 1 1 10 12 1 10 12 1 7 1 10 10 12 1 1 11 100 12 1 1 1 100 1 8 1 10 12 1 11 12 1 100 1 100 1 8 1 10 9 12 1 1 10 12 1 10 12 1 1 10 7 12 1 1 1 10 7 12 1 1 1 10 12 1 1 10 12 1 10 12 1 1 10 12 1 1 10 12 1 10 12 10 12 1 9 12 1 10 12 1 1 10 12 10 12 1 1 10 12 1 10 12 1 1 10 12 10 12 1 1 9 12 1 5 0 100 1 10 12 1 100 1 10 9 12 1 100 1 10 12 1 100 1 10 10 12 1 1 10 12 1 1 10 12 1 1 10 12 1 1 100 1 10 100 1 10 100 1 10 100 1 10 10 12 1 1 10 12 1 1 10 12 1 1 10 12 1 1 5 0 100 1 10 100 1 10 7 1 10 100 1 10 10 12 1 1 10 12 1 10 12 1 1 10 12 1 1 5 0 100 1 10 100 1 10 7 1 10 100 1 10 10 100 12 1 1 1 10 12 1 1 10 12 1 1 10 12 1 1 100 1 10 100 1 10 100 1 10 100 1 10 10 100 12 1 1 1 10 12 1 10 12 1 1 10 12 1 1 100 1 10 100 1 10 100 1 10 100 1 10 10 12 1 1 10 12 1 10 12 1 1 10 12 10 7 12 1 1 7 1 10 12 1 1 9 12 1 10 12 1 1 1 1 1 1 1 1 1 1 1 1 1 1 1 1 1 1 1 1 1 1 1 1 1 1 1 1 1 1 1 1 1 1 1 100 1 100 1 100 1 1 1 1 1 1 1 1 1 1 1 1 1 1 1 1 1 1 1 1 1 1 1 1 1 1 1 1 1 100 1 1 1 1 1 1 1 1 100 1 1 1 1 1 100 1 1 1 1 1 100 1 1 1 1 1 1 1 100 1 1 1 1 1 1 1 1 100 1 1 1 1 1 1 1 1 1 1 1
staticfield java/nio/DirectByteBuffer ARRAY_BASE_OFFSET J 16
staticfield java/nio/DirectByteBuffer UNALIGNED Z 1
staticfield java/nio/DirectByteBuffer $assertionsDisabled Z 1
ciMethod java/nio/ByteBuffer put (Ljava/nio/ByteBuffer;)Ljava/nio/ByteBuffer; 1024 0 9864 0 0
ciMethod java/nio/MappedByteBuffer position (I)Ljava/nio/ByteBuffer; 4146 0 17737 0 192
ciMethod java/nio/MappedByteBuffer limit (I)Ljava/nio/ByteBuffer; 4096 0 9332 0 0
ciMethod java/nio/MappedByteBuffer flip ()Ljava/nio/ByteBuffer; 1024 0 9983 0 0
ciMethod java/nio/MappedByteBuffer rewind ()Ljava/nio/ByteBuffer; 1024 0 9182 0 0
ciMethod java/nio/ByteBuffer putBuffer (ILjava/nio/ByteBuffer;II)V 1024 0 9864 0 0
ciMethod java/nio/Buffer position (I)Ljava/nio/Buffer; 526 0 5423 0 160
ciMethod java/nio/Buffer limit (I)Ljava/nio/Buffer; 768 0 6633 0 192
ciMethod java/nio/Buffer flip ()Ljava/nio/Buffer; 150 0 38272 0 0
ciMethod java/nio/Buffer rewind ()Ljava/nio/Buffer; 1024 0 25883 0 0
ciMethod java/nio/Buffer position ()I 268 0 134 0 0
ciMethod java/nio/Buffer limit ()I 432 0 216 0 0
ciMethod java/nio/Buffer capacity ()I 260 0 130 0 0
ciMethod java/nio/Buffer createPositionException (I)Ljava/lang/IllegalArgumentException; 0 0 1 0 -1
ciMethod java/nio/Buffer createLimitException (I)Ljava/lang/IllegalArgumentException; 0 0 1 0 -1
ciMethod java/nio/Buffer scope ()Ljdk/internal/misc/ScopedMemoryAccess$Scope; 854 0 63827 0 -1
ciMethod java/nio/Buffer createSameBufferException ()Ljava/lang/IllegalArgumentException; 0 0 1 0 -1
instanceKlass jdk/internal/math/FormattedFloatingDecimal$1
instanceKlass org/codehaus/groovy/runtime/GroovyCategorySupport$MyThreadLocal
instanceKlass java/lang/ThreadLocal$SuppliedThreadLocal
instanceKlass jdk/internal/jimage/ImageBufferCache$1
instanceKlass java/util/concurrent/locks/ReentrantReadWriteLock$Sync$ThreadLocalHoldCounter
instanceKlass org/gradle/internal/file/ThreadLocalBufferProvider$1
instanceKlass org/gradle/api/internal/DefaultMutationGuard$GuardState
instanceKlass org/gradle/internal/deprecation/DeprecationLogger$1
instanceKlass jdk/internal/math/FloatingDecimal$1
instanceKlass jdk/internal/misc/TerminatingThreadLocal$1
instanceKlass jdk/internal/misc/TerminatingThreadLocal
ciInstanceKlass java/lang/ThreadLocal 1 1 141 9 7 12 1 1 1 3 10 7 12 1 1 1 7 1 10 12 1 1 10 7 12 1 1 10 12 1 9 12 1 1 10 7 12 1 1 1 10 12 1 1 10 7 12 1 1 1 9 7 12 1 1 1 10 12 1 1 10 12 1 10 12 1 1 10 12 1 1 7 1 10 12 1 1 10 12 1 1 9 12 1 1 10 12 10 12 1 100 1 10 10 1 1 1 1 1 1 1 1 1 1 1 1 1 1 1 1 1 1 1 1 1 1 1 1 1 1 1 1 1 1 1 1 1 1 1 1 1 1 1 1 1 1 1 1 1 1 1 1 1
staticfield java/lang/ThreadLocal nextHashCode Ljava/util/concurrent/atomic/AtomicInteger; java/util/concurrent/atomic/AtomicInteger
ciMethod java/lang/ThreadLocal get ()Ljava/lang/Object; 516 0 15306 0 0
ciMethod java/lang/ThreadLocal getMap (Ljava/lang/Thread;)Ljava/lang/ThreadLocal$ThreadLocalMap; 526 0 21400 0 96
ciMethod java/lang/ThreadLocal initialValue ()Ljava/lang/Object; 260 0 130 0 -1
ciMethod java/lang/ThreadLocal createMap (Ljava/lang/Thread;Ljava/lang/Object;)V 40 0 43 0 0
ciInstanceKlass jdk/internal/misc/UnsafeConstants 1 1 34 10 100 12 1 1 1 9 7 12 1 1 1 9 12 1 9 12 1 1 9 12 1 9 12 1 1 1 1 1 1 1 1 1
staticfield jdk/internal/misc/UnsafeConstants ADDRESS_SIZE0 I 8
staticfield jdk/internal/misc/UnsafeConstants PAGE_SIZE I 4096
staticfield jdk/internal/misc/UnsafeConstants BIG_ENDIAN Z 0
staticfield jdk/internal/misc/UnsafeConstants UNALIGNED_ACCESS Z 1
staticfield jdk/internal/misc/UnsafeConstants DATA_CACHE_LINE_FLUSH_SIZE I 0
ciInstanceKlass jdk/internal/misc/ScopedMemoryAccess 1 1 1384 9 100 12 1 1 1 10 7 12 1 1 1 10 7 12 1 1 1 9 12 1 1 10 12 1 1 100 1 8 1 10 12 1 11 100 12 1 1 9 12 1 1 10 7 12 1 1 1 10 7 12 1 1 1 10 12 1 1 10 12 1 1 10 12 1 1 10 12 1 1 10 12 1 1 10 7 12 1 1 1 10 12 1 1 10 100 12 1 1 1 11 100 12 1 1 1 10 12 1 1 11 12 1 1 10 12 1 11 12 1 10 12 1 1 11 12 1 1 10 100 12 1 1 1 10 12 1 1 10 12 1 1 10 12 1 1 10 100 12 1 1 100 1 10 12 1 1 10 12 1 1 10 12 1 1 10 12 1 1 10 12 1 1 10 12 1 1 10 12 1 10 12 1 10 12 1 10 12 1 10 12 1 10 12 1 10 12 1 10 12 1 10 12 1 10 12 1 10 12 1 10 12 1 10 12 1 1 10 12 1 1 10 12 1 10 12 1 10 12 1 10 12 1 10 12 1 10 12 1 10 12 1 10 12 1 10 12 1 10 12 1 10 12 1 10 12 1 10 12 1 10 12 1 10 12 1 10 12 1 10 12 1 10 12 1 10 12 1 10 12 1 10 12 1 10 12 1 10 12 1 1 10 12 1 1 10 12 1 1 10 12 1 1 10 12 1 1 10 12 1 1 10 12 1 1 10 12 1 1 10 12 1 10 12 1 10 12 1 10 12 1 10 12 1 10 12 1 10 12 1 10 12 1 10 12 1 10 12 1 10 12 1 10 12 1 10 12 1 1 10 12 1 1 10 12 1 10 12 1 10 12 1 10 12 1 10 12 1 10 12 1 10 12 1 10 12 1 10 12 1 10 12 1 10 12 1 10 12 1 10 12 1 10 12 1 10 12 1 10 12 1 10 12 1 10 12 1 10 12 1 10 12 1 10 12 1 10 12 1 10 12 1 1 10 12 1 1 10 12 1 1 10 12 1 1 10 12 1 1 10 12 1 1 10 12 1 1 10 12 1 1 10 12 1 10 12 1 10 12 1 10 12 1 10 12 1 10 12 1 10 12 1 10 12 1 10 12 1 10 12 1 10 12 1 10 12 1 10 12 1 1 10 12 1 1 10 12 1 10 12 1 10 12 1 10 12 1 10 12 1 10 12 1 10 12 1 10 12 1 10 12 1 10 12 1 10 12 1 10 12 1 10 12 1 10 12 1 10 12 1 10 12 1 10 12 1 10 12 1 10 12 1 10 12 1 10 12 1 10 12 1 10 12 1 1 10 12 1 1 10 12 1 1 10 12 1 1 10 12 1 1 10 12 1 1 10 12 1 1 10 12 1 1 10 12 1 10 12 1 10 12 1 10 12 1 10 12 1 10 12 1 10 12 1 10 12 1 10 12 1 10 12 1 10 12 1 10 12 1 10 12 1 1 10 12 1 1 10 12 1 1 10 12 1 1 10 12 1 10 12 1 10 12 1 10 12 1 10 12 1 10 12 1 10 12 1 10 12 1 10 12 1 10 12 1 10 12 1 10 12 1 10 12 1 1 10 12 1 1 10 12 1 10 12 1 10 12 1 10 12 1 10 12 1 10 12 1 10 12 1 10 12 1 10 12 1 10 12 1 10 12 1 10 12 1 10 12 1 10 12 1 10 12 1 10 12 1 10 12 1 10 12 1 10 12 1 10 12 1 10 12 1 10 12 1 10 12 1 10 12 1 10 12 1 10 12 1 10 12 1 10 12 1 10 12 1 1 10 12 1 1 10 12 1 1 10 12 1 1 10 12 1 1 10 12 1 1 10 12 1 1 10 12 1 1 10 12 1 10 12 1 10 12 1 10 12 1 10 12 1 10 12 1 10 12 1 10 12 1 10 12 1 10 12 1 10 12 1 10 12 1 10 12 1 1 10 12 1 1 10 12 1 1 10 12 1 1 10 12 1 10 12 1 10 12 1 10 12 1 10 12 1 10 12 1 10 12 1 10 12 1 10 12 1 10 12 1 10 12 1 10 12 1 10 12 1 1 10 12 1 1 10 12 1 10 12 1 10 12 1 10 12 1 10 12 1 10 12 1 10 12 1 10 12 1 10 12 1 10 12 1 10 12 1 10 12 1 10 12 1 10 12 1 10 12 1 10 12 1 10 12 1 10 12 1 10 12 1 10 12 1 10 12 1 10 12 1 10 12 1 10 12 1 10 12 1 10 12 1 10 12 1 10 12 1 10 12 1 1 10 12 1 1 10 12 1 1 10 12 1 1 10 12 1 10 12 1 10 12 1 10 12 1 10 12 1 10 12 1 10 12 1 10 12 1 10 12 1 10 12 1 10 12 1 10 12 1 10 12 1 1 10 12 1 1 10 12 1 1 10 12 1 1 10 12 1 10 12 1 10 12 1 10 12 1 10 12 1 10 12 1 10 12 1 10 12 1 10 12 1 10 12 1 10 12 1 10 12 1 10 12 1 1 10 12 1 1 10 12 1 10 12 1 10 12 1 10 12 1 10 12 1 10 12 1 10 12 1 10 12 1 10 12 1 10 12 1 10 12 1 1 10 12 1 1 10 12 1 1 10 12 1 1 10 12 1 10 12 1 10 12 1 10 12 1 10 12 1 10 12 1 10 12 1 10 12 1 10 12 1 10 12 1 10 12 1 10 12 1 10 12 1 1 10 12 1 1 10 12 1 1 10 12 1 1 10 12 1 10 12 1 10 12 1 10 12 1 10 12 1 10 12 1 10 12 1 10 12 1 10 12 1 10 12 1 10 12 1 10 12 1 10 12 1 1 10 12 1 1 10 12 1 10 12 1 10 12 1 10 12 1 10 12 1 10 12 1 10 12 1 10 12 1 10 12 1 10 12 1 10 12 1 1 10 12 1 10 1 1 1 1 1 1 1 1 1 1 1 1 1 1 1 1 1 1 1 1 1 1 100 1 1 1 1 1 1 1 1 1 1 1 1 1 1 1 1 1 1 1 1 1 1 1 1 1 1 1 1 1 1 1 1 1 1 1 1 1 1 1 1 1 1 1 1 1 1 1 1 1 1 1 1 1 1 1 1 1 1 1 1 1 1 1 100 1 100 1 1 1 1 1 100 1 1 100 1 1 1 100 1 1 1 1
staticfield jdk/internal/misc/ScopedMemoryAccess UNSAFE Ljdk/internal/misc/Unsafe; jdk/internal/misc/Unsafe
staticfield jdk/internal/misc/ScopedMemoryAccess theScopedMemoryAccess Ljdk/internal/misc/ScopedMemoryAccess; jdk/internal/misc/ScopedMemoryAccess
ciMethod jdk/internal/misc/ScopedMemoryAccess copyMemory (Ljdk/internal/misc/ScopedMemoryAccess$Scope;Ljdk/internal/misc/ScopedMemoryAccess$Scope;Ljava/lang/Object;JLjava/lang/Object;JJ)V 3170 0 10673 0 -1
ciMethod jdk/internal/misc/ScopedMemoryAccess copyMemoryInternal (Ljdk/internal/misc/ScopedMemoryAccess$Scope;Ljdk/internal/misc/ScopedMemoryAccess$Scope;Ljava/lang/Object;JLjava/lang/Object;JJ)V 512 0 9348 0 -1
instanceKlass java/lang/invoke/DelegatingMethodHandle
instanceKlass java/lang/invoke/BoundMethodHandle
instanceKlass java/lang/invoke/DirectMethodHandle
ciInstanceKlass java/lang/invoke/MethodHandle 1 1 641 100 1 9 7 12 1 1 1 10 7 12 1 1 1 10 7 12 1 1 1 7 1 7 1 10 12 1 1 9 12 1 1 10 12 1 10 12 1 1 10 12 1 1 10 7 12 1 1 1 10 12 1 1 10 12 1 1 11 100 12 1 1 1 10 12 1 1 10 12 1 10 12 1 9 12 1 1 10 12 1 1 100 1 100 1 10 8 1 10 12 1 1 10 12 1 8 1 10 12 1 1 10 12 1 10 7 12 1 1 1 10 12 1 10 12 1 1 10 12 1 1 10 12 1 1 10 12 1 1 10 7 12 1 1 1 10 7 12 1 1 1 7 1 10 12 1 1 10 12 1 1 10 12 1 1 8 1 10 7 12 1 1 1 8 1 10 12 1 1 10 12 1 1 10 12 1 1 10 12 1 8 1 10 12 1 1 8 1 10 12 1 8 1 10 100 12 1 1 1 9 12 1 1 100 1 10 9 100 12 1 1 1 9 100 1 8 1 10 12 1 1 10 12 1 10 12 1 1 10 12 1 10 12 1 1 10 12 1 10 12 1 1 10 12 1 10 12 1 1 10 12 1 1 8 1 10 12 1 1 8 1 10 12 1 10 12 1 1 10 12 1 10 12 1 10 12 1 1 9 100 12 1 1 1 10 12 1 1 11 12 1 10 12 1 10 12 1 1 10 100 12 1 1 1 100 1 11 12 1 10 100 1 11 12 1 100 1 10 12 1 11 12 1 9 100 12 1 1 1 11 12 1 1 11 100 12 1 1 1 10 12 1 1 9 12 1 11 12 1 9 12 1 9 12 1 9 12 1 11 12 1 1 9 12 1 9 12 1 9 12 1 9 12 1 9 12 1 9 12 1 9 12 1 8 1 10 12 1 10 12 1 8 1 10 12 1 10 12 1 10 10 7 12 1 1 10 12 1 1 100 1 8 1 10 12 1 1 10 12 1 1 10 12 1 10 12 1 100 1 10 100 12 1 1 1 10 12 1 9 7 12 1 1 1 10 12 1 1 10 12 1 1 8 1 9 12 1 9 12 1 1 9 12 1 1 10 12 1 7 1 10 12 1 10 12 1 1 9 12 1 1 9 12 1 1 10 7 12 1 1 1 11 7 12 1 1 9 12 1 10 12 1 1 9 12 1 10 12 1 8 10 12 1 1 8 1 1 1 1 1 1 100 1 1 1 1 1 1 1 1 1 1 1 1 1 1 1 1 1 1 1 1 1 1 1 1 1 1 1 1 1 1 1 1 1 1 1 1 1 1 1 1 1 1 1 1 1 1 1 1 1 1 1 1 1 1 1 1 1 1 1 1 1 1 1 1 1 1 1 1 1 100 1 1 1 1 1 1 1 1 1 100 1 1 1 1 1 1 1 1 1 1 1 1 1 1 1 1 1 1 1 1 1 1 1 1 1 1 1 100 1 1 100 1 1 100 1 1 1 1
staticfield java/lang/invoke/MethodHandle FORM_OFFSET J 20
staticfield java/lang/invoke/MethodHandle UPDATE_OFFSET J 13
staticfield java/lang/invoke/MethodHandle $assertionsDisabled Z 1
instanceKlass java/lang/invoke/DirectMethodHandle$Special
instanceKlass java/lang/invoke/DirectMethodHandle$Interface
instanceKlass java/lang/invoke/DirectMethodHandle$Constructor
instanceKlass java/lang/invoke/DirectMethodHandle$Accessor
ciInstanceKlass java/lang/invoke/DirectMethodHandle 1 1 940 7 1 7 1 100 1 7 1 7 1 10 7 12 1 1 1 10 7 12 1 1 1 100 1 10 12 1 10 12 1 1 10 7 12 1 1 10 12 1 1 10 12 1 10 12 1 7 1 10 12 1 1 10 12 1 1 10 12 1 10 12 1 1 10 7 12 1 1 1 10 12 1 9 12 1 1 100 1 10 9 12 1 1 9 12 1 10 12 1 10 12 1 10 12 1 1 10 12 1 10 12 1 10 12 1 10 7 12 1 1 1 10 12 1 10 12 1 1 8 1 10 12 1 1 7 1 10 12 1 7 1 10 10 12 1 10 12 1 10 12 1 10 7 12 1 1 1 10 12 1 1 100 1 10 12 1 10 12 1 7 1 10 12 1 10 12 1 1 10 12 1 1 10 12 1 8 10 100 12 1 1 1 10 12 1 10 12 1 10 12 1 1 10 12 1 9 7 12 1 1 1 7 1 10 12 1 10 7 12 1 1 1 10 12 1 10 12 1 1 9 12 1 1 100 1 10 8 1 10 12 1 1 10 12 1 10 12 1 10 10 12 1 10 12 1 10 12 1 10 12 1 10 12 1 1 10 12 1 10 12 1 1 10 12 1 10 12 1 1 10 10 7 12 1 1 1 10 12 1 10 12 1 1 10 12 1 10 12 1 1 8 1 9 7 12 1 1 1 8 1 9 12 1 9 12 1 8 1 9 12 1 9 12 1 8 1 9 12 1 9 12 1 8 1 10 12 1 10 12 1 1 9 12 1 1 7 1 10 12 1 1 100 1 10 7 12 1 1 1 10 12 1 1 10 12 1 10 12 1 1 7 1 10 12 1 1 10 12 1 10 12 1 1 7 1 10 12 1 1 10 7 12 1 1 1 10 12 1 10 12 1 10 12 1 9 12 1 1 10 7 1 9 12 9 12 1 10 7 12 1 1 1 10 12 1 7 1 7 1 7 1 9 12 1 1 10 7 12 1 10 12 1 1 10 12 1 100 1 10 12 1 10 12 1 1 9 100 12 1 1 1 10 12 1 1 100 1 10 100 12 1 1 1 10 12 1 10 12 1 8 1 9 12 1 9 12 1 10 12 1 9 12 1 1 10 100 12 1 1 1 9 12 1 1 9 12 1 1 10 12 1 10 12 1 10 12 1 10 12 1 10 12 1 1 10 12 1 10 7 12 1 1 9 12 1 10 12 1 10 12 1 10 12 1 10 12 1 1 10 12 1 1 9 12 1 1 10 12 1 1 9 7 12 1 1 1 9 12 1 9 12 1 9 12 1 9 12 1 9 12 1 9 12 1 9 12 1 9 12 1 9 12 1 9 12 1 9 12 1 9 12 1 9 12 1 9 12 1 9 12 1 9 12 1 9 12 1 9 12 1 9 12 1 9 12 1 9 12 1 9 12 1 9 12 1 9 12 1 9 12 1 9 12 1 9 12 1 9 12 1 9 12 1 9 12 1 9 12 1 9 12 1 9 12 1 9 12 1 9 12 1 9 12 1 8 1 9 12 1 1 9 12 1 1 10 12 1 10 12 1 1 9 7 1 10 12 1 9 12 1 1 10 12 10 12 1 10 12 1 10 12 1 10 8 1 8 1 8 1 8 1 10 12 1 1 9 12 1 1 10 12 1 10 100 12 1 1 1 8 9 12 1 1 10 12 1 1 8 1 8 8 9 12 1 8 1 8 8 8 8 8 1 8 10 12 1 10 12 1 8 1 8 1 10 12 1 10 12 1 10 12 1 10 12 1 1 7 1 1 1 1 3 1 3 1 3 1 3 1 3 1 3 1 3 1 3 1 3 1 3 1 1 1 1 1 1 1 1 1 1 3 1 3 1 1 1 1 3 1 1 1 1 1 1 1 1 1 1 1 1 1 1 1 1 1 1 1 1 1 1 1 1 1 1 1 1 1 1 1 1 1 1 1 1 1 1 1 1 1 1 1 1 1 1 1 1 1 1 1 1 1 1 1 1 100 1 1 1 1 1 1 1 1 1 1 1 1 100 1 1 1 1 1 1 1 1 1 1 1 1 1 1 1 1 1 1 1 1 1 1 1 1 1 1 1 1 1 1 1 1 1 1 1 1 1 1 1 1 1 1 1 1 1 1 1 1 1 1 1
staticfield java/lang/invoke/DirectMethodHandle IMPL_NAMES Ljava/lang/invoke/MemberName$Factory; java/lang/invoke/MemberName$Factory
staticfield java/lang/invoke/DirectMethodHandle FT_UNCHECKED_REF I 8
staticfield java/lang/invoke/DirectMethodHandle ACCESSOR_FORMS [Ljava/lang/invoke/LambdaForm; 132 [Ljava/lang/invoke/LambdaForm;
staticfield java/lang/invoke/DirectMethodHandle ALL_WRAPPERS [Lsun/invoke/util/Wrapper; 10 [Lsun/invoke/util/Wrapper;
staticfield java/lang/invoke/DirectMethodHandle NFS [Ljava/lang/invoke/LambdaForm$NamedFunction; 12 [Ljava/lang/invoke/LambdaForm$NamedFunction;
staticfield java/lang/invoke/DirectMethodHandle OBJ_OBJ_TYPE Ljava/lang/invoke/MethodType; java/lang/invoke/MethodType
staticfield java/lang/invoke/DirectMethodHandle LONG_OBJ_TYPE Ljava/lang/invoke/MethodType; java/lang/invoke/MethodType
staticfield java/lang/invoke/DirectMethodHandle $assertionsDisabled Z 1
ciInstanceKlass java/lang/ThreadLocal$ThreadLocalMap 1 1 142 9 7 12 1 1 1 10 7 12 1 1 1 9 12 1 7 1 9 12 1 1 9 7 12 1 1 10 12 1 10 12 1 1 10 12 1 1 9 12 1 1 10 12 1 1 10 12 1 1 10 12 1 1 10 12 1 1 10 12 1 1 10 12 1 1 10 12 1 1 10 12 1 10 12 1 10 12 1 10 12 1 10 12 1 1 1 3 1 1 1 1 1 1 1 1 1 1 1 1 1 1 1 1 1 1 1 1 1 1 1 1 100 1 1 1 1 1 1 1 1 1 1 1 1 1 1 1 1 1 1 1 1 1 1 1 1 1 1 1 1 1
ciInstanceKlass java/lang/ThreadLocal$ThreadLocalMap$Entry 1 1 37 10 7 12 1 1 1 9 7 12 1 1 1 1 1 1 1 1 1 1 1 1 1 1 1 1 1 1 1 1 100 1 1 100 1 1 1
ciInstanceKlass java/lang/invoke/LambdaForm 1 1 1052 100 1 9 7 12 1 1 1 10 7 12 1 1 1 10 7 12 1 1 9 12 1 1 9 12 1 1 10 12 1 1 100 1 10 9 12 1 10 12 1 1 9 12 1 10 7 12 1 1 1 9 12 1 9 12 1 9 12 1 1 9 12 1 10 12 1 1 7 1 10 12 1 10 100 12 1 1 1 10 100 12 1 1 1 10 12 1 10 12 1 1 9 100 12 1 1 1 10 12 1 1 9 12 1 10 12 1 1 10 12 1 10 12 1 1 10 12 1 1 10 100 12 1 1 1 7 1 10 10 12 1 1 8 1 10 12 1 10 12 1 10 12 1 1 7 1 10 7 12 1 1 1 10 12 1 1 10 12 1 10 12 1 1 9 12 1 1 9 12 1 9 12 1 1 10 12 1 9 12 1 10 100 12 1 1 1 10 12 1 1 10 12 1 9 12 1 1 10 100 12 1 1 1 10 12 1 10 12 1 10 12 1 10 12 1 10 12 1 10 12 1 1 10 12 1 10 12 1 1 8 1 10 12 1 10 12 1 8 1 8 1 9 12 1 9 12 1 9 12 1 1 10 12 1 1 10 12 1 9 12 1 10 12 1 1 10 7 12 1 1 1 10 12 1 1 10 12 1 10 12 1 10 12 1 1 9 12 1 10 12 1 8 1 8 1 8 1 8 1 8 1 8 1 8 1 8 1 10 12 1 9 12 1 7 1 10 12 1 1 9 12 1 10 12 1 10 12 1 1 10 12 10 12 1 10 12 1 1 10 12 1 1 10 10 12 1 1 10 12 1 1 7 1 8 1 10 12 1 1 10 12 1 10 12 1 1 10 8 1 10 12 1 1 8 1 8 1 8 1 10 12 1 9 12 1 1 10 12 1 1 10 12 1 1 100 1 10 12 1 1 10 12 1 10 7 12 1 1 1 10 12 1 1 9 12 1 1 8 1 10 100 12 1 1 1 10 7 12 1 1 10 12 10 10 12 1 1 9 12 1 8 10 12 1 1 100 1 10 12 1 1 10 12 1 9 7 12 1 1 9 12 1 1 8 1 10 100 12 1 1 10 12 1 1 100 1 100 1 10 10 12 1 1 10 12 1 1 8 1 8 1 100 1 8 1 10 12 10 12 1 10 12 1 10 12 1 1 8 1 8 1 9 100 12 1 1 1 10 12 1 10 12 1 1 8 1 8 1 8 1 100 1 8 1 100 1 8 1 100 1 8 1 10 12 1 8 1 9 10 7 12 1 1 1 10 12 1 9 12 1 1 10 12 1 10 10 12 1 10 12 1 10 12 1 10 12 1 1 10 12 1 10 12 1 1 10 12 1 1 10 12 1 1 8 1 100 10 12 1 10 12 1 9 12 1 1 10 7 12 1 1 8 1 8 1 100 1 8 1 8 1 8 1 8 1 8 1 8 1 8 1 8 1 10 12 1 1 10 12 1 1 10 12 1 10 12 1 8 1 8 1 8 1 10 12 1 8 1 10 12 1 8 1 8 1 8 1 8 1 8 1 10 12 1 10 12 1 10 12 1 1 10 7 12 1 1 1 10 12 1 10 12 1 10 12 1 10 12 1 10 12 1 10 12 1 10 12 1 9 12 1 1 8 1 10 12 1 1 9 12 1 1 10 12 1 1 9 12 1 9 12 1 1 9 12 1 9 12 1 1 7 1 10 7 12 1 1 1 9 12 1 10 12 1 10 12 1 8 1 10 12 1 9 12 1 1 7 1 10 7 12 1 1 1 8 1 100 1 10 12 1 9 12 1 9 12 1 10 12 1 10 12 1 10 7 12 1 1 1 10 12 1 9 7 12 1 1 10 12 1 1 10 12 1 10 12 1 9 12 10 12 1 10 10 12 1 9 9 12 1 7 9 12 1 1 10 12 1 1 9 12 1 10 12 1 10 7 1 9 1 1 1 1 3 1 3 1 3 1 1 1 1 1 1 1 1 1 1 1 1 1 1 1 1 1 1 1 1 1 1 1 1 1 1 1 1 1 1 1 1 1 1 1 1 1 1 1 1 1 1 1 1 1 1 1 1 1 1 1 1 1 1 1 1 100 1 1 1 1 1 1 1 1 1 1 1 1 1 1 1 1 1 1 1 1 1 1 1 1 1 1 1 1 1 1 1 1 1 1 1 1 1 1 1 1 1 1 1 1 1 1 1 1 1 1 1 1 1 1 1 1 1 1 1 100 1 1 1 1 1 1 1 1 1 1 1 1 1 1 1 1 1 1 1 1 1 1 1 1 1 1 1 1 1 1 1 1 1 1 100 1 1 1 1 1 1 1 1 1 1 1 1 1 1 1 1 1 1 1 1 1 1 100 1 1 1 100 1 1 100 1 1 1 1 1 1 1 1 1 1 1
staticfield java/lang/invoke/LambdaForm COMPILE_THRESHOLD I 0
staticfield java/lang/invoke/LambdaForm INTERNED_ARGUMENTS [[Ljava/lang/invoke/LambdaForm$Name; 5 [[Ljava/lang/invoke/LambdaForm$Name;
staticfield java/lang/invoke/LambdaForm IMPL_NAMES Ljava/lang/invoke/MemberName$Factory; java/lang/invoke/MemberName$Factory
staticfield java/lang/invoke/LambdaForm LF_identity [Ljava/lang/invoke/LambdaForm; 6 [Ljava/lang/invoke/LambdaForm;
staticfield java/lang/invoke/LambdaForm LF_zero [Ljava/lang/invoke/LambdaForm; 6 [Ljava/lang/invoke/LambdaForm;
staticfield java/lang/invoke/LambdaForm NF_identity [Ljava/lang/invoke/LambdaForm$NamedFunction; 6 [Ljava/lang/invoke/LambdaForm$NamedFunction;
staticfield java/lang/invoke/LambdaForm NF_zero [Ljava/lang/invoke/LambdaForm$NamedFunction; 6 [Ljava/lang/invoke/LambdaForm$NamedFunction;
staticfield java/lang/invoke/LambdaForm createFormsLock Ljava/lang/Object; java/lang/Object
staticfield java/lang/invoke/LambdaForm DEBUG_NAME_COUNTERS Ljava/util/HashMap; null
staticfield java/lang/invoke/LambdaForm DEBUG_NAMES Ljava/util/HashMap; null
staticfield java/lang/invoke/LambdaForm TRACE_INTERPRETER Z 0
staticfield java/lang/invoke/LambdaForm $assertionsDisabled Z 1
ciInstanceKlass java/lang/invoke/MethodHandleNatives 1 1 684 100 1 10 7 12 1 1 1 9 7 12 1 1 1 10 12 1 1 100 1 10 10 12 1 1 10 12 1 10 12 1 8 1 8 1 8 1 8 1 8 1 8 1 8 1 8 1 8 1 8 1 10 12 1 1 7 1 10 7 12 1 1 1 10 100 12 1 1 1 7 1 10 10 12 1 1 8 1 10 12 1 8 1 10 12 1 1 8 1 10 12 1 1 9 100 12 1 1 1 8 1 10 100 12 1 1 1 100 1 10 12 100 1 100 1 8 1 7 1 10 10 12 1 7 1 9 7 12 1 1 10 12 1 1 10 12 1 10 7 12 1 1 1 7 1 10 12 1 1 10 7 12 1 1 1 10 12 1 10 12 1 1 10 12 1 1 9 12 1 8 1 10 12 1 8 1 10 12 1 8 1 8 1 8 1 100 1 10 12 1 8 1 10 12 1 1 10 12 1 10 100 12 1 1 1 100 1 8 1 10 100 12 1 1 1 7 1 8 1 10 12 1 8 1 8 1 8 1 8 1 8 1 10 12 1 1 10 12 1 1 10 12 1 10 12 1 1 10 12 1 1 7 1 10 12 1 100 1 100 1 10 12 1 10 12 1 8 1 8 1 10 10 12 1 1 10 12 1 1 8 1 10 100 12 1 1 1 8 1 8 1 10 12 1 1 10 7 12 1 1 1 100 1 10 12 1 1 7 1 9 12 1 1 10 7 12 1 1 1 10 10 12 1 9 12 1 10 12 1 1 9 12 1 9 12 1 10 12 1 1 10 12 1 10 12 1 1 7 1 7 1 10 12 1 1 10 12 1 10 12 1 1 10 7 12 1 1 1 10 12 1 8 1 10 12 1 10 12 1 10 12 1 1 10 12 1 10 7 12 1 1 1 10 12 1 1 100 1 8 1 10 9 7 12 1 1 1 10 12 1 1 10 12 1 1 100 1 10 12 1 1 10 12 1 1 100 1 100 1 10 10 100 1 100 1 10 100 1 10 10 12 1 1 10 100 1 10 12 1 10 12 1 10 12 1 1 10 12 1 1 10 12 1 1 10 12 1 10 12 1 1 10 8 1 100 1 10 12 1 10 12 1 10 12 1 10 12 1 10 12 1 1 10 12 1 9 12 1 1 10 7 12 1 1 1 9 12 1 1 11 7 12 1 1 1 10 12 1 10 12 1 10 10 12 1 10 7 12 1 1 1 1 1 1 1 1 1 1 1 1 1 1 1 100 1 1 1 1 1 1 1 1 1 1 1 1 1 1 1 1 1 1 1 1 1 1 1 1 1 1 1 1 1 1 1 1 1 1 1 1 1 1 1 1 1 1 1 1 1 1 1 1 1 1 1 1 1 1 1 1 1 1 1 1 1 1 1 1 1 1 1 1 1 1 1 1 1 1 1 1 1 1 1 1 1 1 1 1 1 1 1 1 1 1 1 1 1 1 1 1 1 1 100 1 1 1 1 1 1 1 1 1 1 1 1 1 1 1 1 1 1 1 1 1 1 1 1 1 1 1 1 100 1 1 1 1 1 1 1 100 1 1 1
staticfield java/lang/invoke/MethodHandleNatives JLA Ljdk/internal/access/JavaLangAccess; java/lang/System$2
staticfield java/lang/invoke/MethodHandleNatives $assertionsDisabled Z 1
ciInstanceKlass jdk/internal/reflect/CallerSensitive 1 1 17 100 1 100 1 100 1 1 1 1 1 1 1 1 1 1 1
ciInstanceKlass jdk/internal/reflect/ConstantPool 1 1 142 10 100 12 1 1 1 9 7 12 1 1 1 10 12 1 1 10 12 1 1 10 12 1 10 12 1 1 10 12 1 1 10 12 1 10 12 1 1 10 12 1 10 12 1 1 10 12 1 10 12 1 10 12 1 10 12 1 1 10 12 1 1 10 12 1 1 10 12 1 1 10 12 1 10 12 1 1 10 100 12 1 1 1 8 11 7 12 1 1 1 10 7 12 1 1 1 1 1 1 1 1 1 1 1 1 1 1 1 1 1 1 1 1 1 1 1 1 1 1 1 1 1 1 1 1 1 1 1 1 1 1 1 1 1 1 1 1 1 1 1 1
instanceKlass jdk/internal/reflect/UnsafeStaticIntegerFieldAccessorImpl
instanceKlass jdk/internal/reflect/UnsafeQualifiedStaticFieldAccessorImpl
ciInstanceKlass jdk/internal/reflect/UnsafeStaticFieldAccessorImpl 1 1 47 10 7 12 1 1 1 9 7 12 1 1 1 10 7 12 1 1 1 9 12 1 1 8 11 7 12 1 1 1 10 7 12 1 1 1 1 1 1 1 1 1 1 1 1 1 1
instanceKlass jdk/internal/reflect/UnsafeFieldAccessorImpl
ciInstanceKlass jdk/internal/reflect/FieldAccessorImpl 1 1 59 10 7 12 1 1 1 100 1 100 1 1 1 1 1 1 1 1 1 100 1 1 1 1 1 1 1 1 1 1 1 1 1 1 1 1 1 1 1 100 1 1 1 1 1 1 1 1 1 1 1 1 1 1 1 1 1 1 1
instanceKlass jdk/internal/reflect/UnsafeObjectFieldAccessorImpl
instanceKlass jdk/internal/reflect/UnsafeQualifiedFieldAccessorImpl
instanceKlass jdk/internal/reflect/UnsafeStaticFieldAccessorImpl
ciInstanceKlass jdk/internal/reflect/UnsafeFieldAccessorImpl 1 1 254 10 7 12 1 1 1 9 7 12 1 1 1 10 7 12 1 1 1 10 7 12 1 1 1 9 12 1 1 10 7 12 1 1 1 9 12 1 1 10 12 1 10 12 1 9 12 1 10 12 1 1 10 7 12 1 1 10 7 12 1 1 1 10 12 1 1 100 1 10 10 12 1 1 10 12 1 1 8 1 10 10 12 1 100 1 8 1 10 12 1 8 1 10 12 1 8 1 10 12 1 100 1 10 12 1 1 10 8 1 10 12 1 1 8 1 10 100 12 1 1 8 1 10 100 12 1 1 8 1 10 100 12 1 1 8 1 10 100 12 1 1 8 1 10 100 12 1 1 8 1 10 100 12 1 1 8 1 10 100 12 1 1 8 1 10 100 12 1 1 10 12 1 1 8 1 8 1 8 1 8 1 8 1 8 1 10 100 12 1 1 1 8 1 8 1 8 1 10 12 10 12 1 1 1 1 1 1 1 1 1 1 1 1 1 1 1 1 1 1 1 1 1 1 1 1 1 1 1 1 1 1 1 1 1 1 1 1 1 1 1 1 1 1 1 1 1 1 1 1 1 1 1 1
staticfield jdk/internal/reflect/UnsafeFieldAccessorImpl unsafe Ljdk/internal/misc/Unsafe; jdk/internal/misc/Unsafe
ciInstanceKlass jdk/internal/reflect/NativeConstructorAccessorImpl 1 1 126 10 7 12 1 1 1 9 7 12 1 1 1 9 12 1 1 10 7 12 1 1 1 10 7 12 1 1 1 10 7 12 1 1 1 9 12 1 9 12 1 1 9 12 1 1 10 7 12 1 1 1 7 1 10 10 12 1 1 10 12 1 10 12 1 10 12 1 1 9 12 1 1 10 7 12 1 1 1 100 1 10 12 1 1 10 12 1 1 8 10 12 1 1 1 1 1 1 1 1 1 1 1 1 1 1 1 1 1 1 1 1 1 1 100 1 100 1 100 1 1 1 1 1 1 1
staticfield jdk/internal/reflect/NativeConstructorAccessorImpl U Ljdk/internal/misc/Unsafe; jdk/internal/misc/Unsafe
staticfield jdk/internal/reflect/NativeConstructorAccessorImpl GENERATED_OFFSET J 16
ciInstanceKlass java/lang/invoke/ConstantCallSite 1 1 65 10 7 12 1 1 1 9 7 12 1 1 1 9 12 1 1 10 7 12 1 1 1 10 12 1 100 1 10 12 9 12 1 1 100 1 10 10 12 1 1 10 12 1 1 1 1 1 1 1 1 1 1 1 1 1 100 1 1 1 1 1 1 1 1
staticfield java/lang/invoke/ConstantCallSite UNSAFE Ljdk/internal/misc/Unsafe; jdk/internal/misc/Unsafe
instanceKlass org/codehaus/groovy/vmplugin/v8/CacheableCallSite
ciInstanceKlass java/lang/invoke/MutableCallSite 0 0 63 10 100 12 1 1 1 10 12 1 9 100 12 1 1 1 10 12 1 10 12 1 1 9 12 1 1 10 100 12 1 1 1 10 100 12 1 1 1 10 12 1 1 1 1 1 1 1 1 1 1 1 1 1 1 1 1 1 1 100 1 1 1
instanceKlass java/lang/invoke/VarHandleInts$Array
instanceKlass java/lang/invoke/VarHandleReferences$Array
instanceKlass java/lang/invoke/VarHandleBooleans$FieldInstanceReadOnly
instanceKlass java/lang/invoke/VarHandleReferences$FieldStaticReadOnly
instanceKlass java/lang/invoke/VarHandleByteArrayAsLongs$ByteArrayViewVarHandle
instanceKlass java/lang/invoke/VarHandleByteArrayAsInts$ByteArrayViewVarHandle
instanceKlass java/lang/invoke/VarHandleInts$FieldStaticReadOnly
instanceKlass java/lang/invoke/VarHandleLongs$FieldInstanceReadOnly
instanceKlass java/lang/invoke/VarHandleInts$FieldInstanceReadOnly
instanceKlass java/lang/invoke/VarHandleReferences$FieldInstanceReadOnly
ciInstanceKlass java/lang/invoke/VarHandle 1 1 390 10 7 12 1 1 1 10 7 12 1 1 9 12 1 1 9 12 1 1 100 1 10 8 1 10 12 1 1 10 7 12 1 1 1 10 12 1 1 10 100 12 1 1 1 9 100 12 1 1 1 10 12 1 1 10 100 12 1 1 1 10 12 1 1 9 12 1 10 12 1 9 12 1 1 10 7 12 1 1 10 12 1 9 7 12 1 1 1 9 12 1 1 10 12 1 1 100 1 100 1 10 8 1 10 12 1 1 10 12 1 8 1 10 12 1 10 12 1 10 12 1 1 9 7 12 1 1 1 10 12 1 10 12 1 1 10 12 1 10 10 100 12 1 1 1 10 12 1 1 10 12 1 1 10 100 12 1 1 1 10 100 12 1 1 1 10 100 12 1 1 1 9 12 1 1 10 9 12 1 1 10 12 1 10 12 1 10 12 1 1 10 12 1 10 100 12 1 1 1 9 12 1 1 10 12 1 1 9 12 1 10 12 1 10 12 1 10 100 12 1 1 100 1 10 9 7 12 1 1 1 9 12 1 1 10 7 12 1 1 1 10 12 1 10 12 1 10 12 1 10 12 1 10 12 1 10 12 1 1 7 1 10 10 7 12 1 1 1 9 12 1 1 8 10 12 1 1 7 1 10 12 1 1 100 1 1 1 1 1 1 1 1 1 1 1 1 1 1 1 1 1 1 1 1 1 1 1 1 1 1 1 1 1 1 1 1 1 1 1 1 1 1 1 1 1 1 1 1 1 1 1 1 1 1 1 1 1 1 1 1 1 1 1 1 1 1 1 1 1 1 1 1 1 1 1 1 1 1 1 1 1 1 1 1 1 1 1 1 1 1 1 1 1 100 1 100 1 100 1 1 1 1 1 1 1 100 1 1 1
staticfield java/lang/invoke/VarHandle AIOOBE_SUPPLIER Ljava/util/function/BiFunction; jdk/internal/util/Preconditions$1
staticfield java/lang/invoke/VarHandle VFORM_OFFSET J 16
staticfield java/lang/invoke/VarHandle $assertionsDisabled Z 1
ciInstanceKlass java/lang/invoke/MemberName 1 1 757 7 1 7 1 100 1 9 12 1 1 10 7 12 1 1 1 9 12 1 1 10 12 1 1 10 12 1 1 10 12 1 1 10 12 1 10 12 1 1 10 7 12 1 1 1 10 12 1 9 100 12 1 1 10 12 1 100 1 100 1 10 12 1 8 1 10 12 1 1 10 12 1 10 12 1 1 10 12 1 9 12 1 1 8 1 10 100 12 1 1 1 7 1 10 10 12 1 1 7 1 7 1 10 12 1 1 9 12 1 1 100 1 8 1 10 12 1 10 12 1 10 12 1 10 12 1 10 12 1 1 10 12 1 10 12 1 10 12 1 1 10 12 1 1 10 12 1 8 1 8 1 8 1 10 100 12 1 1 1 10 12 1 9 12 1 1 3 10 12 1 10 12 1 10 12 1 10 10 7 12 1 1 1 10 12 1 10 12 1 10 12 1 10 12 1 7 1 8 10 12 1 1 10 12 1 1 8 1 9 100 1 8 9 100 1 10 12 1 1 10 12 1 10 12 1 8 1 10 12 1 1 10 12 1 10 12 1 10 12 1 10 12 1 1 100 1 10 12 1 1 10 12 1 8 1 10 12 1 10 12 1 8 1 10 12 1 1 10 12 1 1 7 1 10 12 1 1 10 12 8 1 8 1 100 1 10 12 1 10 100 12 1 1 1 100 1 10 12 10 12 1 10 12 1 10 12 1 10 12 1 10 10 12 1 10 12 1 10 12 1 3 10 12 1 3 10 12 1 3 3 3 3 3 3 3 100 1 10 12 1 10 7 12 1 1 1 10 12 1 3 9 12 1 10 12 1 1 3 10 12 1 10 10 7 12 1 1 1 10 12 1 1 10 7 1 10 10 12 1 10 12 1 10 12 1 10 10 12 1 1 10 12 1 10 12 1 10 12 1 100 1 10 10 10 12 100 1 10 10 10 12 1 1 10 12 1 1 10 10 12 1 8 10 100 1 10 12 1 10 100 1 10 12 1 10 12 1 10 12 1 10 10 12 1 10 12 1 1 10 12 1 1 10 12 1 10 12 1 10 12 1 100 1 10 12 1 1 100 1 8 1 10 7 1 10 12 1 10 12 10 12 1 1 10 12 1 10 12 1 8 1 8 1 8 1 8 1 10 12 1 10 12 1 10 12 1 1 8 1 8 1 10 12 1 8 1 10 10 12 1 10 12 1 8 1 8 1 10 10 12 1 8 1 10 100 12 1 1 1 8 1 10 12 1 10 12 1 1 10 12 1 8 1 8 1 8 1 8 1 100 1 10 8 1 8 1 8 1 8 1 10 12 1 100 1 100 1 100 1 10 100 1 10 100 1 10 100 12 1 1 1 9 7 12 1 1 1 100 1 100 1 1 1 1 1 1 1 3 1 3 1 3 1 3 1 3 1 3 1 1 1 1 1 1 1 1 3 1 3 1 1 1 1 3 1 1 1 1 1 1 1 1 1 1 1 1 1 1 1 1 1 1 1 1 1 1 1 1 1 1 1 1 1 1 1 1 1 1 1 1 1 1 1 1 1 1 1 1 1 1 1 1 1 1 1 1 1 1 1 1 1 1 1 1 1 1 1 1 1 1 1 1 1 1 1 1 1 1 1 1 1 1 1 1 1 1 1 1 1 1 1 1 1 1 1 1 1 1 1 1 1 1 1 1 1 1 1 1 1 1 100 1 1 1 1 1 1 1 1 1 1 1 1 1 1 1
staticfield java/lang/invoke/MemberName $assertionsDisabled Z 1
ciInstanceKlass java/lang/invoke/ResolvedMethodName 1 1 16 10 100 12 1 1 1 100 1 1 1 1 1 1 1 1
ciInstanceKlass java/lang/StackWalker 0 0 235 9 100 12 1 1 1 10 100 12 1 1 1 100 1 10 100 12 1 1 1 10 12 1 1 11 100 12 1 1 1 10 12 1 1 10 12 1 1 10 12 1 1 100 1 8 1 10 12 1 10 12 1 10 12 1 10 100 12 1 1 9 12 1 1 9 12 1 1 9 12 1 1 9 12 1 1 10 12 1 1 9 12 1 1 10 100 12 1 1 1 11 12 1 1 100 1 8 1 10 10 100 12 1 1 9 12 1 1 10 12 1 1 10 100 12 1 1 1 10 100 12 1 1 1 18 12 1 1 100 1 8 1 10 10 12 1 1 10 100 12 1 1 1 9 100 12 1 1 11 100 12 1 1 1 10 12 1 1 1 1 1 1 1 1 1 1 1 1 1 1 1 1 1 1 1 1 1 1 1 1 1 1 1 1 1 1 1 1 1 1 1 1 1 1 1 1 1 1 1 1 1 1 1 1 1 1 1 100 1 1 15 10 100 12 1 1 1 16 15 10 12 16 1 1 1 1 1 1 1 100 1 100 1 1
ciInstanceKlass java/lang/StackStreamFactory$AbstractStackWalker 1 0 306 100 1 100 1 3 10 100 12 1 1 1 10 100 12 1 1 10 100 12 1 1 1 9 12 1 1 10 12 1 1 9 12 1 1 9 12 1 1 9 12 1 1 9 12 1 9 100 12 1 1 1 10 100 12 1 1 1 10 12 1 1 9 12 1 1 10 100 12 1 1 1 10 12 1 1 9 12 1 1 9 100 12 1 1 1 100 1 10 8 1 10 12 1 1 10 12 1 8 1 10 12 1 1 10 100 12 1 1 1 100 1 8 1 10 12 1 8 1 10 12 9 100 12 1 1 1 10 100 12 1 1 9 12 1 8 1 5 0 8 1 8 1 9 12 1 1 10 12 1 1 10 12 1 1 10 12 1 9 12 1 10 12 1 10 12 1 10 12 1 10 12 1 1 10 12 1 10 12 1 1 8 1 10 12 1 10 12 1 10 12 1 10 12 1 1 8 1 10 12 1 1 10 12 1 1 10 12 1 1 10 12 1 10 12 1 10 100 12 1 1 1 9 12 1 8 1 10 12 1 10 12 1 10 12 1 10 12 1 10 12 1 10 12 1 10 12 1 1 10 12 1 1 10 12 1 1 10 12 1 8 1 1 1 1 1 1 1 1 1 1 1 1 1 1 1 1 1 1 100 1 1 1 1 100 1 1 1 1 1 1 1 1 1 1 1 1 1 1 1 1 1 1 1 1 1
ciInstanceKlass jdk/internal/module/Modules 1 1 504 10 100 12 1 1 1 9 7 12 1 1 1 11 7 12 1 1 1 11 12 1 1 11 12 1 1 11 12 1 1 11 12 1 11 12 1 11 12 1 11 12 1 11 12 1 1 10 100 12 1 1 1 10 100 12 1 1 1 18 12 1 1 10 100 12 1 1 1 100 1 10 100 12 1 1 1 10 100 12 1 1 1 10 100 12 1 1 10 12 1 1 11 12 1 9 12 1 1 11 7 12 1 1 1 10 12 1 1 10 10 12 1 10 9 12 1 1 10 7 12 1 1 10 12 1 1 10 100 12 1 1 100 1 11 100 12 1 1 1 10 100 12 1 1 1 11 100 12 1 1 10 12 1 1 10 100 12 1 1 10 100 12 1 1 1 10 12 1 1 10 12 1 1 11 12 1 1 18 12 1 1 11 100 12 1 1 10 100 12 1 1 1 11 100 12 1 1 1 100 1 11 12 1 1 11 100 12 1 1 1 11 12 1 1 10 12 1 1 10 100 12 1 1 18 12 1 1 11 12 1 1 18 12 1 1 11 12 1 1 10 12 1 18 18 10 12 1 1 9 12 1 1 11 100 12 1 1 1 100 1 10 11 12 1 11 12 1 1 11 12 1 1 10 100 1 10 12 1 1 10 100 12 1 1 10 12 1 1 11 12 10 12 1 1 100 1 10 18 12 1 10 12 1 1 100 1 8 1 10 12 1 10 100 12 1 1 18 12 1 11 11 12 10 12 1 10 10 100 1 18 12 1 10 10 10 7 12 1 1 10 7 12 1 1 1 10 12 1 1 1 1 1 1 1 1 1 1 1 1 1 1 1 1 1 1 1 1 1 1 1 1 1 1 1 1 1 1 1 1 1 100 1 1 1 1 1 1 1 1 1 1 1 1 1 1 1 1 1 1 1 1 1 1 1 1 1 1 1 1 1 1 1 1 1 1 1 100 1 1 1 1 1 1 1 1 1 1 1 1 1 1 1 1 1 1 1 1 1 1 1 15 10 100 12 1 1 1 16 15 10 12 1 16 16 15 10 12 1 16 1 16 1 15 10 12 1 16 1 16 1 15 10 12 16 1 15 10 16 1 15 10 12 16 1 15 10 12 16 15 10 12 16 15 10 12 1 1 1 100 1 100 1 1
staticfield jdk/internal/module/Modules JLA Ljdk/internal/access/JavaLangAccess; java/lang/System$2
staticfield jdk/internal/module/Modules JLMA Ljdk/internal/access/JavaLangModuleAccess; java/lang/module/ModuleDescriptor$1
staticfield jdk/internal/module/Modules $assertionsDisabled Z 1
instanceKlass sun/nio/ch/Util$1
instanceKlass sun/nio/fs/NativeBuffers$1
ciInstanceKlass jdk/internal/misc/TerminatingThreadLocal 1 1 86 10 7 12 1 1 1 10 12 1 1 10 7 12 1 1 1 10 12 1 10 12 1 9 12 1 1 10 12 1 1 7 1 11 12 1 1 11 7 12 1 1 1 11 12 1 10 12 1 10 10 12 1 11 12 1 1 11 12 7 1 10 1 1 1 1 1 1 1 1 1 1 1 1 1 1 1 1 1 1 1 1 1 1 1 1
staticfield jdk/internal/misc/TerminatingThreadLocal REGISTRY Ljava/lang/ThreadLocal; jdk/internal/misc/TerminatingThreadLocal$1
ciInstanceKlass sun/nio/fs/NativeBuffers$1 1 1 41 100 1 10 7 12 1 1 1 10 7 12 1 1 7 1 10 7 12 1 1 1 1 1 1 1 1 1 1 1 1 1 1 1 1 1 1 1 1 1 1
ciMethod jdk/internal/misc/TerminatingThreadLocal register (Ljdk/internal/misc/TerminatingThreadLocal;)V 88 0 44 0 0
ciInstanceKlass java/nio/Buffer$1 1 1 171 10 7 12 1 1 1 9 100 12 1 1 1 100 1 10 12 1 11 100 12 1 1 1 11 12 1 1 10 12 1 100 1 10 12 1 10 7 12 1 1 1 9 12 1 1 100 1 10 12 1 1 9 7 12 1 1 1 10 12 1 1 11 100 12 1 1 1 100 1 8 1 10 12 1 11 12 1 1 10 100 12 1 1 1 10 12 1 1 10 12 1 10 12 1 1 10 12 1 1 10 12 1 10 12 1 1 100 1 100 1 1 1 1 1 1 1 1 1 1 1 1 1 1 1 1 1 1 1 1 1 1 1 1 1 1 1 1 1 1 1 1 1 1 1 1 1 1 1 1 1 1 1 1 1 1 1 1 1 1 100 1 100 1 1 100 1 1 100 1 1
ciInstanceKlass jdk/internal/access/JavaNioAccess 1 0 51 100 1 100 1 1 1 1 1 1 1 1 1 1 1 1 1 1 1 1 1 1 1 1 1 1 1 1 1 1 1 1 1 1 1 1 1 1 100 1 100 1 1 100 1 100 1 1 100 1 1
ciMethod jdk/internal/access/JavaNioAccess getBufferAddress (Ljava/nio/ByteBuffer;)J 0 0 1 0 -1
ciMethod jdk/internal/access/JavaNioAccess acquireScope (Ljava/nio/Buffer;Z)Ljdk/internal/misc/ScopedMemoryAccess$Scope$Handle; 0 0 1 0 -1
ciMethod java/nio/Buffer$1 getBufferAddress (Ljava/nio/ByteBuffer;)J 1024 0 10342 0 0
ciMethod java/nio/Buffer$1 acquireScope (Ljava/nio/Buffer;Z)Ljdk/internal/misc/ScopedMemoryAccess$Scope$Handle; 4096 0 10255 0 128
ciInstanceKlass jdk/internal/access/JavaIOFileDescriptorAccess 1 0 29 100 1 100 1 1 1 1 1 1 1 1 1 1 1 1 100 1 1 1 1 1 1 1 1 1 1 1 1
ciMethod jdk/internal/access/JavaIOFileDescriptorAccess getAppend (Ljava/io/FileDescriptor;)Z 0 0 1 0 -1
ciInstanceKlass java/io/FileDescriptor$1 1 1 81 10 7 12 1 1 1 10 7 12 1 1 1 9 12 1 1 9 12 1 1 10 12 1 10 7 12 1 1 1 10 12 1 1 10 12 1 10 12 1 1 9 12 1 1 100 1 100 1 1 1 1 1 1 1 1 1 1 1 1 1 1 1 1 100 1 1 1 1 1 1 1 1 1 1 1 1 1 1 1 1
ciMethod java/io/FileDescriptor$1 getAppend (Ljava/io/FileDescriptor;)Z 1024 0 10171 0 96
ciInstanceKlass java/nio/HeapByteBuffer 1 1 362 10 7 12 1 1 1 9 7 12 1 1 1 9 12 1 9 12 1 10 12 1 1 10 12 1 9 12 1 1 9 12 1 1 9 12 1 1 10 12 1 10 7 12 1 1 1 10 12 1 10 12 1 100 1 10 10 12 1 10 12 1 1 10 12 1 10 12 1 1 100 1 10 12 10 7 12 1 1 1 10 12 1 10 12 1 100 1 10 10 12 1 1 10 12 1 9 12 1 1 100 1 10 10 12 10 12 1 9 12 1 1 10 12 1 1 10 12 10 12 1 1 9 12 1 10 7 12 1 1 1 10 12 1 10 12 10 12 1 1 7 1 10 12 1 100 1 10 10 12 1 1 10 12 1 1 100 1 10 100 1 10 10 12 1 1 10 12 1 1 100 1 10 7 1 10 10 12 1 1 10 12 1 1 100 1 10 100 1 10 10 100 12 1 1 1 10 12 1 1 100 1 10 100 1 10 10 100 12 1 1 1 10 12 1 1 100 1 10 100 1 10 10 12 1 1 10 12 1 1 10 12 10 7 12 1 1 1 9 12 1 1 7 10 7 12 1 1 1 10 12 1 1 1 1 1 1 1 1 1 1 1 1 1 1 1 1 1 1 1 1 1 1 1 1 1 1 1 1 1 1 1 1 1 1 1 1 1 1 1 1 1 1 1 1 1 1 1 1 1 1 1 100 1 1 1 1 1 1 1 1 1 1 100 1 1 1 1 1 100 1 1 1 1 1 1 1 1 1 100 1 1 1 1 1 1 1 1 1 1 100 1 1 1 1 1 1 1 1 1 1 100 1 1 1 1 1 1 1 100 1 1
staticfield java/nio/HeapByteBuffer ARRAY_BASE_OFFSET J 16
staticfield java/nio/HeapByteBuffer ARRAY_INDEX_SCALE J 1
staticfield java/nio/HeapByteBuffer $assertionsDisabled Z 1
ciMethod java/nio/ByteBuffer base ()Ljava/lang/Object; 256 0 128 0 0
ciMethod java/nio/ByteBuffer position (I)Ljava/nio/ByteBuffer; 768 0 21788 0 160
ciMethod java/nio/ByteBuffer limit (I)Ljava/nio/ByteBuffer; 772 0 57136 0 192
ciMethod java/nio/ByteBuffer flip ()Ljava/nio/ByteBuffer; 802 0 38256 0 96
ciMethod java/nio/ByteBuffer rewind ()Ljava/nio/ByteBuffer; 1024 0 25883 0 0
ciMethod java/lang/ThreadLocal$ThreadLocalMap$Entry <init> (Ljava/lang/ThreadLocal;Ljava/lang/Object;)V 188 0 336 0 -1
ciMethod java/lang/ThreadLocal$ThreadLocalMap <init> (Ljava/lang/ThreadLocal;Ljava/lang/Object;)V 86 0 43 0 -1
ciMethod java/lang/ThreadLocal$ThreadLocalMap set (Ljava/lang/ThreadLocal;Ljava/lang/Object;)V 514 38 5850 0 0
ciMethod java/lang/ThreadLocal$ThreadLocalMap rehash ()V 4 0 3 0 -1
ciMethod java/lang/ThreadLocal$ThreadLocalMap nextIndex (II)I 514 0 2442 0 0
ciMethod java/lang/ThreadLocal$ThreadLocalMap getEntry (Ljava/lang/ThreadLocal;)Ljava/lang/ThreadLocal$ThreadLocalMap$Entry; 514 0 10040 0 416
ciMethod java/lang/ThreadLocal$ThreadLocalMap getEntryAfterMiss (Ljava/lang/ThreadLocal;ILjava/lang/ThreadLocal$ThreadLocalMap$Entry;)Ljava/lang/ThreadLocal$ThreadLocalMap$Entry; 414 422 848 0 0
ciMethod java/lang/ThreadLocal$ThreadLocalMap expungeStaleEntry (I)I 116 110 196 0 0
ciMethod java/lang/ThreadLocal$ThreadLocalMap replaceStaleEntry (Ljava/lang/ThreadLocal;Ljava/lang/Object;I)V 0 0 1 0 -1
ciMethod java/lang/ThreadLocal$ThreadLocalMap cleanSomeSlots (II)Z 148 356 292 0 -1
ciMethod java/lang/ThreadLocal setInitialValue ()Ljava/lang/Object; 4 0 254 0 0
ciMethod java/nio/DirectByteBuffer base ()Ljava/lang/Object; 264 0 132 0 0
ciMethod java/nio/DirectByteBuffer <init> (I)V 60 0 33 0 -1
ciMethod java/nio/DirectByteBuffer isReadOnly ()Z 256 0 128 0 0
ciMethod java/nio/MappedByteBuffer position (I)Ljava/nio/MappedByteBuffer; 514 0 16739 0 192
ciMethod java/nio/MappedByteBuffer limit (I)Ljava/nio/MappedByteBuffer; 1420 0 8164 0 0
ciMethod java/nio/MappedByteBuffer flip ()Ljava/nio/MappedByteBuffer; 1986 0 10240 0 0
ciMethod java/nio/MappedByteBuffer rewind ()Ljava/nio/MappedByteBuffer; 1024 0 9182 0 0
ciMethod java/nio/ByteBuffer isDirect ()Z 0 0 1 0 -1
ciMethod java/nio/ByteBuffer allocateDirect (I)Ljava/nio/ByteBuffer; 60 0 33 0 0
ciMethod sun/nio/ch/DirectBuffer cleaner ()Ljdk/internal/ref/Cleaner; 0 0 1 0 -1
ciMethod java/util/Collection add (Ljava/lang/Object;)Z 0 0 1 0 -1
ciMethod jdk/internal/ref/Cleaner clean ()V 34 0 18 0 -1
ciMethod java/lang/ref/Reference refersTo0 (Ljava/lang/Object;)Z 256 0 128 0 -1
ciMethod java/lang/ref/Reference reachabilityFence (Ljava/lang/Object;)V 512 0 133254 0 -1
ciMethod java/lang/ref/Reference refersTo (Ljava/lang/Object;)Z 512 0 22636 0 96
ciMethod java/lang/Thread currentThread ()Ljava/lang/Thread; 256 0 128 0 -1
ciMethod jdk/internal/misc/Unsafe copyMemory0 (Ljava/lang/Object;JLjava/lang/Object;JJ)V 256 0 128 0 -1
ciMethod jdk/internal/misc/Unsafe checkOffset (Ljava/lang/Object;J)V 514 0 10513 0 96
ciMethod jdk/internal/misc/Unsafe is32BitClean (J)Z 0 0 1 0 -1
ciMethod jdk/internal/misc/Unsafe invalidInput ()Ljava/lang/RuntimeException; 0 0 1 0 -1
ciMethod jdk/internal/misc/Unsafe checkNativeAddress (J)V 514 0 11099 0 0
ciMethod jdk/internal/misc/Unsafe checkPointer (Ljava/lang/Object;J)V 1024 0 21612 0 0
ciMethod jdk/internal/misc/Unsafe checkPrimitiveArray (Ljava/lang/Class;)V 514 0 10513 0 0
ciMethod jdk/internal/misc/Unsafe checkSize (J)V 768 0 10897 0 0
ciMethod jdk/internal/misc/Unsafe checkPrimitivePointer (Ljava/lang/Object;J)V 1024 0 21589 0 0
ciMethod jdk/internal/misc/Unsafe copyMemoryChecks (Ljava/lang/Object;JLjava/lang/Object;JJ)V 1024 0 10763 0 0
ciMethod jdk/internal/misc/Unsafe copyMemory (Ljava/lang/Object;JLjava/lang/Object;JJ)V 1024 0 10763 0 832
ciMethod java/lang/Class getComponentType ()Ljava/lang/Class; 628 0 31654 0 96
ciMethod java/lang/Object getClass ()Ljava/lang/Class; 256 0 128 0 -1
instanceKlass java/nio/file/ClosedDirectoryStreamException
instanceKlass java/nio/file/ClosedFileSystemException
instanceKlass java/util/concurrent/CancellationException
instanceKlass org/gradle/api/internal/AbstractMutationGuard$IllegalMutationException
instanceKlass org/gradle/internal/enterprise/impl/legacy/UnsupportedBuildScanPluginVersionException
instanceKlass org/gradle/api/internal/provider/MissingValueException
instanceKlass java/nio/channels/ClosedSelectorException
instanceKlass java/nio/channels/OverlappingFileLockException
ciInstanceKlass java/lang/IllegalStateException 1 1 35 10 7 12 1 1 1 10 12 1 10 12 1 10 12 1 100 1 1 1 1 5 0 1 1 1 1 1 1 1 1 1 1 1 1
instanceKlass org/gradle/internal/serialize/PlaceholderAssertionError
instanceKlass org/codehaus/groovy/runtime/powerassert/PowerAssertionError
instanceKlass org/apache/groovy/parser/antlr4/GroovySyntaxError
instanceKlass org/codehaus/groovy/GroovyBugError
ciInstanceKlass java/lang/AssertionError 0 0 79 10 100 12 1 1 1 10 12 1 10 100 12 1 1 1 10 100 1 100 1 10 12 1 1 10 12 1 10 12 1 10 12 1 10 12 1 10 12 1 10 12 1 10 12 1 1 1 1 5 0 1 1 1 1 1 1 1 1 1 1 100 1 1 1 1 1 1 1 1 1 1 1 1 1 1 1 1 1
ciInstanceKlass sun/nio/ch/IOUtil 1 1 358 10 100 12 1 1 1 10 7 12 1 1 1 7 1 10 12 1 10 7 12 1 1 1 10 12 1 9 12 1 1 100 1 10 10 7 12 1 1 1 10 12 1 1 10 12 1 1 10 12 1 1 10 12 1 1 10 12 10 12 1 1 10 12 1 1 10 12 1 1 5 0 10 12 1 1 10 7 12 1 1 1 10 12 1 10 12 1 1 10 12 1 10 100 12 1 1 1 9 12 1 1 10 100 12 1 1 1 10 100 12 1 1 10 12 1 1 10 12 1 1 10 12 1 1 10 12 1 10 12 1 1 10 12 1 10 12 1 10 12 1 1 9 12 1 1 10 12 1 1 10 12 1 10 12 1 1 10 12 1 10 12 1 10 12 1 1 100 1 8 1 10 12 1 10 12 1 10 12 1 10 12 1 10 12 10 12 10 12 1 10 12 9 12 1 1 11 7 12 1 1 11 100 12 1 1 1 11 100 12 1 1 100 1 100 1 10 12 1 10 12 1 1 10 12 1 11 100 12 1 1 11 12 1 7 1 10 10 12 1 1 10 7 12 1 1 10 7 12 1 1 1 8 1 10 7 12 1 1 8 1 10 12 1 10 12 1 1 1 1 1 1 1 1 1 1 1 1 1 1 100 1 1 1 1 1 1 1 1 1 1 1 1 100 1 1 1 1 1 1 1 1 1 1 1 1 1 1 1 1 1 1 1 1 1 1 1 1 1 1 100 1 1 1 1 1 1 1 1 1 1 1 1 1 1 1 1 1 1 1 1 1 1 1 1 1 1 1 1 1 1 1 100 1 1 1 1 1
staticfield sun/nio/ch/IOUtil IOV_MAX I 16
staticfield sun/nio/ch/IOUtil NIO_ACCESS Ljdk/internal/access/JavaNioAccess; java/nio/Buffer$1
staticfield sun/nio/ch/IOUtil $assertionsDisabled Z 1
instanceKlass sun/nio/ch/DatagramDispatcher
instanceKlass sun/nio/ch/SocketDispatcher
instanceKlass sun/nio/ch/FileDispatcher
ciInstanceKlass sun/nio/ch/NativeDispatcher 1 1 52 10 7 12 1 1 1 100 1 8 1 10 12 1 100 1 10 100 1 1 1 1 1 1 1 1 1 1 1 1 1 1 1 1 1 1 1 1 1 1 1 1 1 1 1 1 1 1 1 1 1 1
ciInstanceKlass sun/nio/ch/FileDispatcherImpl 1 1 228 10 7 12 1 1 1 10 7 12 1 1 1 10 12 1 1 10 12 1 1 9 12 1 1 11 7 12 1 1 1 10 12 1 1 10 12 1 10 12 1 1 10 12 1 1 10 12 1 1 10 12 1 1 10 12 1 1 10 12 1 1 10 12 1 1 11 12 1 1 100 1 10 11 12 1 10 12 1 1 11 12 1 1 11 12 1 9 12 1 1 10 100 12 1 1 1 9 100 12 1 1 1 10 7 12 1 1 1 10 12 1 1 10 12 1 1 10 100 12 1 1 1 10 12 1 1 10 12 1 1 100 1 100 1 8 1 10 12 1 8 1 8 1 10 7 12 1 1 1 10 12 1 10 7 12 1 1 1 10 7 12 1 1 1 10 7 12 1 1 10 12 1 1 1 1 1 1 1 1 1 1 1 1 1 1 1 1 1 1 1 1 1 1 1 1 1 1 1 1 1 1 1 1 1 1 1 1 1 1 1 1 1 1 1 1 1 1 1 1 1 1 1 1 1 1 1 1
staticfield sun/nio/ch/FileDispatcherImpl fdAccess Ljdk/internal/access/JavaIOFileDescriptorAccess; java/io/FileDescriptor$1
staticfield sun/nio/ch/FileDispatcherImpl fastFileTransfer Z 0
ciInstanceKlass jdk/internal/misc/ScopedMemoryAccess$Scope 0 0 28 100 1 100 1 1 1 1 1 1 1 1 1 1 1 1 1 1 100 1 1 1 100 1 1 100 1 1
ciInstanceKlass sun/nio/ch/SocketDispatcher 1 1 102 10 7 12 1 1 1 10 7 12 1 1 1 10 12 1 1 10 12 1 10 12 1 100 1 10 10 12 1 1 9 12 1 1 10 100 12 1 1 1 100 1 10 9 12 1 1 11 7 12 1 1 1 11 12 1 1 10 12 1 1 10 7 12 1 1 10 7 12 1 1 1 10 7 12 1 1 1 1 1 1 1 1 1 1 1 1 1 1 1 100 1 1 1 1 1 1 1 1 1 1 1
staticfield sun/nio/ch/SocketDispatcher fdAccess Ljdk/internal/access/JavaIOFileDescriptorAccess; java/io/FileDescriptor$1
staticfield sun/nio/ch/SocketDispatcher $assertionsDisabled Z 1
ciInstanceKlass sun/nio/ch/Util 1 1 335 10 100 12 1 1 1 8 1 10 7 12 1 1 1 10 100 12 1 1 1 100 1 5 0 9 7 12 1 1 1 10 7 12 1 1 1 10 12 1 1 10 12 1 1 9 12 1 1 10 7 12 1 1 1 7 1 10 12 10 12 1 1 10 12 1 1 10 12 1 1 10 12 1 10 12 1 1 10 12 1 10 12 1 9 12 1 1 100 1 10 10 12 1 10 12 1 7 1 11 12 1 1 10 7 12 1 1 7 1 10 12 1 9 12 1 1 10 7 12 1 1 1 10 12 1 1 11 12 1 1 10 12 1 1 9 12 1 1 10 12 1 10 12 100 1 10 10 100 12 1 1 1 9 12 1 1 10 12 1 10 100 12 1 1 1 10 12 1 10 100 12 1 1 10 100 12 1 1 1 100 1 100 1 100 1 100 1 100 1 10 12 1 100 1 10 9 12 1 10 12 1 100 1 100 1 10 8 1 10 12 1 1 10 12 1 8 1 8 1 10 12 1 1 10 12 1 8 1 8 1 10 12 1 10 7 12 1 1 9 7 12 1 1 9 12 1 10 12 1 7 1 10 10 12 1 1 1 1 1 1 1 1 1 1 1 1 1 100 1 1 1 1 1 1 1 1 1 1 1 1 1 1 1 1 1 1 1 1 1 100 1 1 1 1 1 1 1 1 1 1 1 1 1 1 1 1 1 1 1 1 1 1 1 1 1 100 1 1 1 1 1 1 1 1 1 1 1 1 1 1 1 1 1 1
staticfield sun/nio/ch/Util TEMP_BUF_POOL_SIZE I 16
staticfield sun/nio/ch/Util MAX_CACHED_BUFFER_SIZE J 9223372036854775807
staticfield sun/nio/ch/Util $assertionsDisabled Z 1
ciInstanceKlass sun/nio/ch/Util$1 1 1 54 10 7 12 1 1 1 7 1 10 10 12 1 1 10 12 1 1 10 7 12 1 1 1 10 7 12 1 1 1 10 12 1 1 1 1 1 1 1 1 1 1 1 1 1 1 1 1 1 1 1 1 1 1
ciInstanceKlass sun/nio/ch/Util$BufferCache 1 1 86 9 7 12 1 1 1 10 7 12 1 1 1 7 1 9 7 12 1 1 1 9 12 1 1 10 12 1 1 100 1 10 9 12 1 9 12 1 10 12 1 1 10 12 1 1 10 12 1 1 10 12 1 1 10 12 1 10 7 12 1 1 1 1 1 1 1 1 1 1 1 1 1 1 1 100 1 1 1 1 1 1 1 1 1 1
staticfield sun/nio/ch/Util$BufferCache $assertionsDisabled Z 1
ciInstanceKlass jdk/internal/access/foreign/MemorySegmentProxy 0 0 98 10 100 12 1 1 1 10 100 12 1 1 1 100 1 5 0 5 0 10 12 1 1 10 100 12 1 1 1 100 1 10 12 1 100 1 5 0 5 0 10 12 1 10 12 100 1 8 1 10 12 1 1 10 100 12 1 1 1 10 12 1 1 1 1 1 1 1 1 1 1 1 1 1 1 1 1 1 1 1 1 1 1 1 1 1 1 1 1 1 1 1 1 100 1 100 1 1
ciInstanceKlass jdk/internal/misc/ScopedMemoryAccess$Scope$Handle 0 0 17 100 1 100 1 1 1 1 1 1 100 1 1 100 1 1 1
ciMethodData java/lang/ref/Reference reachabilityFence (Ljava/lang/Object;)V 2 133254 orig 80 0 0 0 0 0 0 0 0 0 0 0 0 233 1 0 0 0 0 0 0 0 0 0 0 0 0 0 0 0 0 0 0 0 0 0 0 0 0 0 0 0 0 0 0 0 0 0 0 0 0 0 0 0 0 0 0 0 0 0 0 0 0 0 0 0 0 0 0 0 0 0 0 0 0 0 0 0 0 0 0 data 4 0x0 0x9 0x1 0x0 oops 0 methods 0
ciMethodData java/lang/ref/Reference refersTo (Ljava/lang/Object;)Z 2 22636 orig 80 0 0 0 0 0 0 0 0 0 0 0 0 233 1 0 0 0 0 0 0 0 0 0 0 0 0 0 0 0 0 0 0 0 0 0 0 0 0 0 0 0 0 0 0 0 0 0 0 0 0 0 0 0 0 0 0 0 0 0 0 0 0 0 0 0 0 0 0 0 0 0 0 0 0 0 0 0 0 0 0 data 17 0x20005 0xa6 0x0 0x1e92b36d8d0 0x45a7 0x1e92f8b94f0 0x111f 0x0 0x0 0x0 0x0 0x0 0x0 0x9 0x2 0x0 0x0 oops 2 3 java/lang/ThreadLocal$ThreadLocalMap$Entry 5 java/util/WeakHashMap$Entry methods 0
ciMethodData java/lang/ref/Reference refersToImpl (Ljava/lang/Object;)Z 2 13412 orig 80 0 0 0 0 0 0 0 0 0 0 0 0 233 1 0 0 0 0 0 0 0 0 0 0 0 0 0 0 0 0 0 0 0 0 0 0 0 0 0 0 0 0 0 0 0 0 0 0 0 0 0 0 0 0 0 0 0 0 0 0 0 0 0 0 0 0 0 0 0 0 0 0 0 0 0 0 0 0 0 0 data 17 0x20005 0x3364 0x0 0x0 0x0 0x0 0x0 0x0 0x0 0x0 0x0 0x0 0x0 0x9 0x2 0x0 0x0 oops 0 methods 0
ciMethodData java/lang/ThreadLocal get ()Ljava/lang/Object; 2 15306 orig 80 1 0 0 0 0 0 0 0 0 0 0 0 233 1 0 0 0 0 0 0 0 0 0 0 0 0 0 0 0 0 0 0 0 0 0 0 0 0 0 1 0 0 0 0 0 0 0 0 0 0 0 0 0 0 0 0 0 0 0 0 0 0 0 0 0 0 0 0 0 0 0 0 0 0 0 0 0 0 0 0 data 40 0x2 0x3ac8 0x60005 0x12b3 0x0 0x1e92b36df00 0x147f 0x1e92b368f70 0x1396 0x80000006000b0007 0x1 0x78 0x3ac8 0x100005 0x3ac8 0x0 0x0 0x0 0x0 0x0 0x150007 0xf7 0x20 0x39d1 0x220005 0xf8 0x0 0x0 0x0 0x0 0x0 0x0 0x0 0x0 0x0 0x0 0x0 0x9 0x1 0x0 oops 2 5 sun/nio/fs/NativeBuffers$1 7 java/lang/ThreadLocal methods 0
ciMethodData java/lang/ThreadLocal getMap (Ljava/lang/Thread;)Ljava/lang/ThreadLocal$ThreadLocalMap; 2 21400 orig 80 0 0 0 0 0 0 0 0 0 0 0 0 233 1 0 0 0 0 0 0 0 0 0 0 0 0 0 0 0 0 0 0 0 0 0 0 0 0 0 0 0 0 0 0 0 0 0 0 0 0 0 0 0 0 0 0 0 0 0 0 0 0 0 0 0 0 0 0 0 0 0 0 0 0 0 0 0 0 0 0 data 6 0x0 0x0 0x9 0x2 0x0 0x0 oops 0 methods 0
ciMethodData java/lang/ThreadLocal$ThreadLocalMap getEntry (Ljava/lang/ThreadLocal;)Ljava/lang/ThreadLocal$ThreadLocalMap$Entry; 2 10040 orig 80 0 0 0 0 0 0 0 0 0 0 0 0 233 1 0 0 0 0 0 0 0 0 0 0 0 0 0 0 0 0 0 0 0 0 0 0 0 0 0 0 0 0 0 0 0 0 0 0 0 0 0 0 0 0 0 0 0 0 0 0 0 0 0 0 0 0 0 0 0 0 0 0 0 0 0 0 0 0 0 0 data 32 0x150007 0x82 0x78 0x25b5 0x1a0005 0x25b5 0x0 0x0 0x0 0x0 0x0 0x1d0007 0x2cd 0x20 0x22e8 0x260005 0x34f 0x0 0x0 0x0 0x0 0x0 0x0 0x0 0x0 0x0 0x0 0x0 0x9 0x2 0x0 0x0 oops 0 methods 0
ciMethodData java/lang/ThreadLocal setInitialValue ()Ljava/lang/Object; 1 254 orig 80 0 0 0 0 0 0 0 0 0 0 0 0 233 1 0 0 0 0 0 0 0 0 0 0 0 0 0 0 0 0 0 0 0 0 0 0 0 0 0 0 0 0 0 0 0 0 0 0 0 0 0 0 0 0 0 0 0 0 0 0 0 0 0 0 0 0 0 0 0 0 0 0 0 0 0 0 0 0 0 0 data 66 0x10005 0x56 0x0 0x1e92b368f70 0x99 0x1e92b36a500 0xc 0x50002 0xfb 0xb0005 0x56 0x0 0x1e92b368f70 0x9a 0x1e92b36a500 0xc 0x100007 0x1 0x70 0xfa 0x160005 0xfa 0x0 0x0 0x0 0x0 0x0 0x190003 0xfb 0x50 0x1f0005 0x0 0x0 0x1e92b36a500 0x1 0x0 0x0 0x230004 0xffffffffffffff20 0x0 0x1e92b368f70 0x99 0x1e92b36a500 0xc 0x260007 0xe0 0x68 0x1b 0x2a0004 0x0 0x0 0x1e92b36a500 0xc 0x1e92b36df00 0xf 0x2d0002 0x1b 0x0 0x0 0x0 0x0 0x0 0x0 0x9 0x1 0x0 oops 9 3 java/lang/ThreadLocal 5 sun/nio/ch/Util$1 12 java/lang/ThreadLocal 14 sun/nio/ch/Util$1 33 sun/nio/ch/Util$1 40 java/lang/ThreadLocal 42 sun/nio/ch/Util$1 51 sun/nio/ch/Util$1 53 sun/nio/fs/NativeBuffers$1 methods 0
ciMethodData java/lang/ThreadLocal$ThreadLocalMap getEntryAfterMiss (Ljava/lang/ThreadLocal;ILjava/lang/ThreadLocal$ThreadLocalMap$Entry;)Ljava/lang/ThreadLocal$ThreadLocalMap$Entry; 1 848 orig 80 0 0 0 0 0 0 0 0 0 0 0 0 233 1 0 0 0 0 0 0 0 0 0 0 0 0 0 0 0 0 0 0 0 0 0 0 0 0 0 0 0 0 0 0 0 0 0 0 0 0 0 0 0 0 0 0 0 0 0 0 0 0 0 0 0 0 0 0 0 0 0 0 0 0 0 0 0 0 0 0 data 53 0xc0007 0x6b 0x148 0x448 0x110005 0x448 0x0 0x0 0x0 0x0 0x0 0x140007 0x232 0x20 0x216 0x1b0005 0x232 0x0 0x0 0x0 0x0 0x0 0x1e0007 0x232 0x70 0x0 0x230005 0x0 0x0 0x0 0x0 0x0 0x0 0x270003 0x0 0x28 0x2d0002 0x232 0x360003 0x232 0xfffffffffffffed0 0x0 0x0 0x0 0x0 0x0 0x0 0x9 0x4 0x0 0x0 0x0 0x0 oops 0 methods 0
ciMethodData java/nio/Buffer scope ()Ljdk/internal/misc/ScopedMemoryAccess$Scope; 2 63827 orig 80 0 0 0 0 0 0 0 0 0 0 0 0 233 1 0 0 0 0 0 0 0 0 0 0 0 0 0 0 0 0 0 0 0 0 0 0 0 0 0 0 0 0 0 0 0 0 0 0 0 0 0 0 0 0 0 0 0 0 0 0 0 0 0 0 0 0 0 0 0 0 0 0 0 0 0 0 0 0 0 0 data 20 0x40007 0xf7a8 0x58 0x0 0xb0005 0x0 0x0 0x0 0x0 0x0 0x0 0x0 0x0 0x0 0x0 0x0 0x0 0x9 0x1 0x0 oops 0 methods 0
ciMethodData java/nio/Buffer position (I)Ljava/nio/Buffer; 2 5423 orig 80 0 0 0 0 0 0 0 0 0 0 0 0 233 1 0 0 0 0 0 0 0 0 0 0 0 0 0 0 0 0 0 0 0 0 0 0 0 0 0 0 0 0 0 0 0 0 0 0 0 0 0 0 0 0 0 0 0 0 0 0 0 0 0 0 0 0 0 0 0 0 0 0 0 0 0 0 0 0 0 0 data 39 0x50007 0x1428 0x38 0x0 0x90003 0x0 0x18 0xe0007 0x1428 0x38 0x0 0x120003 0x0 0x18 0x170007 0x1428 0x58 0x0 0x1c0005 0x0 0x0 0x0 0x0 0x0 0x0 0x250007 0x1428 0x20 0x0 0x0 0x0 0x0 0x0 0x0 0x0 0x9 0x2 0x0 0x0 oops 0 methods 0
ciMethodData java/nio/ByteBuffer position (I)Ljava/nio/ByteBuffer; 2 21788 orig 80 0 0 0 0 0 0 0 0 0 0 0 0 233 1 0 0 0 0 0 0 0 0 0 0 0 0 0 0 0 0 0 0 0 0 0 0 0 0 0 0 0 0 0 0 0 0 0 0 0 0 0 0 0 0 0 0 0 0 0 0 0 0 0 0 0 0 0 0 0 0 0 0 0 0 0 0 0 0 0 0 data 9 0x20002 0x539c 0x0 0x0 0x0 0x9 0x2 0x0 0x0 oops 0 methods 0
ciMethodData java/lang/Class getComponentType ()Ljava/lang/Class; 2 31654 orig 80 0 0 0 0 0 0 0 0 0 0 0 0 233 1 0 0 0 0 0 0 0 0 0 0 0 0 0 0 0 0 0 0 0 0 0 0 0 0 0 0 0 0 0 0 0 0 0 0 0 0 0 0 0 0 0 0 0 0 0 0 0 0 0 0 0 0 0 0 0 0 0 0 0 0 0 0 0 0 0 0 data 20 0x10005 0x7a6c 0x0 0x0 0x0 0x0 0x0 0x40007 0x0 0x20 0x7a6c 0x0 0x0 0x0 0x0 0x0 0x0 0x9 0x1 0xffffffffffffffff oops 0 methods 0
ciMethod sun/nio/ch/IOUtil write (Ljava/io/FileDescriptor;Ljava/nio/ByteBuffer;JZILsun/nio/ch/NativeDispatcher;)I 1024 0 10060 0 -1
ciMethod sun/nio/ch/IOUtil write (Ljava/io/FileDescriptor;Ljava/nio/ByteBuffer;JZZILsun/nio/ch/NativeDispatcher;)I 1024 0 10236 0 0
ciMethod sun/nio/ch/IOUtil writeFromNativeBuffer (Ljava/io/FileDescriptor;Ljava/nio/ByteBuffer;JZZILsun/nio/ch/NativeDispatcher;)I 1024 0 10201 0 0
ciMethod sun/nio/ch/IOUtil acquireScope (Ljava/nio/ByteBuffer;Z)Ljdk/internal/misc/ScopedMemoryAccess$Scope$Handle; 2770 0 10653 0 0
ciMethod sun/nio/ch/IOUtil releaseScope (Ljdk/internal/misc/ScopedMemoryAccess$Scope$Handle;)V 1024 0 10653 0 0
ciMethod sun/nio/ch/IOUtil bufferAddress (Ljava/nio/ByteBuffer;)J 1024 0 10342 0 0
ciMethod sun/nio/ch/FileDispatcherImpl write (Ljava/io/FileDescriptor;JI)I 1024 0 8988 0 128
ciMethod sun/nio/ch/FileDispatcherImpl write0 (Ljava/io/FileDescriptor;JIZ)I 256 0 128 0 -1
ciMethod sun/nio/ch/NativeDispatcher write (Ljava/io/FileDescriptor;JI)I 0 0 1 0 -1
ciMethod sun/nio/ch/NativeDispatcher pwrite (Ljava/io/FileDescriptor;JIJ)I 0 0 1 0 -1
ciMethod jdk/internal/misc/ScopedMemoryAccess$Scope checkValidState ()V 0 0 1 0 -1
ciMethod jdk/internal/misc/ScopedMemoryAccess$Scope ownerThread ()Ljava/lang/Thread; 0 0 1 0 -1
ciMethod jdk/internal/misc/ScopedMemoryAccess$Scope acquire ()Ljdk/internal/misc/ScopedMemoryAccess$Scope$Handle; 0 0 1 0 -1
ciMethod jdk/internal/misc/ScopedMemoryAccess$Scope release (Ljdk/internal/misc/ScopedMemoryAccess$Scope$Handle;)V 0 0 1 0 -1
ciMethodData jdk/internal/misc/Unsafe checkPrimitivePointer (Ljava/lang/Object;J)V 2 21589 orig 80 0 0 0 0 0 0 0 0 0 0 0 0 0 0 0 0 0 0 0 0 0 0 0 0 0 0 0 0 0 0 0 0 0 0 0 0 0 0 0 0 0 0 0 0 0 0 0 0 0 0 0 0 0 0 0 0 0 0 0 0 0 0 0 0 0 0 0 0 0 0 0 0 0 0 0 0 0 0 0 0 data 37 0x30005 0x5256 0x0 0x0 0x0 0x0 0x0 0x70007 0x2a45 0x90 0x2811 0xc0005 0x2811 0x0 0x0 0x0 0x0 0x0 0xf0005 0x2811 0x0 0x0 0x0 0x0 0x0 0x0 0x0 0x0 0x0 0x0 0x0 0x9 0x4 0x0 0x0 0x0 0x0 oops 0 methods 0
ciMethodData jdk/internal/misc/Unsafe checkPointer (Ljava/lang/Object;J)V 2 21612 orig 80 0 0 0 0 0 0 0 0 0 0 0 0 0 0 0 0 0 0 0 0 0 0 0 0 0 0 0 0 0 0 0 0 0 0 0 0 0 0 0 0 0 0 0 0 0 0 0 0 0 0 0 0 0 0 0 0 0 0 0 0 0 0 0 0 0 0 0 0 0 0 0 0 0 0 0 0 0 0 0 0 data 33 0x10007 0x2811 0x70 0x2a5c 0x60005 0x2a5c 0x0 0x0 0x0 0x0 0x0 0x90003 0x2a5c 0x50 0xf0005 0x2811 0x0 0x0 0x0 0x0 0x0 0x0 0x0 0x0 0x0 0x0 0x0 0x9 0x4 0x0 0x0 0x0 0x0 oops 0 methods 0
ciMethodData jdk/internal/misc/Unsafe checkNativeAddress (J)V 2 11099 orig 80 0 0 0 0 0 0 0 0 0 0 0 0 233 1 0 0 0 0 0 0 0 0 0 0 0 0 0 0 0 0 0 0 0 0 0 0 0 0 0 0 0 0 0 0 0 0 0 0 0 0 0 0 0 0 0 0 0 0 0 0 0 0 0 0 0 0 0 0 0 0 0 0 0 0 0 0 0 0 0 0 data 26 0x40007 0x2a5a 0x78 0x0 0x130007 0x0 0x58 0x0 0x170005 0x0 0x0 0x0 0x0 0x0 0x0 0x0 0x0 0x0 0x0 0x0 0x0 0x9 0x3 0x0 0x0 0x0 oops 0 methods 0
ciMethodData jdk/internal/misc/Unsafe checkOffset (Ljava/lang/Object;J)V 2 10513 orig 80 0 0 0 0 0 0 0 0 0 0 0 0 233 1 0 0 0 0 0 0 0 0 0 0 0 0 0 0 0 0 0 0 0 0 0 0 0 0 0 0 0 0 0 0 0 0 0 0 0 0 0 0 0 0 0 0 0 0 0 0 0 0 0 0 0 0 0 0 0 0 0 0 0 0 0 0 0 0 0 0 data 45 0x40007 0x2810 0xb0 0x0 0x90005 0x0 0x0 0x0 0x0 0x0 0x0 0xc0007 0x0 0xb0 0x0 0x100005 0x0 0x0 0x0 0x0 0x0 0x0 0x170007 0x2810 0x58 0x0 0x1b0005 0x0 0x0 0x0 0x0 0x0 0x0 0x0 0x0 0x0 0x0 0x0 0x0 0x9 0x4 0x0 0x0 0x0 0x0 oops 0 methods 0
ciMethodData jdk/internal/misc/Unsafe checkPrimitiveArray (Ljava/lang/Class;)V 2 10513 orig 80 0 0 0 0 0 0 0 0 0 0 0 0 233 1 0 0 0 0 0 0 0 0 0 0 0 0 0 0 0 0 0 0 0 0 0 0 0 0 0 0 0 0 0 0 0 0 0 0 0 0 0 0 0 0 0 0 0 0 0 0 0 0 0 0 0 0 0 0 0 0 0 0 0 0 0 0 0 0 0 0 data 39 0x10005 0x2810 0x0 0x0 0x0 0x0 0x0 0x60007 0x0 0x78 0x2810 0xa0005 0x2810 0x0 0x0 0x0 0x0 0x0 0xd0007 0x2810 0x58 0x0 0x110005 0x0 0x0 0x0 0x0 0x0 0x0 0x0 0x0 0x0 0x0 0x0 0x0 0x9 0x2 0x0 0x0 oops 0 methods 0
ciMethodData jdk/internal/misc/Unsafe checkSize (J)V 2 10897 orig 80 0 0 0 0 0 0 0 0 0 0 0 0 233 1 0 0 0 0 0 0 0 0 0 0 0 0 0 0 0 0 0 0 0 0 0 0 0 0 0 0 0 0 0 0 0 0 0 0 0 0 0 0 0 0 0 0 0 0 0 0 0 0 0 0 0 0 0 0 0 0 0 0 0 0 0 0 0 0 0 0 data 44 0x40007 0x2911 0xb0 0x0 0x90005 0x0 0x0 0x0 0x0 0x0 0x0 0xc0007 0x0 0xb0 0x0 0x100005 0x0 0x0 0x0 0x0 0x0 0x0 0x170007 0x2911 0x58 0x0 0x1b0005 0x0 0x0 0x0 0x0 0x0 0x0 0x0 0x0 0x0 0x0 0x0 0x0 0x9 0x3 0x0 0x0 0x0 oops 0 methods 0
ciMethodData java/nio/Buffer flip ()Ljava/nio/Buffer; 2 38272 orig 80 0 0 0 0 0 0 0 0 0 0 0 0 233 1 0 0 0 0 0 0 0 0 0 0 0 0 0 0 0 0 0 0 0 0 0 0 0 0 0 0 0 0 0 0 0 0 0 0 0 0 0 0 0 0 0 0 0 0 0 0 0 0 0 0 0 0 0 0 0 0 0 0 0 0 0 0 0 0 0 0 data 7 0x0 0x0 0x0 0x0 0x9 0x1 0x0 oops 0 methods 0
ciMethodData jdk/internal/misc/Unsafe copyMemory (Ljava/lang/Object;JLjava/lang/Object;JJ)V 2 10763 orig 80 0 0 0 0 0 0 0 0 0 0 0 0 0 0 0 0 0 0 0 0 0 0 0 0 0 0 0 0 0 0 0 0 0 0 0 0 0 0 0 0 0 0 0 0 0 0 0 0 0 0 0 0 0 0 0 0 0 0 0 0 0 0 0 0 0 0 0 0 0 0 0 0 0 0 0 0 0 0 0 0 data 35 0x90005 0x280c 0x0 0x0 0x0 0x0 0x0 0x100007 0x270a 0x20 0x102 0x1d0005 0x270a 0x0 0x0 0x0 0x0 0x0 0x0 0x0 0x0 0x0 0x0 0x0 0x9 0x9 0x0 0x0 0x0 0x0 0x0 0x0 0x0 0x0 0x0 oops 0 methods 0
ciMethodData jdk/internal/misc/Unsafe copyMemoryChecks (Ljava/lang/Object;JLjava/lang/Object;JJ)V 2 10763 orig 80 0 0 0 0 0 0 0 0 0 0 0 0 0 0 0 0 0 0 0 0 0 0 0 0 0 0 0 0 0 0 0 0 0 0 0 0 0 0 0 0 0 0 0 0 0 0 0 0 0 0 0 0 0 0 0 0 0 0 0 0 0 0 0 0 0 0 0 0 0 0 0 0 0 0 0 0 0 0 0 0 data 38 0x30005 0x280c 0x0 0x0 0x0 0x0 0x0 0x90005 0x280c 0x0 0x0 0x0 0x0 0x0 0x110005 0x280c 0x0 0x0 0x0 0x0 0x0 0x0 0x0 0x0 0x0 0x0 0x0 0x9 0x9 0x0 0x0 0x0 0x0 0x0 0x0 0x0 0x0 0x0 oops 0 methods 0
ciMethodData java/nio/Buffer limit (I)Ljava/nio/Buffer; 2 6633 orig 80 0 0 0 0 0 0 0 0 0 0 0 0 233 1 0 0 0 0 0 0 0 0 0 0 0 0 0 0 0 0 0 0 0 0 0 0 0 0 0 0 0 0 0 0 0 0 0 0 0 0 0 0 0 0 0 0 0 0 0 0 0 0 0 0 0 0 0 0 0 0 0 0 0 0 0 0 0 0 0 0 data 43 0x50007 0x1869 0x38 0x0 0x90003 0x0 0x18 0xe0007 0x1869 0x38 0x0 0x120003 0x0 0x18 0x170007 0x1869 0x58 0x0 0x1c0005 0x0 0x0 0x0 0x0 0x0 0x0 0x2a0007 0x1775 0x20 0xf4 0x370007 0x1869 0x20 0x0 0x0 0x0 0x0 0x0 0x0 0x0 0x9 0x2 0x0 0x0 oops 0 methods 0
ciMethodData java/nio/ByteBuffer limit (I)Ljava/nio/ByteBuffer; 2 57136 orig 80 0 0 0 0 0 0 0 0 0 0 0 0 233 1 0 0 0 0 0 0 0 0 0 0 0 0 0 0 0 0 0 0 0 0 0 0 0 0 0 0 0 0 0 0 0 0 0 0 0 0 0 0 0 0 0 0 0 0 0 0 0 0 0 0 0 0 0 0 0 0 0 0 0 0 0 0 0 0 0 0 data 9 0x20002 0xddae 0x0 0x0 0x0 0x9 0x2 0x0 0x0 oops 0 methods 0
ciMethod sun/nio/ch/SocketDispatcher write (Ljava/io/FileDescriptor;JI)I 768 0 440 0 0
ciMethod sun/nio/ch/SocketDispatcher write0 (Ljava/io/FileDescriptor;JI)I 256 0 128 0 -1
ciMethodData java/nio/ByteBuffer flip ()Ljava/nio/ByteBuffer; 2 38256 orig 80 0 0 0 0 0 0 0 0 0 0 0 0 233 1 0 0 0 0 0 0 0 0 0 0 0 0 0 0 0 0 0 0 0 0 0 0 0 0 0 0 0 0 0 0 0 0 0 0 0 0 0 0 0 0 0 0 0 0 0 0 0 0 0 0 0 0 0 0 0 0 0 0 0 0 0 0 0 0 0 0 data 8 0x10002 0x93df 0x0 0x0 0x0 0x9 0x1 0x0 oops 0 methods 0
ciMethodData java/io/FileDescriptor$1 getAppend (Ljava/io/FileDescriptor;)Z 2 10171 orig 80 0 0 0 0 0 0 0 0 0 0 0 0 0 0 0 0 0 0 0 0 0 0 0 0 0 0 0 0 0 0 0 0 0 0 0 0 0 0 0 0 0 0 0 0 0 0 0 0 0 0 0 0 0 0 0 0 0 0 0 0 0 0 0 0 0 0 0 0 0 0 0 0 0 0 0 0 0 0 0 0 data 6 0x0 0x0 0x9 0x2 0x0 0x0 oops 0 methods 0
ciMethod sun/nio/ch/Util isBufferTooLarge (I)Z 2766 0 18598 0 0
ciMethod sun/nio/ch/Util isBufferTooLarge (Ljava/nio/ByteBuffer;)Z 1024 0 9212 0 0
ciMethod sun/nio/ch/Util getTemporaryDirectBuffer (I)Ljava/nio/ByteBuffer; 1024 0 9386 0 1344
ciMethod sun/nio/ch/Util getTemporaryAlignedDirectBuffer (II)Ljava/nio/ByteBuffer; 0 0 1 0 -1
ciMethod sun/nio/ch/Util offerFirstTemporaryDirectBuffer (Ljava/nio/ByteBuffer;)V 1024 0 9212 0 1248
ciMethod sun/nio/ch/Util free (Ljava/nio/ByteBuffer;)V 34 0 18 0 0
ciMethod sun/nio/ch/Util checkBufferPositionAligned (Ljava/nio/ByteBuffer;II)V 0 0 1 0 -1
ciMethod sun/nio/ch/Util checkRemainingBufferSizeAligned (II)V 0 0 1 0 -1
ciMethod sun/nio/ch/Util$BufferCache next (I)I 1024 0 9217 0 0
ciMethod sun/nio/ch/Util$BufferCache get (I)Ljava/nio/ByteBuffer; 1024 0 9211 0 544
ciMethod sun/nio/ch/Util$BufferCache offerFirst (Ljava/nio/ByteBuffer;)Z 1024 0 9212 0 512
ciMethod sun/nio/ch/Util$BufferCache isEmpty ()Z 56 0 31 0 0
ciMethod sun/nio/ch/Util$BufferCache removeFirst ()Ljava/nio/ByteBuffer; 34 0 18 0 0
ciMethodData java/lang/ThreadLocal$ThreadLocalMap nextIndex (II)I 2 2442 orig 80 0 0 0 0 0 0 0 0 0 0 0 0 233 1 0 0 0 0 0 0 0 0 0 0 0 0 0 0 0 0 0 0 0 0 0 0 0 0 0 0 0 0 0 0 0 0 0 0 0 0 0 0 0 0 0 0 0 0 0 0 0 0 0 0 0 0 0 0 0 0 0 0 0 0 0 0 0 0 0 0 data 12 0x40007 0xe 0x38 0x87b 0xa0003 0x87b 0x18 0x0 0x9 0x2 0x0 0x0 oops 0 methods 0
ciMethodData java/nio/MappedByteBuffer position (I)Ljava/nio/MappedByteBuffer; 2 16739 orig 80 0 0 0 0 0 0 0 0 0 0 0 0 233 1 0 0 0 0 0 0 0 0 0 0 0 0 0 0 0 0 0 0 0 0 0 0 0 0 0 0 0 0 0 0 0 0 0 0 0 0 0 0 0 0 0 0 0 0 0 0 0 0 0 0 0 0 0 0 0 0 0 0 0 0 0 0 0 0 0 0 data 9 0x20002 0x4062 0x0 0x0 0x0 0x9 0x2 0x0 0x0 oops 0 methods 0
ciMethodData jdk/internal/misc/ScopedMemoryAccess copyMemory (Ljdk/internal/misc/ScopedMemoryAccess$Scope;Ljdk/internal/misc/ScopedMemoryAccess$Scope;Ljava/lang/Object;JLjava/lang/Object;JJ)V 2 10673 orig 80 0 0 0 0 0 0 0 0 0 0 0 0 233 1 0 0 0 0 0 0 0 0 0 0 0 0 0 0 0 0 0 0 0 0 0 0 0 0 0 0 0 0 0 0 0 0 0 0 0 0 0 0 0 0 0 0 0 0 0 0 0 0 0 0 0 0 0 0 0 0 0 0 0 0 0 0 0 0 0 0 data 31 0xc0005 0x2384 0x0 0x0 0x0 0x0 0x0 0xf0003 0x2384 0x28 0x1a0002 0x0 0x0 0x0 0x0 0x0 0x0 0x0 0x9 0xb 0x0 0x0 0x0 0x0 0x0 0x0 0x0 0x0 0x0 0x0 0x0 oops 0 methods 0
ciMethodData jdk/internal/misc/ScopedMemoryAccess copyMemoryInternal (Ljdk/internal/misc/ScopedMemoryAccess$Scope;Ljdk/internal/misc/ScopedMemoryAccess$Scope;Ljava/lang/Object;JLjava/lang/Object;JJ)V 2 9348 orig 80 0 0 0 0 0 0 0 0 0 0 0 0 233 1 0 0 0 0 0 0 0 0 0 0 0 0 0 0 0 0 0 0 0 0 0 0 0 0 0 0 0 0 0 0 0 0 0 0 0 0 0 0 0 0 0 0 0 0 0 0 0 0 0 0 0 0 0 0 0 0 0 0 0 0 0 0 0 0 0 0 data 59 0x10007 0x2384 0x58 0x0 0x50005 0x0 0x0 0x0 0x0 0x0 0x0 0xb0007 0x2384 0x58 0x0 0xf0005 0x0 0x0 0x0 0x0 0x0 0x0 0x200005 0x2384 0x0 0x0 0x0 0x0 0x0 0x240002 0x2384 0x280002 0x2384 0x2b0003 0x2384 0x38 0x310002 0x0 0x350002 0x0 0x0 0x0 0x0 0x0 0x0 0x0 0x9 0xb 0x0 0x0 0x0 0x0 0x0 0x0 0x0 0x0 0x0 0x0 0x0 oops 0 methods 0
ciMethodData java/nio/MappedByteBuffer position (I)Ljava/nio/ByteBuffer; 2 17737 orig 80 0 0 0 0 0 0 0 0 0 0 0 0 0 0 0 0 0 0 0 0 0 0 0 0 0 0 0 0 0 0 0 0 0 0 0 0 0 0 0 0 0 0 0 0 0 0 0 0 0 0 0 0 0 0 0 0 0 0 0 0 0 0 0 0 0 0 0 0 0 0 0 0 0 0 0 0 0 0 0 0 data 17 0x20005 0x3d31 0x0 0x0 0x0 0x0 0x0 0x0 0x0 0x0 0x0 0x0 0x0 0x9 0x2 0x0 0x0 oops 0 methods 0
ciMethodData java/nio/MappedByteBuffer limit (I)Ljava/nio/ByteBuffer; 2 9332 orig 80 0 0 0 0 0 0 0 0 0 0 0 0 233 1 0 0 0 0 0 0 0 0 0 0 0 0 0 0 0 0 0 0 0 0 0 0 0 0 0 0 0 0 0 0 0 0 0 0 0 0 0 0 0 0 0 0 0 0 0 0 0 0 0 0 0 0 0 0 0 0 0 0 0 0 0 0 0 0 0 0 data 17 0x20005 0x1c74 0x0 0x0 0x0 0x0 0x0 0x0 0x0 0x0 0x0 0x0 0x0 0x9 0x2 0x0 0x0 oops 0 methods 0
ciMethodData java/nio/MappedByteBuffer limit (I)Ljava/nio/MappedByteBuffer; 2 8164 orig 80 0 0 0 0 0 0 0 0 0 0 0 0 233 1 0 0 0 0 0 0 0 0 0 0 0 0 0 0 0 0 0 0 0 0 0 0 0 0 0 0 0 0 0 0 0 0 0 0 0 0 0 0 0 0 0 0 0 0 0 0 0 0 0 0 0 0 0 0 0 0 0 0 0 0 0 0 0 0 0 0 data 9 0x20002 0x1d1e 0x0 0x0 0x0 0x9 0x2 0x0 0x0 oops 0 methods 0
ciMethodData sun/nio/ch/Util isBufferTooLarge (I)Z 2 18598 orig 80 0 0 0 0 0 0 0 0 0 0 0 0 233 1 0 0 0 0 0 0 0 0 0 0 0 0 0 0 0 0 0 0 0 0 0 0 0 0 0 0 0 0 0 0 0 0 0 0 0 0 0 0 0 0 0 0 0 0 0 0 0 0 0 0 0 0 0 0 0 0 0 0 0 0 0 0 0 0 0 0 data 12 0x60007 0x433f 0x38 0x0 0xa0003 0x0 0x18 0x0 0x0 0x9 0x1 0x0 oops 0 methods 0
ciMethodData java/nio/MappedByteBuffer flip ()Ljava/nio/MappedByteBuffer; 2 10240 orig 80 0 0 0 0 0 0 0 0 0 0 0 0 233 1 0 0 0 0 0 0 0 0 0 0 0 0 0 0 0 0 0 0 0 0 0 0 0 0 0 0 0 0 0 0 0 0 0 0 0 0 0 0 0 0 0 0 0 0 0 0 0 0 0 0 0 0 0 0 0 0 0 0 0 0 0 0 0 0 0 0 data 8 0x10002 0x241f 0x0 0x0 0x0 0x9 0x1 0x0 oops 0 methods 0
ciMethodData sun/nio/ch/IOUtil acquireScope (Ljava/nio/ByteBuffer;Z)Ljdk/internal/misc/ScopedMemoryAccess$Scope$Handle; 2 10654 orig 80 0 0 0 0 0 0 0 0 0 0 0 0 233 1 0 0 0 0 0 0 0 0 0 0 0 0 0 0 0 0 0 0 0 0 0 0 0 0 0 0 0 0 0 0 0 0 0 0 0 0 0 0 0 0 0 0 0 0 0 0 0 0 0 0 0 0 0 0 0 0 0 0 0 0 0 0 0 0 0 0 data 17 0x50005 0x0 0x0 0x1e92e288b20 0x249e 0x0 0x0 0x0 0x0 0x0 0x0 0x0 0x0 0x9 0x2 0xffffffffffffffff 0x0 oops 1 3 java/nio/Buffer$1 methods 0
ciMethodData java/nio/Buffer$1 acquireScope (Ljava/nio/Buffer;Z)Ljdk/internal/misc/ScopedMemoryAccess$Scope$Handle; 2 10255 orig 80 0 0 0 0 0 0 0 0 0 0 0 0 233 1 0 0 0 0 0 0 0 0 0 0 0 0 0 0 0 0 0 0 0 0 0 0 0 0 0 0 0 0 0 0 0 0 0 0 0 0 0 0 0 0 0 0 0 0 0 0 0 0 0 0 0 0 0 0 0 0 0 0 0 0 0 0 0 0 0 0 data 46 0x10005 0x200f 0x0 0x0 0x0 0x0 0x0 0x60007 0x0 0x20 0x200f 0xc0007 0x0 0x88 0x0 0x100005 0x0 0x0 0x0 0x0 0x0 0x0 0x150007 0x0 0x30 0x0 0x1e0002 0x0 0x230005 0x0 0x0 0x0 0x0 0x0 0x0 0x0 0x0 0x0 0x0 0x0 0x0 0x9 0x3 0x0 0x0 0x0 oops 0 methods 0
ciMethodData sun/nio/ch/IOUtil bufferAddress (Ljava/nio/ByteBuffer;)J 2 10342 orig 80 0 0 0 0 0 0 0 0 0 0 0 0 0 0 0 0 0 0 0 0 0 0 0 0 0 0 0 0 0 0 0 0 0 0 0 0 0 0 0 0 0 0 0 0 0 0 0 0 0 0 0 0 0 0 0 0 0 0 0 0 0 0 0 0 0 0 0 0 0 0 0 0 0 0 0 0 0 0 0 0 data 16 0x40005 0x0 0x0 0x1e92e288b20 0x2667 0x0 0x0 0x0 0x0 0x0 0x0 0x0 0x0 0x9 0x1 0x0 oops 1 3 java/nio/Buffer$1 methods 0
ciMethodData java/nio/Buffer$1 getBufferAddress (Ljava/nio/ByteBuffer;)J 2 10342 orig 80 0 0 0 0 0 0 0 0 0 0 0 0 0 0 0 0 0 0 0 0 0 0 0 0 0 0 0 0 0 0 0 0 0 0 0 0 0 0 0 0 0 0 0 0 0 0 0 0 0 0 0 0 0 0 0 0 0 0 0 0 0 0 0 0 0 0 0 0 0 0 0 0 0 0 0 0 0 0 0 0 data 6 0x0 0x0 0x9 0x2 0x0 0x0 oops 0 methods 0
ciMethodData sun/nio/ch/IOUtil releaseScope (Ljdk/internal/misc/ScopedMemoryAccess$Scope$Handle;)V 2 10654 orig 80 0 0 0 0 0 0 0 0 0 0 0 0 0 0 0 0 0 0 0 0 0 0 0 0 0 0 0 0 0 0 0 0 0 0 0 0 0 0 0 0 0 0 0 0 0 0 0 0 0 0 0 0 0 0 0 0 0 0 0 0 0 0 0 0 0 0 0 0 0 0 0 0 0 0 0 0 0 0 0 0 data 32 0x10007 0x0 0x20 0x279f 0x60005 0x0 0x0 0x0 0x0 0x0 0x0 0xc0005 0x0 0x0 0x0 0x0 0x0 0x0 0x110003 0x0 0x28 0x1a0002 0x0 0x0 0x0 0x0 0x0 0x0 0x0 0x9 0x1 0xffffffffffffffff oops 0 methods 0
ciMethodData java/nio/ByteBuffer rewind ()Ljava/nio/ByteBuffer; 2 25883 orig 80 0 0 0 0 0 0 0 0 0 0 0 0 0 0 0 0 0 0 0 0 0 0 0 0 0 0 0 0 0 0 0 0 0 0 0 0 0 0 0 0 0 0 0 0 0 0 0 0 0 0 0 0 0 0 0 0 0 0 0 0 0 0 0 0 0 0 0 0 0 0 0 0 0 0 0 0 0 0 0 0 data 8 0x10002 0x631c 0x0 0x0 0x0 0x9 0x1 0x0 oops 0 methods 0
ciMethodData java/nio/Buffer rewind ()Ljava/nio/Buffer; 2 25883 orig 80 0 0 0 0 0 0 0 0 0 0 0 0 0 0 0 0 0 0 0 0 0 0 0 0 0 0 0 0 0 0 0 0 0 0 0 0 0 0 0 0 0 0 0 0 0 0 0 0 0 0 0 0 0 0 0 0 0 0 0 0 0 0 0 0 0 0 0 0 0 0 0 0 0 0 0 0 0 0 0 0 data 7 0x0 0x0 0x0 0x0 0x9 0x1 0x0 oops 0 methods 0
ciMethodData sun/nio/ch/Util$BufferCache next (I)I 2 9217 orig 80 0 0 0 0 0 0 0 0 0 0 0 0 0 0 0 0 0 0 0 0 0 0 0 0 0 0 0 0 0 0 0 0 0 0 0 0 0 0 0 0 0 0 0 0 0 0 0 0 0 0 0 0 0 0 0 0 0 0 0 0 0 0 0 0 0 0 0 0 0 0 0 0 0 0 0 0 0 0 0 0 data 7 0x0 0x0 0x0 0x9 0x2 0x0 0x0 oops 0 methods 0
ciMethodData sun/nio/ch/Util getTemporaryDirectBuffer (I)Ljava/nio/ByteBuffer; 2 9386 orig 80 0 0 0 0 0 0 0 0 0 0 0 0 0 0 0 0 0 0 0 0 0 0 0 0 0 0 0 0 0 0 0 0 0 0 0 0 0 0 0 0 0 0 0 0 0 0 0 0 0 0 0 0 0 0 0 0 0 0 0 0 0 0 0 0 0 0 0 0 0 0 0 0 0 0 0 0 0 0 0 0 data 64 0x10002 0x22ab 0x40007 0x22ab 0x30 0x0 0x80002 0x0 0xf0005 0x0 0x0 0x1e92b36a500 0x22ab 0x0 0x0 0x120004 0x0 0x0 0x1e92b3691c0 0x22ab 0x0 0x0 0x180005 0x0 0x0 0x1e92b3691c0 0x22ab 0x0 0x0 0x1d0007 0x1 0x20 0x22aa 0x230005 0x0 0x0 0x1e92b3691c0 0x1 0x0 0x0 0x260007 0x1 0x68 0x0 0x2a0005 0x0 0x0 0x0 0x0 0x0 0x0 0x2f0002 0x0 0x330002 0x1 0x0 0x0 0x0 0x0 0x0 0x0 0x9 0x1 0x0 oops 4 11 sun/nio/ch/Util$1 18 sun/nio/ch/Util$BufferCache 25 sun/nio/ch/Util$BufferCache 36 sun/nio/ch/Util$BufferCache methods 0
ciMethodData sun/nio/ch/Util$BufferCache get (I)Ljava/nio/ByteBuffer; 2 9211 orig 80 0 0 0 0 0 0 0 0 0 0 0 0 0 0 0 0 0 0 0 0 0 0 0 0 0 0 0 0 0 0 0 0 0 0 0 0 0 0 0 0 0 0 0 0 0 0 0 0 0 0 0 0 0 0 0 0 0 0 0 0 0 0 0 0 0 0 0 0 0 0 0 0 0 0 0 0 0 0 0 0 data 114 0x30007 0x21fc 0x60 0x0 0x70002 0x0 0xa0007 0x0 0x30 0x0 0x110002 0x0 0x190007 0x21fb 0x20 0x1 0x2b0005 0x21fb 0x0 0x0 0x0 0x0 0x0 0x2f0007 0x21fb 0x190 0x0 0x3d0005 0x0 0x0 0x0 0x0 0x0 0x0 0x470007 0x0 0xe0 0x0 0x520007 0x0 0x38 0x0 0x550003 0x0 0xa0 0x5a0005 0x0 0x0 0x0 0x0 0x0 0x0 0x5e0007 0x0 0x38 0x0 0x640003 0x0 0x30 0x670003 0x0 0xffffffffffffff00 0x6b0007 0x0 0x20 0x0 0x790004 0x0 0x0 0x0 0x0 0x0 0x0 0x800104 0x0 0x0 0x0 0x0 0x0 0x0 0x870005 0x21fb 0x0 0x0 0x0 0x0 0x0 0x980005 0x0 0x0 0x1e92da264f0 0x21fb 0x0 0x0 0x9e0005 0x0 0x0 0x1e92da264f0 0x21fb 0x0 0x0 0x0 0x0 0x0 0x0 0x0 0x0 0x0 0x0 0x0 0x9 0x2 0x0 0x0 oops 2 90 java/nio/DirectByteBuffer 97 java/nio/DirectByteBuffer methods 0
ciMethodData java/nio/MappedByteBuffer flip ()Ljava/nio/ByteBuffer; 2 9983 orig 80 0 0 0 0 0 0 0 0 0 0 0 0 0 0 0 0 0 0 0 0 0 0 0 0 0 0 0 0 0 0 0 0 0 0 0 0 0 0 0 0 0 0 0 0 0 0 0 0 0 0 0 0 0 0 0 0 0 0 0 0 0 0 0 0 0 0 0 0 0 0 0 0 0 0 0 0 0 0 0 0 data 16 0x10005 0x2500 0x0 0x0 0x0 0x0 0x0 0x0 0x0 0x0 0x0 0x0 0x0 0x9 0x1 0x0 oops 0 methods 0
ciMethodData sun/nio/ch/Util offerFirstTemporaryDirectBuffer (Ljava/nio/ByteBuffer;)V 2 9212 orig 80 0 0 0 0 0 0 0 0 0 0 0 0 0 0 0 0 0 0 0 0 0 0 0 0 0 0 0 0 0 0 0 0 0 0 0 0 0 0 0 0 0 0 0 0 0 0 0 0 0 0 0 0 0 0 0 0 0 0 0 0 0 0 0 0 0 0 0 0 0 0 0 0 0 0 0 0 0 0 0 0 data 54 0x10002 0x21fd 0x40007 0x21fd 0x30 0x0 0x80002 0x0 0xf0007 0x21fd 0x50 0x0 0x130007 0x0 0x30 0x0 0x1a0002 0x0 0x210005 0x0 0x0 0x1e92b36a500 0x21fd 0x0 0x0 0x240004 0x0 0x0 0x1e92b3691c0 0x21fd 0x0 0x0 0x2a0005 0x0 0x0 0x1e92b3691c0 0x21fd 0x0 0x0 0x2d0007 0x21fd 0x30 0x0 0x310002 0x0 0x0 0x0 0x0 0x0 0x0 0x0 0x9 0x1 0x0 oops 3 21 sun/nio/ch/Util$1 28 sun/nio/ch/Util$BufferCache 35 sun/nio/ch/Util$BufferCache methods 0
ciMethodData sun/nio/ch/Util isBufferTooLarge (Ljava/nio/ByteBuffer;)Z 2 9212 orig 80 0 0 0 0 0 0 0 0 0 0 0 0 0 0 0 0 0 0 0 0 0 0 0 0 0 0 0 0 0 0 0 0 0 0 0 0 0 0 0 0 0 0 0 0 0 0 0 0 0 0 0 0 0 0 0 0 0 0 0 0 0 0 0 0 0 0 0 0 0 0 0 0 0 0 0 0 0 0 0 0 data 18 0x10005 0x21fd 0x0 0x0 0x0 0x0 0x0 0x40002 0x21fd 0x0 0x0 0x0 0x0 0x0 0x0 0x9 0x1 0x0 oops 0 methods 0
ciMethodData sun/nio/ch/Util$BufferCache offerFirst (Ljava/nio/ByteBuffer;)Z 2 9212 orig 80 0 0 0 0 0 0 0 0 0 0 0 0 0 0 0 0 0 0 0 0 0 0 0 0 0 0 0 0 0 0 0 0 0 0 0 0 0 0 0 0 0 0 0 0 0 0 0 0 0 0 0 0 0 0 0 0 0 0 0 0 0 0 0 0 0 0 0 0 0 0 0 0 0 0 0 0 0 0 0 0 data 33 0x30007 0x21fd 0x60 0x0 0x70002 0x0 0xa0007 0x0 0x30 0x0 0x110002 0x0 0x1c0007 0x21fd 0x20 0x0 0x3c0004 0x0 0x0 0x1e92da264f0 0x21fd 0x0 0x0 0x0 0x0 0x0 0x0 0x0 0x0 0x9 0x2 0x6 0x0 oops 1 19 java/nio/DirectByteBuffer methods 0
ciMethodData sun/nio/ch/IOUtil write (Ljava/io/FileDescriptor;Ljava/nio/ByteBuffer;JZZILsun/nio/ch/NativeDispatcher;)I 2 10236 orig 80 1 0 0 0 0 0 0 0 0 0 0 0 0 0 0 0 0 0 0 0 0 0 0 0 0 0 0 0 0 0 0 0 0 0 0 0 0 0 0 0 0 0 0 0 0 0 0 0 0 0 0 0 0 0 0 0 0 0 0 0 0 0 0 0 0 0 0 0 0 0 0 0 0 0 0 0 0 0 0 0 data 111 0x10004 0xffffffffffffdb1c 0x0 0x1e92da26440 0x15a 0x1e92da264f0 0x119 0x40007 0x24e4 0x30 0x119 0x120002 0x119 0x170005 0x24e4 0x0 0x0 0x0 0x0 0x0 0x1d0005 0x24e4 0x0 0x0 0x0 0x0 0x0 0x250007 0x24e4 0x50 0x0 0x2c0007 0x0 0x30 0x0 0x330002 0x0 0x3b0007 0x0 0x38 0x24e4 0x430003 0x24e4 0x18 0x4b0007 0x24e4 0x58 0x0 0x520002 0x0 0x590002 0x0 0x5e0003 0x0 0x28 0x630002 0x24e4 0x6b0005 0x0 0x0 0x1e92da264f0 0x24e4 0x0 0x0 0x710005 0x0 0x0 0x1e92da264f0 0x24e4 0x0 0x0 0x780005 0x0 0x0 0x1e92da26440 0x24e4 0x0 0x0 0x880002 0x24e4 0x8f0007 0x0 0x58 0x24e4 0x980005 0x0 0x0 0x1e92da26440 0x24e4 0x0 0x0 0xa20002 0x24e4 0xac0002 0x0 0x0 0x0 0x0 0x0 0x0 0x0 0x9 0x8 0x0 0x0 0x0 0x0 0x0 0x0 0x0 0x0 oops 6 3 java/nio/HeapByteBuffer 5 java/nio/DirectByteBuffer 60 java/nio/DirectByteBuffer 67 java/nio/DirectByteBuffer 74 java/nio/HeapByteBuffer 87 java/nio/HeapByteBuffer methods 0
ciMethodData sun/nio/ch/IOUtil writeFromNativeBuffer (Ljava/io/FileDescriptor;Ljava/nio/ByteBuffer;JZZILsun/nio/ch/NativeDispatcher;)I 2 10201 orig 80 1 0 0 0 0 0 0 0 0 0 0 0 0 0 0 0 0 0 0 0 0 0 0 0 0 0 0 0 0 0 0 0 0 0 0 0 0 0 0 2 0 0 0 0 0 0 0 0 0 0 0 0 0 0 0 0 0 0 0 0 0 0 0 0 0 0 0 0 0 0 0 0 0 0 0 0 0 0 0 0 data 104 0x10005 0x25da 0x0 0x0 0x0 0x0 0x0 0x70005 0x25da 0x0 0x0 0x0 0x0 0x0 0xf0007 0x25da 0x50 0x0 0x160007 0x0 0x30 0x0 0x1d0002 0x0 0x250007 0x0 0x38 0x25da 0x2d0003 0x25da 0x18 0x350007 0x25da 0x40 0x0 0x3d0002 0x0 0x440002 0x0 0x4c0007 0x25da 0x20 0x0 0x540002 0x25da 0x5e0007 0x25da 0x80 0x0 0x650002 0x0 0x6f0005 0x0 0x0 0x0 0x0 0x0 0x0 0x740003 0x0 0x60 0x7b0002 0x25da 0x840005 0x0 0x0 0x1e92da2d860 0x24c0 0x1e92da2d910 0x11a 0x8b0002 0x25da 0x8e0003 0x25da 0x28 0x950002 0x0 0x80000006009d0007 0x22 0x58 0x25ba 0xa60005 0x0 0x0 0x1e92da264f0 0x25ba 0x0 0x0 0x0 0x0 0x0 0x0 0x0 0x0 0x9 0x8 0x0 0x0 0x0 0x0 0x0 0x0 0x0 0x0 oops 3 66 sun/nio/ch/FileDispatcherImpl 68 sun/nio/ch/SocketDispatcher 84 java/nio/DirectByteBuffer methods 0
ciMethodData java/nio/MappedByteBuffer rewind ()Ljava/nio/ByteBuffer; 2 9182 orig 80 0 0 0 0 0 0 0 0 0 0 0 0 0 0 0 0 0 0 0 0 0 0 0 0 0 0 0 0 0 0 0 0 0 0 0 0 0 0 0 0 0 0 0 0 0 0 0 0 0 0 0 0 0 0 0 0 0 0 0 0 0 0 0 0 0 0 0 0 0 0 0 0 0 0 0 0 0 0 0 0 data 16 0x10005 0x21df 0x0 0x0 0x0 0x0 0x0 0x0 0x0 0x0 0x0 0x0 0x0 0x9 0x1 0x0 oops 0 methods 0
ciMethodData java/nio/MappedByteBuffer rewind ()Ljava/nio/MappedByteBuffer; 2 9182 orig 80 0 0 0 0 0 0 0 0 0 0 0 0 0 0 0 0 0 0 0 0 0 0 0 0 0 0 0 0 0 0 0 0 0 0 0 0 0 0 0 0 0 0 0 0 0 0 0 0 0 0 0 0 0 0 0 0 0 0 0 0 0 0 0 0 0 0 0 0 0 0 0 0 0 0 0 0 0 0 0 0 data 8 0x10002 0x21df 0x0 0x0 0x0 0x9 0x1 0x0 oops 0 methods 0
ciMethodData java/nio/ByteBuffer put (Ljava/nio/ByteBuffer;)Ljava/nio/ByteBuffer; 2 9864 orig 80 0 0 0 0 0 0 0 0 0 0 0 0 0 0 0 0 0 0 0 0 0 0 0 0 0 0 0 0 0 0 0 0 0 0 0 0 0 0 0 0 0 0 0 0 0 0 0 0 0 0 0 0 0 0 0 0 0 0 0 0 0 0 0 0 0 0 0 0 0 0 0 0 0 0 0 0 0 0 0 0 data 98 0x20007 0x2489 0x30 0x0 0x50002 0x0 0xa0005 0x0 0x0 0x1e92da264f0 0x2487 0x1e92da26440 0x2 0xd0007 0x2489 0x30 0x0 0x140002 0x0 0x190005 0x2489 0x0 0x0 0x0 0x0 0x0 0x1e0005 0x2489 0x0 0x0 0x0 0x0 0x0 0x240007 0x0 0x38 0x2489 0x2a0003 0x2489 0x18 0x310005 0x2489 0x0 0x0 0x0 0x0 0x0 0x370005 0x2489 0x0 0x0 0x0 0x0 0x0 0x400007 0x0 0x38 0x2489 0x480003 0x2489 0x18 0x520007 0x2489 0x30 0x0 0x590002 0x0 0x640005 0x0 0x0 0x1e92da264f0 0x2487 0x1e92da26440 0x2 0x6d0005 0x0 0x0 0x1e92da264f0 0x2487 0x1e92da26440 0x2 0x760005 0x0 0x0 0x1e92da26440 0x2487 0x1e92da264f0 0x2 0x0 0x0 0x0 0x0 0x0 0x0 0x9 0x2 0x0 0x0 oops 8 9 java/nio/DirectByteBuffer 11 java/nio/HeapByteBuffer 70 java/nio/DirectByteBuffer 72 java/nio/HeapByteBuffer 77 java/nio/DirectByteBuffer 79 java/nio/HeapByteBuffer 84 java/nio/HeapByteBuffer 86 java/nio/DirectByteBuffer methods 0
ciMethodData java/nio/ByteBuffer putBuffer (ILjava/nio/ByteBuffer;II)V 2 9864 orig 80 0 0 0 0 0 0 0 0 0 0 0 0 0 0 0 0 0 0 0 0 0 0 0 0 0 0 0 0 0 0 0 0 0 0 0 0 0 0 0 0 0 0 0 0 0 0 0 0 0 0 0 0 0 0 0 0 0 0 0 0 0 0 0 0 0 0 0 0 0 0 0 0 0 0 0 0 0 0 0 0 data 101 0x10005 0x0 0x0 0x1e92da26440 0x2487 0x1e92da264f0 0x2 0x90007 0x2489 0xa8 0x0 0xe0007 0x0 0x88 0x0 0x120005 0x0 0x0 0x0 0x0 0x0 0x0 0x150007 0x0 0x30 0x0 0x1c0002 0x0 0x210005 0x0 0x0 0x1e92da264f0 0x2487 0x1e92da26440 0x2 0x290007 0x2489 0xa8 0x0 0x2e0007 0x0 0x88 0x0 0x320005 0x0 0x0 0x0 0x0 0x0 0x0 0x350007 0x0 0x30 0x0 0x3c0002 0x0 0x610005 0x2489 0x0 0x0 0x0 0x0 0x0 0x650005 0x2489 0x0 0x0 0x0 0x0 0x0 0x720005 0x0 0x0 0x1e92e772620 0x2489 0x0 0x0 0x760002 0x2489 0x7a0002 0x2489 0x7d0003 0x2489 0x38 0x830002 0x0 0x870002 0x0 0x0 0x0 0x0 0x0 0x0 0x0 0x9 0x5 0x0 0x0 0x0 0x0 0x0 oops 5 3 java/nio/HeapByteBuffer 5 java/nio/DirectByteBuffer 31 java/nio/DirectByteBuffer 33 java/nio/HeapByteBuffer 73 jdk/internal/misc/ScopedMemoryAccess methods 0
ciMethodData sun/nio/ch/IOUtil write (Ljava/io/FileDescriptor;Ljava/nio/ByteBuffer;JZILsun/nio/ch/NativeDispatcher;)I 2 10060 orig 80 0 0 0 0 0 0 0 0 0 0 0 0 0 0 0 0 0 0 0 0 0 0 0 0 0 0 0 0 0 0 0 0 0 0 0 0 0 0 0 0 0 0 0 0 0 0 0 0 0 0 0 0 0 0 0 0 0 0 0 0 0 0 0 0 0 0 0 0 0 0 0 0 0 0 0 0 0 0 0 0 data 17 0xa0002 0x254d 0x0 0x0 0x0 0x0 0x0 0x0 0x9 0x7 0x0 0x0 0x0 0x0 0x0 0x0 0x0 oops 0 methods 0
ciMethodData sun/nio/ch/FileDispatcherImpl write (Ljava/io/FileDescriptor;JI)I 2 8988 orig 80 0 0 0 0 0 0 0 0 0 0 0 0 0 0 0 0 0 0 0 0 0 0 0 0 0 0 0 0 0 0 0 0 0 0 0 0 0 0 0 0 0 0 0 0 0 0 0 0 0 0 0 0 0 0 0 0 0 0 0 0 0 0 0 0 0 0 0 0 0 0 0 0 0 0 0 0 0 0 0 0 data 22 0x80005 0x0 0x0 0x1e92d778780 0x211d 0x0 0x0 0xd0002 0x211d 0x0 0x0 0x0 0x0 0x0 0x0 0x9 0x5 0x0 0x0 0x0 0x0 0x0 oops 1 3 java/io/FileDescriptor$1 methods 0
ciMethod jdk/internal/access/foreign/MemorySegmentProxy scope ()Ljdk/internal/misc/ScopedMemoryAccess$Scope; 0 0 1 0 -1
ciMethodData sun/nio/ch/SocketDispatcher write (Ljava/io/FileDescriptor;JI)I 1 440 orig 80 0 0 0 0 0 0 0 0 0 0 0 0 233 1 0 0 0 0 0 0 0 0 0 0 0 0 0 0 0 0 0 0 0 0 0 0 0 0 0 0 0 0 0 0 0 0 0 0 0 0 0 0 0 0 0 0 0 0 0 0 0 0 0 0 0 0 0 0 0 0 0 0 0 0 0 0 0 0 0 0 data 15 0x40002 0x38 0x0 0x0 0x0 0x0 0x0 0x0 0x9 0x5 0x0 0x0 0x0 0x0 0x0 oops 0 methods 0
ciMethod jdk/internal/misc/ScopedMemoryAccess$Scope$Handle scope ()Ljdk/internal/misc/ScopedMemoryAccess$Scope; 0 0 1 0 -1
compile sun/nio/ch/IOUtil write (Ljava/io/FileDescriptor;Ljava/nio/ByteBuffer;JZILsun/nio/ch/NativeDispatcher;)I -1 4 inline 128 0 -1 sun/nio/ch/IOUtil write (Ljava/io/FileDescriptor;Ljava/nio/ByteBuffer;JZILsun/nio/ch/NativeDispatcher;)I 1 10 sun/nio/ch/IOUtil write (Ljava/io/FileDescriptor;Ljava/nio/ByteBuffer;JZZILsun/nio/ch/NativeDispatcher;)I 2 18 sun/nio/ch/IOUtil writeFromNativeBuffer (Ljava/io/FileDescriptor;Ljava/nio/ByteBuffer;JZZILsun/nio/ch/NativeDispatcher;)I 3 1 java/nio/Buffer position ()I 3 7 java/nio/Buffer limit ()I 3 84 sun/nio/ch/IOUtil acquireScope (Ljava/nio/ByteBuffer;Z)Ljdk/internal/misc/ScopedMemoryAccess$Scope$Handle; 4 5 java/nio/Buffer$1 acquireScope (Ljava/nio/Buffer;Z)Ljdk/internal/misc/ScopedMemoryAccess$Scope$Handle; 5 1 java/nio/Buffer scope ()Ljdk/internal/misc/ScopedMemoryAccess$Scope; 3 123 sun/nio/ch/IOUtil bufferAddress (Ljava/nio/ByteBuffer;)J 4 4 java/nio/Buffer$1 getBufferAddress (Ljava/nio/ByteBuffer;)J 3 132 sun/nio/ch/FileDispatcherImpl write (Ljava/io/FileDescriptor;JI)I 4 8 java/io/FileDescriptor$1 getAppend (Ljava/io/FileDescriptor;)Z 3 132 sun/nio/ch/SocketDispatcher write (Ljava/io/FileDescriptor;JI)I 3 139 sun/nio/ch/IOUtil releaseScope (Ljdk/internal/misc/ScopedMemoryAccess$Scope$Handle;)V 3 166 java/nio/MappedByteBuffer position (I)Ljava/nio/ByteBuffer; 4 2 java/nio/MappedByteBuffer position (I)Ljava/nio/MappedByteBuffer; 5 2 java/nio/ByteBuffer position (I)Ljava/nio/ByteBuffer; 6 2 java/nio/Buffer position (I)Ljava/nio/Buffer; 2 23 java/nio/Buffer position ()I 2 29 java/nio/Buffer limit ()I 2 99 sun/nio/ch/Util getTemporaryDirectBuffer (I)Ljava/nio/ByteBuffer; 3 1 sun/nio/ch/Util isBufferTooLarge (I)Z 3 15 java/lang/ThreadLocal get ()Ljava/lang/Object; 4 6 java/lang/ThreadLocal getMap (Ljava/lang/Thread;)Ljava/lang/ThreadLocal$ThreadLocalMap; 4 16 java/lang/ThreadLocal$ThreadLocalMap getEntry (Ljava/lang/ThreadLocal;)Ljava/lang/ThreadLocal$ThreadLocalMap$Entry; 5 26 java/lang/ref/Reference refersTo (Ljava/lang/Object;)Z 6 2 java/lang/ref/Reference refersToImpl (Ljava/lang/Object;)Z 5 38 java/lang/ThreadLocal$ThreadLocalMap getEntryAfterMiss (Ljava/lang/ThreadLocal;ILjava/lang/ThreadLocal$ThreadLocalMap$Entry;)Ljava/lang/ThreadLocal$ThreadLocalMap$Entry; 6 17 java/lang/ref/Reference refersTo (Ljava/lang/Object;)Z 7 2 java/lang/ref/Reference refersToImpl (Ljava/lang/Object;)Z 6 27 java/lang/ref/Reference refersTo (Ljava/lang/Object;)Z 7 2 java/lang/ref/Reference refersToImpl (Ljava/lang/Object;)Z 6 45 java/lang/ThreadLocal$ThreadLocalMap nextIndex (II)I 4 34 java/lang/ThreadLocal setInitialValue ()Ljava/lang/Object; 5 11 java/lang/ThreadLocal getMap (Ljava/lang/Thread;)Ljava/lang/ThreadLocal$ThreadLocalMap; 3 24 sun/nio/ch/Util$BufferCache get (I)Ljava/nio/ByteBuffer; 4 43 java/nio/Buffer capacity ()I 4 135 sun/nio/ch/Util$BufferCache next (I)I 4 152 java/nio/MappedByteBuffer rewind ()Ljava/nio/ByteBuffer; 5 1 java/nio/MappedByteBuffer rewind ()Ljava/nio/MappedByteBuffer; 6 1 java/nio/ByteBuffer rewind ()Ljava/nio/ByteBuffer; 7 1 java/nio/Buffer rewind ()Ljava/nio/Buffer; 4 158 java/nio/MappedByteBuffer limit (I)Ljava/nio/ByteBuffer; 5 2 java/nio/MappedByteBuffer limit (I)Ljava/nio/MappedByteBuffer; 6 2 java/nio/ByteBuffer limit (I)Ljava/nio/ByteBuffer; 7 2 java/nio/Buffer limit (I)Ljava/nio/Buffer; 2 107 java/nio/ByteBuffer put (Ljava/nio/ByteBuffer;)Ljava/nio/ByteBuffer; 3 10 java/nio/DirectByteBuffer isReadOnly ()Z 3 25 java/nio/Buffer position ()I 3 30 java/nio/Buffer limit ()I 3 49 java/nio/Buffer position ()I 3 55 java/nio/Buffer limit ()I 3 100 java/nio/ByteBuffer putBuffer (ILjava/nio/ByteBuffer;II)V 4 1 java/nio/ByteBuffer base ()Ljava/lang/Object; 4 1 java/nio/DirectByteBuffer base ()Ljava/lang/Object; 4 33 java/nio/DirectByteBuffer base ()Ljava/lang/Object; 4 97 java/nio/Buffer scope ()Ljdk/internal/misc/ScopedMemoryAccess$Scope; 4 101 java/nio/Buffer scope ()Ljdk/internal/misc/ScopedMemoryAccess$Scope; 4 114 jdk/internal/misc/ScopedMemoryAccess copyMemory (Ljdk/internal/misc/ScopedMemoryAccess$Scope;Ljdk/internal/misc/ScopedMemoryAccess$Scope;Ljava/lang/Object;JLjava/lang/Object;JJ)V 5 12 jdk/internal/misc/ScopedMemoryAccess copyMemoryInternal (Ljdk/internal/misc/ScopedMemoryAccess$Scope;Ljdk/internal/misc/ScopedMemoryAccess$Scope;Ljava/lang/Object;JLjava/lang/Object;JJ)V 6 32 jdk/internal/misc/Unsafe copyMemory (Ljava/lang/Object;JLjava/lang/Object;JJ)V 7 9 jdk/internal/misc/Unsafe copyMemoryChecks (Ljava/lang/Object;JLjava/lang/Object;JJ)V 8 3 jdk/internal/misc/Unsafe checkSize (J)V 8 9 jdk/internal/misc/Unsafe checkPrimitivePointer (Ljava/lang/Object;J)V 9 3 jdk/internal/misc/Unsafe checkPointer (Ljava/lang/Object;J)V 10 6 jdk/internal/misc/Unsafe checkNativeAddress (J)V 10 15 jdk/internal/misc/Unsafe checkOffset (Ljava/lang/Object;J)V 9 15 jdk/internal/misc/Unsafe checkPrimitiveArray (Ljava/lang/Class;)V 10 1 java/lang/Class getComponentType ()Ljava/lang/Class; 8 17 jdk/internal/misc/Unsafe checkPrimitivePointer (Ljava/lang/Object;J)V 9 3 jdk/internal/misc/Unsafe checkPointer (Ljava/lang/Object;J)V 10 6 jdk/internal/misc/Unsafe checkNativeAddress (J)V 6 36 java/lang/ref/Reference reachabilityFence (Ljava/lang/Object;)V 6 40 java/lang/ref/Reference reachabilityFence (Ljava/lang/Object;)V 4 118 java/lang/ref/Reference reachabilityFence (Ljava/lang/Object;)V 4 122 java/lang/ref/Reference reachabilityFence (Ljava/lang/Object;)V 3 109 java/nio/MappedByteBuffer position (I)Ljava/nio/ByteBuffer; 4 2 java/nio/MappedByteBuffer position (I)Ljava/nio/MappedByteBuffer; 5 2 java/nio/ByteBuffer position (I)Ljava/nio/ByteBuffer; 6 2 java/nio/Buffer position (I)Ljava/nio/Buffer; 3 118 java/nio/ByteBuffer position (I)Ljava/nio/ByteBuffer; 4 2 java/nio/Buffer position (I)Ljava/nio/Buffer; 3 118 java/nio/MappedByteBuffer position (I)Ljava/nio/ByteBuffer; 4 2 java/nio/MappedByteBuffer position (I)Ljava/nio/MappedByteBuffer; 5 2 java/nio/ByteBuffer position (I)Ljava/nio/ByteBuffer; 6 2 java/nio/Buffer position (I)Ljava/nio/Buffer; 2 113 java/nio/MappedByteBuffer flip ()Ljava/nio/ByteBuffer; 3 1 java/nio/MappedByteBuffer flip ()Ljava/nio/MappedByteBuffer; 4 1 java/nio/ByteBuffer flip ()Ljava/nio/ByteBuffer; 5 1 java/nio/Buffer flip ()Ljava/nio/Buffer; 2 120 java/nio/ByteBuffer position (I)Ljava/nio/ByteBuffer; 3 2 java/nio/Buffer position (I)Ljava/nio/Buffer; 2 136 sun/nio/ch/IOUtil writeFromNativeBuffer (Ljava/io/FileDescriptor;Ljava/nio/ByteBuffer;JZZILsun/nio/ch/NativeDispatcher;)I 3 1 java/nio/Buffer position ()I 3 7 java/nio/Buffer limit ()I 3 84 sun/nio/ch/IOUtil acquireScope (Ljava/nio/ByteBuffer;Z)Ljdk/internal/misc/ScopedMemoryAccess$Scope$Handle; 4 5 java/nio/Buffer$1 acquireScope (Ljava/nio/Buffer;Z)Ljdk/internal/misc/ScopedMemoryAccess$Scope$Handle; 5 1 java/nio/Buffer scope ()Ljdk/internal/misc/ScopedMemoryAccess$Scope; 3 123 sun/nio/ch/IOUtil bufferAddress (Ljava/nio/ByteBuffer;)J 4 4 java/nio/Buffer$1 getBufferAddress (Ljava/nio/ByteBuffer;)J 3 132 sun/nio/ch/FileDispatcherImpl write (Ljava/io/FileDescriptor;JI)I 4 8 java/io/FileDescriptor$1 getAppend (Ljava/io/FileDescriptor;)Z 3 132 sun/nio/ch/SocketDispatcher write (Ljava/io/FileDescriptor;JI)I 3 139 sun/nio/ch/IOUtil releaseScope (Ljdk/internal/misc/ScopedMemoryAccess$Scope$Handle;)V 3 166 java/nio/MappedByteBuffer position (I)Ljava/nio/ByteBuffer; 4 2 java/nio/MappedByteBuffer position (I)Ljava/nio/MappedByteBuffer; 5 2 java/nio/ByteBuffer position (I)Ljava/nio/ByteBuffer; 6 2 java/nio/Buffer position (I)Ljava/nio/Buffer; 2 152 java/nio/ByteBuffer position (I)Ljava/nio/ByteBuffer; 3 2 java/nio/Buffer position (I)Ljava/nio/Buffer; 2 162 sun/nio/ch/Util offerFirstTemporaryDirectBuffer (Ljava/nio/ByteBuffer;)V 3 1 sun/nio/ch/Util isBufferTooLarge (Ljava/nio/ByteBuffer;)Z 4 1 java/nio/Buffer capacity ()I 4 4 sun/nio/ch/Util isBufferTooLarge (I)Z 3 33 java/lang/ThreadLocal get ()Ljava/lang/Object; 4 6 java/lang/ThreadLocal getMap (Ljava/lang/Thread;)Ljava/lang/ThreadLocal$ThreadLocalMap; 4 16 java/lang/ThreadLocal$ThreadLocalMap getEntry (Ljava/lang/ThreadLocal;)Ljava/lang/ThreadLocal$ThreadLocalMap$Entry; 5 26 java/lang/ref/Reference refersTo (Ljava/lang/Object;)Z 6 2 java/lang/ref/Reference refersToImpl (Ljava/lang/Object;)Z 5 38 java/lang/ThreadLocal$ThreadLocalMap getEntryAfterMiss (Ljava/lang/ThreadLocal;ILjava/lang/ThreadLocal$ThreadLocalMap$Entry;)Ljava/lang/ThreadLocal$ThreadLocalMap$Entry; 6 17 java/lang/ref/Reference refersTo (Ljava/lang/Object;)Z 7 2 java/lang/ref/Reference refersToImpl (Ljava/lang/Object;)Z 6 27 java/lang/ref/Reference refersTo (Ljava/lang/Object;)Z 7 2 java/lang/ref/Reference refersToImpl (Ljava/lang/Object;)Z 6 45 java/lang/ThreadLocal$ThreadLocalMap nextIndex (II)I 4 34 java/lang/ThreadLocal setInitialValue ()Ljava/lang/Object; 5 11 java/lang/ThreadLocal getMap (Ljava/lang/Thread;)Ljava/lang/ThreadLocal$ThreadLocalMap; 3 42 sun/nio/ch/Util$BufferCache offerFirst (Ljava/nio/ByteBuffer;)Z
