#
# There is insufficient memory for the Java Runtime Environment to continue.
# Native memory allocation (malloc) failed to allocate 1335680 bytes. Error detail: Chunk::new
# Possible reasons:
#   The system is out of physical RAM or swap space
#   This process is running with CompressedOops enabled, and the Java Heap may be blocking the growth of the native heap
# Possible solutions:
#   Reduce memory load on the system
#   Increase physical memory or swap space
#   Check if swap backing store is full
#   Decrease Java heap size (-Xmx/-Xms)
#   Decrease number of Java threads
#   Decrease Java thread stack sizes (-Xss)
#   Set larger code cache with -XX:ReservedCodeCacheSize=
#   JVM is running with Unscaled Compressed Oops mode in which the Java heap is
#     placed in the first 4GB address space. The Java Heap base address is the
#     maximum limit for the native heap growth. Please use -XX:HeapBaseMinAddress
#     to set the Java Heap base and to place the Java Heap above 4GB virtual address.
# This output file may be truncated or incomplete.
#
#  Out of Memory Error (arena.cpp:191), pid=22084, tid=22192
#
# JRE version: OpenJDK Runtime Environment Microsoft-13106358 (17.0.18+8) (build 17.0.18+8-LTS)
# Java VM: OpenJDK 64-Bit Server VM Microsoft-13106358 (17.0.18+8-LTS, mixed mode, sharing, tiered, compressed oops, compressed class ptrs, g1 gc, windows-amd64)
# No core dump will be written. Minidumps are not enabled by default on client versions of Windows
#

---------------  S U M M A R Y ------------

Command Line: --add-opens=java.base/java.lang=ALL-UNNAMED --add-opens=java.base/java.lang.invoke=ALL-UNNAMED --add-opens=java.base/java.util=ALL-UNNAMED --add-opens=java.prefs/java.util.prefs=ALL-UNNAMED --add-exports=jdk.compiler/com.sun.tools.javac.api=ALL-UNNAMED --add-exports=jdk.compiler/com.sun.tools.javac.util=ALL-UNNAMED --add-opens=java.base/java.util=ALL-UNNAMED --add-opens=java.prefs/java.util.prefs=ALL-UNNAMED --add-opens=java.base/java.nio.charset=ALL-UNNAMED --add-opens=java.base/java.net=ALL-UNNAMED --add-opens=java.base/java.util.concurrent.atomic=ALL-UNNAMED --add-opens=java.xml/javax.xml.namespace=ALL-UNNAMED -XX:MaxMetaspaceSize=512m -Xmx2048m -Dfile.encoding=UTF-8 -Duser.country=US -Duser.language=en -Duser.variant -javaagent:C:\Users\shres\.gradle\wrapper\dists\gradle-8.13-all\54h0s9kvb6g2sinako7ub77ku\gradle-8.13\lib\agents\gradle-instrumentation-agent-8.13.jar org.gradle.launcher.daemon.bootstrap.GradleDaemon 8.13

Host: Intel(R) Core(TM) i7-8750H CPU @ 2.20GHz, 12 cores, 15G,  Windows 11 , 64 bit Build 26100 (10.0.26100.7920)
Time: Wed Mar 25 09:40:37 2026 Nepal Standard Time elapsed time: 51.846381 seconds (0d 0h 0m 51s)

---------------  T H R E A D  ---------------

Current thread (0x000001f071113530):  JavaThread "C2 CompilerThread0" daemon [_thread_in_native, id=22192, stack(0x000000ea8e100000,0x000000ea8e200000)]


Current CompileTask:
C2:51846 18719       4       org.gradle.model.internal.type.ModelType::wrap (220 bytes)

Stack: [0x000000ea8e100000,0x000000ea8e200000]
Native frames: (J=compiled Java code, j=interpreted, Vv=VM code, C=native code)
V  [jvm.dll+0x68c879]  (no source info available)
V  [jvm.dll+0x845979]  (no source info available)
V  [jvm.dll+0x8476e8]  (no source info available)
V  [jvm.dll+0x847d73]  (no source info available)
V  [jvm.dll+0x24cf6f]  (no source info available)
V  [jvm.dll+0xaecb6]  (no source info available)
V  [jvm.dll+0xaf35c]  (no source info available)
V  [jvm.dll+0x37174e]  (no source info available)
V  [jvm.dll+0x1c08f9]  (no source info available)
V  [jvm.dll+0x21e080]  (no source info available)
V  [jvm.dll+0x21d36d]  (no source info available)
V  [jvm.dll+0x1a8ce6]  (no source info available)
V  [jvm.dll+0x22db1b]  (no source info available)
V  [jvm.dll+0x22bca6]  (no source info available)
V  [jvm.dll+0x7fbabb]  (no source info available)
V  [jvm.dll+0x7f5ebc]  (no source info available)
V  [jvm.dll+0x68de17]  (no source info available)
C  [ucrtbase.dll+0x37b0]  (no source info available)
C  [KERNEL32.DLL+0x2e8d7]  (no source info available)
C  [ntdll.dll+0x8c48c]  (no source info available)


---------------  P R O C E S S  ---------------

Threads class SMR info:
_java_thread_list=0x000001f071b942a0, length=204, elements={
0x000001f05275bfc0, 0x000001f0710f85b0, 0x000001f0710f9080, 0x000001f07110b880,
0x000001f07110e160, 0x000001f07110ea30, 0x000001f071110920, 0x000001f071113530,
0x000001f071115e50, 0x000001f07112f4c0, 0x000001f07073c080, 0x000001f0712efa90,
0x000001f0763f8b60, 0x000001f0771b0e90, 0x000001f0772e4520, 0x000001f077185380,
0x000001f0764db710, 0x000001f076a23d20, 0x000001f076a24740, 0x000001f076a24230,
0x000001f076a24c50, 0x000001f076a25b80, 0x000001f076a25160, 0x000001f076a25670,
0x000001f076a223d0, 0x000001f079b5ce00, 0x000001f079b5e240, 0x000001f079b5d310,
0x000001f079b5e750, 0x000001f079b5d820, 0x000001f079b5dd30, 0x000001f079b5ec60,
0x000001f079b5f170, 0x000001f079b5b9c0, 0x000001f079b5f680, 0x000001f079b60fd0,
0x000001f079b619f0, 0x000001f079b62410, 0x000001f079b61f00, 0x000001f079b600a0,
0x000001f079b5fb90, 0x000001f079b62e30, 0x000001f079b63340, 0x000001f079b60ac0,
0x000001f07a48e230, 0x000001f07a48dd20, 0x000001f07a48d810, 0x000001f07a48bec0,
0x000001f07a48e740, 0x000001f07a48cdf0, 0x000001f07a48af90, 0x000001f07a48ec50,
0x000001f07a48f160, 0x000001f07a48f670, 0x000001f07a48fb80, 0x000001f07a48c3d0,
0x000001f07a490090, 0x000001f07a48c8e0, 0x000001f07a4905a0, 0x000001f07a490ab0,
0x000001f07a490fc0, 0x000001f07a491ef0, 0x000001f07a4914d0, 0x000001f07a4919e0,
0x000001f07a492400, 0x000001f0788bf3d0, 0x000001f0788c0810, 0x000001f0788bd060,
0x000001f0788be4a0, 0x000001f0788c0d20, 0x000001f0788bfdf0, 0x000001f0788bf8e0,
0x000001f0788bd570, 0x000001f0788bda80, 0x000001f0788c1740, 0x000001f0788c1230,
0x000001f0788bdf90, 0x000001f0788c0300, 0x000001f0788c1c50, 0x000001f0788c2160,
0x000001f0788be9b0, 0x000001f0788c2670, 0x000001f0788beec0, 0x000001f0788c49e0,
0x000001f0788c35a0, 0x000001f0788c2b80, 0x000001f0788c3ab0, 0x000001f0788c3fc0,
0x000001f078db3730, 0x000001f078daff80, 0x000001f078db22f0, 0x000001f078db3c40,
0x000001f078db18d0, 0x000001f078db0490, 0x000001f078db4150, 0x000001f078db2800,
0x000001f078db3220, 0x000001f078db09a0, 0x000001f078db4660, 0x000001f078db0eb0,
0x000001f078db64c0, 0x000001f078db7900, 0x000001f078db69d0, 0x000001f078db4b70,
0x000001f078db6ee0, 0x000001f078db73f0, 0x000001f078db5080, 0x000001f078db5590,
0x000001f078db5aa0, 0x000001f078db5fb0, 0x000001f07b4688a0, 0x000001f07b467460,
0x000001f07b467970, 0x000001f07b4692c0, 0x000001f07b4697d0, 0x000001f07b467e80,
0x000001f07b466f50, 0x000001f07b46a1f0, 0x000001f07b468390, 0x000001f07b468db0,
0x000001f07b469ce0, 0x000001f07b466a40, 0x000001f079296800, 0x000001f079293560,
0x000001f079293f80, 0x000001f079293050, 0x000001f0792953c0, 0x000001f079294490,
0x000001f0792962f0, 0x000001f0792949a0, 0x000001f079293a70, 0x000001f079296d10,
0x000001f079294eb0, 0x000001f079297220, 0x000001f079297730, 0x000001f079297c40,
0x000001f079298150, 0x000001f079295de0, 0x000001f079298660, 0x000001f079298b70,
0x000001f079299080, 0x000001f0792958d0, 0x000001f079299fb0, 0x000001f079299590,
0x000001f079299aa0, 0x000001f07929a4c0, 0x000001f07929a9d0, 0x000001f079157a40,
0x000001f079158e80, 0x000001f079157020, 0x000001f0791560f0, 0x000001f079158970,
0x000001f079157f50, 0x000001f0791556d0, 0x000001f079158460, 0x000001f079156600,
0x000001f079156b10, 0x000001f079157530, 0x000001f07915cb40, 0x000001f079159390,
0x000001f079155be0, 0x000001f07915c120, 0x000001f07915d050, 0x000001f0791598a0,
0x000001f07915a2c0, 0x000001f07915c630, 0x000001f079159db0, 0x000001f07915b700,
0x000001f07915a7d0, 0x000001f07915ace0, 0x000001f07915bc10, 0x000001f07915b1f0,
0x000001f071437640, 0x000001f071437b50, 0x000001f071434dc0, 0x000001f0714357e0,
0x000001f071435cf0, 0x000001f0714343a0, 0x000001f071436200, 0x000001f0714352d0,
0x000001f071436c20, 0x000001f0714348b0, 0x000001f071437130, 0x000001f07c136dc0,
0x000001f07c1372d0, 0x000001f07c137cf0, 0x000001f07c1368b0, 0x000001f07c138710,
0x000001f07c138200, 0x000001f07c134f60, 0x000001f07c138c20, 0x000001f07c135470,
0x000001f07c135980, 0x000001f07c139130, 0x000001f07c139640, 0x000001f07c1363a0,
0x000001f07c139b50, 0x000001f07c13c8e0, 0x000001f07be1b5c0, 0x000001f07be17e10,
0x000001f07be1aba0, 0x000001f07cd34ae0, 0x000001f07be18320, 0x000001f07cd36570
}

Java Threads: ( => current thread )
  0x000001f05275bfc0 JavaThread "main" [_thread_blocked, id=22140, stack(0x000000ea8d400000,0x000000ea8d500000)]
  0x000001f0710f85b0 JavaThread "Reference Handler" daemon [_thread_blocked, id=22168, stack(0x000000ea8db00000,0x000000ea8dc00000)]
  0x000001f0710f9080 JavaThread "Finalizer" daemon [_thread_blocked, id=22172, stack(0x000000ea8dc00000,0x000000ea8dd00000)]
  0x000001f07110b880 JavaThread "Signal Dispatcher" daemon [_thread_blocked, id=22176, stack(0x000000ea8dd00000,0x000000ea8de00000)]
  0x000001f07110e160 JavaThread "Attach Listener" daemon [_thread_blocked, id=22180, stack(0x000000ea8de00000,0x000000ea8df00000)]
  0x000001f07110ea30 JavaThread "Service Thread" daemon [_thread_blocked, id=22184, stack(0x000000ea8df00000,0x000000ea8e000000)]
  0x000001f071110920 JavaThread "Monitor Deflation Thread" daemon [_thread_blocked, id=22188, stack(0x000000ea8e000000,0x000000ea8e100000)]
=>0x000001f071113530 JavaThread "C2 CompilerThread0" daemon [_thread_in_native, id=22192, stack(0x000000ea8e100000,0x000000ea8e200000)]
  0x000001f071115e50 JavaThread "C1 CompilerThread0" daemon [_thread_in_native, id=22196, stack(0x000000ea8e200000,0x000000ea8e300000)]
  0x000001f07112f4c0 JavaThread "Sweeper thread" daemon [_thread_blocked, id=22200, stack(0x000000ea8e300000,0x000000ea8e400000)]
  0x000001f07073c080 JavaThread "Common-Cleaner" daemon [_thread_blocked, id=22248, stack(0x000000ea8e400000,0x000000ea8e500000)]
  0x000001f0712efa90 JavaThread "Notification Thread" daemon [_thread_blocked, id=22300, stack(0x000000ea8e500000,0x000000ea8e600000)]
  0x000001f0763f8b60 JavaThread "Daemon health stats" [_thread_blocked, id=22428, stack(0x000000ea8e800000,0x000000ea8e900000)]
  0x000001f0771b0e90 JavaThread "Incoming local TCP Connector on port 54756" [_thread_in_native, id=22432, stack(0x000000ea8e700000,0x000000ea8e800000)]
  0x000001f0772e4520 JavaThread "Daemon periodic checks" [_thread_blocked, id=22452, stack(0x000000ea8ee00000,0x000000ea8ef00000)]
  0x000001f077185380 JavaThread "Daemon" [_thread_blocked, id=22492, stack(0x000000ea8f000000,0x000000ea8f100000)]
  0x000001f0764db710 JavaThread "Handler for socket connection from /127.0.0.1:54756 to /127.0.0.1:54757" [_thread_in_native, id=22496, stack(0x000000ea8f100000,0x000000ea8f200000)]
  0x000001f076a23d20 JavaThread "Cancel handler" [_thread_blocked, id=22516, stack(0x000000ea8f200000,0x000000ea8f300000)]
  0x000001f076a24740 JavaThread "Daemon worker" [_thread_in_Java, id=22520, stack(0x000000ea8f300000,0x000000ea8f400000)]
  0x000001f076a24230 JavaThread "Asynchronous log dispatcher for DefaultDaemonConnection: socket connection from /127.0.0.1:54756 to /127.0.0.1:54757" [_thread_blocked, id=22524, stack(0x000000ea8f400000,0x000000ea8f500000)]
  0x000001f076a24c50 JavaThread "Stdin handler" [_thread_blocked, id=21508, stack(0x000000ea8f500000,0x000000ea8f600000)]
  0x000001f076a25b80 JavaThread "Daemon client event forwarder" [_thread_blocked, id=8660, stack(0x000000ea8f600000,0x000000ea8f700000)]
  0x000001f076a25160 JavaThread "Cache worker for journal cache (C:\Users\shres\.gradle\caches\journal-1)" [_thread_blocked, id=21568, stack(0x000000ea8f700000,0x000000ea8f800000)]
  0x000001f076a25670 JavaThread "File lock request listener" [_thread_in_native, id=4552, stack(0x000000ea8f800000,0x000000ea8f900000)]
  0x000001f076a223d0 JavaThread "Cache worker for file hash cache (C:\Users\shres\.gradle\caches\8.13\fileHashes)" [_thread_blocked, id=15456, stack(0x000000ea8f900000,0x000000ea8fa00000)]
  0x000001f079b5ce00 JavaThread "Cache worker for file hash cache (C:\Users\shres\OneDrive\Desktop\PayBackPal - Copy\v3.0-react-native-fullstack\PayBackPal\android\.gradle\8.13\fileHashes)" [_thread_blocked, id=21616, stack(0x000000ea8fb00000,0x000000ea8fc00000)]
  0x000001f079b5e240 JavaThread "File lock release action executor" [_thread_blocked, id=21628, stack(0x000000ea8fc00000,0x000000ea8fd00000)]
  0x000001f079b5d310 JavaThread "Cache worker for Build Output Cleanup Cache (C:\Users\shres\OneDrive\Desktop\PayBackPal - Copy\v3.0-react-native-fullstack\PayBackPal\android\.gradle\buildOutputCleanup)" [_thread_blocked, id=12124, stack(0x000000ea8ef00000,0x000000ea8f000000)]
  0x000001f079b5e750 JavaThread "File watcher server" daemon [_thread_in_native, id=21724, stack(0x000000ea90300000,0x000000ea90400000)]
  0x000001f079b5d820 JavaThread "File watcher consumer" daemon [_thread_blocked, id=21728, stack(0x000000ea90400000,0x000000ea90500000)]
  0x000001f079b5dd30 JavaThread "jar transforms" [_thread_blocked, id=13840, stack(0x000000ea90500000,0x000000ea90600000)]
  0x000001f079b5ec60 JavaThread "jar transforms Thread 2" [_thread_blocked, id=3052, stack(0x000000ea90600000,0x000000ea90700000)]
  0x000001f079b5f170 JavaThread "jar transforms Thread 3" [_thread_blocked, id=13752, stack(0x000000ea90700000,0x000000ea90800000)]
  0x000001f079b5b9c0 JavaThread "jar transforms Thread 4" [_thread_blocked, id=21792, stack(0x000000ea90800000,0x000000ea90900000)]
  0x000001f079b5f680 JavaThread "jar transforms Thread 5" [_thread_blocked, id=21780, stack(0x000000ea90900000,0x000000ea90a00000)]
  0x000001f079b60fd0 JavaThread "Cache worker for checksums cache (C:\Users\shres\OneDrive\Desktop\PayBackPal - Copy\v3.0-react-native-fullstack\PayBackPal\android\.gradle\8.13\checksums)" [_thread_blocked, id=22056, stack(0x000000ea90b00000,0x000000ea90c00000)]
  0x000001f079b619f0 JavaThread "Cache worker for file content cache (C:\Users\shres\.gradle\caches\8.13\fileContent)" [_thread_blocked, id=22060, stack(0x000000ea90c00000,0x000000ea90d00000)]
  0x000001f079b62410 JavaThread "jar transforms Thread 6" [_thread_blocked, id=21980, stack(0x000000ea90d00000,0x000000ea90e00000)]
  0x000001f079b61f00 JavaThread "jar transforms Thread 7" [_thread_blocked, id=22000, stack(0x000000ea90e00000,0x000000ea90f00000)]
  0x000001f079b600a0 JavaThread "jar transforms Thread 8" [_thread_blocked, id=21956, stack(0x000000ea90f00000,0x000000ea91000000)]
  0x000001f079b5fb90 JavaThread "jar transforms Thread 9" [_thread_blocked, id=21952, stack(0x000000ea91000000,0x000000ea91100000)]
  0x000001f079b62e30 JavaThread "jar transforms Thread 10" [_thread_blocked, id=21948, stack(0x000000ea91100000,0x000000ea91200000)]
  0x000001f079b63340 JavaThread "jar transforms Thread 11" [_thread_blocked, id=21932, stack(0x000000ea91200000,0x000000ea91300000)]
  0x000001f079b60ac0 JavaThread "jar transforms Thread 12" [_thread_blocked, id=21920, stack(0x000000ea91300000,0x000000ea91400000)]
  0x000001f07a48e230 JavaThread "Cache worker for cache directory md-supplier (C:\Users\shres\.gradle\caches\8.13\md-supplier)" [_thread_blocked, id=20348, stack(0x000000ea91400000,0x000000ea91500000)]
  0x000001f07a48dd20 JavaThread "Cache worker for cache directory md-rule (C:\Users\shres\.gradle\caches\8.13\md-rule)" [_thread_blocked, id=22356, stack(0x000000ea91500000,0x000000ea91600000)]
  0x000001f07a48d810 JavaThread "Cache worker for Build Output Cleanup Cache (C:\Users\shres\OneDrive\Desktop\PayBackPal - Copy\v3.0-react-native-fullstack\PayBackPal\node_modules\@react-native\gradle-plugin\.gradle\buildOutputCleanup)" [_thread_blocked, id=22376, stack(0x000000ea90a00000,0x000000ea90b00000)]
  0x000001f07a48bec0 JavaThread "Unconstrained build operations" [_thread_blocked, id=15260, stack(0x000000ea91600000,0x000000ea91700000)]
  0x000001f07a48e740 JavaThread "Unconstrained build operations Thread 2" [_thread_blocked, id=16052, stack(0x000000ea91700000,0x000000ea91800000)]
  0x000001f07a48cdf0 JavaThread "Unconstrained build operations Thread 3" [_thread_blocked, id=22508, stack(0x000000ea91800000,0x000000ea91900000)]
  0x000001f07a48af90 JavaThread "Unconstrained build operations Thread 4" [_thread_blocked, id=22504, stack(0x000000ea91900000,0x000000ea91a00000)]
  0x000001f07a48ec50 JavaThread "Unconstrained build operations Thread 5" [_thread_blocked, id=15680, stack(0x000000ea91a00000,0x000000ea91b00000)]
  0x000001f07a48f160 JavaThread "Unconstrained build operations Thread 6" [_thread_blocked, id=9380, stack(0x000000ea91b00000,0x000000ea91c00000)]
  0x000001f07a48f670 JavaThread "Unconstrained build operations Thread 7" [_thread_blocked, id=3488, stack(0x000000ea91c00000,0x000000ea91d00000)]
  0x000001f07a48fb80 JavaThread "Unconstrained build operations Thread 8" [_thread_blocked, id=13564, stack(0x000000ea91d00000,0x000000ea91e00000)]
  0x000001f07a48c3d0 JavaThread "Unconstrained build operations Thread 9" [_thread_blocked, id=15488, stack(0x000000ea91e00000,0x000000ea91f00000)]
  0x000001f07a490090 JavaThread "Unconstrained build operations Thread 10" [_thread_blocked, id=4936, stack(0x000000ea91f00000,0x000000ea92000000)]
  0x000001f07a48c8e0 JavaThread "Unconstrained build operations Thread 11" [_thread_blocked, id=2284, stack(0x000000ea92000000,0x000000ea92100000)]
  0x000001f07a4905a0 JavaThread "Unconstrained build operations Thread 12" [_thread_blocked, id=17688, stack(0x000000ea92100000,0x000000ea92200000)]
  0x000001f07a490ab0 JavaThread "Unconstrained build operations Thread 13" [_thread_blocked, id=17420, stack(0x000000ea92200000,0x000000ea92300000)]
  0x000001f07a490fc0 JavaThread "Unconstrained build operations Thread 14" [_thread_blocked, id=22104, stack(0x000000ea92300000,0x000000ea92400000)]
  0x000001f07a491ef0 JavaThread "Unconstrained build operations Thread 15" [_thread_blocked, id=22108, stack(0x000000ea92400000,0x000000ea92500000)]
  0x000001f07a4914d0 JavaThread "Unconstrained build operations Thread 16" [_thread_blocked, id=18760, stack(0x000000ea92500000,0x000000ea92600000)]
  0x000001f07a4919e0 JavaThread "Unconstrained build operations Thread 17" [_thread_blocked, id=6372, stack(0x000000ea92600000,0x000000ea92700000)]
  0x000001f07a492400 JavaThread "Unconstrained build operations Thread 18" [_thread_blocked, id=22396, stack(0x000000ea92700000,0x000000ea92800000)]
  0x000001f0788bf3d0 JavaThread "Unconstrained build operations Thread 19" [_thread_blocked, id=19648, stack(0x000000ea92800000,0x000000ea92900000)]
  0x000001f0788c0810 JavaThread "Unconstrained build operations Thread 20" [_thread_blocked, id=20336, stack(0x000000ea92900000,0x000000ea92a00000)]
  0x000001f0788bd060 JavaThread "Unconstrained build operations Thread 21" [_thread_blocked, id=16808, stack(0x000000ea92a00000,0x000000ea92b00000)]
  0x000001f0788be4a0 JavaThread "Unconstrained build operations Thread 22" [_thread_blocked, id=19276, stack(0x000000ea92b00000,0x000000ea92c00000)]
  0x000001f0788c0d20 JavaThread "Unconstrained build operations Thread 23" [_thread_blocked, id=6884, stack(0x000000ea92c00000,0x000000ea92d00000)]
  0x000001f0788bfdf0 JavaThread "Unconstrained build operations Thread 24" [_thread_blocked, id=19436, stack(0x000000ea92d00000,0x000000ea92e00000)]
  0x000001f0788bf8e0 JavaThread "Unconstrained build operations Thread 25" [_thread_blocked, id=5000, stack(0x000000ea92e00000,0x000000ea92f00000)]
  0x000001f0788bd570 JavaThread "Unconstrained build operations Thread 26" [_thread_blocked, id=6488, stack(0x000000ea92f00000,0x000000ea93000000)]
  0x000001f0788bda80 JavaThread "Unconstrained build operations Thread 27" [_thread_blocked, id=9812, stack(0x000000ea93000000,0x000000ea93100000)]
  0x000001f0788c1740 JavaThread "Unconstrained build operations Thread 28" [_thread_blocked, id=1168, stack(0x000000ea93100000,0x000000ea93200000)]
  0x000001f0788c1230 JavaThread "Unconstrained build operations Thread 29" [_thread_blocked, id=2188, stack(0x000000ea93200000,0x000000ea93300000)]
  0x000001f0788bdf90 JavaThread "Unconstrained build operations Thread 30" [_thread_blocked, id=10180, stack(0x000000ea93300000,0x000000ea93400000)]
  0x000001f0788c0300 JavaThread "Unconstrained build operations Thread 31" [_thread_blocked, id=21736, stack(0x000000ea93400000,0x000000ea93500000)]
  0x000001f0788c1c50 JavaThread "Unconstrained build operations Thread 32" [_thread_blocked, id=19720, stack(0x000000ea93500000,0x000000ea93600000)]
  0x000001f0788c2160 JavaThread "Unconstrained build operations Thread 33" [_thread_blocked, id=17856, stack(0x000000ea93600000,0x000000ea93700000)]
  0x000001f0788be9b0 JavaThread "Unconstrained build operations Thread 34" [_thread_blocked, id=17616, stack(0x000000ea93700000,0x000000ea93800000)]
  0x000001f0788c2670 JavaThread "Unconstrained build operations Thread 35" [_thread_blocked, id=13852, stack(0x000000ea93800000,0x000000ea93900000)]
  0x000001f0788beec0 JavaThread "Unconstrained build operations Thread 36" [_thread_blocked, id=18292, stack(0x000000ea93900000,0x000000ea93a00000)]
  0x000001f0788c49e0 JavaThread "Unconstrained build operations Thread 37" [_thread_blocked, id=6796, stack(0x000000ea93a00000,0x000000ea93b00000)]
  0x000001f0788c35a0 JavaThread "Unconstrained build operations Thread 38" [_thread_blocked, id=22044, stack(0x000000ea93b00000,0x000000ea93c00000)]
  0x000001f0788c2b80 JavaThread "Unconstrained build operations Thread 39" [_thread_blocked, id=21836, stack(0x000000ea93c00000,0x000000ea93d00000)]
  0x000001f0788c3ab0 JavaThread "build event listener" [_thread_blocked, id=19312, stack(0x000000ea93d00000,0x000000ea93e00000)]
  0x000001f0788c3fc0 JavaThread "Memory manager" [_thread_blocked, id=22764, stack(0x000000ea93e00000,0x000000ea93f00000)]
  0x000001f078db3730 JavaThread "ForkJoinPool.commonPool-worker-1" daemon [_thread_blocked, id=22992, stack(0x000000ea93f00000,0x000000ea94000000)]
  0x000001f078daff80 JavaThread "ForkJoinPool.commonPool-worker-2" daemon [_thread_blocked, id=22996, stack(0x000000ea94000000,0x000000ea94100000)]
  0x000001f078db22f0 JavaThread "ForkJoinPool.commonPool-worker-3" daemon [_thread_blocked, id=23000, stack(0x000000ea94100000,0x000000ea94200000)]
  0x000001f078db3c40 JavaThread "ForkJoinPool.commonPool-worker-4" daemon [_thread_blocked, id=23004, stack(0x000000ea94200000,0x000000ea94300000)]
  0x000001f078db18d0 JavaThread "ForkJoinPool.commonPool-worker-5" daemon [_thread_blocked, id=23008, stack(0x000000ea94300000,0x000000ea94400000)]
  0x000001f078db0490 JavaThread "ForkJoinPool.commonPool-worker-6" daemon [_thread_blocked, id=23012, stack(0x000000ea94400000,0x000000ea94500000)]
  0x000001f078db4150 JavaThread "ForkJoinPool.commonPool-worker-7" daemon [_thread_blocked, id=23016, stack(0x000000ea94500000,0x000000ea94600000)]
  0x000001f078db2800 JavaThread "ForkJoinPool.commonPool-worker-8" daemon [_thread_blocked, id=23020, stack(0x000000ea94600000,0x000000ea94700000)]
  0x000001f078db3220 JavaThread "ForkJoinPool.commonPool-worker-9" daemon [_thread_blocked, id=23024, stack(0x000000ea94700000,0x000000ea94800000)]
  0x000001f078db09a0 JavaThread "ForkJoinPool.commonPool-worker-10" daemon [_thread_blocked, id=23028, stack(0x000000ea94800000,0x000000ea94900000)]
  0x000001f078db4660 JavaThread "Exec process" [_thread_blocked, id=23032, stack(0x000000ea94900000,0x000000ea94a00000)]
  0x000001f078db0eb0 JavaThread "Exec process Thread 2" [_thread_blocked, id=23044, stack(0x000000ea94a00000,0x000000ea94b00000)]
  0x000001f078db64c0 JavaThread "Exec process Thread 3" [_thread_blocked, id=23048, stack(0x000000ea94b00000,0x000000ea94c00000)]
  0x000001f078db7900 JavaThread "ForkJoinPool.commonPool-worker-11" daemon [_thread_blocked, id=23236, stack(0x000000ea94c00000,0x000000ea94d00000)]
  0x000001f078db69d0 JavaThread "included builds" [_thread_blocked, id=20136, stack(0x000000ea94d00000,0x000000ea94e00000)]
  0x000001f078db4b70 JavaThread "Execution worker" [_thread_blocked, id=12060, stack(0x000000ea94e00000,0x000000ea94f00000)]
  0x000001f078db6ee0 JavaThread "Execution worker Thread 2" [_thread_blocked, id=20796, stack(0x000000ea94f00000,0x000000ea95000000)]
  0x000001f078db73f0 JavaThread "Execution worker Thread 3" [_thread_blocked, id=5572, stack(0x000000ea95000000,0x000000ea95100000)]
  0x000001f078db5080 JavaThread "Execution worker Thread 4" [_thread_blocked, id=21428, stack(0x000000ea95100000,0x000000ea95200000)]
  0x000001f078db5590 JavaThread "Execution worker Thread 5" [_thread_blocked, id=17612, stack(0x000000ea95200000,0x000000ea95300000)]
  0x000001f078db5aa0 JavaThread "Execution worker Thread 6" [_thread_blocked, id=21984, stack(0x000000ea95300000,0x000000ea95400000)]
  0x000001f078db5fb0 JavaThread "Execution worker Thread 7" [_thread_blocked, id=16596, stack(0x000000ea95400000,0x000000ea95500000)]
  0x000001f07b4688a0 JavaThread "Execution worker Thread 8" [_thread_blocked, id=9128, stack(0x000000ea95500000,0x000000ea95600000)]
  0x000001f07b467460 JavaThread "Execution worker Thread 9" [_thread_blocked, id=8704, stack(0x000000ea95600000,0x000000ea95700000)]
  0x000001f07b467970 JavaThread "Execution worker Thread 10" [_thread_blocked, id=19748, stack(0x000000ea95700000,0x000000ea95800000)]
  0x000001f07b4692c0 JavaThread "Execution worker Thread 11" [_thread_blocked, id=18580, stack(0x000000ea95800000,0x000000ea95900000)]
  0x000001f07b4697d0 JavaThread "Cache worker for execution history cache (C:\Users\shres\OneDrive\Desktop\PayBackPal - Copy\v3.0-react-native-fullstack\PayBackPal\node_modules\@react-native\gradle-plugin\.gradle\8.13\executionHistory)" [_thread_blocked, id=21812, stack(0x000000ea95900000,0x000000ea95a00000)]
  0x000001f07b467e80 JavaThread "Unconstrained build operations Thread 40" [_thread_blocked, id=22736, stack(0x000000ea95b00000,0x000000ea95c00000)]
  0x000001f07b466f50 JavaThread "Unconstrained build operations Thread 41" [_thread_blocked, id=22696, stack(0x000000ea95c00000,0x000000ea95d00000)]
  0x000001f07b46a1f0 JavaThread "Unconstrained build operations Thread 42" [_thread_blocked, id=22740, stack(0x000000ea95d00000,0x000000ea95e00000)]
  0x000001f07b468390 JavaThread "Unconstrained build operations Thread 43" [_thread_blocked, id=22744, stack(0x000000ea95e00000,0x000000ea95f00000)]
  0x000001f07b468db0 JavaThread "Unconstrained build operations Thread 44" [_thread_blocked, id=22748, stack(0x000000ea95f00000,0x000000ea96000000)]
  0x000001f07b469ce0 JavaThread "Unconstrained build operations Thread 45" [_thread_blocked, id=22752, stack(0x000000ea96000000,0x000000ea96100000)]
  0x000001f07b466a40 JavaThread "Unconstrained build operations Thread 46" [_thread_blocked, id=22756, stack(0x000000ea96100000,0x000000ea96200000)]
  0x000001f079296800 JavaThread "Unconstrained build operations Thread 47" [_thread_blocked, id=22676, stack(0x000000ea96200000,0x000000ea96300000)]
  0x000001f079293560 JavaThread "Unconstrained build operations Thread 48" [_thread_blocked, id=22628, stack(0x000000ea96300000,0x000000ea96400000)]
  0x000001f079293f80 JavaThread "Unconstrained build operations Thread 49" [_thread_blocked, id=22632, stack(0x000000ea96400000,0x000000ea96500000)]
  0x000001f079293050 JavaThread "Unconstrained build operations Thread 50" [_thread_blocked, id=22636, stack(0x000000ea96500000,0x000000ea96600000)]
  0x000001f0792953c0 JavaThread "Unconstrained build operations Thread 51" [_thread_blocked, id=22640, stack(0x000000ea96600000,0x000000ea96700000)]
  0x000001f079294490 JavaThread "Unconstrained build operations Thread 52" [_thread_blocked, id=22644, stack(0x000000ea96700000,0x000000ea96800000)]
  0x000001f0792962f0 JavaThread "Unconstrained build operations Thread 53" [_thread_blocked, id=22720, stack(0x000000ea96800000,0x000000ea96900000)]
  0x000001f0792949a0 JavaThread "Unconstrained build operations Thread 54" [_thread_blocked, id=22716, stack(0x000000ea96900000,0x000000ea96a00000)]
  0x000001f079293a70 JavaThread "Unconstrained build operations Thread 55" [_thread_blocked, id=22712, stack(0x000000ea96a00000,0x000000ea96b00000)]
  0x000001f079296d10 JavaThread "Unconstrained build operations Thread 56" [_thread_blocked, id=22624, stack(0x000000ea96b00000,0x000000ea96c00000)]
  0x000001f079294eb0 JavaThread "Unconstrained build operations Thread 57" [_thread_blocked, id=22620, stack(0x000000ea96c00000,0x000000ea96d00000)]
  0x000001f079297220 JavaThread "Unconstrained build operations Thread 58" [_thread_blocked, id=22616, stack(0x000000ea96d00000,0x000000ea96e00000)]
  0x000001f079297730 JavaThread "Unconstrained build operations Thread 59" [_thread_blocked, id=22612, stack(0x000000ea96e00000,0x000000ea96f00000)]
  0x000001f079297c40 JavaThread "Unconstrained build operations Thread 60" [_thread_blocked, id=22608, stack(0x000000ea96f00000,0x000000ea97000000)]
  0x000001f079298150 JavaThread "Unconstrained build operations Thread 61" [_thread_blocked, id=22604, stack(0x000000ea97000000,0x000000ea97100000)]
  0x000001f079295de0 JavaThread "Unconstrained build operations Thread 62" [_thread_blocked, id=22708, stack(0x000000ea97100000,0x000000ea97200000)]
  0x000001f079298660 JavaThread "Unconstrained build operations Thread 63" [_thread_blocked, id=22592, stack(0x000000ea97200000,0x000000ea97300000)]
  0x000001f079298b70 JavaThread "Unconstrained build operations Thread 64" [_thread_blocked, id=22704, stack(0x000000ea97300000,0x000000ea97400000)]
  0x000001f079299080 JavaThread "Unconstrained build operations Thread 65" [_thread_blocked, id=22700, stack(0x000000ea97400000,0x000000ea97500000)]
  0x000001f0792958d0 JavaThread "Unconstrained build operations Thread 66" [_thread_blocked, id=22560, stack(0x000000ea97500000,0x000000ea97600000)]
  0x000001f079299fb0 JavaThread "Unconstrained build operations Thread 67" [_thread_blocked, id=22600, stack(0x000000ea97600000,0x000000ea97700000)]
  0x000001f079299590 JavaThread "Unconstrained build operations Thread 68" [_thread_blocked, id=22596, stack(0x000000ea97700000,0x000000ea97800000)]
  0x000001f079299aa0 JavaThread "Unconstrained build operations Thread 69" [_thread_blocked, id=18636, stack(0x000000ea97800000,0x000000ea97900000)]
  0x000001f07929a4c0 JavaThread "Unconstrained build operations Thread 70" [_thread_blocked, id=5124, stack(0x000000ea97900000,0x000000ea97a00000)]
  0x000001f07929a9d0 JavaThread "Unconstrained build operations Thread 71" [_thread_blocked, id=18704, stack(0x000000ea97a00000,0x000000ea97b00000)]
  0x000001f079157a40 JavaThread "Unconstrained build operations Thread 72" [_thread_blocked, id=20396, stack(0x000000ea97b00000,0x000000ea97c00000)]
  0x000001f079158e80 JavaThread "Unconstrained build operations Thread 73" [_thread_blocked, id=19532, stack(0x000000ea97c00000,0x000000ea97d00000)]
  0x000001f079157020 JavaThread "Unconstrained build operations Thread 74" [_thread_blocked, id=14340, stack(0x000000ea97d00000,0x000000ea97e00000)]
  0x000001f0791560f0 JavaThread "Unconstrained build operations Thread 75" [_thread_blocked, id=21800, stack(0x000000ea97e00000,0x000000ea97f00000)]
  0x000001f079158970 JavaThread "Unconstrained build operations Thread 76" [_thread_blocked, id=19332, stack(0x000000ea97f00000,0x000000ea98000000)]
  0x000001f079157f50 JavaThread "Unconstrained build operations Thread 77" [_thread_blocked, id=14036, stack(0x000000ea98000000,0x000000ea98100000)]
  0x000001f0791556d0 JavaThread "Unconstrained build operations Thread 78" [_thread_blocked, id=10124, stack(0x000000ea98100000,0x000000ea98200000)]
  0x000001f079158460 JavaThread "Unconstrained build operations Thread 79" [_thread_blocked, id=22788, stack(0x000000ea98200000,0x000000ea98300000)]
  0x000001f079156600 JavaThread "Unconstrained build operations Thread 80" [_thread_blocked, id=21904, stack(0x000000ea98300000,0x000000ea98400000)]
  0x000001f079156b10 JavaThread "Unconstrained build operations Thread 81" [_thread_blocked, id=22260, stack(0x000000ea98400000,0x000000ea98500000)]
  0x000001f079157530 JavaThread "Unconstrained build operations Thread 82" [_thread_blocked, id=20928, stack(0x000000ea98500000,0x000000ea98600000)]
  0x000001f07915cb40 JavaThread "Unconstrained build operations Thread 83" [_thread_blocked, id=13908, stack(0x000000ea98600000,0x000000ea98700000)]
  0x000001f079159390 JavaThread "Unconstrained build operations Thread 84" [_thread_blocked, id=22228, stack(0x000000ea98700000,0x000000ea98800000)]
  0x000001f079155be0 JavaThread "Unconstrained build operations Thread 85" [_thread_blocked, id=16308, stack(0x000000ea98800000,0x000000ea98900000)]
  0x000001f07915c120 JavaThread "Unconstrained build operations Thread 86" [_thread_blocked, id=20832, stack(0x000000ea98900000,0x000000ea98a00000)]
  0x000001f07915d050 JavaThread "Unconstrained build operations Thread 87" [_thread_blocked, id=22208, stack(0x000000ea98a00000,0x000000ea98b00000)]
  0x000001f0791598a0 JavaThread "Unconstrained build operations Thread 88" [_thread_blocked, id=4724, stack(0x000000ea98b00000,0x000000ea98c00000)]
  0x000001f07915a2c0 JavaThread "Unconstrained build operations Thread 89" [_thread_blocked, id=22236, stack(0x000000ea98c00000,0x000000ea98d00000)]
  0x000001f07915c630 JavaThread "Unconstrained build operations Thread 90" [_thread_blocked, id=22480, stack(0x000000ea98d00000,0x000000ea98e00000)]
  0x000001f079159db0 JavaThread "Unconstrained build operations Thread 91" [_thread_blocked, id=22272, stack(0x000000ea98e00000,0x000000ea98f00000)]
  0x000001f07915b700 JavaThread "Unconstrained build operations Thread 92" [_thread_blocked, id=19772, stack(0x000000ea98f00000,0x000000ea99000000)]
  0x000001f07915a7d0 JavaThread "Unconstrained build operations Thread 93" [_thread_blocked, id=19508, stack(0x000000ea99000000,0x000000ea99100000)]
  0x000001f07915ace0 JavaThread "Unconstrained build operations Thread 94" [_thread_blocked, id=11640, stack(0x000000ea99100000,0x000000ea99200000)]
  0x000001f07915bc10 JavaThread "Unconstrained build operations Thread 95" [_thread_blocked, id=22292, stack(0x000000ea99200000,0x000000ea99300000)]
  0x000001f07915b1f0 JavaThread "Unconstrained build operations Thread 96" [_thread_blocked, id=17772, stack(0x000000ea99300000,0x000000ea99400000)]
  0x000001f071437640 JavaThread "Unconstrained build operations Thread 97" [_thread_blocked, id=21644, stack(0x000000ea99400000,0x000000ea99500000)]
  0x000001f071437b50 JavaThread "Unconstrained build operations Thread 98" [_thread_blocked, id=20828, stack(0x000000ea99500000,0x000000ea99600000)]
  0x000001f071434dc0 JavaThread "Unconstrained build operations Thread 99" [_thread_blocked, id=14224, stack(0x000000ea99600000,0x000000ea99700000)]
  0x000001f0714357e0 JavaThread "Unconstrained build operations Thread 100" [_thread_blocked, id=21960, stack(0x000000ea99700000,0x000000ea99800000)]
  0x000001f071435cf0 JavaThread "Unconstrained build operations Thread 101" [_thread_blocked, id=13956, stack(0x000000ea99800000,0x000000ea99900000)]
  0x000001f0714343a0 JavaThread "Unconstrained build operations Thread 102" [_thread_blocked, id=21660, stack(0x000000ea99900000,0x000000ea99a00000)]
  0x000001f071436200 JavaThread "Unconstrained build operations Thread 103" [_thread_blocked, id=22212, stack(0x000000ea99a00000,0x000000ea99b00000)]
  0x000001f0714352d0 JavaThread "Unconstrained build operations Thread 104" [_thread_blocked, id=9532, stack(0x000000ea99b00000,0x000000ea99c00000)]
  0x000001f071436c20 JavaThread "Unconstrained build operations Thread 105" [_thread_blocked, id=5632, stack(0x000000ea99c00000,0x000000ea99d00000)]
  0x000001f0714348b0 JavaThread "Unconstrained build operations Thread 106" [_thread_blocked, id=22384, stack(0x000000ea99d00000,0x000000ea99e00000)]
  0x000001f071437130 JavaThread "Unconstrained build operations Thread 107" [_thread_blocked, id=22268, stack(0x000000ea99e00000,0x000000ea99f00000)]
  0x000001f07c136dc0 JavaThread "Unconstrained build operations Thread 108" [_thread_blocked, id=21620, stack(0x000000ea99f00000,0x000000ea9a000000)]
  0x000001f07c1372d0 JavaThread "Unconstrained build operations Thread 109" [_thread_blocked, id=18944, stack(0x000000ea9a000000,0x000000ea9a100000)]
  0x000001f07c137cf0 JavaThread "Unconstrained build operations Thread 110" [_thread_blocked, id=21940, stack(0x000000ea9a100000,0x000000ea9a200000)]
  0x000001f07c1368b0 JavaThread "Unconstrained build operations Thread 111" [_thread_blocked, id=15768, stack(0x000000ea9a200000,0x000000ea9a300000)]
  0x000001f07c138710 JavaThread "Unconstrained build operations Thread 112" [_thread_blocked, id=21632, stack(0x000000ea9a300000,0x000000ea9a400000)]
  0x000001f07c138200 JavaThread "Unconstrained build operations Thread 113" [_thread_blocked, id=21624, stack(0x000000ea9a400000,0x000000ea9a500000)]
  0x000001f07c134f60 JavaThread "Unconstrained build operations Thread 114" [_thread_blocked, id=21684, stack(0x000000ea9a500000,0x000000ea9a600000)]
  0x000001f07c138c20 JavaThread "Unconstrained build operations Thread 115" [_thread_blocked, id=21392, stack(0x000000ea9a600000,0x000000ea9a700000)]
  0x000001f07c135470 JavaThread "Unconstrained build operations Thread 116" [_thread_blocked, id=21640, stack(0x000000ea9a700000,0x000000ea9a800000)]
  0x000001f07c135980 JavaThread "Unconstrained build operations Thread 117" [_thread_blocked, id=21016, stack(0x000000ea9a800000,0x000000ea9a900000)]
  0x000001f07c139130 JavaThread "Unconstrained build operations Thread 118" [_thread_blocked, id=21368, stack(0x000000ea9a900000,0x000000ea9aa00000)]
  0x000001f07c139640 JavaThread "Unconstrained build operations Thread 119" [_thread_blocked, id=2536, stack(0x000000ea9aa00000,0x000000ea9ab00000)]
  0x000001f07c1363a0 JavaThread "Unconstrained build operations Thread 120" [_thread_blocked, id=15732, stack(0x000000ea9ab00000,0x000000ea9ac00000)]
  0x000001f07c139b50 JavaThread "build event listener" [_thread_blocked, id=23068, stack(0x000000ea9ac00000,0x000000ea9ad00000)]
  0x000001f07c13c8e0 JavaThread "Problems report writer" [_thread_blocked, id=23312, stack(0x000000ea9ad00000,0x000000ea9ae00000)]
  0x000001f07be1b5c0 JavaThread "Exec process" [_thread_blocked, id=23440, stack(0x000000ea9af00000,0x000000ea9b000000)]
  0x000001f07be17e10 JavaThread "Exec process Thread 2" [_thread_blocked, id=23528, stack(0x000000ea9b000000,0x000000ea9b100000)]
  0x000001f07be1aba0 JavaThread "Exec process Thread 3" [_thread_blocked, id=23524, stack(0x000000ea9b100000,0x000000ea9b200000)]
  0x000001f07cd34ae0 JavaThread "C2 CompilerThread1" daemon [_thread_in_native, id=23436, stack(0x000000ea95a00000,0x000000ea95b00000)]
  0x000001f07be18320 JavaThread "Cache worker for execution history cache (C:\Users\shres\OneDrive\Desktop\PayBackPal - Copy\v3.0-react-native-fullstack\PayBackPal\android\.gradle\8.13\executionHistory)" [_thread_blocked, id=18880, stack(0x000000ea9b200000,0x000000ea9b300000)]
  0x000001f07cd36570 JavaThread "C2 CompilerThread2" daemon [_thread_in_native, id=22264, stack(0x000000ea9ae00000,0x000000ea9af00000)]

Other Threads:
  0x000001f0710ec490 VMThread "VM Thread" [stack: 0x000000ea8da00000,0x000000ea8db00000] [id=22164]
  0x000001f071320aa0 WatcherThread [stack: 0x000000ea8e600000,0x000000ea8e700000] [id=22304]
  0x000001f0527babc0 GCTaskThread "GC Thread#0" [stack: 0x000000ea8d500000,0x000000ea8d600000] [id=22144]
  0x000001f0716e9100 GCTaskThread "GC Thread#1" [stack: 0x000000ea8e900000,0x000000ea8ea00000] [id=22320]
  0x000001f071aafc20 GCTaskThread "GC Thread#2" [stack: 0x000000ea8ea00000,0x000000ea8eb00000] [id=22324]
  0x000001f0717034c0 GCTaskThread "GC Thread#3" [stack: 0x000000ea8eb00000,0x000000ea8ec00000] [id=22328]
  0x000001f0716be3e0 GCTaskThread "GC Thread#4" [stack: 0x000000ea8ec00000,0x000000ea8ed00000] [id=22332]
  0x000001f071a6fe60 GCTaskThread "GC Thread#5" [stack: 0x000000ea8ed00000,0x000000ea8ee00000] [id=22336]
  0x000001f071a6f050 GCTaskThread "GC Thread#6" [stack: 0x000000ea8fa00000,0x000000ea8fb00000] [id=17928]
  0x000001f071a6f5f0 GCTaskThread "GC Thread#7" [stack: 0x000000ea8fd00000,0x000000ea8fe00000] [id=3792]
  0x000001f071a6fb90 GCTaskThread "GC Thread#8" [stack: 0x000000ea8fe00000,0x000000ea8ff00000] [id=6196]
  0x000001f07aa50330 GCTaskThread "GC Thread#9" [stack: 0x000000ea8ff00000,0x000000ea90000000] [id=15960]
  0x000001f0527cc700 ConcurrentGCThread "G1 Main Marker" [stack: 0x000000ea8d600000,0x000000ea8d700000] [id=22148]
  0x000001f0527cd030 ConcurrentGCThread "G1 Conc#0" [stack: 0x000000ea8d700000,0x000000ea8d800000] [id=22152]
  0x000001f07aa52220 ConcurrentGCThread "G1 Conc#1" [stack: 0x000000ea90000000,0x000000ea90100000] [id=21668]
  0x000001f07aa538a0 ConcurrentGCThread "G1 Conc#2" [stack: 0x000000ea90100000,0x000000ea90200000] [id=21672]
  0x000001f05280ec30 ConcurrentGCThread "G1 Refine#0" [stack: 0x000000ea8d800000,0x000000ea8d900000] [id=22156]
  0x000001f07060b5a0 ConcurrentGCThread "G1 Service" [stack: 0x000000ea8d900000,0x000000ea8da00000] [id=22160]

Threads with active compile tasks:
C2 CompilerThread0  51923 18719       4       org.gradle.model.internal.type.ModelType::wrap (220 bytes)
C2 CompilerThread1  51923 18696   !   4       com.sun.beans.introspect.MethodInfo::get (273 bytes)
C2 CompilerThread2  51923 18801       4       com.google.common.io.Files::getFileExtension (42 bytes)

VM state: not at safepoint (normal execution)

VM Mutex/Monitor currently owned by a thread: None

Heap address: 0x0000000080000000, size: 2048 MB, Compressed Oops mode: 32-bit

CDS archive(s) mapped at: [0x000001f000000000-0x000001f000bb0000-0x000001f000bb0000), size 12255232, SharedBaseAddress: 0x000001f000000000, ArchiveRelocationMode: 1.
Compressed class space mapped at: 0x000001f001000000-0x000001f01b000000, reserved size: 436207616
Narrow klass base: 0x000001f000000000, Narrow klass shift: 0, Narrow klass range: 0x100000000

GC Precious Log:
 CPUs: 12 total, 12 available
 Memory: 16303M
 Large Page Support: Disabled
 NUMA Support: Disabled
 Compressed Oops: Enabled (32-bit)
 Heap Region Size: 1M
 Heap Min Capacity: 8M
 Heap Initial Capacity: 256M
 Heap Max Capacity: 2G
 Pre-touch: Disabled
 Parallel Workers: 10
 Concurrent Workers: 3
 Concurrent Refinement Workers: 10
 Periodic GC: Disabled

Heap:
 garbage-first heap   total 455680K, used 311007K [0x0000000080000000, 0x0000000100000000)
  region size 1024K, 45 young (46080K), 3 survivors (3072K)
 Metaspace       used 123556K, committed 125440K, reserved 557056K
  class space    used 17213K, committed 18112K, reserved 425984K

Heap Regions: E=young(eden), S=young(survivor), O=old, HS=humongous(starts), HC=humongous(continues), CS=collection set, F=free, OA=open archive, CA=closed archive, TAMS=top-at-mark-start (previous, next)
|   0|0x0000000080000000, 0x0000000080100000, 0x0000000080100000|100%|HS|  |TAMS 0x0000000080100000, 0x0000000080000000| Complete 
|   1|0x0000000080100000, 0x0000000080200000, 0x0000000080200000|100%|HC|  |TAMS 0x0000000080200000, 0x0000000080100000| Complete 
|   2|0x0000000080200000, 0x0000000080300000, 0x0000000080300000|100%|HC|  |TAMS 0x0000000080300000, 0x0000000080200000| Complete 
|   3|0x0000000080300000, 0x0000000080400000, 0x0000000080400000|100%| O|  |TAMS 0x0000000080400000, 0x0000000080300000| Untracked 
|   4|0x0000000080400000, 0x0000000080500000, 0x0000000080500000|100%| O|  |TAMS 0x0000000080500000, 0x0000000080400000| Untracked 
|   5|0x0000000080500000, 0x0000000080600000, 0x0000000080600000|100%| O|  |TAMS 0x0000000080600000, 0x0000000080500000| Untracked 
|   6|0x0000000080600000, 0x0000000080700000, 0x0000000080700000|100%|HS|  |TAMS 0x0000000080700000, 0x0000000080600000| Complete 
|   7|0x0000000080700000, 0x0000000080800000, 0x0000000080800000|100%| O|  |TAMS 0x0000000080800000, 0x0000000080700000| Untracked 
|   8|0x0000000080800000, 0x0000000080900000, 0x0000000080900000|100%| O|  |TAMS 0x0000000080900000, 0x0000000080800000| Untracked 
|   9|0x0000000080900000, 0x0000000080a00000, 0x0000000080a00000|100%| O|  |TAMS 0x0000000080a00000, 0x0000000080900000| Untracked 
|  10|0x0000000080a00000, 0x0000000080b00000, 0x0000000080b00000|100%| O|  |TAMS 0x0000000080b00000, 0x0000000080a00000| Untracked 
|  11|0x0000000080b00000, 0x0000000080c00000, 0x0000000080c00000|100%| O|  |TAMS 0x0000000080c00000, 0x0000000080b00000| Untracked 
|  12|0x0000000080c00000, 0x0000000080d00000, 0x0000000080d00000|100%| O|  |TAMS 0x0000000080d00000, 0x0000000080c00000| Untracked 
|  13|0x0000000080d00000, 0x0000000080e00000, 0x0000000080e00000|100%| O|  |TAMS 0x0000000080e00000, 0x0000000080d00000| Untracked 
|  14|0x0000000080e00000, 0x0000000080f00000, 0x0000000080f00000|100%| O|  |TAMS 0x0000000080f00000, 0x0000000080e00000| Untracked 
|  15|0x0000000080f00000, 0x0000000081000000, 0x0000000081000000|100%| O|  |TAMS 0x0000000081000000, 0x0000000080f00000| Untracked 
|  16|0x0000000081000000, 0x0000000081100000, 0x0000000081100000|100%| O|  |TAMS 0x0000000081100000, 0x0000000081000000| Untracked 
|  17|0x0000000081100000, 0x0000000081200000, 0x0000000081200000|100%| O|  |TAMS 0x0000000081200000, 0x0000000081100000| Untracked 
|  18|0x0000000081200000, 0x0000000081300000, 0x0000000081300000|100%| O|  |TAMS 0x0000000081300000, 0x0000000081200000| Untracked 
|  19|0x0000000081300000, 0x0000000081400000, 0x0000000081400000|100%| O|  |TAMS 0x0000000081400000, 0x0000000081300000| Untracked 
|  20|0x0000000081400000, 0x0000000081500000, 0x0000000081500000|100%| O|  |TAMS 0x0000000081500000, 0x0000000081400000| Untracked 
|  21|0x0000000081500000, 0x0000000081600000, 0x0000000081600000|100%| O|  |TAMS 0x0000000081600000, 0x0000000081500000| Untracked 
|  22|0x0000000081600000, 0x0000000081700000, 0x0000000081700000|100%| O|  |TAMS 0x0000000081700000, 0x0000000081600000| Untracked 
|  23|0x0000000081700000, 0x0000000081800000, 0x0000000081800000|100%| O|  |TAMS 0x0000000081800000, 0x0000000081700000| Untracked 
|  24|0x0000000081800000, 0x0000000081900000, 0x0000000081900000|100%| O|  |TAMS 0x0000000081900000, 0x0000000081800000| Untracked 
|  25|0x0000000081900000, 0x0000000081a00000, 0x0000000081a00000|100%| O|  |TAMS 0x0000000081a00000, 0x0000000081900000| Untracked 
|  26|0x0000000081a00000, 0x0000000081b00000, 0x0000000081b00000|100%| O|  |TAMS 0x0000000081b00000, 0x0000000081a00000| Untracked 
|  27|0x0000000081b00000, 0x0000000081c00000, 0x0000000081c00000|100%| O|  |TAMS 0x0000000081c00000, 0x0000000081b00000| Untracked 
|  28|0x0000000081c00000, 0x0000000081d00000, 0x0000000081d00000|100%| O|  |TAMS 0x0000000081d00000, 0x0000000081c00000| Untracked 
|  29|0x0000000081d00000, 0x0000000081e00000, 0x0000000081e00000|100%| O|  |TAMS 0x0000000081e00000, 0x0000000081d00000| Untracked 
|  30|0x0000000081e00000, 0x0000000081f00000, 0x0000000081f00000|100%| O|  |TAMS 0x0000000081f00000, 0x0000000081e00000| Untracked 
|  31|0x0000000081f00000, 0x0000000082000000, 0x0000000082000000|100%| O|  |TAMS 0x0000000082000000, 0x0000000081f00000| Untracked 
|  32|0x0000000082000000, 0x0000000082100000, 0x0000000082100000|100%| O|  |TAMS 0x0000000082100000, 0x0000000082000000| Untracked 
|  33|0x0000000082100000, 0x0000000082200000, 0x0000000082200000|100%| O|  |TAMS 0x0000000082200000, 0x0000000082100000| Untracked 
|  34|0x0000000082200000, 0x0000000082300000, 0x0000000082300000|100%| O|  |TAMS 0x0000000082300000, 0x0000000082200000| Untracked 
|  35|0x0000000082300000, 0x0000000082400000, 0x0000000082400000|100%| O|  |TAMS 0x0000000082400000, 0x0000000082300000| Untracked 
|  36|0x0000000082400000, 0x0000000082500000, 0x0000000082500000|100%| O|  |TAMS 0x0000000082500000, 0x0000000082400000| Untracked 
|  37|0x0000000082500000, 0x0000000082600000, 0x0000000082600000|100%| O|  |TAMS 0x0000000082600000, 0x0000000082500000| Untracked 
|  38|0x0000000082600000, 0x0000000082700000, 0x0000000082700000|100%| O|  |TAMS 0x0000000082700000, 0x0000000082600000| Untracked 
|  39|0x0000000082700000, 0x0000000082800000, 0x0000000082800000|100%| O|  |TAMS 0x0000000082800000, 0x0000000082700000| Untracked 
|  40|0x0000000082800000, 0x0000000082900000, 0x0000000082900000|100%| O|  |TAMS 0x0000000082900000, 0x0000000082800000| Untracked 
|  41|0x0000000082900000, 0x0000000082a00000, 0x0000000082a00000|100%| O|  |TAMS 0x0000000082a00000, 0x0000000082900000| Untracked 
|  42|0x0000000082a00000, 0x0000000082b00000, 0x0000000082b00000|100%| O|  |TAMS 0x0000000082b00000, 0x0000000082a00000| Untracked 
|  43|0x0000000082b00000, 0x0000000082c00000, 0x0000000082c00000|100%| O|  |TAMS 0x0000000082c00000, 0x0000000082b00000| Untracked 
|  44|0x0000000082c00000, 0x0000000082d00000, 0x0000000082d00000|100%| O|  |TAMS 0x0000000082d00000, 0x0000000082c00000| Untracked 
|  45|0x0000000082d00000, 0x0000000082e00000, 0x0000000082e00000|100%| O|  |TAMS 0x0000000082e00000, 0x0000000082d00000| Untracked 
|  46|0x0000000082e00000, 0x0000000082f00000, 0x0000000082f00000|100%| O|  |TAMS 0x0000000082f00000, 0x0000000082e00000| Untracked 
|  47|0x0000000082f00000, 0x0000000083000000, 0x0000000083000000|100%| O|  |TAMS 0x0000000083000000, 0x0000000082f00000| Untracked 
|  48|0x0000000083000000, 0x0000000083100000, 0x0000000083100000|100%| O|  |TAMS 0x0000000083100000, 0x0000000083000000| Untracked 
|  49|0x0000000083100000, 0x0000000083200000, 0x0000000083200000|100%| O|  |TAMS 0x0000000083200000, 0x0000000083100000| Untracked 
|  50|0x0000000083200000, 0x0000000083300000, 0x0000000083300000|100%|HS|  |TAMS 0x0000000083300000, 0x0000000083200000| Complete 
|  51|0x0000000083300000, 0x0000000083400000, 0x0000000083400000|100%|HC|  |TAMS 0x0000000083400000, 0x0000000083300000| Complete 
|  52|0x0000000083400000, 0x0000000083500000, 0x0000000083500000|100%|HC|  |TAMS 0x0000000083500000, 0x0000000083400000| Complete 
|  53|0x0000000083500000, 0x0000000083600000, 0x0000000083600000|100%|HS|  |TAMS 0x0000000083600000, 0x0000000083500000| Complete 
|  54|0x0000000083600000, 0x0000000083700000, 0x0000000083700000|100%|HC|  |TAMS 0x0000000083700000, 0x0000000083600000| Complete 
|  55|0x0000000083700000, 0x0000000083800000, 0x0000000083800000|100%|HC|  |TAMS 0x0000000083800000, 0x0000000083700000| Complete 
|  56|0x0000000083800000, 0x0000000083900000, 0x0000000083900000|100%| O|  |TAMS 0x0000000083900000, 0x0000000083800000| Untracked 
|  57|0x0000000083900000, 0x0000000083a00000, 0x0000000083a00000|100%| O|  |TAMS 0x0000000083a00000, 0x0000000083900000| Untracked 
|  58|0x0000000083a00000, 0x0000000083b00000, 0x0000000083b00000|100%| O|  |TAMS 0x0000000083b00000, 0x0000000083a00000| Untracked 
|  59|0x0000000083b00000, 0x0000000083c00000, 0x0000000083c00000|100%| O|  |TAMS 0x0000000083c00000, 0x0000000083b00000| Untracked 
|  60|0x0000000083c00000, 0x0000000083d00000, 0x0000000083d00000|100%| O|  |TAMS 0x0000000083d00000, 0x0000000083c00000| Untracked 
|  61|0x0000000083d00000, 0x0000000083e00000, 0x0000000083e00000|100%| O|  |TAMS 0x0000000083e00000, 0x0000000083d00000| Untracked 
|  62|0x0000000083e00000, 0x0000000083f00000, 0x0000000083f00000|100%| O|  |TAMS 0x0000000083f00000, 0x0000000083e00000| Untracked 
|  63|0x0000000083f00000, 0x0000000084000000, 0x0000000084000000|100%| O|  |TAMS 0x0000000084000000, 0x0000000083f00000| Untracked 
|  64|0x0000000084000000, 0x0000000084100000, 0x0000000084100000|100%| O|  |TAMS 0x0000000084100000, 0x0000000084000000| Untracked 
|  65|0x0000000084100000, 0x0000000084200000, 0x0000000084200000|100%| O|  |TAMS 0x0000000084200000, 0x0000000084100000| Untracked 
|  66|0x0000000084200000, 0x0000000084300000, 0x0000000084300000|100%| O|  |TAMS 0x0000000084300000, 0x0000000084200000| Untracked 
|  67|0x0000000084300000, 0x0000000084400000, 0x0000000084400000|100%| O|  |TAMS 0x0000000084400000, 0x0000000084300000| Untracked 
|  68|0x0000000084400000, 0x0000000084500000, 0x0000000084500000|100%| O|  |TAMS 0x0000000084500000, 0x0000000084400000| Untracked 
|  69|0x0000000084500000, 0x0000000084600000, 0x0000000084600000|100%| O|  |TAMS 0x0000000084600000, 0x0000000084500000| Untracked 
|  70|0x0000000084600000, 0x0000000084700000, 0x0000000084700000|100%| O|  |TAMS 0x0000000084700000, 0x0000000084600000| Untracked 
|  71|0x0000000084700000, 0x0000000084700000, 0x0000000084800000|  0%| F|  |TAMS 0x0000000084700000, 0x0000000084700000| Untracked 
|  72|0x0000000084800000, 0x0000000084900000, 0x0000000084900000|100%| O|  |TAMS 0x0000000084900000, 0x0000000084800000| Untracked 
|  73|0x0000000084900000, 0x0000000084a00000, 0x0000000084a00000|100%| O|  |TAMS 0x0000000084a00000, 0x0000000084900000| Untracked 
|  74|0x0000000084a00000, 0x0000000084b00000, 0x0000000084b00000|100%| O|  |TAMS 0x0000000084b00000, 0x0000000084a00000| Untracked 
|  75|0x0000000084b00000, 0x0000000084c00000, 0x0000000084c00000|100%| O|  |TAMS 0x0000000084c00000, 0x0000000084b00000| Untracked 
|  76|0x0000000084c00000, 0x0000000084d00000, 0x0000000084d00000|100%| O|  |TAMS 0x0000000084d00000, 0x0000000084c00000| Untracked 
|  77|0x0000000084d00000, 0x0000000084e00000, 0x0000000084e00000|100%| O|  |TAMS 0x0000000084e00000, 0x0000000084d00000| Untracked 
|  78|0x0000000084e00000, 0x0000000084f00000, 0x0000000084f00000|100%| O|  |TAMS 0x0000000084f00000, 0x0000000084e00000| Untracked 
|  79|0x0000000084f00000, 0x0000000084f00000, 0x0000000085000000|  0%| F|  |TAMS 0x0000000084f00000, 0x0000000084f00000| Untracked 
|  80|0x0000000085000000, 0x0000000085100000, 0x0000000085100000|100%| O|  |TAMS 0x0000000085100000, 0x0000000085000000| Untracked 
|  81|0x0000000085100000, 0x0000000085200000, 0x0000000085200000|100%| O|  |TAMS 0x0000000085200000, 0x0000000085100000| Untracked 
|  82|0x0000000085200000, 0x0000000085300000, 0x0000000085300000|100%|HS|  |TAMS 0x0000000085300000, 0x0000000085200000| Complete 
|  83|0x0000000085300000, 0x0000000085400000, 0x0000000085400000|100%|HS|  |TAMS 0x0000000085400000, 0x0000000085300000| Complete 
|  84|0x0000000085400000, 0x0000000085500000, 0x0000000085500000|100%|HS|  |TAMS 0x0000000085500000, 0x0000000085400000| Complete 
|  85|0x0000000085500000, 0x0000000085600000, 0x0000000085600000|100%|HS|  |TAMS 0x0000000085600000, 0x0000000085500000| Complete 
|  86|0x0000000085600000, 0x0000000085700000, 0x0000000085700000|100%| O|  |TAMS 0x0000000085700000, 0x0000000085600000| Untracked 
|  87|0x0000000085700000, 0x0000000085800000, 0x0000000085800000|100%|HS|  |TAMS 0x0000000085800000, 0x0000000085700000| Complete 
|  88|0x0000000085800000, 0x0000000085900000, 0x0000000085900000|100%|HS|  |TAMS 0x0000000085900000, 0x0000000085800000| Complete 
|  89|0x0000000085900000, 0x0000000085a00000, 0x0000000085a00000|100%| O|  |TAMS 0x0000000085a00000, 0x0000000085900000| Untracked 
|  90|0x0000000085a00000, 0x0000000085b00000, 0x0000000085b00000|100%| O|  |TAMS 0x0000000085b00000, 0x0000000085a00000| Untracked 
|  91|0x0000000085b00000, 0x0000000085c00000, 0x0000000085c00000|100%| O|  |TAMS 0x0000000085c00000, 0x0000000085b00000| Untracked 
|  92|0x0000000085c00000, 0x0000000085d00000, 0x0000000085d00000|100%| O|  |TAMS 0x0000000085d00000, 0x0000000085c00000| Untracked 
|  93|0x0000000085d00000, 0x0000000085e00000, 0x0000000085e00000|100%| O|  |TAMS 0x0000000085e00000, 0x0000000085d00000| Untracked 
|  94|0x0000000085e00000, 0x0000000085f00000, 0x0000000085f00000|100%| O|  |TAMS 0x0000000085f00000, 0x0000000085e00000| Untracked 
|  95|0x0000000085f00000, 0x0000000086000000, 0x0000000086000000|100%| O|  |TAMS 0x0000000086000000, 0x0000000085f00000| Untracked 
|  96|0x0000000086000000, 0x0000000086100000, 0x0000000086100000|100%| O|  |TAMS 0x0000000086100000, 0x0000000086000000| Untracked 
|  97|0x0000000086100000, 0x0000000086200000, 0x0000000086200000|100%| O|  |TAMS 0x0000000086200000, 0x0000000086100000| Untracked 
|  98|0x0000000086200000, 0x0000000086300000, 0x0000000086300000|100%| O|  |TAMS 0x0000000086300000, 0x0000000086200000| Untracked 
|  99|0x0000000086300000, 0x0000000086400000, 0x0000000086400000|100%| O|  |TAMS 0x0000000086400000, 0x0000000086300000| Untracked 
| 100|0x0000000086400000, 0x0000000086500000, 0x0000000086500000|100%| O|  |TAMS 0x0000000086500000, 0x0000000086400000| Untracked 
| 101|0x0000000086500000, 0x0000000086600000, 0x0000000086600000|100%|HS|  |TAMS 0x0000000086600000, 0x0000000086500000| Complete 
| 102|0x0000000086600000, 0x0000000086700000, 0x0000000086700000|100%| O|  |TAMS 0x0000000086700000, 0x0000000086600000| Untracked 
| 103|0x0000000086700000, 0x0000000086800000, 0x0000000086800000|100%| O|  |TAMS 0x0000000086800000, 0x0000000086700000| Untracked 
| 104|0x0000000086800000, 0x0000000086900000, 0x0000000086900000|100%|HS|  |TAMS 0x0000000086900000, 0x0000000086800000| Complete 
| 105|0x0000000086900000, 0x0000000086a00000, 0x0000000086a00000|100%|HC|  |TAMS 0x0000000086a00000, 0x0000000086900000| Complete 
| 106|0x0000000086a00000, 0x0000000086b00000, 0x0000000086b00000|100%|HC|  |TAMS 0x0000000086b00000, 0x0000000086a00000| Complete 
| 107|0x0000000086b00000, 0x0000000086c00000, 0x0000000086c00000|100%| O|  |TAMS 0x0000000086c00000, 0x0000000086b00000| Untracked 
| 108|0x0000000086c00000, 0x0000000086d00000, 0x0000000086d00000|100%| O|  |TAMS 0x0000000086d00000, 0x0000000086c00000| Untracked 
| 109|0x0000000086d00000, 0x0000000086e00000, 0x0000000086e00000|100%| O|  |TAMS 0x0000000086e00000, 0x0000000086d00000| Untracked 
| 110|0x0000000086e00000, 0x0000000086f00000, 0x0000000086f00000|100%| O|  |TAMS 0x0000000086f00000, 0x0000000086e00000| Untracked 
| 111|0x0000000086f00000, 0x0000000087000000, 0x0000000087000000|100%| O|  |TAMS 0x0000000087000000, 0x0000000086f00000| Untracked 
| 112|0x0000000087000000, 0x0000000087100000, 0x0000000087100000|100%| O|  |TAMS 0x0000000087100000, 0x0000000087000000| Untracked 
| 113|0x0000000087100000, 0x0000000087200000, 0x0000000087200000|100%| O|  |TAMS 0x0000000087200000, 0x0000000087100000| Untracked 
| 114|0x0000000087200000, 0x0000000087300000, 0x0000000087300000|100%| O|  |TAMS 0x0000000087300000, 0x0000000087200000| Untracked 
| 115|0x0000000087300000, 0x0000000087400000, 0x0000000087400000|100%| O|  |TAMS 0x0000000087400000, 0x0000000087300000| Untracked 
| 116|0x0000000087400000, 0x0000000087500000, 0x0000000087500000|100%| O|  |TAMS 0x0000000087500000, 0x0000000087400000| Untracked 
| 117|0x0000000087500000, 0x0000000087600000, 0x0000000087600000|100%| O|  |TAMS 0x0000000087600000, 0x0000000087500000| Untracked 
| 118|0x0000000087600000, 0x0000000087700000, 0x0000000087700000|100%| O|  |TAMS 0x0000000087700000, 0x0000000087600000| Untracked 
| 119|0x0000000087700000, 0x0000000087800000, 0x0000000087800000|100%| O|  |TAMS 0x0000000087800000, 0x0000000087700000| Untracked 
| 120|0x0000000087800000, 0x0000000087900000, 0x0000000087900000|100%| O|  |TAMS 0x0000000087800000, 0x0000000087800000| Untracked 
| 121|0x0000000087900000, 0x0000000087a00000, 0x0000000087a00000|100%| O|  |TAMS 0x0000000087900000, 0x0000000087900000| Untracked 
| 122|0x0000000087a00000, 0x0000000087a00000, 0x0000000087b00000|  0%| F|  |TAMS 0x0000000087a00000, 0x0000000087a00000| Untracked 
| 123|0x0000000087b00000, 0x0000000087c00000, 0x0000000087c00000|100%| O|  |TAMS 0x0000000087c00000, 0x0000000087b00000| Untracked 
| 124|0x0000000087c00000, 0x0000000087d00000, 0x0000000087d00000|100%| O|  |TAMS 0x0000000087d00000, 0x0000000087c00000| Untracked 
| 125|0x0000000087d00000, 0x0000000087e00000, 0x0000000087e00000|100%| O|  |TAMS 0x0000000087e00000, 0x0000000087d00000| Untracked 
| 126|0x0000000087e00000, 0x0000000087f00000, 0x0000000087f00000|100%| O|  |TAMS 0x0000000087f00000, 0x0000000087e00000| Untracked 
| 127|0x0000000087f00000, 0x0000000088000000, 0x0000000088000000|100%| O|  |TAMS 0x0000000088000000, 0x0000000087f00000| Untracked 
| 128|0x0000000088000000, 0x0000000088100000, 0x0000000088100000|100%| O|  |TAMS 0x0000000088100000, 0x0000000088000000| Untracked 
| 129|0x0000000088100000, 0x0000000088200000, 0x0000000088200000|100%| O|  |TAMS 0x0000000088200000, 0x0000000088100000| Untracked 
| 130|0x0000000088200000, 0x0000000088300000, 0x0000000088300000|100%| O|  |TAMS 0x0000000088300000, 0x0000000088200000| Untracked 
| 131|0x0000000088300000, 0x0000000088400000, 0x0000000088400000|100%| O|  |TAMS 0x0000000088400000, 0x0000000088300000| Untracked 
| 132|0x0000000088400000, 0x0000000088500000, 0x0000000088500000|100%| O|  |TAMS 0x0000000088500000, 0x0000000088400000| Untracked 
| 133|0x0000000088500000, 0x0000000088600000, 0x0000000088600000|100%| O|  |TAMS 0x0000000088600000, 0x0000000088500000| Untracked 
| 134|0x0000000088600000, 0x0000000088700000, 0x0000000088700000|100%| O|  |TAMS 0x0000000088700000, 0x0000000088600000| Untracked 
| 135|0x0000000088700000, 0x0000000088800000, 0x0000000088800000|100%| O|  |TAMS 0x0000000088800000, 0x0000000088700000| Untracked 
| 136|0x0000000088800000, 0x0000000088900000, 0x0000000088900000|100%| O|  |TAMS 0x0000000088900000, 0x0000000088800000| Untracked 
| 137|0x0000000088900000, 0x0000000088900000, 0x0000000088a00000|  0%| F|  |TAMS 0x0000000088900000, 0x0000000088900000| Untracked 
| 138|0x0000000088a00000, 0x0000000088b00000, 0x0000000088b00000|100%| O|  |TAMS 0x0000000088b00000, 0x0000000088a00000| Untracked 
| 139|0x0000000088b00000, 0x0000000088c00000, 0x0000000088c00000|100%| O|  |TAMS 0x0000000088c00000, 0x0000000088b00000| Untracked 
| 140|0x0000000088c00000, 0x0000000088c00000, 0x0000000088d00000|  0%| F|  |TAMS 0x0000000088c00000, 0x0000000088c00000| Untracked 
| 141|0x0000000088d00000, 0x0000000088e00000, 0x0000000088e00000|100%| O|  |TAMS 0x0000000088e00000, 0x0000000088d00000| Untracked 
| 142|0x0000000088e00000, 0x0000000088f00000, 0x0000000088f00000|100%|HS|  |TAMS 0x0000000088f00000, 0x0000000088e00000| Complete 
| 143|0x0000000088f00000, 0x0000000089000000, 0x0000000089000000|100%|HS|  |TAMS 0x0000000089000000, 0x0000000088f00000| Complete 
| 144|0x0000000089000000, 0x0000000089100000, 0x0000000089100000|100%|HS|  |TAMS 0x0000000089100000, 0x0000000089000000| Complete 
| 145|0x0000000089100000, 0x0000000089200000, 0x0000000089200000|100%| O|  |TAMS 0x0000000089200000, 0x0000000089100000| Untracked 
| 146|0x0000000089200000, 0x0000000089300000, 0x0000000089300000|100%| O|  |TAMS 0x0000000089300000, 0x0000000089200000| Untracked 
| 147|0x0000000089300000, 0x0000000089400000, 0x0000000089400000|100%| O|  |TAMS 0x0000000089400000, 0x0000000089300000| Untracked 
| 148|0x0000000089400000, 0x0000000089500000, 0x0000000089500000|100%| O|  |TAMS 0x0000000089500000, 0x0000000089400000| Untracked 
| 149|0x0000000089500000, 0x0000000089600000, 0x0000000089600000|100%| O|  |TAMS 0x0000000089600000, 0x0000000089500000| Untracked 
| 150|0x0000000089600000, 0x0000000089700000, 0x0000000089700000|100%| O|  |TAMS 0x0000000089700000, 0x0000000089600000| Untracked 
| 151|0x0000000089700000, 0x0000000089800000, 0x0000000089800000|100%| O|  |TAMS 0x0000000089800000, 0x0000000089700000| Untracked 
| 152|0x0000000089800000, 0x0000000089900000, 0x0000000089900000|100%| O|  |TAMS 0x0000000089900000, 0x0000000089800000| Untracked 
| 153|0x0000000089900000, 0x0000000089a00000, 0x0000000089a00000|100%| O|  |TAMS 0x0000000089a00000, 0x0000000089900000| Untracked 
| 154|0x0000000089a00000, 0x0000000089b00000, 0x0000000089b00000|100%| O|  |TAMS 0x0000000089b00000, 0x0000000089a00000| Untracked 
| 155|0x0000000089b00000, 0x0000000089c00000, 0x0000000089c00000|100%| O|  |TAMS 0x0000000089c00000, 0x0000000089b00000| Untracked 
| 156|0x0000000089c00000, 0x0000000089d00000, 0x0000000089d00000|100%| O|  |TAMS 0x0000000089d00000, 0x0000000089c00000| Untracked 
| 157|0x0000000089d00000, 0x0000000089e00000, 0x0000000089e00000|100%| O|  |TAMS 0x0000000089e00000, 0x0000000089d00000| Untracked 
| 158|0x0000000089e00000, 0x0000000089f00000, 0x0000000089f00000|100%| O|  |TAMS 0x0000000089f00000, 0x0000000089e00000| Untracked 
| 159|0x0000000089f00000, 0x0000000089f00000, 0x000000008a000000|  0%| F|  |TAMS 0x0000000089f00000, 0x0000000089f00000| Untracked 
| 160|0x000000008a000000, 0x000000008a100000, 0x000000008a100000|100%|HS|  |TAMS 0x000000008a100000, 0x000000008a000000| Complete 
| 161|0x000000008a100000, 0x000000008a200000, 0x000000008a200000|100%|HS|  |TAMS 0x000000008a200000, 0x000000008a100000| Complete 
| 162|0x000000008a200000, 0x000000008a300000, 0x000000008a300000|100%|HS|  |TAMS 0x000000008a300000, 0x000000008a200000| Complete 
| 163|0x000000008a300000, 0x000000008a400000, 0x000000008a400000|100%| O|  |TAMS 0x000000008a400000, 0x000000008a300000| Untracked 
| 164|0x000000008a400000, 0x000000008a500000, 0x000000008a500000|100%| O|  |TAMS 0x000000008a500000, 0x000000008a400000| Untracked 
| 165|0x000000008a500000, 0x000000008a600000, 0x000000008a600000|100%| O|  |TAMS 0x000000008a600000, 0x000000008a500000| Untracked 
| 166|0x000000008a600000, 0x000000008a700000, 0x000000008a700000|100%| O|  |TAMS 0x000000008a700000, 0x000000008a600000| Untracked 
| 167|0x000000008a700000, 0x000000008a800000, 0x000000008a800000|100%| O|  |TAMS 0x000000008a800000, 0x000000008a700000| Untracked 
| 168|0x000000008a800000, 0x000000008a900000, 0x000000008a900000|100%| O|  |TAMS 0x000000008a900000, 0x000000008a800000| Untracked 
| 169|0x000000008a900000, 0x000000008aa00000, 0x000000008aa00000|100%| O|  |TAMS 0x000000008aa00000, 0x000000008a900000| Untracked 
| 170|0x000000008aa00000, 0x000000008ab00000, 0x000000008ab00000|100%| O|  |TAMS 0x000000008ab00000, 0x000000008aa00000| Untracked 
| 171|0x000000008ab00000, 0x000000008ac00000, 0x000000008ac00000|100%| O|  |TAMS 0x000000008ac00000, 0x000000008ab00000| Untracked 
| 172|0x000000008ac00000, 0x000000008ad00000, 0x000000008ad00000|100%| O|  |TAMS 0x000000008ad00000, 0x000000008ac00000| Untracked 
| 173|0x000000008ad00000, 0x000000008ae00000, 0x000000008ae00000|100%| O|  |TAMS 0x000000008ae00000, 0x000000008ad00000| Untracked 
| 174|0x000000008ae00000, 0x000000008af00000, 0x000000008af00000|100%| O|  |TAMS 0x000000008af00000, 0x000000008ae00000| Untracked 
| 175|0x000000008af00000, 0x000000008af00000, 0x000000008b000000|  0%| F|  |TAMS 0x000000008af00000, 0x000000008af00000| Untracked 
| 176|0x000000008b000000, 0x000000008b000000, 0x000000008b100000|  0%| F|  |TAMS 0x000000008b000000, 0x000000008b000000| Untracked 
| 177|0x000000008b100000, 0x000000008b200000, 0x000000008b200000|100%| O|  |TAMS 0x000000008b200000, 0x000000008b100000| Untracked 
| 178|0x000000008b200000, 0x000000008b300000, 0x000000008b300000|100%| O|  |TAMS 0x000000008b300000, 0x000000008b200000| Untracked 
| 179|0x000000008b300000, 0x000000008b400000, 0x000000008b400000|100%| O|  |TAMS 0x000000008b400000, 0x000000008b300000| Untracked 
| 180|0x000000008b400000, 0x000000008b500000, 0x000000008b500000|100%| O|  |TAMS 0x000000008b500000, 0x000000008b400000| Untracked 
| 181|0x000000008b500000, 0x000000008b600000, 0x000000008b600000|100%| O|  |TAMS 0x000000008b600000, 0x000000008b500000| Untracked 
| 182|0x000000008b600000, 0x000000008b700000, 0x000000008b700000|100%| O|  |TAMS 0x000000008b700000, 0x000000008b600000| Untracked 
| 183|0x000000008b700000, 0x000000008b800000, 0x000000008b800000|100%| O|  |TAMS 0x000000008b800000, 0x000000008b700000| Untracked 
| 184|0x000000008b800000, 0x000000008b800000, 0x000000008b900000|  0%| F|  |TAMS 0x000000008b800000, 0x000000008b800000| Untracked 
| 185|0x000000008b900000, 0x000000008b900000, 0x000000008ba00000|  0%| F|  |TAMS 0x000000008b900000, 0x000000008b900000| Untracked 
| 186|0x000000008ba00000, 0x000000008ba00000, 0x000000008bb00000|  0%| F|  |TAMS 0x000000008ba00000, 0x000000008ba00000| Untracked 
| 187|0x000000008bb00000, 0x000000008bb00000, 0x000000008bc00000|  0%| F|  |TAMS 0x000000008bb00000, 0x000000008bb00000| Untracked 
| 188|0x000000008bc00000, 0x000000008bd00000, 0x000000008bd00000|100%| O|  |TAMS 0x000000008bd00000, 0x000000008bc00000| Untracked 
| 189|0x000000008bd00000, 0x000000008be00000, 0x000000008be00000|100%| O|  |TAMS 0x000000008be00000, 0x000000008bd00000| Untracked 
| 190|0x000000008be00000, 0x000000008bf00000, 0x000000008bf00000|100%|HS|  |TAMS 0x000000008bf00000, 0x000000008be00000| Complete 
| 191|0x000000008bf00000, 0x000000008c000000, 0x000000008c000000|100%|HS|  |TAMS 0x000000008c000000, 0x000000008bf00000| Complete 
| 192|0x000000008c000000, 0x000000008c100000, 0x000000008c100000|100%| O|  |TAMS 0x000000008c100000, 0x000000008c000000| Untracked 
| 193|0x000000008c100000, 0x000000008c200000, 0x000000008c200000|100%|HS|  |TAMS 0x000000008c200000, 0x000000008c100000| Complete 
| 194|0x000000008c200000, 0x000000008c300000, 0x000000008c300000|100%|HC|  |TAMS 0x000000008c300000, 0x000000008c200000| Complete 
| 195|0x000000008c300000, 0x000000008c400000, 0x000000008c400000|100%| O|  |TAMS 0x000000008c400000, 0x000000008c300000| Untracked 
| 196|0x000000008c400000, 0x000000008c500000, 0x000000008c500000|100%| O|  |TAMS 0x000000008c500000, 0x000000008c400000| Untracked 
| 197|0x000000008c500000, 0x000000008c600000, 0x000000008c600000|100%| O|  |TAMS 0x000000008c600000, 0x000000008c500000| Untracked 
| 198|0x000000008c600000, 0x000000008c700000, 0x000000008c700000|100%| O|  |TAMS 0x000000008c700000, 0x000000008c600000| Untracked 
| 199|0x000000008c700000, 0x000000008c800000, 0x000000008c800000|100%| O|  |TAMS 0x000000008c800000, 0x000000008c700000| Untracked 
| 200|0x000000008c800000, 0x000000008c900000, 0x000000008c900000|100%| O|  |TAMS 0x000000008c900000, 0x000000008c800000| Untracked 
| 201|0x000000008c900000, 0x000000008ca00000, 0x000000008ca00000|100%| O|  |TAMS 0x000000008ca00000, 0x000000008c900000| Untracked 
| 202|0x000000008ca00000, 0x000000008cb00000, 0x000000008cb00000|100%| O|  |TAMS 0x000000008cb00000, 0x000000008ca00000| Untracked 
| 203|0x000000008cb00000, 0x000000008cc00000, 0x000000008cc00000|100%| O|  |TAMS 0x000000008cc00000, 0x000000008cb00000| Untracked 
| 204|0x000000008cc00000, 0x000000008cd00000, 0x000000008cd00000|100%| O|  |TAMS 0x000000008cd00000, 0x000000008cc00000| Untracked 
| 205|0x000000008cd00000, 0x000000008ce00000, 0x000000008ce00000|100%|HS|  |TAMS 0x000000008ce00000, 0x000000008cd00000| Complete 
| 206|0x000000008ce00000, 0x000000008cf00000, 0x000000008cf00000|100%| O|  |TAMS 0x000000008cf00000, 0x000000008ce00000| Untracked 
| 207|0x000000008cf00000, 0x000000008d000000, 0x000000008d000000|100%| O|  |TAMS 0x000000008d000000, 0x000000008cf00000| Untracked 
| 208|0x000000008d000000, 0x000000008d100000, 0x000000008d100000|100%| O|  |TAMS 0x000000008d100000, 0x000000008d000000| Untracked 
| 209|0x000000008d100000, 0x000000008d200000, 0x000000008d200000|100%| O|  |TAMS 0x000000008d200000, 0x000000008d100000| Untracked 
| 210|0x000000008d200000, 0x000000008d200000, 0x000000008d300000|  0%| F|  |TAMS 0x000000008d200000, 0x000000008d200000| Untracked 
| 211|0x000000008d300000, 0x000000008d300000, 0x000000008d400000|  0%| F|  |TAMS 0x000000008d300000, 0x000000008d300000| Untracked 
| 212|0x000000008d400000, 0x000000008d400000, 0x000000008d500000|  0%| F|  |TAMS 0x000000008d400000, 0x000000008d400000| Untracked 
| 213|0x000000008d500000, 0x000000008d600000, 0x000000008d600000|100%| O|  |TAMS 0x000000008d600000, 0x000000008d500000| Untracked 
| 214|0x000000008d600000, 0x000000008d700000, 0x000000008d700000|100%| O|  |TAMS 0x000000008d700000, 0x000000008d600000| Untracked 
| 215|0x000000008d700000, 0x000000008d800000, 0x000000008d800000|100%| O|  |TAMS 0x000000008d800000, 0x000000008d700000| Untracked 
| 216|0x000000008d800000, 0x000000008d900000, 0x000000008d900000|100%| O|  |TAMS 0x000000008d900000, 0x000000008d800000| Untracked 
| 217|0x000000008d900000, 0x000000008da00000, 0x000000008da00000|100%| O|  |TAMS 0x000000008da00000, 0x000000008d900000| Untracked 
| 218|0x000000008da00000, 0x000000008db00000, 0x000000008db00000|100%| O|  |TAMS 0x000000008db00000, 0x000000008da00000| Untracked 
| 219|0x000000008db00000, 0x000000008db00000, 0x000000008dc00000|  0%| F|  |TAMS 0x000000008db00000, 0x000000008db00000| Untracked 
| 220|0x000000008dc00000, 0x000000008dd00000, 0x000000008dd00000|100%| O|  |TAMS 0x000000008dd00000, 0x000000008dc00000| Untracked 
| 221|0x000000008dd00000, 0x000000008de00000, 0x000000008de00000|100%| O|  |TAMS 0x000000008de00000, 0x000000008dd00000| Untracked 
| 222|0x000000008de00000, 0x000000008df00000, 0x000000008df00000|100%| O|  |TAMS 0x000000008df00000, 0x000000008de00000| Untracked 
| 223|0x000000008df00000, 0x000000008e000000, 0x000000008e000000|100%| O|  |TAMS 0x000000008e000000, 0x000000008df00000| Untracked 
| 224|0x000000008e000000, 0x000000008e100000, 0x000000008e100000|100%| O|  |TAMS 0x000000008e100000, 0x000000008e000000| Untracked 
| 225|0x000000008e100000, 0x000000008e200000, 0x000000008e200000|100%| O|  |TAMS 0x000000008e200000, 0x000000008e100000| Untracked 
| 226|0x000000008e200000, 0x000000008e300000, 0x000000008e300000|100%| O|  |TAMS 0x000000008e300000, 0x000000008e200000| Untracked 
| 227|0x000000008e300000, 0x000000008e400000, 0x000000008e400000|100%| O|  |TAMS 0x000000008e400000, 0x000000008e300000| Untracked 
| 228|0x000000008e400000, 0x000000008e500000, 0x000000008e500000|100%| O|  |TAMS 0x000000008e500000, 0x000000008e400000| Untracked 
| 229|0x000000008e500000, 0x000000008e600000, 0x000000008e600000|100%| O|  |TAMS 0x000000008e600000, 0x000000008e500000| Untracked 
| 230|0x000000008e600000, 0x000000008e700000, 0x000000008e700000|100%| O|  |TAMS 0x000000008e700000, 0x000000008e600000| Untracked 
| 231|0x000000008e700000, 0x000000008e800000, 0x000000008e800000|100%| O|  |TAMS 0x000000008e800000, 0x000000008e700000| Untracked 
| 232|0x000000008e800000, 0x000000008e900000, 0x000000008e900000|100%| O|  |TAMS 0x000000008e900000, 0x000000008e800000| Untracked 
| 233|0x000000008e900000, 0x000000008ea00000, 0x000000008ea00000|100%| O|  |TAMS 0x000000008ea00000, 0x000000008e900000| Untracked 
| 234|0x000000008ea00000, 0x000000008eb00000, 0x000000008eb00000|100%| O|  |TAMS 0x000000008eb00000, 0x000000008ea00000| Untracked 
| 235|0x000000008eb00000, 0x000000008ec00000, 0x000000008ec00000|100%| O|  |TAMS 0x000000008ec00000, 0x000000008eb00000| Untracked 
| 236|0x000000008ec00000, 0x000000008ed00000, 0x000000008ed00000|100%| O|  |TAMS 0x000000008ed00000, 0x000000008ec00000| Untracked 
| 237|0x000000008ed00000, 0x000000008ee00000, 0x000000008ee00000|100%| O|  |TAMS 0x000000008ee00000, 0x000000008ed00000| Untracked 
| 238|0x000000008ee00000, 0x000000008ef00000, 0x000000008ef00000|100%| O|  |TAMS 0x000000008ef00000, 0x000000008ee00000| Untracked 
| 239|0x000000008ef00000, 0x000000008f000000, 0x000000008f000000|100%| O|  |TAMS 0x000000008f000000, 0x000000008ef00000| Untracked 
| 240|0x000000008f000000, 0x000000008f100000, 0x000000008f100000|100%| O|  |TAMS 0x000000008f100000, 0x000000008f000000| Untracked 
| 241|0x000000008f100000, 0x000000008f200000, 0x000000008f200000|100%| O|  |TAMS 0x000000008f200000, 0x000000008f100000| Untracked 
| 242|0x000000008f200000, 0x000000008f300000, 0x000000008f300000|100%| O|  |TAMS 0x000000008f300000, 0x000000008f200000| Untracked 
| 243|0x000000008f300000, 0x000000008f400000, 0x000000008f400000|100%| O|  |TAMS 0x000000008f400000, 0x000000008f300000| Untracked 
| 244|0x000000008f400000, 0x000000008f500000, 0x000000008f500000|100%| O|  |TAMS 0x000000008f500000, 0x000000008f400000| Untracked 
| 245|0x000000008f500000, 0x000000008f600000, 0x000000008f600000|100%| O|  |TAMS 0x000000008f600000, 0x000000008f500000| Untracked 
| 246|0x000000008f600000, 0x000000008f700000, 0x000000008f700000|100%| O|  |TAMS 0x000000008f700000, 0x000000008f600000| Untracked 
| 247|0x000000008f700000, 0x000000008f800000, 0x000000008f800000|100%| O|  |TAMS 0x000000008f800000, 0x000000008f700000| Untracked 
| 248|0x000000008f800000, 0x000000008f900000, 0x000000008f900000|100%| O|  |TAMS 0x000000008f900000, 0x000000008f800000| Untracked 
| 249|0x000000008f900000, 0x000000008fa00000, 0x000000008fa00000|100%| O|  |TAMS 0x000000008fa00000, 0x000000008f900000| Untracked 
| 250|0x000000008fa00000, 0x000000008fb00000, 0x000000008fb00000|100%| O|  |TAMS 0x000000008fb00000, 0x000000008fa00000| Untracked 
| 251|0x000000008fb00000, 0x000000008fc00000, 0x000000008fc00000|100%| O|  |TAMS 0x000000008fc00000, 0x000000008fb00000| Untracked 
| 252|0x000000008fc00000, 0x000000008fd00000, 0x000000008fd00000|100%| O|  |TAMS 0x000000008fd00000, 0x000000008fc00000| Untracked 
| 253|0x000000008fd00000, 0x000000008fe00000, 0x000000008fe00000|100%| O|  |TAMS 0x000000008fe00000, 0x000000008fd00000| Untracked 
| 254|0x000000008fe00000, 0x000000008ff00000, 0x000000008ff00000|100%| O|  |TAMS 0x000000008ff00000, 0x000000008fe00000| Untracked 
| 255|0x000000008ff00000, 0x0000000090000000, 0x0000000090000000|100%| O|  |TAMS 0x0000000090000000, 0x000000008ff00000| Untracked 
| 256|0x0000000090000000, 0x0000000090100000, 0x0000000090100000|100%| O|  |TAMS 0x0000000090100000, 0x0000000090000000| Untracked 
| 257|0x0000000090100000, 0x0000000090200000, 0x0000000090200000|100%| O|  |TAMS 0x0000000090200000, 0x0000000090100000| Untracked 
| 258|0x0000000090200000, 0x0000000090300000, 0x0000000090300000|100%| O|  |TAMS 0x0000000090300000, 0x0000000090200000| Untracked 
| 259|0x0000000090300000, 0x0000000090400000, 0x0000000090400000|100%| O|  |TAMS 0x0000000090400000, 0x0000000090300000| Untracked 
| 260|0x0000000090400000, 0x0000000090500000, 0x0000000090500000|100%| O|  |TAMS 0x0000000090483000, 0x0000000090400000| Untracked 
| 261|0x0000000090500000, 0x0000000090600000, 0x0000000090600000|100%| O|  |TAMS 0x0000000090500000, 0x0000000090500000| Untracked 
| 262|0x0000000090600000, 0x0000000090700000, 0x0000000090700000|100%| O|  |TAMS 0x0000000090600000, 0x0000000090600000| Untracked 
| 263|0x0000000090700000, 0x0000000090800000, 0x0000000090800000|100%| O|  |TAMS 0x0000000090700000, 0x0000000090700000| Untracked 
| 264|0x0000000090800000, 0x0000000090900000, 0x0000000090900000|100%| O|  |TAMS 0x0000000090800000, 0x0000000090800000| Untracked 
| 265|0x0000000090900000, 0x0000000090a00000, 0x0000000090a00000|100%| O|  |TAMS 0x0000000090900000, 0x0000000090900000| Untracked 
| 266|0x0000000090a00000, 0x0000000090b00000, 0x0000000090b00000|100%| O|  |TAMS 0x0000000090a00000, 0x0000000090a00000| Untracked 
| 267|0x0000000090b00000, 0x0000000090c00000, 0x0000000090c00000|100%| O|  |TAMS 0x0000000090b00000, 0x0000000090b00000| Untracked 
| 268|0x0000000090c00000, 0x0000000090d00000, 0x0000000090d00000|100%| O|  |TAMS 0x0000000090c00000, 0x0000000090c00000| Untracked 
| 269|0x0000000090d00000, 0x0000000090e00000, 0x0000000090e00000|100%| O|  |TAMS 0x0000000090d00000, 0x0000000090d00000| Untracked 
| 270|0x0000000090e00000, 0x0000000090f00000, 0x0000000090f00000|100%| O|  |TAMS 0x0000000090e00000, 0x0000000090e00000| Untracked 
| 271|0x0000000090f00000, 0x0000000091000000, 0x0000000091000000|100%| O|  |TAMS 0x0000000090f00000, 0x0000000090f00000| Untracked 
| 272|0x0000000091000000, 0x0000000091100000, 0x0000000091100000|100%| O|  |TAMS 0x0000000091000000, 0x0000000091000000| Untracked 
| 273|0x0000000091100000, 0x0000000091200000, 0x0000000091200000|100%| O|  |TAMS 0x0000000091100000, 0x0000000091100000| Untracked 
| 274|0x0000000091200000, 0x0000000091300000, 0x0000000091300000|100%| O|  |TAMS 0x0000000091200000, 0x0000000091200000| Untracked 
| 275|0x0000000091300000, 0x00000000913b7c00, 0x0000000091400000| 71%| O|  |TAMS 0x0000000091300000, 0x0000000091300000| Untracked 
| 276|0x0000000091400000, 0x0000000091400000, 0x0000000091500000|  0%| F|  |TAMS 0x0000000091400000, 0x0000000091400000| Untracked 
| 277|0x0000000091500000, 0x0000000091500000, 0x0000000091600000|  0%| F|  |TAMS 0x0000000091500000, 0x0000000091500000| Untracked 
| 278|0x0000000091600000, 0x0000000091600000, 0x0000000091700000|  0%| F|  |TAMS 0x0000000091600000, 0x0000000091600000| Untracked 
| 279|0x0000000091700000, 0x0000000091700000, 0x0000000091800000|  0%| F|  |TAMS 0x0000000091700000, 0x0000000091700000| Untracked 
| 280|0x0000000091800000, 0x0000000091800000, 0x0000000091900000|  0%| F|  |TAMS 0x0000000091800000, 0x0000000091800000| Untracked 
| 281|0x0000000091900000, 0x0000000091900000, 0x0000000091a00000|  0%| F|  |TAMS 0x0000000091900000, 0x0000000091900000| Untracked 
| 282|0x0000000091a00000, 0x0000000091a00000, 0x0000000091b00000|  0%| F|  |TAMS 0x0000000091a00000, 0x0000000091a00000| Untracked 
| 283|0x0000000091b00000, 0x0000000091b00000, 0x0000000091c00000|  0%| F|  |TAMS 0x0000000091b00000, 0x0000000091b00000| Untracked 
| 284|0x0000000091c00000, 0x0000000091c00000, 0x0000000091d00000|  0%| F|  |TAMS 0x0000000091c00000, 0x0000000091c00000| Untracked 
| 285|0x0000000091d00000, 0x0000000091d00000, 0x0000000091e00000|  0%| F|  |TAMS 0x0000000091d00000, 0x0000000091d00000| Untracked 
| 286|0x0000000091e00000, 0x0000000091e00000, 0x0000000091f00000|  0%| F|  |TAMS 0x0000000091e00000, 0x0000000091e00000| Untracked 
| 287|0x0000000091f00000, 0x0000000091f00000, 0x0000000092000000|  0%| F|  |TAMS 0x0000000091f00000, 0x0000000091f00000| Untracked 
| 288|0x0000000092000000, 0x0000000092000000, 0x0000000092100000|  0%| F|  |TAMS 0x0000000092000000, 0x0000000092000000| Untracked 
| 289|0x0000000092100000, 0x0000000092100000, 0x0000000092200000|  0%| F|  |TAMS 0x0000000092100000, 0x0000000092100000| Untracked 
| 290|0x0000000092200000, 0x0000000092200000, 0x0000000092300000|  0%| F|  |TAMS 0x0000000092200000, 0x0000000092200000| Untracked 
| 291|0x0000000092300000, 0x0000000092300000, 0x0000000092400000|  0%| F|  |TAMS 0x0000000092300000, 0x0000000092300000| Untracked 
| 292|0x0000000092400000, 0x0000000092400000, 0x0000000092500000|  0%| F|  |TAMS 0x0000000092400000, 0x0000000092400000| Untracked 
| 293|0x0000000092500000, 0x0000000092500000, 0x0000000092600000|  0%| F|  |TAMS 0x0000000092500000, 0x0000000092500000| Untracked 
| 294|0x0000000092600000, 0x0000000092600000, 0x0000000092700000|  0%| F|  |TAMS 0x0000000092600000, 0x0000000092600000| Untracked 
| 295|0x0000000092700000, 0x0000000092700000, 0x0000000092800000|  0%| F|  |TAMS 0x0000000092700000, 0x0000000092700000| Untracked 
| 296|0x0000000092800000, 0x0000000092800000, 0x0000000092900000|  0%| F|  |TAMS 0x0000000092800000, 0x0000000092800000| Untracked 
| 297|0x0000000092900000, 0x0000000092900000, 0x0000000092a00000|  0%| F|  |TAMS 0x0000000092900000, 0x0000000092900000| Untracked 
| 298|0x0000000092a00000, 0x0000000092a00000, 0x0000000092b00000|  0%| F|  |TAMS 0x0000000092a00000, 0x0000000092a00000| Untracked 
| 299|0x0000000092b00000, 0x0000000092b00000, 0x0000000092c00000|  0%| F|  |TAMS 0x0000000092b00000, 0x0000000092b00000| Untracked 
| 300|0x0000000092c00000, 0x0000000092c00000, 0x0000000092d00000|  0%| F|  |TAMS 0x0000000092c00000, 0x0000000092c00000| Untracked 
| 301|0x0000000092d00000, 0x0000000092d00000, 0x0000000092e00000|  0%| F|  |TAMS 0x0000000092d00000, 0x0000000092d00000| Untracked 
| 302|0x0000000092e00000, 0x0000000092e00000, 0x0000000092f00000|  0%| F|  |TAMS 0x0000000092e00000, 0x0000000092e00000| Untracked 
| 303|0x0000000092f00000, 0x0000000092f00000, 0x0000000093000000|  0%| F|  |TAMS 0x0000000092f00000, 0x0000000092f00000| Untracked 
| 304|0x0000000093000000, 0x0000000093000000, 0x0000000093100000|  0%| F|  |TAMS 0x0000000093000000, 0x0000000093000000| Untracked 
| 305|0x0000000093100000, 0x0000000093100000, 0x0000000093200000|  0%| F|  |TAMS 0x0000000093100000, 0x0000000093100000| Untracked 
| 306|0x0000000093200000, 0x0000000093200000, 0x0000000093300000|  0%| F|  |TAMS 0x0000000093200000, 0x0000000093200000| Untracked 
| 307|0x0000000093300000, 0x0000000093300000, 0x0000000093400000|  0%| F|  |TAMS 0x0000000093300000, 0x0000000093300000| Untracked 
| 308|0x0000000093400000, 0x0000000093400000, 0x0000000093500000|  0%| F|  |TAMS 0x0000000093400000, 0x0000000093400000| Untracked 
| 309|0x0000000093500000, 0x0000000093500000, 0x0000000093600000|  0%| F|  |TAMS 0x0000000093500000, 0x0000000093500000| Untracked 
| 310|0x0000000093600000, 0x0000000093600000, 0x0000000093700000|  0%| F|  |TAMS 0x0000000093600000, 0x0000000093600000| Untracked 
| 311|0x0000000093700000, 0x0000000093700000, 0x0000000093800000|  0%| F|  |TAMS 0x0000000093700000, 0x0000000093700000| Untracked 
| 312|0x0000000093800000, 0x0000000093800000, 0x0000000093900000|  0%| F|  |TAMS 0x0000000093800000, 0x0000000093800000| Untracked 
| 313|0x0000000093900000, 0x0000000093900000, 0x0000000093a00000|  0%| F|  |TAMS 0x0000000093900000, 0x0000000093900000| Untracked 
| 314|0x0000000093a00000, 0x0000000093a00000, 0x0000000093b00000|  0%| F|  |TAMS 0x0000000093a00000, 0x0000000093a00000| Untracked 
| 315|0x0000000093b00000, 0x0000000093b00000, 0x0000000093c00000|  0%| F|  |TAMS 0x0000000093b00000, 0x0000000093b00000| Untracked 
| 316|0x0000000093c00000, 0x0000000093c00000, 0x0000000093d00000|  0%| F|  |TAMS 0x0000000093c00000, 0x0000000093c00000| Untracked 
| 317|0x0000000093d00000, 0x0000000093d00000, 0x0000000093e00000|  0%| F|  |TAMS 0x0000000093d00000, 0x0000000093d00000| Untracked 
| 318|0x0000000093e00000, 0x0000000093e00000, 0x0000000093f00000|  0%| F|  |TAMS 0x0000000093e00000, 0x0000000093e00000| Untracked 
| 319|0x0000000093f00000, 0x0000000093f00000, 0x0000000094000000|  0%| F|  |TAMS 0x0000000093f00000, 0x0000000093f00000| Untracked 
| 320|0x0000000094000000, 0x0000000094000000, 0x0000000094100000|  0%| F|  |TAMS 0x0000000094000000, 0x0000000094000000| Untracked 
| 321|0x0000000094100000, 0x0000000094100000, 0x0000000094200000|  0%| F|  |TAMS 0x0000000094100000, 0x0000000094100000| Untracked 
| 322|0x0000000094200000, 0x0000000094200000, 0x0000000094300000|  0%| F|  |TAMS 0x0000000094200000, 0x0000000094200000| Untracked 
| 323|0x0000000094300000, 0x0000000094300000, 0x0000000094400000|  0%| F|  |TAMS 0x0000000094300000, 0x0000000094300000| Untracked 
| 324|0x0000000094400000, 0x0000000094400000, 0x0000000094500000|  0%| F|  |TAMS 0x0000000094400000, 0x0000000094400000| Untracked 
| 325|0x0000000094500000, 0x0000000094500000, 0x0000000094600000|  0%| F|  |TAMS 0x0000000094500000, 0x0000000094500000| Untracked 
| 326|0x0000000094600000, 0x0000000094600000, 0x0000000094700000|  0%| F|  |TAMS 0x0000000094600000, 0x0000000094600000| Untracked 
| 327|0x0000000094700000, 0x0000000094700000, 0x0000000094800000|  0%| F|  |TAMS 0x0000000094700000, 0x0000000094700000| Untracked 
| 328|0x0000000094800000, 0x0000000094800000, 0x0000000094900000|  0%| F|  |TAMS 0x0000000094800000, 0x0000000094800000| Untracked 
| 329|0x0000000094900000, 0x0000000094900000, 0x0000000094a00000|  0%| F|  |TAMS 0x0000000094900000, 0x0000000094900000| Untracked 
| 330|0x0000000094a00000, 0x0000000094a00000, 0x0000000094b00000|  0%| F|  |TAMS 0x0000000094a00000, 0x0000000094a00000| Untracked 
| 331|0x0000000094b00000, 0x0000000094b00000, 0x0000000094c00000|  0%| F|  |TAMS 0x0000000094b00000, 0x0000000094b00000| Untracked 
| 332|0x0000000094c00000, 0x0000000094c00000, 0x0000000094d00000|  0%| F|  |TAMS 0x0000000094c00000, 0x0000000094c00000| Untracked 
| 333|0x0000000094d00000, 0x0000000094d00000, 0x0000000094e00000|  0%| F|  |TAMS 0x0000000094d00000, 0x0000000094d00000| Untracked 
| 334|0x0000000094e00000, 0x0000000094e00000, 0x0000000094f00000|  0%| F|  |TAMS 0x0000000094e00000, 0x0000000094e00000| Untracked 
| 335|0x0000000094f00000, 0x0000000094f00000, 0x0000000095000000|  0%| F|  |TAMS 0x0000000094f00000, 0x0000000094f00000| Untracked 
| 336|0x0000000095000000, 0x0000000095000000, 0x0000000095100000|  0%| F|  |TAMS 0x0000000095000000, 0x0000000095000000| Untracked 
| 337|0x0000000095100000, 0x0000000095100000, 0x0000000095200000|  0%| F|  |TAMS 0x0000000095100000, 0x0000000095100000| Untracked 
| 338|0x0000000095200000, 0x0000000095200000, 0x0000000095300000|  0%| F|  |TAMS 0x0000000095200000, 0x0000000095200000| Untracked 
| 339|0x0000000095300000, 0x0000000095300000, 0x0000000095400000|  0%| F|  |TAMS 0x0000000095300000, 0x0000000095300000| Untracked 
| 340|0x0000000095400000, 0x0000000095400000, 0x0000000095500000|  0%| F|  |TAMS 0x0000000095400000, 0x0000000095400000| Untracked 
| 341|0x0000000095500000, 0x0000000095500000, 0x0000000095600000|  0%| F|  |TAMS 0x0000000095500000, 0x0000000095500000| Untracked 
| 342|0x0000000095600000, 0x0000000095600000, 0x0000000095700000|  0%| F|  |TAMS 0x0000000095600000, 0x0000000095600000| Untracked 
| 343|0x0000000095700000, 0x0000000095700000, 0x0000000095800000|  0%| F|  |TAMS 0x0000000095700000, 0x0000000095700000| Untracked 
| 344|0x0000000095800000, 0x0000000095800000, 0x0000000095900000|  0%| F|  |TAMS 0x0000000095800000, 0x0000000095800000| Untracked 
| 345|0x0000000095900000, 0x0000000095900000, 0x0000000095a00000|  0%| F|  |TAMS 0x0000000095900000, 0x0000000095900000| Untracked 
| 346|0x0000000095a00000, 0x0000000095a00000, 0x0000000095b00000|  0%| F|  |TAMS 0x0000000095a00000, 0x0000000095a00000| Untracked 
| 347|0x0000000095b00000, 0x0000000095b00000, 0x0000000095c00000|  0%| F|  |TAMS 0x0000000095b00000, 0x0000000095b00000| Untracked 
| 348|0x0000000095c00000, 0x0000000095c00000, 0x0000000095d00000|  0%| F|  |TAMS 0x0000000095c00000, 0x0000000095c00000| Untracked 
| 349|0x0000000095d00000, 0x0000000095d00000, 0x0000000095e00000|  0%| F|  |TAMS 0x0000000095d00000, 0x0000000095d00000| Untracked 
| 350|0x0000000095e00000, 0x0000000095e00000, 0x0000000095f00000|  0%| F|  |TAMS 0x0000000095e00000, 0x0000000095e00000| Untracked 
| 351|0x0000000095f00000, 0x0000000095f00000, 0x0000000096000000|  0%| F|  |TAMS 0x0000000095f00000, 0x0000000095f00000| Untracked 
| 352|0x0000000096000000, 0x0000000096000000, 0x0000000096100000|  0%| F|  |TAMS 0x0000000096000000, 0x0000000096000000| Untracked 
| 353|0x0000000096100000, 0x0000000096100000, 0x0000000096200000|  0%| F|  |TAMS 0x0000000096100000, 0x0000000096100000| Untracked 
| 354|0x0000000096200000, 0x0000000096200000, 0x0000000096300000|  0%| F|  |TAMS 0x0000000096200000, 0x0000000096200000| Untracked 
| 355|0x0000000096300000, 0x0000000096300000, 0x0000000096400000|  0%| F|  |TAMS 0x0000000096300000, 0x0000000096300000| Untracked 
| 356|0x0000000096400000, 0x0000000096400000, 0x0000000096500000|  0%| F|  |TAMS 0x0000000096400000, 0x0000000096400000| Untracked 
| 357|0x0000000096500000, 0x0000000096500000, 0x0000000096600000|  0%| F|  |TAMS 0x0000000096500000, 0x0000000096500000| Untracked 
| 358|0x0000000096600000, 0x0000000096600000, 0x0000000096700000|  0%| F|  |TAMS 0x0000000096600000, 0x0000000096600000| Untracked 
| 359|0x0000000096700000, 0x0000000096700000, 0x0000000096800000|  0%| F|  |TAMS 0x0000000096700000, 0x0000000096700000| Untracked 
| 360|0x0000000096800000, 0x0000000096800000, 0x0000000096900000|  0%| F|  |TAMS 0x0000000096800000, 0x0000000096800000| Untracked 
| 361|0x0000000096900000, 0x0000000096900000, 0x0000000096a00000|  0%| F|  |TAMS 0x0000000096900000, 0x0000000096900000| Untracked 
| 362|0x0000000096a00000, 0x0000000096a00000, 0x0000000096b00000|  0%| F|  |TAMS 0x0000000096a00000, 0x0000000096a00000| Untracked 
| 363|0x0000000096b00000, 0x0000000096b00000, 0x0000000096c00000|  0%| F|  |TAMS 0x0000000096b00000, 0x0000000096b00000| Untracked 
| 364|0x0000000096c00000, 0x0000000096c00000, 0x0000000096d00000|  0%| F|  |TAMS 0x0000000096c00000, 0x0000000096c00000| Untracked 
| 365|0x0000000096d00000, 0x0000000096d00000, 0x0000000096e00000|  0%| F|  |TAMS 0x0000000096d00000, 0x0000000096d00000| Untracked 
| 366|0x0000000096e00000, 0x0000000096e00000, 0x0000000096f00000|  0%| F|  |TAMS 0x0000000096e00000, 0x0000000096e00000| Untracked 
| 367|0x0000000096f00000, 0x0000000096f00000, 0x0000000097000000|  0%| F|  |TAMS 0x0000000096f00000, 0x0000000096f00000| Untracked 
| 368|0x0000000097000000, 0x0000000097000000, 0x0000000097100000|  0%| F|  |TAMS 0x0000000097000000, 0x0000000097000000| Untracked 
| 369|0x0000000097100000, 0x0000000097100000, 0x0000000097200000|  0%| F|  |TAMS 0x0000000097100000, 0x0000000097100000| Untracked 
| 370|0x0000000097200000, 0x0000000097200000, 0x0000000097300000|  0%| F|  |TAMS 0x0000000097200000, 0x0000000097200000| Untracked 
| 371|0x0000000097300000, 0x0000000097300000, 0x0000000097400000|  0%| F|  |TAMS 0x0000000097300000, 0x0000000097300000| Untracked 
| 372|0x0000000097400000, 0x0000000097400000, 0x0000000097500000|  0%| F|  |TAMS 0x0000000097400000, 0x0000000097400000| Untracked 
| 373|0x0000000097500000, 0x0000000097500000, 0x0000000097600000|  0%| F|  |TAMS 0x0000000097500000, 0x0000000097500000| Untracked 
| 374|0x0000000097600000, 0x0000000097600000, 0x0000000097700000|  0%| F|  |TAMS 0x0000000097600000, 0x0000000097600000| Untracked 
| 375|0x0000000097700000, 0x0000000097700000, 0x0000000097800000|  0%| F|  |TAMS 0x0000000097700000, 0x0000000097700000| Untracked 
| 376|0x0000000097800000, 0x0000000097800000, 0x0000000097900000|  0%| F|  |TAMS 0x0000000097800000, 0x0000000097800000| Untracked 
| 377|0x0000000097900000, 0x0000000097900000, 0x0000000097a00000|  0%| F|  |TAMS 0x0000000097900000, 0x0000000097900000| Untracked 
| 378|0x0000000097a00000, 0x0000000097a00000, 0x0000000097b00000|  0%| F|  |TAMS 0x0000000097a00000, 0x0000000097a00000| Untracked 
| 379|0x0000000097b00000, 0x0000000097b00000, 0x0000000097c00000|  0%| F|  |TAMS 0x0000000097b00000, 0x0000000097b00000| Untracked 
| 380|0x0000000097c00000, 0x0000000097c00000, 0x0000000097d00000|  0%| F|  |TAMS 0x0000000097c00000, 0x0000000097c00000| Untracked 
| 381|0x0000000097d00000, 0x0000000097d00000, 0x0000000097e00000|  0%| F|  |TAMS 0x0000000097d00000, 0x0000000097d00000| Untracked 
| 382|0x0000000097e00000, 0x0000000097e00000, 0x0000000097f00000|  0%| F|  |TAMS 0x0000000097e00000, 0x0000000097e00000| Untracked 
| 383|0x0000000097f00000, 0x0000000097f00000, 0x0000000098000000|  0%| F|  |TAMS 0x0000000097f00000, 0x0000000097f00000| Untracked 
| 384|0x0000000098000000, 0x0000000098000000, 0x0000000098100000|  0%| F|  |TAMS 0x0000000098000000, 0x0000000098000000| Untracked 
| 385|0x0000000098100000, 0x0000000098100000, 0x0000000098200000|  0%| F|  |TAMS 0x0000000098100000, 0x0000000098100000| Untracked 
| 386|0x0000000098200000, 0x0000000098200000, 0x0000000098300000|  0%| F|  |TAMS 0x0000000098200000, 0x0000000098200000| Untracked 
| 387|0x0000000098300000, 0x0000000098300000, 0x0000000098400000|  0%| F|  |TAMS 0x0000000098300000, 0x0000000098300000| Untracked 
| 388|0x0000000098400000, 0x0000000098400000, 0x0000000098500000|  0%| F|  |TAMS 0x0000000098400000, 0x0000000098400000| Untracked 
| 389|0x0000000098500000, 0x0000000098500000, 0x0000000098600000|  0%| F|  |TAMS 0x0000000098500000, 0x0000000098500000| Untracked 
| 390|0x0000000098600000, 0x0000000098600000, 0x0000000098700000|  0%| F|  |TAMS 0x0000000098600000, 0x0000000098600000| Untracked 
| 391|0x0000000098700000, 0x0000000098700000, 0x0000000098800000|  0%| F|  |TAMS 0x0000000098700000, 0x0000000098700000| Untracked 
| 392|0x0000000098800000, 0x0000000098800000, 0x0000000098900000|  0%| F|  |TAMS 0x0000000098800000, 0x0000000098800000| Untracked 
| 393|0x0000000098900000, 0x0000000098900000, 0x0000000098a00000|  0%| F|  |TAMS 0x0000000098900000, 0x0000000098900000| Untracked 
| 394|0x0000000098a00000, 0x0000000098a00000, 0x0000000098b00000|  0%| F|  |TAMS 0x0000000098a00000, 0x0000000098a00000| Untracked 
| 395|0x0000000098b00000, 0x0000000098b00000, 0x0000000098c00000|  0%| F|  |TAMS 0x0000000098b00000, 0x0000000098b00000| Untracked 
| 396|0x0000000098c00000, 0x0000000098c00000, 0x0000000098d00000|  0%| F|  |TAMS 0x0000000098c00000, 0x0000000098c00000| Untracked 
| 397|0x0000000098d00000, 0x0000000098d00000, 0x0000000098e00000|  0%| F|  |TAMS 0x0000000098d00000, 0x0000000098d00000| Untracked 
| 398|0x0000000098e00000, 0x0000000098e00000, 0x0000000098f00000|  0%| F|  |TAMS 0x0000000098e00000, 0x0000000098e00000| Untracked 
| 399|0x0000000098f00000, 0x0000000098f00000, 0x0000000099000000|  0%| F|  |TAMS 0x0000000098f00000, 0x0000000098f00000| Untracked 
| 400|0x0000000099000000, 0x0000000099100000, 0x0000000099100000|100%| E|  |TAMS 0x0000000099000000, 0x0000000099000000| Complete 
| 401|0x0000000099100000, 0x0000000099200000, 0x0000000099200000|100%| E|CS|TAMS 0x0000000099100000, 0x0000000099100000| Complete 
| 402|0x0000000099200000, 0x0000000099300000, 0x0000000099300000|100%| E|CS|TAMS 0x0000000099200000, 0x0000000099200000| Complete 
| 403|0x0000000099300000, 0x0000000099400000, 0x0000000099400000|100%| E|CS|TAMS 0x0000000099300000, 0x0000000099300000| Complete 
| 404|0x0000000099400000, 0x0000000099500000, 0x0000000099500000|100%| E|CS|TAMS 0x0000000099400000, 0x0000000099400000| Complete 
| 405|0x0000000099500000, 0x0000000099600000, 0x0000000099600000|100%| E|CS|TAMS 0x0000000099500000, 0x0000000099500000| Complete 
| 406|0x0000000099600000, 0x0000000099700000, 0x0000000099700000|100%| E|CS|TAMS 0x0000000099600000, 0x0000000099600000| Complete 
| 407|0x0000000099700000, 0x0000000099800000, 0x0000000099800000|100%| E|CS|TAMS 0x0000000099700000, 0x0000000099700000| Complete 
| 408|0x0000000099800000, 0x0000000099900000, 0x0000000099900000|100%| E|CS|TAMS 0x0000000099800000, 0x0000000099800000| Complete 
| 409|0x0000000099900000, 0x0000000099a00000, 0x0000000099a00000|100%| E|CS|TAMS 0x0000000099900000, 0x0000000099900000| Complete 
| 410|0x0000000099a00000, 0x0000000099b00000, 0x0000000099b00000|100%| E|CS|TAMS 0x0000000099a00000, 0x0000000099a00000| Complete 
| 411|0x0000000099b00000, 0x0000000099c00000, 0x0000000099c00000|100%| E|CS|TAMS 0x0000000099b00000, 0x0000000099b00000| Complete 
| 412|0x0000000099c00000, 0x0000000099d00000, 0x0000000099d00000|100%| E|CS|TAMS 0x0000000099c00000, 0x0000000099c00000| Complete 
| 413|0x0000000099d00000, 0x0000000099e00000, 0x0000000099e00000|100%| E|CS|TAMS 0x0000000099d00000, 0x0000000099d00000| Complete 
| 414|0x0000000099e00000, 0x0000000099f00000, 0x0000000099f00000|100%| E|CS|TAMS 0x0000000099e00000, 0x0000000099e00000| Complete 
| 415|0x0000000099f00000, 0x000000009a000000, 0x000000009a000000|100%| E|CS|TAMS 0x0000000099f00000, 0x0000000099f00000| Complete 
| 416|0x000000009a000000, 0x000000009a100000, 0x000000009a100000|100%| E|CS|TAMS 0x000000009a000000, 0x000000009a000000| Complete 
| 417|0x000000009a100000, 0x000000009a200000, 0x000000009a200000|100%| E|CS|TAMS 0x000000009a100000, 0x000000009a100000| Complete 
| 418|0x000000009a200000, 0x000000009a300000, 0x000000009a300000|100%| E|CS|TAMS 0x000000009a200000, 0x000000009a200000| Complete 
| 419|0x000000009a300000, 0x000000009a400000, 0x000000009a400000|100%| E|CS|TAMS 0x000000009a300000, 0x000000009a300000| Complete 
| 420|0x000000009a400000, 0x000000009a500000, 0x000000009a500000|100%| S|CS|TAMS 0x000000009a400000, 0x000000009a400000| Complete 
| 421|0x000000009a500000, 0x000000009a600000, 0x000000009a600000|100%| S|CS|TAMS 0x000000009a500000, 0x000000009a500000| Complete 
| 422|0x000000009a600000, 0x000000009a700000, 0x000000009a700000|100%| S|CS|TAMS 0x000000009a600000, 0x000000009a600000| Complete 
| 423|0x000000009a700000, 0x000000009a800000, 0x000000009a800000|100%| E|CS|TAMS 0x000000009a700000, 0x000000009a700000| Complete 
| 424|0x000000009a800000, 0x000000009a900000, 0x000000009a900000|100%| E|CS|TAMS 0x000000009a800000, 0x000000009a800000| Complete 
| 425|0x000000009a900000, 0x000000009aa00000, 0x000000009aa00000|100%| E|CS|TAMS 0x000000009a900000, 0x000000009a900000| Complete 
| 426|0x000000009aa00000, 0x000000009ab00000, 0x000000009ab00000|100%| E|CS|TAMS 0x000000009aa00000, 0x000000009aa00000| Complete 
| 427|0x000000009ab00000, 0x000000009ac00000, 0x000000009ac00000|100%| E|CS|TAMS 0x000000009ab00000, 0x000000009ab00000| Complete 
| 428|0x000000009ac00000, 0x000000009ad00000, 0x000000009ad00000|100%| E|CS|TAMS 0x000000009ac00000, 0x000000009ac00000| Complete 
| 429|0x000000009ad00000, 0x000000009ae00000, 0x000000009ae00000|100%| E|CS|TAMS 0x000000009ad00000, 0x000000009ad00000| Complete 
| 430|0x000000009ae00000, 0x000000009af00000, 0x000000009af00000|100%| E|CS|TAMS 0x000000009ae00000, 0x000000009ae00000| Complete 
| 431|0x000000009af00000, 0x000000009b000000, 0x000000009b000000|100%| E|CS|TAMS 0x000000009af00000, 0x000000009af00000| Complete 
| 432|0x000000009b000000, 0x000000009b100000, 0x000000009b100000|100%| E|CS|TAMS 0x000000009b000000, 0x000000009b000000| Complete 
| 433|0x000000009b100000, 0x000000009b200000, 0x000000009b200000|100%| E|CS|TAMS 0x000000009b100000, 0x000000009b100000| Complete 
| 434|0x000000009b200000, 0x000000009b300000, 0x000000009b300000|100%| E|CS|TAMS 0x000000009b200000, 0x000000009b200000| Complete 
| 435|0x000000009b300000, 0x000000009b400000, 0x000000009b400000|100%| E|CS|TAMS 0x000000009b300000, 0x000000009b300000| Complete 
| 436|0x000000009b400000, 0x000000009b500000, 0x000000009b500000|100%| E|CS|TAMS 0x000000009b400000, 0x000000009b400000| Complete 
| 437|0x000000009b500000, 0x000000009b600000, 0x000000009b600000|100%| E|CS|TAMS 0x000000009b500000, 0x000000009b500000| Complete 
| 438|0x000000009b600000, 0x000000009b700000, 0x000000009b700000|100%| E|CS|TAMS 0x000000009b600000, 0x000000009b600000| Complete 
| 439|0x000000009b700000, 0x000000009b800000, 0x000000009b800000|100%| E|CS|TAMS 0x000000009b700000, 0x000000009b700000| Complete 
| 440|0x000000009b800000, 0x000000009b900000, 0x000000009b900000|100%| E|CS|TAMS 0x000000009b800000, 0x000000009b800000| Complete 
| 441|0x000000009b900000, 0x000000009ba00000, 0x000000009ba00000|100%| E|CS|TAMS 0x000000009b900000, 0x000000009b900000| Complete 
| 442|0x000000009ba00000, 0x000000009bb00000, 0x000000009bb00000|100%| E|CS|TAMS 0x000000009ba00000, 0x000000009ba00000| Complete 
| 443|0x000000009bb00000, 0x000000009bc00000, 0x000000009bc00000|100%| E|CS|TAMS 0x000000009bb00000, 0x000000009bb00000| Complete 
| 444|0x000000009bc00000, 0x000000009bd00000, 0x000000009bd00000|100%| E|CS|TAMS 0x000000009bc00000, 0x000000009bc00000| Complete 

Card table byte_map: [0x000001f069c30000,0x000001f06a030000] _byte_map_base: 0x000001f069830000

Marking Bits (Prev, Next): (CMBitMap*) 0x000001f0527bb140, (CMBitMap*) 0x000001f0527bb100
 Prev Bits: [0x000001f06c430000, 0x000001f06e430000)
 Next Bits: [0x000001f06a430000, 0x000001f06c430000)

Polling page: 0x000001f0505a0000

Metaspace:

Usage:
  Non-class:    103.85 MB used.
      Class:     16.81 MB used.
       Both:    120.66 MB used.

Virtual space:
  Non-class space:      128.00 MB reserved,     104.81 MB ( 82%) committed,  2 nodes.
      Class space:      416.00 MB reserved,      17.69 MB (  4%) committed,  1 nodes.
             Both:      544.00 MB reserved,     122.50 MB ( 23%) committed. 

Chunk freelists:
   Non-Class:  6.77 MB
       Class:  14.25 MB
        Both:  21.01 MB

MaxMetaspaceSize: 512.00 MB
CompressedClassSpaceSize: 416.00 MB
Initial GC threshold: 21.00 MB
Current GC threshold: 202.44 MB
CDS: on
MetaspaceReclaimPolicy: balanced
 - commit_granule_bytes: 65536.
 - commit_granule_words: 8192.
 - virtual_space_node_default_size: 8388608.
 - enlarge_chunks_in_place: 1.
 - new_chunks_are_fully_committed: 0.
 - uncommit_free_chunks: 1.
 - use_allocation_guard: 0.
 - handle_deallocations: 1.


Internal statistics:

num_allocs_failed_limit: 6.
num_arena_births: 2500.
num_arena_deaths: 0.
num_vsnodes_births: 3.
num_vsnodes_deaths: 0.
num_space_committed: 1960.
num_space_uncommitted: 0.
num_chunks_returned_to_freelist: 6.
num_chunks_taken_from_freelist: 8611.
num_chunk_merges: 6.
num_chunk_splits: 5263.
num_chunks_enlarged: 2959.
num_inconsistent_stats: 0.

CodeHeap 'non-profiled nmethods': size=120000Kb used=13363Kb max_used=13363Kb free=106636Kb
 bounds [0x000001f061da0000, 0x000001f062ab0000, 0x000001f0692d0000]
CodeHeap 'profiled nmethods': size=120000Kb used=30481Kb max_used=30481Kb free=89518Kb
 bounds [0x000001f05a2d0000, 0x000001f05c0a0000, 0x000001f061800000]
CodeHeap 'non-nmethods': size=5760Kb used=2467Kb max_used=2561Kb free=3293Kb
 bounds [0x000001f061800000, 0x000001f061a90000, 0x000001f061da0000]
 total_blobs=16683 nmethods=15671 adapters=922
 compilation: enabled
              stopped_count=0, restarted_count=0
 full_count=0

Compilation events (20 events):
Event: 51.819 Thread 0x000001f07cd36570 18784       4       org.gradle.api.internal.ConventionTask::getConventionMapping (38 bytes)
Event: 51.828 Thread 0x000001f071115e50 18789       1       org.gradle.model.internal.registry.ModelNodeInternal::getState (5 bytes)
Event: 51.828 Thread 0x000001f071115e50 nmethod 18789 0x000001f062aa5090 code [0x000001f062aa5220, 0x000001f062aa52f8]
Event: 51.828 Thread 0x000001f071115e50 18790       3       org.gradle.tooling.internal.adapter.ProtocolToModelAdapter$SupportedPropertyInvoker::invoke (154 bytes)
Event: 51.830 Thread 0x000001f071115e50 nmethod 18790 0x000001f05c060e90 code [0x000001f05c0611e0, 0x000001f05c0623f8]
Event: 51.830 Thread 0x000001f071115e50 18795       3       org.gradle.plugins.ide.internal.configurer.EclipseModelAwareUniqueProjectNameProvider$ProjectPathDeduplicationAdapter::getParent (9 bytes)
Event: 51.830 Thread 0x000001f071115e50 nmethod 18795 0x000001f05c062a90 code [0x000001f05c062c60, 0x000001f05c0630a8]
Event: 51.830 Thread 0x000001f071115e50 18791       3       org.gradle.tooling.internal.adapter.ProtocolToModelAdapter$SafeMethodInvoker::invoke (118 bytes)
Event: 51.831 Thread 0x000001f071115e50 nmethod 18791 0x000001f05c063210 code [0x000001f05c063480, 0x000001f05c063e78]
Event: 51.831 Thread 0x000001f071115e50 18792       3       org.gradle.tooling.internal.adapter.ProtocolToModelAdapter$PropertyCachingMethodInvoker::invoke (110 bytes)
Event: 51.832 Thread 0x000001f071115e50 nmethod 18792 0x000001f05c064110 code [0x000001f05c064400, 0x000001f05c065508]
Event: 51.832 Thread 0x000001f071115e50 18793       3       org.gradle.tooling.internal.adapter.MethodInvocation::isGetter (21 bytes)
Event: 51.833 Thread 0x000001f071115e50 nmethod 18793 0x000001f05c065990 code [0x000001f05c065b40, 0x000001f05c065d28]
Event: 51.833 Thread 0x000001f071115e50 18794       3       org.gradle.tooling.internal.adapter.MethodInvocation::isIsOrGet (52 bytes)
Event: 51.833 Thread 0x000001f071115e50 nmethod 18794 0x000001f05c065e10 code [0x000001f05c066020, 0x000001f05c066598]
Event: 51.833 Thread 0x000001f071115e50 18796       3       org.gradle.plugins.ide.internal.configurer.EclipseModelAwareUniqueProjectNameProvider$ProjectPathDeduplicationAdapter::getParent (17 bytes)
Event: 51.833 Thread 0x000001f071115e50 nmethod 18796 0x000001f05c066810 code [0x000001f05c0669c0, 0x000001f05c066ca8]
Event: 51.833 Thread 0x000001f071115e50 18798       1       org.gradle.internal.jvm.DefaultModularitySpec_Decorated::getModelIdentityDisplayName (5 bytes)
Event: 51.834 Thread 0x000001f071115e50 nmethod 18798 0x000001f062aa5390 code [0x000001f062aa5520, 0x000001f062aa55f8]
Event: 51.842 Thread 0x000001f071115e50 18799       3       kotlin.text.StringsKt__StringsKt::split$StringsKt__StringsKt (161 bytes)

GC Heap History (20 events):
Event: 49.242 GC heap before
{Heap before GC invocations=78 (full 0):
 garbage-first heap   total 319488K, used 275888K [0x0000000080000000, 0x0000000100000000)
  region size 1024K, 37 young (37888K), 6 survivors (6144K)
 Metaspace       used 122095K, committed 123968K, reserved 557056K
  class space    used 17013K, committed 17856K, reserved 425984K
}
Event: 49.250 GC heap after
{Heap after GC invocations=79 (full 0):
 garbage-first heap   total 319488K, used 250453K [0x0000000080000000, 0x0000000100000000)
  region size 1024K, 5 young (5120K), 5 survivors (5120K)
 Metaspace       used 122095K, committed 123968K, reserved 557056K
  class space    used 17013K, committed 17856K, reserved 425984K
}
Event: 49.563 GC heap before
{Heap before GC invocations=79 (full 0):
 garbage-first heap   total 319488K, used 275029K [0x0000000080000000, 0x0000000100000000)
  region size 1024K, 29 young (29696K), 5 survivors (5120K)
 Metaspace       used 122252K, committed 124096K, reserved 557056K
  class space    used 17033K, committed 17856K, reserved 425984K
}
Event: 49.569 GC heap after
{Heap after GC invocations=80 (full 0):
 garbage-first heap   total 319488K, used 255358K [0x0000000080000000, 0x0000000100000000)
  region size 1024K, 4 young (4096K), 4 survivors (4096K)
 Metaspace       used 122252K, committed 124096K, reserved 557056K
  class space    used 17033K, committed 17856K, reserved 425984K
}
Event: 49.935 GC heap before
{Heap before GC invocations=80 (full 0):
 garbage-first heap   total 319488K, used 276862K [0x0000000080000000, 0x0000000100000000)
  region size 1024K, 25 young (25600K), 4 survivors (4096K)
 Metaspace       used 122354K, committed 124288K, reserved 557056K
  class space    used 17040K, committed 17920K, reserved 425984K
}
Event: 49.941 GC heap after
{Heap after GC invocations=81 (full 0):
 garbage-first heap   total 319488K, used 259960K [0x0000000080000000, 0x0000000100000000)
  region size 1024K, 4 young (4096K), 4 survivors (4096K)
 Metaspace       used 122354K, committed 124288K, reserved 557056K
  class space    used 17040K, committed 17920K, reserved 425984K
}
Event: 50.132 GC heap before
{Heap before GC invocations=81 (full 0):
 garbage-first heap   total 319488K, used 277368K [0x0000000080000000, 0x0000000100000000)
  region size 1024K, 21 young (21504K), 4 survivors (4096K)
 Metaspace       used 122379K, committed 124288K, reserved 557056K
  class space    used 17041K, committed 17920K, reserved 425984K
}
Event: 50.137 GC heap after
{Heap after GC invocations=82 (full 0):
 garbage-first heap   total 319488K, used 263612K [0x0000000080000000, 0x0000000100000000)
  region size 1024K, 3 young (3072K), 3 survivors (3072K)
 Metaspace       used 122379K, committed 124288K, reserved 557056K
  class space    used 17041K, committed 17920K, reserved 425984K
}
Event: 50.277 GC heap before
{Heap before GC invocations=82 (full 0):
 garbage-first heap   total 319488K, used 277948K [0x0000000080000000, 0x0000000100000000)
  region size 1024K, 17 young (17408K), 3 survivors (3072K)
 Metaspace       used 122392K, committed 124288K, reserved 557056K
  class space    used 17041K, committed 17920K, reserved 425984K
}
Event: 50.281 GC heap after
{Heap after GC invocations=83 (full 0):
 garbage-first heap   total 319488K, used 266498K [0x0000000080000000, 0x0000000100000000)
  region size 1024K, 3 young (3072K), 3 survivors (3072K)
 Metaspace       used 122392K, committed 124288K, reserved 557056K
  class space    used 17041K, committed 17920K, reserved 425984K
}
Event: 50.437 GC heap before
{Heap before GC invocations=83 (full 0):
 garbage-first heap   total 319488K, used 279810K [0x0000000080000000, 0x0000000100000000)
  region size 1024K, 16 young (16384K), 3 survivors (3072K)
 Metaspace       used 122442K, committed 124352K, reserved 557056K
  class space    used 17045K, committed 17920K, reserved 425984K
}
Event: 50.440 GC heap after
{Heap after GC invocations=84 (full 0):
 garbage-first heap   total 319488K, used 268812K [0x0000000080000000, 0x0000000100000000)
  region size 1024K, 2 young (2048K), 2 survivors (2048K)
 Metaspace       used 122442K, committed 124352K, reserved 557056K
  class space    used 17045K, committed 17920K, reserved 425984K
}
Event: 50.593 GC heap before
{Heap before GC invocations=84 (full 0):
 garbage-first heap   total 319488K, used 282124K [0x0000000080000000, 0x0000000100000000)
  region size 1024K, 15 young (15360K), 2 survivors (2048K)
 Metaspace       used 122465K, committed 124352K, reserved 557056K
  class space    used 17049K, committed 17920K, reserved 425984K
}
Event: 50.597 GC heap after
{Heap after GC invocations=85 (full 0):
 garbage-first heap   total 319488K, used 271360K [0x0000000080000000, 0x0000000100000000)
  region size 1024K, 2 young (2048K), 2 survivors (2048K)
 Metaspace       used 122465K, committed 124352K, reserved 557056K
  class space    used 17049K, committed 17920K, reserved 425984K
}
Event: 50.866 GC heap before
{Heap before GC invocations=85 (full 0):
 garbage-first heap   total 319488K, used 284672K [0x0000000080000000, 0x0000000100000000)
  region size 1024K, 15 young (15360K), 2 survivors (2048K)
 Metaspace       used 122480K, committed 124352K, reserved 557056K
  class space    used 17049K, committed 17920K, reserved 425984K
}
Event: 50.871 GC heap after
{Heap after GC invocations=86 (full 0):
 garbage-first heap   total 319488K, used 274155K [0x0000000080000000, 0x0000000100000000)
  region size 1024K, 2 young (2048K), 2 survivors (2048K)
 Metaspace       used 122480K, committed 124352K, reserved 557056K
  class space    used 17049K, committed 17920K, reserved 425984K
}
Event: 51.046 GC heap before
{Heap before GC invocations=87 (full 0):
 garbage-first heap   total 455680K, used 285419K [0x0000000080000000, 0x0000000100000000)
  region size 1024K, 15 young (15360K), 2 survivors (2048K)
 Metaspace       used 122480K, committed 124352K, reserved 557056K
  class space    used 17049K, committed 17920K, reserved 425984K
}
Event: 51.050 GC heap after
{Heap after GC invocations=88 (full 0):
 garbage-first heap   total 455680K, used 275060K [0x0000000080000000, 0x0000000100000000)
  region size 1024K, 2 young (2048K), 2 survivors (2048K)
 Metaspace       used 122480K, committed 124352K, reserved 557056K
  class space    used 17049K, committed 17920K, reserved 425984K
}
Event: 51.236 GC heap before
{Heap before GC invocations=88 (full 0):
 garbage-first heap   total 455680K, used 295540K [0x0000000080000000, 0x0000000100000000)
  region size 1024K, 22 young (22528K), 2 survivors (2048K)
 Metaspace       used 122500K, committed 124416K, reserved 557056K
  class space    used 17053K, committed 17920K, reserved 425984K
}
Event: 51.250 GC heap after
{Heap after GC invocations=89 (full 0):
 garbage-first heap   total 455680K, used 269023K [0x0000000080000000, 0x0000000100000000)
  region size 1024K, 3 young (3072K), 3 survivors (3072K)
 Metaspace       used 122500K, committed 124416K, reserved 557056K
  class space    used 17053K, committed 17920K, reserved 425984K
}

Dll operation events (15 events):
Event: 0.018 Loaded shared library C:\Program Files\Microsoft\jdk-17.0.18.8-hotspot\bin\java.dll
Event: 0.046 Loaded shared library C:\Program Files\Microsoft\jdk-17.0.18.8-hotspot\bin\jsvml.dll
Event: 0.132 Loaded shared library C:\Program Files\Microsoft\jdk-17.0.18.8-hotspot\bin\zip.dll
Event: 0.136 Loaded shared library C:\Program Files\Microsoft\jdk-17.0.18.8-hotspot\bin\instrument.dll
Event: 0.144 Loaded shared library C:\Program Files\Microsoft\jdk-17.0.18.8-hotspot\bin\net.dll
Event: 0.147 Loaded shared library C:\Program Files\Microsoft\jdk-17.0.18.8-hotspot\bin\nio.dll
Event: 0.150 Loaded shared library C:\Program Files\Microsoft\jdk-17.0.18.8-hotspot\bin\zip.dll
Event: 0.633 Loaded shared library C:\Program Files\Microsoft\jdk-17.0.18.8-hotspot\bin\jimage.dll
Event: 0.863 Loaded shared library C:\Program Files\Microsoft\jdk-17.0.18.8-hotspot\bin\verify.dll
Event: 1.043 Loaded shared library C:\Users\shres\.gradle\native\1def1411415f61bf3af743bc5b6707747c0891f09f0c88961ee8f79bc544acac\windows-amd64\native-platform.dll
Event: 1.065 Loaded shared library C:\Users\shres\.gradle\native\0.2.7\x86_64-windows-gnu\gradle-fileevents.dll
Event: 2.529 Loaded shared library C:\Program Files\Microsoft\jdk-17.0.18.8-hotspot\bin\management.dll
Event: 2.532 Loaded shared library C:\Program Files\Microsoft\jdk-17.0.18.8-hotspot\bin\management_ext.dll
Event: 2.852 Loaded shared library C:\Program Files\Microsoft\jdk-17.0.18.8-hotspot\bin\extnet.dll
Event: 3.155 Loaded shared library C:\Program Files\Microsoft\jdk-17.0.18.8-hotspot\bin\sunmscapi.dll

Deoptimization events (20 events):
Event: 51.739 Thread 0x000001f076a24740 Uncommon trap: trap_request=0xffffffc6 fr.pc=0x000001f062496b88 relative=0x00000000000005a8
Event: 51.739 Thread 0x000001f076a24740 Uncommon trap: reason=bimorphic_or_optimized_type_check action=maybe_recompile pc=0x000001f062496b88 method=com.google.common.collect.AbstractIterator.tryToComputeNext()Z @ 9 c2
Event: 51.739 Thread 0x000001f076a24740 DEOPT PACKING pc=0x000001f062496b88 sp=0x000000ea8f3f9b20
Event: 51.739 Thread 0x000001f076a24740 DEOPT UNPACKING pc=0x000001f0618569a3 sp=0x000000ea8f3f9a80 mode 2
Event: 51.739 Thread 0x000001f076a24740 Uncommon trap: trap_request=0xffffffc6 fr.pc=0x000001f062496b88 relative=0x00000000000005a8
Event: 51.739 Thread 0x000001f076a24740 Uncommon trap: reason=bimorphic_or_optimized_type_check action=maybe_recompile pc=0x000001f062496b88 method=com.google.common.collect.AbstractIterator.tryToComputeNext()Z @ 9 c2
Event: 51.739 Thread 0x000001f076a24740 DEOPT PACKING pc=0x000001f062496b88 sp=0x000000ea8f3f9b20
Event: 51.740 Thread 0x000001f076a24740 DEOPT UNPACKING pc=0x000001f0618569a3 sp=0x000000ea8f3f9a80 mode 2
Event: 51.740 Thread 0x000001f076a24740 Uncommon trap: trap_request=0xffffffc6 fr.pc=0x000001f062496b88 relative=0x00000000000005a8
Event: 51.740 Thread 0x000001f076a24740 Uncommon trap: reason=bimorphic_or_optimized_type_check action=maybe_recompile pc=0x000001f062496b88 method=com.google.common.collect.AbstractIterator.tryToComputeNext()Z @ 9 c2
Event: 51.740 Thread 0x000001f076a24740 DEOPT PACKING pc=0x000001f062496b88 sp=0x000000ea8f3f9b20
Event: 51.740 Thread 0x000001f076a24740 DEOPT UNPACKING pc=0x000001f0618569a3 sp=0x000000ea8f3f9a80 mode 2
Event: 51.740 Thread 0x000001f076a24740 Uncommon trap: trap_request=0xffffffc6 fr.pc=0x000001f062496b88 relative=0x00000000000005a8
Event: 51.740 Thread 0x000001f076a24740 Uncommon trap: reason=bimorphic_or_optimized_type_check action=maybe_recompile pc=0x000001f062496b88 method=com.google.common.collect.AbstractIterator.tryToComputeNext()Z @ 9 c2
Event: 51.740 Thread 0x000001f076a24740 DEOPT PACKING pc=0x000001f062496b88 sp=0x000000ea8f3f9b20
Event: 51.740 Thread 0x000001f076a24740 DEOPT UNPACKING pc=0x000001f0618569a3 sp=0x000000ea8f3f9a80 mode 2
Event: 51.740 Thread 0x000001f076a24740 Uncommon trap: trap_request=0xffffffc6 fr.pc=0x000001f0623c2c28 relative=0x00000000000004e8
Event: 51.740 Thread 0x000001f076a24740 Uncommon trap: reason=bimorphic_or_optimized_type_check action=maybe_recompile pc=0x000001f0623c2c28 method=com.google.common.collect.AbstractIterator.tryToComputeNext()Z @ 9 c2
Event: 51.740 Thread 0x000001f076a24740 DEOPT PACKING pc=0x000001f0623c2c28 sp=0x000000ea8f3f9ab0
Event: 51.740 Thread 0x000001f076a24740 DEOPT UNPACKING pc=0x000001f0618569a3 sp=0x000000ea8f3f9a78 mode 2

Classes loaded (20 events):
Event: 47.633 Loading class sun/net/www/protocol/http/Handler
Event: 47.633 Loading class sun/net/www/protocol/http/Handler done
Event: 47.636 Loading class javax/crypto/JceSecurity$WeakIdentityWrapper
Event: 47.636 Loading class javax/crypto/JceSecurity$WeakIdentityWrapper done
Event: 47.636 Loading class javax/crypto/JceSecurity$2
Event: 47.636 Loading class javax/crypto/JceSecurity$2 done
Event: 47.636 Loading class javax/crypto/JceSecurity$3
Event: 47.637 Loading class javax/crypto/JceSecurity$3 done
Event: 47.637 Loading class javax/crypto/ProviderVerifier
Event: 47.637 Loading class javax/crypto/ProviderVerifier done
Event: 47.750 Loading class java/security/cert/CertificateEncodingException
Event: 47.750 Loading class java/security/cert/CertificateEncodingException done
Event: 51.308 Loading class java/security/NoSuchProviderException
Event: 51.308 Loading class java/security/NoSuchProviderException done
Event: 51.308 Loading class java/security/SignatureException
Event: 51.308 Loading class java/security/SignatureException done
Event: 51.462 Loading class java/text/MessageFormat
Event: 51.462 Loading class java/text/MessageFormat done
Event: 51.463 Loading class java/text/MessageFormat$Field
Event: 51.463 Loading class java/text/MessageFormat$Field done

Classes unloaded (0 events):
No events

Classes redefined (0 events):
No events

Internal exceptions (20 events):
Event: 51.393 Thread 0x000001f076a24740 Exception <a 'java/lang/ClassNotFoundException'{0x000000009ae140c0}: com/android/build/gradle/internal/tasks/ValidateSigningTask_DecoratedBeanInfo> (0x000000009ae140c0) 
thrown [s\src\hotspot\share\classfile\systemDictionary.cpp, line 256]
Event: 51.395 Thread 0x000001f076a24740 Exception <a 'java/lang/ClassNotFoundException'{0x000000009ae22d68}: com/android/build/gradle/internal/tasks/ValidateSigningTaskBeanInfo> (0x000000009ae22d68) 
thrown [s\src\hotspot\share\classfile\systemDictionary.cpp, line 256]
Event: 51.396 Thread 0x000001f076a24740 Exception <a 'java/lang/ClassNotFoundException'{0x000000009ae319d0}: com/android/build/gradle/internal/tasks/ValidateSigningTaskCustomizer> (0x000000009ae319d0) 
thrown [s\src\hotspot\share\classfile\systemDictionary.cpp, line 256]
Event: 51.397 Thread 0x000001f076a24740 Exception <a 'java/lang/ClassNotFoundException'{0x000000009ae520f8}: com/android/build/gradle/internal/tasks/ValidateSigningTask_DecoratedCustomizer> (0x000000009ae520f8) 
thrown [s\src\hotspot\share\classfile\systemDictionary.cpp, line 256]
Event: 51.403 Thread 0x000001f076a24740 Exception <a 'java/lang/ClassNotFoundException'{0x000000009aee5ed8}: com/android/build/gradle/tasks/VerifyLibraryResourcesTask_DecoratedBeanInfo> (0x000000009aee5ed8) 
thrown [s\src\hotspot\share\classfile\systemDictionary.cpp, line 256]
Event: 51.404 Thread 0x000001f076a24740 Exception <a 'java/lang/ClassNotFoundException'{0x000000009aef4a48}: com/android/build/gradle/tasks/VerifyLibraryResourcesTaskBeanInfo> (0x000000009aef4a48) 
thrown [s\src\hotspot\share\classfile\systemDictionary.cpp, line 256]
Event: 51.405 Thread 0x000001f076a24740 Exception <a 'java/lang/ClassNotFoundException'{0x000000009ad038c0}: com/android/build/gradle/tasks/VerifyLibraryResourcesTaskCustomizer> (0x000000009ad038c0) 
thrown [s\src\hotspot\share\classfile\systemDictionary.cpp, line 256]
Event: 51.407 Thread 0x000001f076a24740 Exception <a 'java/lang/ClassNotFoundException'{0x000000009ad2b788}: com/android/build/gradle/tasks/VerifyLibraryResourcesTask_DecoratedCustomizer> (0x000000009ad2b788) 
thrown [s\src\hotspot\share\classfile\systemDictionary.cpp, line 256]
Event: 51.412 Thread 0x000001f076a24740 Exception <a 'java/lang/ClassNotFoundException'{0x000000009adcce20}: com/android/build/gradle/internal/tasks/AarMetadataTask_DecoratedBeanInfo> (0x000000009adcce20) 
thrown [s\src\hotspot\share\classfile\systemDictionary.cpp, line 256]
Event: 51.412 Thread 0x000001f076a24740 Exception <a 'java/lang/ClassNotFoundException'{0x000000009addba50}: com/android/build/gradle/internal/tasks/AarMetadataTaskBeanInfo> (0x000000009addba50) 
thrown [s\src\hotspot\share\classfile\systemDictionary.cpp, line 256]
Event: 51.413 Thread 0x000001f076a24740 Exception <a 'java/lang/ClassNotFoundException'{0x000000009adea690}: com/android/build/gradle/internal/tasks/AarMetadataTaskCustomizer> (0x000000009adea690) 
thrown [s\src\hotspot\share\classfile\systemDictionary.cpp, line 256]
Event: 51.415 Thread 0x000001f076a24740 Exception <a 'java/lang/ClassNotFoundException'{0x000000009ac15820}: com/android/build/gradle/internal/tasks/AarMetadataTask_DecoratedCustomizer> (0x000000009ac15820) 
thrown [s\src\hotspot\share\classfile\systemDictionary.cpp, line 256]
Event: 51.420 Thread 0x000001f076a24740 Exception <a 'java/lang/ClassNotFoundException'{0x000000009acdab58}: com/android/build/gradle/internal/tasks/SigningConfigVersionsWriterTask_DecoratedBeanInfo> (0x000000009acdab58) 
thrown [s\src\hotspot\share\classfile\systemDictionary.cpp, line 256]
Event: 51.421 Thread 0x000001f076a24740 Exception <a 'java/lang/ClassNotFoundException'{0x000000009ace9ab0}: com/android/build/gradle/internal/tasks/SigningConfigVersionsWriterTaskBeanInfo> (0x000000009ace9ab0) 
thrown [s\src\hotspot\share\classfile\systemDictionary.cpp, line 256]
Event: 51.421 Thread 0x000001f076a24740 Exception <a 'java/lang/ClassNotFoundException'{0x000000009acf8a18}: com/android/build/gradle/internal/tasks/SigningConfigVersionsWriterTaskCustomizer> (0x000000009acf8a18) 
thrown [s\src\hotspot\share\classfile\systemDictionary.cpp, line 256]
Event: 51.423 Thread 0x000001f076a24740 Exception <a 'java/lang/ClassNotFoundException'{0x000000009ab20cb8}: com/android/build/gradle/internal/tasks/SigningConfigVersionsWriterTask_DecoratedCustomizer> (0x000000009ab20cb8) 
thrown [s\src\hotspot\share\classfile\systemDictionary.cpp, line 256]
Event: 51.428 Thread 0x000001f076a24740 Exception <a 'java/lang/ClassNotFoundException'{0x000000009abbcbd0}: com/android/build/gradle/internal/tasks/LintModelMetadataTask_DecoratedBeanInfo> (0x000000009abbcbd0) 
thrown [s\src\hotspot\share\classfile\systemDictionary.cpp, line 256]
Event: 51.429 Thread 0x000001f076a24740 Exception <a 'java/lang/ClassNotFoundException'{0x000000009abcb878}: com/android/build/gradle/internal/tasks/LintModelMetadataTaskBeanInfo> (0x000000009abcb878) 
thrown [s\src\hotspot\share\classfile\systemDictionary.cpp, line 256]
Event: 51.430 Thread 0x000001f076a24740 Exception <a 'java/lang/ClassNotFoundException'{0x000000009abda600}: com/android/build/gradle/internal/tasks/LintModelMetadataTaskCustomizer> (0x000000009abda600) 
thrown [s\src\hotspot\share\classfile\systemDictionary.cpp, line 256]
Event: 51.431 Thread 0x000001f076a24740 Exception <a 'java/lang/ClassNotFoundException'{0x000000009abfc828}: com/android/build/gradle/internal/tasks/LintModelMetadataTask_DecoratedCustomizer> (0x000000009abfc828) 
thrown [s\src\hotspot\share\classfile\systemDictionary.cpp, line 256]

VM Operations (20 events):
Event: 50.277 Executing VM operation: G1CollectForAllocation
Event: 50.281 Executing VM operation: G1CollectForAllocation done
Event: 50.437 Executing VM operation: G1CollectForAllocation
Event: 50.441 Executing VM operation: G1CollectForAllocation done
Event: 50.455 Executing VM operation: HandshakeAllThreads
Event: 50.455 Executing VM operation: HandshakeAllThreads done
Event: 50.455 Executing VM operation: HandshakeAllThreads
Event: 50.455 Executing VM operation: HandshakeAllThreads done
Event: 50.593 Executing VM operation: G1CollectForAllocation
Event: 50.597 Executing VM operation: G1CollectForAllocation done
Event: 50.866 Executing VM operation: G1CollectForAllocation
Event: 50.871 Executing VM operation: G1CollectForAllocation done
Event: 50.871 Executing VM operation: G1PauseRemark
Event: 50.887 Executing VM operation: G1PauseRemark done
Event: 51.017 Executing VM operation: G1PauseCleanup
Event: 51.018 Executing VM operation: G1PauseCleanup done
Event: 51.046 Executing VM operation: G1CollectForAllocation
Event: 51.050 Executing VM operation: G1CollectForAllocation done
Event: 51.236 Executing VM operation: G1CollectForAllocation
Event: 51.250 Executing VM operation: G1CollectForAllocation done

Memory protections (0 events):
No events

Nmethod flushes (20 events):
Event: 46.641 Thread 0x000001f07112f4c0 flushing  nmethod 0x000001f05bbc0710
Event: 46.642 Thread 0x000001f07112f4c0 flushing  nmethod 0x000001f05bc56b10
Event: 46.642 Thread 0x000001f07112f4c0 flushing  nmethod 0x000001f05bc57b10
Event: 46.642 Thread 0x000001f07112f4c0 flushing osr nmethod 0x000001f05bc9cb10
Event: 46.643 Thread 0x000001f07112f4c0 flushing  nmethod 0x000001f05bd33210
Event: 46.643 Thread 0x000001f07112f4c0 flushing  nmethod 0x000001f05bd4a610
Event: 46.643 Thread 0x000001f07112f4c0 flushing  nmethod 0x000001f05bd64710
Event: 46.643 Thread 0x000001f07112f4c0 flushing  nmethod 0x000001f05bd65790
Event: 46.643 Thread 0x000001f07112f4c0 flushing  nmethod 0x000001f05bd6c290
Event: 46.644 Thread 0x000001f07112f4c0 flushing  nmethod 0x000001f05bf36f90
Event: 46.644 Thread 0x000001f07112f4c0 flushing  nmethod 0x000001f05bf55110
Event: 46.644 Thread 0x000001f07112f4c0 flushing  nmethod 0x000001f05bf55590
Event: 46.644 Thread 0x000001f07112f4c0 flushing  nmethod 0x000001f05bf62c10
Event: 50.465 Thread 0x000001f07112f4c0 flushing  nmethod 0x000001f05a491490
Event: 50.465 Thread 0x000001f07112f4c0 flushing  nmethod 0x000001f05a4c5a10
Event: 50.466 Thread 0x000001f07112f4c0 flushing  nmethod 0x000001f05a615710
Event: 50.469 Thread 0x000001f07112f4c0 flushing  nmethod 0x000001f05a99c690
Event: 50.471 Thread 0x000001f07112f4c0 flushing  nmethod 0x000001f05ac57510
Event: 50.472 Thread 0x000001f07112f4c0 flushing  nmethod 0x000001f05ac87910
Event: 50.476 Thread 0x000001f07112f4c0 flushing  nmethod 0x000001f05b10b990

Events (20 events):
Event: 35.075 Thread 0x000001f076a24740 Thread added: 0x000001f07be1b5c0
Event: 35.082 Thread 0x000001f07be1b5c0 Thread added: 0x000001f07be17e10
Event: 35.082 Thread 0x000001f07be1b5c0 Thread added: 0x000001f07be1aba0
Event: 35.189 Thread 0x000001f07764bb60 Thread exited: 0x000001f07764bb60
Event: 35.307 Thread 0x000001f071115e50 Thread added: 0x000001f07cd325b0
Event: 37.551 Thread 0x000001f07cd325b0 Thread exited: 0x000001f07cd325b0
Event: 37.710 Thread 0x000001f071115e50 Thread added: 0x000001f07cd35030
Event: 39.107 Thread 0x000001f07764b610 Thread exited: 0x000001f07764b610
Event: 39.107 Thread 0x000001f07cd35030 Thread exited: 0x000001f07cd35030
Event: 39.270 Thread 0x000001f071113530 Thread added: 0x000001f07cd34ae0
Event: 40.286 Thread 0x000001f07cd34ae0 Thread exited: 0x000001f07cd34ae0
Event: 40.498 Thread 0x000001f071115e50 Thread added: 0x000001f07cd325b0
Event: 40.564 Thread 0x000001f071115e50 Thread added: 0x000001f07cd36570
Event: 40.840 Thread 0x000001f07cd36570 Thread exited: 0x000001f07cd36570
Event: 40.840 Thread 0x000001f07cd325b0 Thread exited: 0x000001f07cd325b0
Event: 40.990 Thread 0x000001f071115e50 Thread added: 0x000001f07cd34ae0
Event: 41.783 Thread 0x000001f071115e50 Thread added: 0x000001f07cd36570
Event: 45.112 Thread 0x000001f07b467460 Thread added: 0x000001f07be18320
Event: 49.799 Thread 0x000001f07cd36570 Thread exited: 0x000001f07cd36570
Event: 50.370 Thread 0x000001f071115e50 Thread added: 0x000001f07cd36570


Dynamic libraries:
0x00007ff6dc920000 - 0x00007ff6dc92e000 	C:\Program Files\Microsoft\jdk-17.0.18.8-hotspot\bin\java.exe
0x00007ff99e8a0000 - 0x00007ff99eb07000 	C:\WINDOWS\SYSTEM32\ntdll.dll
0x00007ff99d450000 - 0x00007ff99d519000 	C:\WINDOWS\System32\KERNEL32.DLL
0x00007ff99c240000 - 0x00007ff99c631000 	C:\WINDOWS\System32\KERNELBASE.dll
0x00007ff99be00000 - 0x00007ff99bf4b000 	C:\WINDOWS\System32\ucrtbase.dll
0x00007ff992960000 - 0x00007ff992978000 	C:\Program Files\Microsoft\jdk-17.0.18.8-hotspot\bin\jli.dll
0x00007ff992820000 - 0x00007ff99283e000 	C:\Program Files\Microsoft\jdk-17.0.18.8-hotspot\bin\VCRUNTIME140.dll
0x00007ff99cce0000 - 0x00007ff99cea5000 	C:\WINDOWS\System32\USER32.dll
0x00007ff98baa0000 - 0x00007ff98bd33000 	C:\WINDOWS\WinSxS\amd64_microsoft.windows.common-controls_6595b64144ccf1df_6.0.26100.8037_none_3e092faae333b53b\COMCTL32.dll
0x00007ff99bfe0000 - 0x00007ff99c007000 	C:\WINDOWS\System32\win32u.dll
0x00007ff99d010000 - 0x00007ff99d0b9000 	C:\WINDOWS\System32\msvcrt.dll
0x00007ff99d390000 - 0x00007ff99d3bb000 	C:\WINDOWS\System32\GDI32.dll
0x00007ff99bab0000 - 0x00007ff99bbdb000 	C:\WINDOWS\System32\gdi32full.dll
0x00007ff99bd50000 - 0x00007ff99bdf3000 	C:\WINDOWS\System32\msvcp_win.dll
0x00007ff99d0c0000 - 0x00007ff99d0f1000 	C:\WINDOWS\System32\IMM32.DLL
0x00007ff9969a0000 - 0x00007ff9969ac000 	C:\Program Files\Microsoft\jdk-17.0.18.8-hotspot\bin\vcruntime140_1.dll
0x00007ff92f180000 - 0x00007ff92f209000 	C:\Program Files\Microsoft\jdk-17.0.18.8-hotspot\bin\msvcp140.dll
0x00007ff8f9ba0000 - 0x00007ff8fa81a000 	C:\Program Files\Microsoft\jdk-17.0.18.8-hotspot\bin\server\jvm.dll
0x00007ff99de40000 - 0x00007ff99defb000 	C:\WINDOWS\System32\ADVAPI32.dll
0x00007ff99e6d0000 - 0x00007ff99e777000 	C:\WINDOWS\System32\sechost.dll
0x00007ff99cbc0000 - 0x00007ff99ccd8000 	C:\WINDOWS\System32\RPCRT4.dll
0x00007ff99e780000 - 0x00007ff99e7f4000 	C:\WINDOWS\System32\WS2_32.dll
0x00007ff99b000000 - 0x00007ff99b05e000 	C:\WINDOWS\SYSTEM32\POWRPROF.dll
0x00007ff98f230000 - 0x00007ff98f265000 	C:\WINDOWS\SYSTEM32\WINMM.dll
0x00007ff993f80000 - 0x00007ff993f8b000 	C:\WINDOWS\SYSTEM32\VERSION.dll
0x00007ff99afe0000 - 0x00007ff99aff4000 	C:\WINDOWS\SYSTEM32\UMPDC.dll
0x00007ff999ee0000 - 0x00007ff999efb000 	C:\WINDOWS\SYSTEM32\kernel.appcore.dll
0x00007ff9796d0000 - 0x00007ff9796da000 	C:\Program Files\Microsoft\jdk-17.0.18.8-hotspot\bin\jimage.dll
0x00007ff999040000 - 0x00007ff999282000 	C:\WINDOWS\SYSTEM32\DBGHELP.DLL
0x00007ff99c740000 - 0x00007ff99cac2000 	C:\WINDOWS\System32\combase.dll
0x00007ff99cf30000 - 0x00007ff99d007000 	C:\WINDOWS\System32\OLEAUT32.dll
0x00007ff972f00000 - 0x00007ff972f3b000 	C:\WINDOWS\SYSTEM32\dbgcore.DLL
0x00007ff99c010000 - 0x00007ff99c0b5000 	C:\WINDOWS\System32\bcryptPrimitives.dll
0x00007ff9610a0000 - 0x00007ff9610af000 	C:\Program Files\Microsoft\jdk-17.0.18.8-hotspot\bin\instrument.dll
0x00007ff960640000 - 0x00007ff960666000 	C:\Program Files\Microsoft\jdk-17.0.18.8-hotspot\bin\java.dll
0x00007ff92e670000 - 0x00007ff92e746000 	C:\Program Files\Microsoft\jdk-17.0.18.8-hotspot\bin\jsvml.dll
0x00007ff99df00000 - 0x00007ff99e65f000 	C:\WINDOWS\System32\SHELL32.dll
0x00007ff99bbe0000 - 0x00007ff99bd4a000 	C:\WINDOWS\System32\wintypes.dll
0x00007ff99b240000 - 0x00007ff99baa4000 	C:\WINDOWS\System32\windows.storage.dll
0x00007ff99c640000 - 0x00007ff99c737000 	C:\WINDOWS\System32\SHCORE.dll
0x00007ff99d3e0000 - 0x00007ff99d447000 	C:\WINDOWS\System32\shlwapi.dll
0x00007ff99b0a0000 - 0x00007ff99b0c9000 	C:\WINDOWS\SYSTEM32\profapi.dll
0x00007ff960590000 - 0x00007ff9605a8000 	C:\Program Files\Microsoft\jdk-17.0.18.8-hotspot\bin\zip.dll
0x00007ff937310000 - 0x00007ff93732b000 	C:\Program Files\Microsoft\jdk-17.0.18.8-hotspot\bin\net.dll
0x00007ff992490000 - 0x00007ff9925b7000 	C:\WINDOWS\SYSTEM32\WINHTTP.dll
0x00007ff99a460000 - 0x00007ff99a4cb000 	C:\WINDOWS\system32\mswsock.dll
0x00007ff936fd0000 - 0x00007ff936fe6000 	C:\Program Files\Microsoft\jdk-17.0.18.8-hotspot\bin\nio.dll
0x00007ff960630000 - 0x00007ff960640000 	C:\Program Files\Microsoft\jdk-17.0.18.8-hotspot\bin\verify.dll
0x00007ff960670000 - 0x00007ff960697000 	C:\Users\shres\.gradle\native\1def1411415f61bf3af743bc5b6707747c0891f09f0c88961ee8f79bc544acac\windows-amd64\native-platform.dll
0x00007ff936e70000 - 0x00007ff936ee8000 	C:\Users\shres\.gradle\native\0.2.7\x86_64-windows-gnu\gradle-fileevents.dll
0x00007ff9604d0000 - 0x00007ff9604da000 	C:\Program Files\Microsoft\jdk-17.0.18.8-hotspot\bin\management.dll
0x00007ff95d150000 - 0x00007ff95d15c000 	C:\Program Files\Microsoft\jdk-17.0.18.8-hotspot\bin\management_ext.dll
0x00007ff99d3d0000 - 0x00007ff99d3d8000 	C:\WINDOWS\System32\PSAPI.DLL
0x00007ff9998b0000 - 0x00007ff9998e3000 	C:\WINDOWS\SYSTEM32\IPHLPAPI.DLL
0x00007ff99d520000 - 0x00007ff99d52a000 	C:\WINDOWS\System32\NSI.dll
0x00007ff993c70000 - 0x00007ff993c8d000 	C:\WINDOWS\SYSTEM32\dhcpcsvc6.DLL
0x00007ff993390000 - 0x00007ff9933b3000 	C:\WINDOWS\SYSTEM32\dhcpcsvc.DLL
0x00007ff9999a0000 - 0x00007ff999aca000 	C:\WINDOWS\SYSTEM32\DNSAPI.dll
0x00007ff95d0d0000 - 0x00007ff95d0d9000 	C:\Program Files\Microsoft\jdk-17.0.18.8-hotspot\bin\extnet.dll
0x00007ff99a760000 - 0x00007ff99a77b000 	C:\WINDOWS\SYSTEM32\CRYPTSP.dll
0x00007ff999e40000 - 0x00007ff999e79000 	C:\WINDOWS\system32\rsaenh.dll
0x00007ff99a530000 - 0x00007ff99a562000 	C:\WINDOWS\SYSTEM32\USERENV.dll
0x00007ff99b070000 - 0x00007ff99b09a000 	C:\WINDOWS\SYSTEM32\bcrypt.dll
0x00007ff99a780000 - 0x00007ff99a78c000 	C:\WINDOWS\SYSTEM32\CRYPTBASE.dll
0x00007ff95ca60000 - 0x00007ff95ca6e000 	C:\Program Files\Microsoft\jdk-17.0.18.8-hotspot\bin\sunmscapi.dll
0x00007ff99c0c0000 - 0x00007ff99c237000 	C:\WINDOWS\System32\CRYPT32.dll
0x00007ff99a980000 - 0x00007ff99a9b0000 	C:\WINDOWS\SYSTEM32\ncrypt.dll
0x00007ff99a930000 - 0x00007ff99a96f000 	C:\WINDOWS\SYSTEM32\NTASN1.dll
0x00007ff970130000 - 0x00007ff970138000 	C:\WINDOWS\system32\wshunix.dll

dbghelp: loaded successfully - version: 4.0.5 - missing functions: none
symbol engine: initialized successfully - sym options: 0x614 - pdb path: .;C:\Program Files\Microsoft\jdk-17.0.18.8-hotspot\bin;C:\WINDOWS\SYSTEM32;C:\WINDOWS\WinSxS\amd64_microsoft.windows.common-controls_6595b64144ccf1df_6.0.26100.8037_none_3e092faae333b53b;C:\Program Files\Microsoft\jdk-17.0.18.8-hotspot\bin\server;C:\Users\shres\.gradle\native\1def1411415f61bf3af743bc5b6707747c0891f09f0c88961ee8f79bc544acac\windows-amd64;C:\Users\shres\.gradle\native\0.2.7\x86_64-windows-gnu

VM Arguments:
jvm_args: --add-opens=java.base/java.lang=ALL-UNNAMED --add-opens=java.base/java.lang.invoke=ALL-UNNAMED --add-opens=java.base/java.util=ALL-UNNAMED --add-opens=java.prefs/java.util.prefs=ALL-UNNAMED --add-exports=jdk.compiler/com.sun.tools.javac.api=ALL-UNNAMED --add-exports=jdk.compiler/com.sun.tools.javac.util=ALL-UNNAMED --add-opens=java.base/java.util=ALL-UNNAMED --add-opens=java.prefs/java.util.prefs=ALL-UNNAMED --add-opens=java.base/java.nio.charset=ALL-UNNAMED --add-opens=java.base/java.net=ALL-UNNAMED --add-opens=java.base/java.util.concurrent.atomic=ALL-UNNAMED --add-opens=java.xml/javax.xml.namespace=ALL-UNNAMED -XX:MaxMetaspaceSize=512m -Xmx2048m -Dfile.encoding=UTF-8 -Duser.country=US -Duser.language=en -Duser.variant -javaagent:C:\Users\shres\.gradle\wrapper\dists\gradle-8.13-all\54h0s9kvb6g2sinako7ub77ku\gradle-8.13\lib\agents\gradle-instrumentation-agent-8.13.jar 
java_command: org.gradle.launcher.daemon.bootstrap.GradleDaemon 8.13
java_class_path (initial): C:\Users\shres\.gradle\wrapper\dists\gradle-8.13-all\54h0s9kvb6g2sinako7ub77ku\gradle-8.13\lib\gradle-daemon-main-8.13.jar
Launcher Type: SUN_STANDARD

[Global flags]
     intx CICompilerCount                          = 4                                         {product} {ergonomic}
   size_t CompressedClassSpaceSize                 = 436207616                                 {product} {ergonomic}
     uint ConcGCThreads                            = 3                                         {product} {ergonomic}
     uint G1ConcRefinementThreads                  = 10                                        {product} {ergonomic}
   size_t G1HeapRegionSize                         = 1048576                                   {product} {ergonomic}
    uintx GCDrainStackTargetSize                   = 64                                        {product} {ergonomic}
   size_t InitialHeapSize                          = 268435456                                 {product} {ergonomic}
   size_t MarkStackSize                            = 4194304                                   {product} {ergonomic}
   size_t MaxHeapSize                              = 2147483648                                {product} {command line}
   size_t MaxMetaspaceSize                         = 536870912                                 {product} {command line}
   size_t MaxNewSize                               = 1287651328                                {product} {ergonomic}
   size_t MinHeapDeltaBytes                        = 1048576                                   {product} {ergonomic}
   size_t MinHeapSize                              = 8388608                                   {product} {ergonomic}
    uintx NonNMethodCodeHeapSize                   = 5839372                                {pd product} {ergonomic}
    uintx NonProfiledCodeHeapSize                  = 122909434                              {pd product} {ergonomic}
    uintx ProfiledCodeHeapSize                     = 122909434                              {pd product} {ergonomic}
    uintx ReservedCodeCacheSize                    = 251658240                              {pd product} {ergonomic}
     bool SegmentedCodeCache                       = true                                      {product} {ergonomic}
   size_t SoftMaxHeapSize                          = 2147483648                             {manageable} {ergonomic}
     bool UseCompressedClassPointers               = true                           {product lp64_product} {ergonomic}
     bool UseCompressedOops                        = true                           {product lp64_product} {ergonomic}
     bool UseG1GC                                  = true                                      {product} {ergonomic}
     bool UseLargePagesIndividualAllocation        = false                                  {pd product} {ergonomic}

Logging:
Log output configuration:
 #0: stdout all=warning uptime,level,tags
 #1: stderr all=off uptime,level,tags

Environment Variables:
JAVA_HOME=C:\Program Files\Microsoft\jdk-17.0.18.8-hotspot\
PATH=C:\Users\shres\AppData\Local\Programs\Microsoft VS Code;C:\Program Files\Microsoft\jdk-17.0.18.8-hotspot\bin;c:\Users\shres\AppData\Local\Programs\cursor\resources\app\bin;C:\Program Files\Common Files\Oracle\Java\javapath;C:\Program Files (x86)\Common Files\Oracle\Java\javapath;C:\WINDOWS\system32;C:\WINDOWS;C:\WINDOWS\System32\Wbem;C:\WINDOWS\System32\WindowsPowerShell\v1.0\;C:\WINDOWS\System32\OpenSSH\;C:\Program Files (x86)\NVIDIA Corporation\PhysX\Common;C:\Users\shres\AppData\Local\Programs\Python\Python312\Scripts\;C:\Users\shres\AppData\Local\Programs\Python\Python312\;C:\Users\shres\AppData\Local\Programs\Python\Launcher\;C:\Users\shres\AppData\Local\Microsoft\WindowsApps;C:\adb;C:\Program Files\dotnet\;C:\WINDOWS\system32;C:\WINDOWS;C:\WINDOWS\System32\Wbem;C:\WINDOWS\System32\WindowsPowerShell\v1.0\;C:\WINDOWS\System32\OpenSSH\;C:\Program Files\NVIDIA Corporation\NVIDIA app\NvDLISR;C:\MinGW\bin;C:\Program Files\Git\cmd;C:\Program Files\Cloudflare\Cloudflare WARP\;C:\Program Files\nodejs\;C:\hadoop\bin;C:\Users\shres\AppData\Local\Programs\Python\Python312\Scripts\;C:\Users\shres\AppData\Local\Programs\Pyt;C:\Users\shres\AppData\Local\Programs\Python\Python312\Scripts\;C:\Users\shres\AppData\Local\Programs\Python\Python312\;C:\Users\shres\AppData\Local\Programs\Python\Launcher\;C:\Users\shres\AppData\Local\Microsoft\WindowsApps;C:\Users\shres\AppData\Local\Programs\Microsoft VS Code\bin;C:\Users\shres\.dotnet\tools;C:\Users\shres\AppData\Local\GitHubDesktop\bin;C:\Users\shres\AppData\Roaming\npm;C:\Users\shres\AppData\Local\Programs\cursor\resources\app\bin;C:\Users\shres\AppData\Local\Programs\Antigravity\bin
USERNAME=shres
OS=Windows_NT
PROCESSOR_IDENTIFIER=Intel64 Family 6 Model 158 Stepping 10, GenuineIntel
TMP=C:\Users\shres\AppData\Local\Temp
TEMP=C:\Users\shres\AppData\Local\Temp



Periodic native trim disabled


---------------  S Y S T E M  ---------------

OS:
 Windows 11 , 64 bit Build 26100 (10.0.26100.7920)
OS uptime: 1 days 0:29 hours
Hyper-V role detected

CPU: total 12 (initial active 12) (6 cores per cpu, 2 threads per core) family 6 model 158 stepping 10 microcode 0xde, cx8, cmov, fxsr, ht, mmx, 3dnowpref, sse, sse2, sse3, ssse3, sse4.1, sse4.2, popcnt, lzcnt, tsc, tscinvbit, avx, avx2, aes, erms, clmul, bmi1, bmi2, adx, fma, vzeroupper, clflush, clflushopt, hv
Processor Information for the first 12 processors :
  Max Mhz: 2208, Current Mhz: 2208, Mhz Limit: 2208

Memory: 4k page, system-wide physical 16303M (520M free)
TotalPageFile size 21266M (AvailPageFile size 5M)
current process WorkingSet (physical memory assigned to process): 738M, peak: 738M
current process commit charge ("private bytes"): 884M, peak: 888M

vm_info: OpenJDK 64-Bit Server VM (17.0.18+8-LTS) for windows-amd64 JRE (17.0.18+8-LTS), built on Jan 15 2026 18:50:45 by "MicrosoftCorporation" with MS VC++ 17.14 (VS2022)

END.
